"service","cutoff","scope","area","Estimate","Est.Error","Q2.5","Q97.5"
"Plant species richness","Permanently Flooded","Entire state",-1.20943842578211,0.139711293904892,0.158176281719176,-0.178661142015993,0.4493276867055
"Plant species richness","Permanently Flooded","Entire state",-1.10943842578211,0.127944188140271,0.150688717421731,-0.174553893052632,0.422118999347971
"Plant species richness","Permanently Flooded","Entire state",-1.00943842578211,0.11617708237565,0.143512841002368,-0.17176655942225,0.394936874726833
"Plant species richness","Permanently Flooded","Entire state",-0.909438425782114,0.104409976611028,0.136697746951434,-0.169342319610013,0.369163024598518
"Plant species richness","Permanently Flooded","Entire state",-0.809438425782114,0.0926428708464073,0.130300057656503,-0.168271748995801,0.347734439848699
"Plant species richness","Permanently Flooded","Entire state",-0.709438425782114,0.0808757650817863,0.124384197322813,-0.164633519750712,0.326102168275741
"Plant species richness","Permanently Flooded","Entire state",-0.609438425782114,0.0691086593171652,0.119022033996464,-0.166624187488344,0.304162507220194
"Plant species richness","Permanently Flooded","Entire state",-0.509438425782114,0.0573415535525441,0.114291526913997,-0.170359595148248,0.283000066970523
"Plant species richness","Permanently Flooded","Entire state",-0.409438425782114,0.045574447787923,0.110273995967648,-0.174982467997858,0.260580713596242
"Plant species richness","Permanently Flooded","Entire state",-0.309438425782114,0.0338073420233019,0.107049744341943,-0.178844720828124,0.245835259727322
"Plant species richness","Permanently Flooded","Entire state",-0.209438425782114,0.0220402362586809,0.104692090700972,-0.188605810433055,0.232741066388095
"Plant species richness","Permanently Flooded","Entire state",-0.109438425782114,0.0102731304940598,0.103260410911773,-0.195824471512333,0.216402011338989
"Plant species richness","Permanently Flooded","Entire state",-0.00943842578211385,-0.00149397527056133,0.102793402427678,-0.204978767166644,0.20236011649145
"Plant species richness","Permanently Flooded","Entire state",0.090561574217886,-0.0132610810351824,0.103304149085655,-0.217076656175077,0.190709678276423
"Plant species richness","Permanently Flooded","Entire state",0.190561574217886,-0.0250281867998035,0.104778353530807,-0.230079807269414,0.181364679820531
"Plant species richness","Permanently Flooded","Entire state",0.290561574217886,-0.0367952925644246,0.107176266186151,-0.241711349087459,0.174222518117332
"Plant species richness","Permanently Flooded","Entire state",0.390561574217886,-0.0485623983290457,0.110437734553209,-0.255555453226789,0.165989890425017
"Plant species richness","Permanently Flooded","Entire state",0.490561574217886,-0.0603295040936667,0.114488981598877,-0.277733752008432,0.161934134487936
"Plant species richness","Permanently Flooded","Entire state",0.590561574217886,-0.0720966098582878,0.119249541368148,-0.303283249025403,0.158424831698281
"Plant species richness","Permanently Flooded","Entire state",0.690561574217886,-0.0838637156229089,0.124638163658415,-0.321825318626318,0.153664558240917
"Plant species richness","Permanently Flooded","Entire state",0.790561574217886,-0.09563082138753,0.130577115446898,-0.340713395832269,0.151955596221477
"Plant species richness","Permanently Flooded","Entire state",0.890561574217886,-0.107397927152151,0.136994842353228,-0.367860069529811,0.153813440542804
"Plant species richness","Permanently Flooded","Entire state",0.990561574217886,-0.119165032916772,0.143827268273445,-0.39634363639989,0.156121961597744
"Plant species richness","Permanently Flooded","Entire state",1.09056157421789,-0.130932138681393,0.151018117725258,-0.42106111414007,0.157969721996737
"Plant species richness","Permanently Flooded","Entire state",1.19056157421789,-0.142699244446014,0.158518620919502,-0.447267019762886,0.160639758257936
"Plant species richness","Permanently Flooded","Entire state",1.29056157421789,-0.154466350210635,0.166286881592699,-0.469946249651888,0.162331234819485
"Plant species richness","Permanently Flooded","Entire state",1.39056157421789,-0.166233455975256,0.174287100257277,-0.496732567188613,0.167561248371936
"Plant species richness","Permanently Flooded","Entire state",1.49056157421789,-0.178000561739878,0.182488772687579,-0.527438647604643,0.17353712958918
"Plant species richness","Permanently Flooded","Entire state",1.59056157421789,-0.189767667504499,0.190865930727854,-0.55503428224962,0.176998017570545
"Plant species richness","Permanently Flooded","Entire state",1.69056157421789,-0.20153477326912,0.199396457799189,-0.58165958912091,0.184362582567498
"Plant species richness","Permanently Flooded","Entire state",1.79056157421789,-0.213301879033741,0.208061490352684,-0.6123098506266,0.189062488464299
"Plant species richness","Permanently Flooded","Entire state",1.89056157421789,-0.225068984798362,0.216844904637759,-0.643310060710018,0.196694046107966
"Plant species richness","Permanently Flooded","Entire state",1.99056157421789,-0.236836090562983,0.225732882145247,-0.673938208181471,0.203161737619897
"Plant species richness","Permanently Flooded","Entire state",2.09056157421789,-0.248603196327604,0.234713544582548,-0.706128125936608,0.20968201616548
"Plant species richness","Permanently Flooded","Entire state",2.19056157421789,-0.260370302092225,0.24377664870547,-0.735350661712602,0.215784338218193
"Plant species richness","Permanently Flooded","Entire state",2.29056157421789,-0.272137407856846,0.252913331820012,-0.765180447314159,0.224034116140579
"Plant species richness","Permanently Flooded","Entire state",2.39056157421789,-0.283904513621467,0.262115899718409,-0.797258641997499,0.229257885935947
"Plant species richness","Permanently Flooded","Entire state",2.49056157421789,-0.295671619386088,0.271377649913815,-0.829230579190564,0.236093921951441
"Plant species richness","Permanently Flooded","Entire state",2.59056157421789,-0.30743872515071,0.28069272412188,-0.85967479477581,0.243638564102757
"Plant species richness","Permanently Flooded","Entire state",2.69056157421789,-0.319205830915331,0.290055984926774,-0.890432081901136,0.249919973074541
"Plant species richness","Permanently Flooded","Entire state",2.79056157421789,-0.330972936679952,0.299462912433882,-0.922659165891704,0.256278244252309
"Plant species richness","Permanently Flooded","Entire state",2.89056157421789,-0.342740042444573,0.308909517447402,-0.954215885358409,0.26271684220829
"Plant species richness","Permanently Flooded","Entire state",2.99056157421789,-0.354507148209194,0.318392268327065,-0.987475856386222,0.269792121704355
"Plant species richness","Permanently Flooded","Entire state",3.09056157421789,-0.366274253973815,0.327908029188038,-1.01718915806823,0.278189300938126
"Plant species richness","Permanently Flooded","Entire state",3.19056157421789,-0.378041359738436,0.337454007527212,-1.04866877929749,0.284897793808945
"Plant species richness","Permanently Flooded","Entire state",3.29056157421789,-0.389808465503057,0.347027709702021,-1.07910864421897,0.293346255325154
"Plant species richness","Permanently Flooded","Entire state",3.39056157421789,-0.401575571267678,0.356626902968,-1.1117121776924,0.299107795327493
"Plant species richness","Permanently Flooded","Entire state",3.49056157421789,-0.413342677032299,0.366249583009628,-1.1477508722534,0.307216167815324
"Plant species richness","Permanently Flooded","Entire state",3.59056157421789,-0.42510978279692,0.375893946085287,-1.17972502127391,0.314208703862492
"Plant species richness","Permanently Flooded","Entire state",3.69056157421789,-0.436876888561541,0.385558365059136,-1.21057503158893,0.321915193755943
"Plant species richness","Permanently Flooded","Entire state",3.79056157421789,-0.448643994326162,0.395241368716941,-1.24105271657732,0.333398950630046
"Plant species richness","Permanently Flooded","Entire state",3.89056157421789,-0.460411100090784,0.404941623864565,-1.27052086454748,0.34269290576483
"Plant species richness","Permanently Flooded","Entire state",3.99056157421789,-0.472178205855405,0.414657919791198,-1.30485271510243,0.347882072385018
"Plant species richness","Permanently Flooded","Entire state",4.09056157421789,-0.483945311620026,0.424389154747996,-1.33856134869483,0.356289570072471
"Plant species richness","Permanently Flooded","Counties without ordinances",-1.20943842578211,-0.281785859860915,0.147019163236763,-0.574919883654015,0.00206594529960397
"Plant species richness","Permanently Flooded","Counties without ordinances",-1.10943842578211,-0.272606408304181,0.139739794249481,-0.552866435592901,-0.00545378431113212
"Plant species richness","Permanently Flooded","Counties without ordinances",-1.00943842578211,-0.263426956747447,0.132688706453004,-0.528816086451192,-0.00683630265335136
"Plant species richness","Permanently Flooded","Counties without ordinances",-0.909438425782114,-0.254247505190713,0.125904259374696,-0.50552019084071,-0.01026508590326
"Plant species richness","Permanently Flooded","Counties without ordinances",-0.809438425782114,-0.24506805363398,0.119431902029755,-0.483406613316928,-0.0124458520427964
"Plant species richness","Permanently Flooded","Counties without ordinances",-0.709438425782114,-0.235888602077246,0.113325120345995,-0.460682291130424,-0.0146053425888826
"Plant species richness","Permanently Flooded","Counties without ordinances",-0.609438425782114,-0.226709150520512,0.107646149794864,-0.442277033467335,-0.0155271970219649
"Plant species richness","Permanently Flooded","Counties without ordinances",-0.509438425782114,-0.217529698963778,0.10246614667839,-0.423109505587242,-0.0150784321700869
"Plant species richness","Permanently Flooded","Counties without ordinances",-0.409438425782114,-0.208350247407044,0.0978643747735163,-0.405581775218779,-0.0123089544845538
"Plant species richness","Permanently Flooded","Counties without ordinances",-0.309438425782114,-0.199170795850311,0.0939258615597439,-0.389328844253338,-0.0107145161582822
"Plant species richness","Permanently Flooded","Counties without ordinances",-0.209438425782114,-0.189991344293577,0.090737016012783,-0.373214303033647,-0.00701059889121267
"Plant species richness","Permanently Flooded","Counties without ordinances",-0.109438425782114,-0.180811892736843,0.0883790227672996,-0.359427333789263,-0.00167046569378433
"Plant species richness","Permanently Flooded","Counties without ordinances",-0.00943842578211385,-0.171632441180109,0.0869195273856031,-0.34387385606934,0.00138748704139784
"Plant species richness","Permanently Flooded","Counties without ordinances",0.090561574217886,-0.162452989623375,0.086404072831119,-0.331853348498727,0.00950723828403155
"Plant species richness","Permanently Flooded","Counties without ordinances",0.190561574217886,-0.153273538066641,0.0868494694739638,-0.323972250070271,0.0186124458728211
"Plant species richness","Permanently Flooded","Counties without ordinances",0.290561574217886,-0.144094086509908,0.0882411688456559,-0.31587070555402,0.0291288465775904
"Plant species richness","Permanently Flooded","Counties without ordinances",0.390561574217886,-0.134914634953174,0.0905355421689245,-0.311956810799891,0.0443086895022008
"Plant species richness","Permanently Flooded","Counties without ordinances",0.490561574217886,-0.12573518339644,0.0936662794052886,-0.310650845191542,0.0599261976984515
"Plant species richness","Permanently Flooded","Counties without ordinances",0.590561574217886,-0.116555731839706,0.0975528901912855,-0.308759355644414,0.0743197705197164
"Plant species richness","Permanently Flooded","Counties without ordinances",0.690561574217886,-0.107376280282972,0.102109097816754,-0.309501871715161,0.0896561620247723
"Plant species richness","Permanently Flooded","Counties without ordinances",0.790561574217886,-0.0981968287262385,0.10724959820188,-0.311360270393258,0.109720475081235
"Plant species richness","Permanently Flooded","Counties without ordinances",0.890561574217886,-0.0890173771695047,0.112894604641732,-0.314011044935348,0.130859795500525
"Plant species richness","Permanently Flooded","Counties without ordinances",0.990561574217886,-0.0798379256127709,0.118972325291205,-0.316502221739329,0.151605021776592
"Plant species richness","Permanently Flooded","Counties without ordinances",1.09056157421789,-0.070658474056037,0.125419869232966,-0.319891155181837,0.174525233216296
"Plant species richness","Permanently Flooded","Counties without ordinances",1.19056157421789,-0.0614790224993032,0.132183130530592,-0.323156780407366,0.195325525819261
"Plant species richness","Permanently Flooded","Counties without ordinances",1.29056157421789,-0.0522995709425694,0.139216103165386,-0.330178679050999,0.218381891146663
"Plant species richness","Permanently Flooded","Counties without ordinances",1.39056157421789,-0.0431201193858356,0.146479943164511,-0.336390119162797,0.241059603079903
"Plant species richness","Permanently Flooded","Counties without ordinances",1.49056157421789,-0.0339406678291018,0.153941973170531,-0.342046817422627,0.266507909985595
"Plant species richness","Permanently Flooded","Counties without ordinances",1.59056157421789,-0.024761216272368,0.161574736400928,-0.34807275359563,0.289664134333962
"Plant species richness","Permanently Flooded","Counties without ordinances",1.69056157421789,-0.0155817647156341,0.169355149811445,-0.353640371492118,0.314788718279447
"Plant species richness","Permanently Flooded","Counties without ordinances",1.79056157421789,-0.00640231315890036,0.177263772603202,-0.361696552258049,0.33768623357706
"Plant species richness","Permanently Flooded","Counties without ordinances",1.89056157421789,0.00277713839783346,0.185284188134383,-0.369224695533733,0.363141295622737
"Plant species richness","Permanently Flooded","Counties without ordinances",1.99056157421789,0.0119565899545673,0.193402488745492,-0.377166481437679,0.390646215450052
"Plant species richness","Permanently Flooded","Counties without ordinances",2.09056157421789,0.0211360415113011,0.201606849879953,-0.38849706376546,0.417554053017128
"Plant species richness","Permanently Flooded","Counties without ordinances",2.19056157421789,0.0303154930680349,0.209887179621149,-0.395611307303415,0.441028353276972
"Plant species richness","Permanently Flooded","Counties without ordinances",2.29056157421789,0.0394949446247687,0.218234830871146,-0.403671917153115,0.469621763849273
"Plant species richness","Permanently Flooded","Counties without ordinances",2.39056157421789,0.0486743961815025,0.226642365030526,-0.411976509228728,0.493065895405612
"Plant species richness","Permanently Flooded","Counties without ordinances",2.49056157421789,0.0578538477382364,0.235103357766617,-0.419857227856279,0.519964058073934
"Plant species richness","Permanently Flooded","Counties without ordinances",2.59056157421789,0.0670332992949702,0.243612239070372,-0.429423932430055,0.544841199293186
"Plant species richness","Permanently Flooded","Counties without ordinances",2.69056157421789,0.076212750851704,0.252164161216176,-0.439584245126335,0.569553705506249
"Plant species richness","Permanently Flooded","Counties without ordinances",2.79056157421789,0.0853922024084378,0.260754889434637,-0.44679199359684,0.596764342391946
"Plant species richness","Permanently Flooded","Counties without ordinances",2.89056157421789,0.0945716539651717,0.269380711097726,-0.45246328646769,0.622376989360679
"Plant species richness","Permanently Flooded","Counties without ordinances",2.99056157421789,0.103751105521905,0.278038360022855,-0.459837834402448,0.648248924691659
"Plant species richness","Permanently Flooded","Counties without ordinances",3.09056157421789,0.112930557078639,0.286724953155661,-0.468067866715318,0.676880970088244
"Plant species richness","Permanently Flooded","Counties without ordinances",3.19056157421789,0.122110008635373,0.295437937417096,-0.477193397549431,0.704140797084463
"Plant species richness","Permanently Flooded","Counties without ordinances",3.29056157421789,0.131289460192107,0.304175044922582,-0.485478564187331,0.729672226933355
"Plant species richness","Permanently Flooded","Counties without ordinances",3.39056157421789,0.140468911748841,0.312934255119629,-0.494611022670098,0.755244520902073
"Plant species richness","Permanently Flooded","Counties without ordinances",3.49056157421789,0.149648363305575,0.321713762661987,-0.504215291776807,0.780816964920818
"Plant species richness","Permanently Flooded","Counties without ordinances",3.59056157421789,0.158827814862308,0.330511950056613,-0.512895606013004,0.806389408939563
"Plant species richness","Permanently Flooded","Counties without ordinances",3.69056157421789,0.168007266419042,0.339327364295236,-0.518407707563368,0.833433481352018
"Plant species richness","Permanently Flooded","Counties without ordinances",3.79056157421789,0.177186717975776,0.348158696823896,-0.526129830729112,0.862383285054651
"Plant species richness","Permanently Flooded","Counties without ordinances",3.89056157421789,0.18636616953251,0.357004766318197,-0.535723178689639,0.889184676347505
"Plant species richness","Permanently Flooded","Counties without ordinances",3.99056157421789,0.195545621089244,0.365864503824766,-0.545275826241979,0.912353391596989
"Plant species richness","Permanently Flooded","Counties without ordinances",4.09056157421789,0.204725072645977,0.374736939904793,-0.551403408627593,0.938585815813245
"Plant species richness","Intermittently Exposed","Entire state",-1.20943842578211,0.134460804022188,0.158134243433337,-0.194410329260297,0.444514435558578
"Plant species richness","Intermittently Exposed","Entire state",-1.10943842578211,0.123391567950453,0.150491362744514,-0.18894683636138,0.415150674815332
"Plant species richness","Intermittently Exposed","Entire state",-1.00943842578211,0.112322331878717,0.143147544175434,-0.183945333706335,0.386000699628845
"Plant species richness","Intermittently Exposed","Entire state",-0.909438425782114,0.101253095806982,0.136151189398052,-0.183215204764623,0.363356942512986
"Plant species richness","Intermittently Exposed","Entire state",-0.809438425782114,0.0901838597352467,0.129558601311685,-0.180736012349508,0.341245790845941
"Plant species richness","Intermittently Exposed","Entire state",-0.709438425782114,0.0791146236635113,0.123434491943969,-0.175844864556218,0.320087457185031
"Plant species richness","Intermittently Exposed","Entire state",-0.609438425782114,0.068045387591776,0.11785191664704,-0.176260596882798,0.300518971296896
"Plant species richness","Intermittently Exposed","Entire state",-0.509438425782114,0.0569761515200406,0.112891242094264,-0.173929353498511,0.276544197746042
"Plant species richness","Intermittently Exposed","Entire state",-0.409438425782114,0.0459069154483052,0.108637694443872,-0.173143259277207,0.259885592112758
"Plant species richness","Intermittently Exposed","Entire state",-0.309438425782114,0.0348376793765699,0.105177101095552,-0.17615968485351,0.244796236267368
"Plant species richness","Intermittently Exposed","Entire state",-0.209438425782114,0.0237684433048345,0.102589738102491,-0.1776565704787,0.227731912401141
"Plant species richness","Intermittently Exposed","Entire state",-0.109438425782114,0.0126992072330991,0.100942775676622,-0.185575668162248,0.214786124362855
"Plant species richness","Intermittently Exposed","Entire state",-0.00943842578211385,0.00162997116136374,0.100282557740385,-0.196193244418695,0.200934553150555
"Plant species richness","Intermittently Exposed","Entire state",0.090561574217886,-0.00943926491037161,0.100628508092369,-0.205480215607506,0.188359869047101
"Plant species richness","Intermittently Exposed","Entire state",0.190561574217886,-0.020508500982107,0.101970386500827,-0.220123028245023,0.181240555700104
"Plant species richness","Intermittently Exposed","Entire state",0.290561574217886,-0.0315777370538423,0.104269749369842,-0.231719302902307,0.176935044612489
"Plant species richness","Intermittently Exposed","Entire state",0.390561574217886,-0.0426469731255777,0.107465154224338,-0.248886568544161,0.171009082585917
"Plant species richness","Intermittently Exposed","Entire state",0.490561574217886,-0.0537162091973131,0.111479576333791,-0.267410084480025,0.168606239501366
"Plant species richness","Intermittently Exposed","Entire state",0.590561574217886,-0.0647854452690484,0.116228182188968,-0.287086303239927,0.168659280081648
"Plant species richness","Intermittently Exposed","Entire state",0.690561574217886,-0.0758546813407838,0.121625007949155,-0.308829091625872,0.169414420494277
"Plant species richness","Intermittently Exposed","Entire state",0.790561574217886,-0.0869239174125192,0.127587823128234,-0.332890047537849,0.168796982704395
"Plant species richness","Intermittently Exposed","Entire state",0.890561574217886,-0.0979931534842546,0.134041114926954,-0.353294915591898,0.169563808620508
"Plant species richness","Intermittently Exposed","Entire state",0.990561574217886,-0.10906238955599,0.1409175155877,-0.374174349111608,0.168909456972126
"Plant species richness","Intermittently Exposed","Entire state",1.09056157421789,-0.120131625627725,0.148158124098033,-0.401699481578825,0.171875194298306
"Plant species richness","Intermittently Exposed","Entire state",1.19056157421789,-0.131200861699461,0.155712141791757,-0.42947346979925,0.174221725330817
"Plant species richness","Intermittently Exposed","Entire state",1.29056157421789,-0.142270097771196,0.163536143695495,-0.457924862735227,0.177397265326709
"Plant species richness","Intermittently Exposed","Entire state",1.39056157421789,-0.153339333842931,0.171593203002045,-0.48758985919344,0.182722569296929
"Plant species richness","Intermittently Exposed","Entire state",1.49056157421789,-0.164408569914667,0.17985200072976,-0.514873856785832,0.189579790584568
"Plant species richness","Intermittently Exposed","Entire state",1.59056157421789,-0.175477805986402,0.188285992162944,-0.541279011197717,0.195301359490529
"Plant species richness","Intermittently Exposed","Entire state",1.69056157421789,-0.186547042058138,0.196872662783232,-0.569614544791096,0.197667738916881
"Plant species richness","Intermittently Exposed","Entire state",1.79056157421789,-0.197616278129873,0.205592883355008,-0.598253331939415,0.200060200869893
"Plant species richness","Intermittently Exposed","Entire state",1.89056157421789,-0.208685514201608,0.214430361304973,-0.625282197272192,0.210325196308643
"Plant species richness","Intermittently Exposed","Entire state",1.99056157421789,-0.219754750273344,0.223371179521499,-0.654076977025477,0.219996075744554
"Plant species richness","Intermittently Exposed","Entire state",2.09056157421789,-0.230823986345079,0.232403411464979,-0.6816721347198,0.22990357229268
"Plant species richness","Intermittently Exposed","Entire state",2.19056157421789,-0.241893222416814,0.241516801296689,-0.711462149529028,0.232725318143463
"Plant species richness","Intermittently Exposed","Entire state",2.29056157421789,-0.25296245848855,0.250702498561339,-0.739546622796779,0.240752797676411
"Plant species richness","Intermittently Exposed","Entire state",2.39056157421789,-0.264031694560285,0.259952838202435,-0.766805435704263,0.245800563847254
"Plant species richness","Intermittently Exposed","Entire state",2.49056157421789,-0.27510093063202,0.269261158027656,-0.793112427421759,0.251802781644591
"Plant species richness","Intermittently Exposed","Entire state",2.59056157421789,-0.286170166703756,0.278621647011815,-0.82485717343209,0.262257865355473
"Plant species richness","Intermittently Exposed","Entire state",2.69056157421789,-0.297239402775491,0.28802921895712,-0.853008262598413,0.26873644311803
"Plant species richness","Intermittently Exposed","Entire state",2.79056157421789,-0.308308638847227,0.297479407002922,-0.880826316553509,0.275499025483933
"Plant species richness","Intermittently Exposed","Entire state",2.89056157421789,-0.319377874918962,0.306968275293819,-0.909795375168862,0.280565041526435
"Plant species richness","Intermittently Exposed","Entire state",2.99056157421789,-0.330447110990697,0.316492344790838,-0.936634479838969,0.286479340730638
"Plant species richness","Intermittently Exposed","Entire state",3.09056157421789,-0.341516347062433,0.326048530764721,-0.967764491483026,0.29315982161647
"Plant species richness","Intermittently Exposed","Entire state",3.19056157421789,-0.352585583134168,0.335634089962198,-0.997536458540205,0.299783072556462
"Plant species richness","Intermittently Exposed","Entire state",3.29056157421789,-0.363654819205903,0.345246575803385,-1.02842882418747,0.307237184729735
"Plant species richness","Intermittently Exposed","Entire state",3.39056157421789,-0.374724055277639,0.354883800266315,-1.05900080469169,0.315060248765576
"Plant species richness","Intermittently Exposed","Entire state",3.49056157421789,-0.385793291349374,0.364543801356231,-1.08940720761445,0.322942868391901
"Plant species richness","Intermittently Exposed","Entire state",3.59056157421789,-0.39686252742111,0.37422481525325,-1.11932163540555,0.330285782516545
"Plant species richness","Intermittently Exposed","Entire state",3.69056157421789,-0.407931763492845,0.383925252391266,-1.14938792967606,0.340185215011228
"Plant species richness","Intermittently Exposed","Entire state",3.79056157421789,-0.41900099956458,0.393643676850467,-1.17945422394657,0.349697909796083
"Plant species richness","Intermittently Exposed","Entire state",3.89056157421789,-0.430070235636316,0.403378788551533,-1.20964190444657,0.359225355982199
"Plant species richness","Intermittently Exposed","Entire state",3.99056157421789,-0.441139471708051,0.413129407825852,-1.23972649722703,0.365937021438244
"Plant species richness","Intermittently Exposed","Entire state",4.09056157421789,-0.452208707779786,0.422894462006853,-1.26669629375026,0.372209824802528
"Plant species richness","Intermittently Exposed","Counties without ordinances",-1.20943842578211,-0.283892263483651,0.148131561588952,-0.576281637198871,0.0120565165718865
"Plant species richness","Intermittently Exposed","Counties without ordinances",-1.10943842578211,-0.274308358203705,0.140859383447276,-0.549683854258005,0.0078494639511932
"Plant species richness","Intermittently Exposed","Counties without ordinances",-1.00943842578211,-0.264724452923759,0.133817138378009,-0.528000837446903,0.00490869255930944
"Plant species richness","Intermittently Exposed","Counties without ordinances",-0.909438425782114,-0.255140547643813,0.127043069052894,-0.506189760166562,-0.000942657169110331
"Plant species richness","Intermittently Exposed","Counties without ordinances",-0.809438425782114,-0.245556642363868,0.120582380625218,-0.485247197030614,-0.000983182363073661
"Plant species richness","Intermittently Exposed","Counties without ordinances",-0.709438425782114,-0.235972737083922,0.114488138653218,-0.464310395064369,-0.00700643240463658
"Plant species richness","Intermittently Exposed","Counties without ordinances",-0.609438425782114,-0.226388831803976,0.108821925729511,-0.442356841459649,-0.00987237771036478
"Plant species richness","Intermittently Exposed","Counties without ordinances",-0.509438425782114,-0.21680492652403,0.103653959880204,-0.425116203689686,-0.00551474755444993
"Plant species richness","Intermittently Exposed","Counties without ordinances",-0.409438425782114,-0.207221021244084,0.0990622507839471,-0.403688987239313,-0.00775946838136977
"Plant species richness","Intermittently Exposed","Counties without ordinances",-0.309438425782114,-0.197637115964138,0.0951302786397867,-0.38311868324021,-0.00728397732608105
"Plant species richness","Intermittently Exposed","Counties without ordinances",-0.209438425782114,-0.188053210684192,0.0919427242904645,-0.369738930015605,-0.00584464643872415
"Plant species richness","Intermittently Exposed","Counties without ordinances",-0.109438425782114,-0.178469305404246,0.089579090406123,-0.357288452232085,0.00124881115438603
"Plant species richness","Intermittently Exposed","Counties without ordinances",-0.00943842578211385,-0.1688854001243,0.0881057125173584,-0.345807724281044,0.0078905471135372
"Plant species richness","Intermittently Exposed","Counties without ordinances",0.090561574217886,-0.159301494844354,0.0875675394798868,-0.334655414778926,0.0147957533187709
"Plant species richness","Intermittently Exposed","Counties without ordinances",0.190561574217886,-0.149717589564408,0.0879817345538193,-0.325349550952729,0.0257708209399489
"Plant species richness","Intermittently Exposed","Counties without ordinances",0.290561574217886,-0.140133684284462,0.0893350519773901,-0.316463643633726,0.0356956964269892
"Plant species richness","Intermittently Exposed","Counties without ordinances",0.390561574217886,-0.130549779004516,0.0915858704204657,-0.308256126096704,0.049570348282516
"Plant species richness","Intermittently Exposed","Counties without ordinances",0.490561574217886,-0.12096587372457,0.0946701962695375,-0.30270865556171,0.0667797818078889
"Plant species richness","Intermittently Exposed","Counties without ordinances",0.590561574217886,-0.111381968444624,0.0985097696419915,-0.300928995000146,0.0851182459617438
"Plant species richness","Intermittently Exposed","Counties without ordinances",0.690561574217886,-0.101798063164678,0.103020180645788,-0.300148731979619,0.102579609012442
"Plant species richness","Intermittently Exposed","Counties without ordinances",0.790561574217886,-0.0922141578847325,0.108117504493169,-0.299688522803085,0.123054235374343
"Plant species richness","Intermittently Exposed","Counties without ordinances",0.890561574217886,-0.0826302526047866,0.113722848133245,-0.30173728454808,0.143079556686748
"Plant species richness","Intermittently Exposed","Counties without ordinances",0.990561574217886,-0.0730463473248406,0.11976490241056,-0.302961589010935,0.163410910238762
"Plant species richness","Intermittently Exposed","Counties without ordinances",1.09056157421789,-0.0634624420448947,0.126180948496402,-0.305086471123368,0.184824078461161
"Plant species richness","Intermittently Exposed","Counties without ordinances",1.19056157421789,-0.0538785367649487,0.132916838397773,-0.307949280154258,0.207588289811189
"Plant species richness","Intermittently Exposed","Counties without ordinances",1.29056157421789,-0.0442946314850028,0.139926389033787,-0.312290677332795,0.231505040177747
"Plant species richness","Intermittently Exposed","Counties without ordinances",1.39056157421789,-0.0347107262050569,0.147170503221864,-0.316606287378776,0.258510784131282
"Plant species richness","Intermittently Exposed","Counties without ordinances",1.49056157421789,-0.025126820925111,0.154616215001163,-0.3227787075347,0.280675819557944
"Plant species richness","Intermittently Exposed","Counties without ordinances",1.59056157421789,-0.015542915645165,0.162235770149995,-0.325697601047152,0.304288922772946
"Plant species richness","Intermittently Exposed","Counties without ordinances",1.69056157421789,-0.00595901036521906,0.170005795616518,-0.329208867676647,0.329009058124093
"Plant species richness","Intermittently Exposed","Counties without ordinances",1.79056157421789,0.00362489491472684,0.177906577232028,-0.333009007599412,0.353769330915357
"Plant species richness","Intermittently Exposed","Counties without ordinances",1.89056157421789,0.0132088001946728,0.185921446191108,-0.337381743845481,0.380967579593031
"Plant species richness","Intermittently Exposed","Counties without ordinances",1.99056157421789,0.0227927054746187,0.194036265521004,-0.33852361188237,0.408898186812951
"Plant species richness","Intermittently Exposed","Counties without ordinances",2.09056157421789,0.0323766107545647,0.202239004084398,-0.345649103198862,0.43530831654662
"Plant species richness","Intermittently Exposed","Counties without ordinances",2.19056157421789,0.0419605160345106,0.210519385000355,-0.351240893961947,0.462504751247977
"Plant species richness","Intermittently Exposed","Counties without ordinances",2.29056157421789,0.0515444213144565,0.218868596196379,-0.355212471390956,0.488755917341136
"Plant species richness","Intermittently Exposed","Counties without ordinances",2.39056157421789,0.0611283265944025,0.227279052253361,-0.363398486284106,0.510609446331495
"Plant species richness","Intermittently Exposed","Counties without ordinances",2.49056157421789,0.0707122318743484,0.235744198311573,-0.368381883810663,0.536006131997513
"Plant species richness","Intermittently Exposed","Counties without ordinances",2.59056157421789,0.0802961371542944,0.244258348340672,-0.373053308508206,0.564807129538765
"Plant species richness","Intermittently Exposed","Counties without ordinances",2.69056157421789,0.0898800424342403,0.252816551441607,-0.377534424400324,0.594137043564707
"Plant species richness","Intermittently Exposed","Counties without ordinances",2.79056157421789,0.0994639477141862,0.261414481013788,-0.386462398712009,0.617237982275755
"Plant species richness","Intermittently Exposed","Counties without ordinances",2.89056157421789,0.109047852994132,0.27004834259213,-0.393553127465855,0.644492994414016
"Plant species richness","Intermittently Exposed","Counties without ordinances",2.99056157421789,0.118631758274078,0.278714796955546,-0.400548156474875,0.673812167590861
"Plant species richness","Intermittently Exposed","Counties without ordinances",3.09056157421789,0.128215663554024,0.287410895756152,-0.411588390322862,0.698666387514836
"Plant species richness","Intermittently Exposed","Counties without ordinances",3.19056157421789,0.13779956883397,0.296134027441804,-0.419408437971809,0.723443184949847
"Plant species richness","Intermittently Exposed","Counties without ordinances",3.29056157421789,0.147383474113916,0.304881871666092,-0.426148830844359,0.748194717773488
"Plant species richness","Intermittently Exposed","Counties without ordinances",3.39056157421789,0.156967379393862,0.313652360718843,-0.431291152743002,0.775007217292782
"Plant species richness","Intermittently Exposed","Counties without ordinances",3.49056157421789,0.166551284673808,0.322443646782742,-0.439508445401557,0.800573151811994
"Plant species richness","Intermittently Exposed","Counties without ordinances",3.59056157421789,0.176135189953754,0.331254074041016,-0.447857111794338,0.826625037090382
"Plant species richness","Intermittently Exposed","Counties without ordinances",3.69056157421789,0.1857190952337,0.340082154837851,-0.456606755332611,0.851858277892745
"Plant species richness","Intermittently Exposed","Counties without ordinances",3.79056157421789,0.195303000513646,0.34892654923595,-0.461972795047576,0.878382864166329
"Plant species richness","Intermittently Exposed","Counties without ordinances",3.89056157421789,0.204886905793592,0.35778604743118,-0.466955740831103,0.906583131870604
"Plant species richness","Intermittently Exposed","Counties without ordinances",3.99056157421789,0.214470811073537,0.366659554577966,-0.470781173471324,0.931139409455993
"Plant species richness","Intermittently Exposed","Counties without ordinances",4.09056157421789,0.224054716353483,0.375546077655413,-0.479358740556567,0.957557467211665
"Plant species richness","Semipermanently Flooded","Entire state",-1.20943842578211,0.126299998509689,0.157802221617255,-0.180629197632977,0.438023254581778
"Plant species richness","Semipermanently Flooded","Entire state",-1.10943842578211,0.115821779305544,0.150101717445466,-0.175641590283405,0.409234437133938
"Plant species richness","Semipermanently Flooded","Entire state",-1.00943842578211,0.105343560101398,0.142695971980348,-0.172850189919668,0.381759653571795
"Plant species richness","Semipermanently Flooded","Entire state",-0.909438425782114,0.0948653408972522,0.135633276393938,-0.172150267364533,0.357460512490571
"Plant species richness","Semipermanently Flooded","Entire state",-0.809438425782114,0.0843871216931066,0.128970001620116,-0.168486589465558,0.333564861475238
"Plant species richness","Semipermanently Flooded","Entire state",-0.709438425782114,0.073908902488961,0.122771199297845,-0.166288437036738,0.30943997815435
"Plant species richness","Semipermanently Flooded","Entire state",-0.609438425782114,0.0634306832848153,0.117110647862482,-0.164521799897724,0.289606478118781
"Plant species richness","Semipermanently Flooded","Entire state",-0.509438425782114,0.0529524640806697,0.112069936714132,-0.161042637782235,0.27318915488282
"Plant species richness","Semipermanently Flooded","Entire state",-0.409438425782114,0.0424742448765241,0.107736103484622,-0.162938358919842,0.253973569450569
"Plant species richness","Semipermanently Flooded","Entire state",-0.309438425782114,0.0319960256723784,0.1041973880651,-0.165890660734943,0.240174686247155
"Plant species richness","Semipermanently Flooded","Entire state",-0.209438425782114,0.0215178064682328,0.101536957664336,-0.17311018331549,0.223844816327841
"Plant species richness","Semipermanently Flooded","Entire state",-0.109438425782114,0.0110395872640872,0.0998250583294084,-0.182983917371046,0.20767854613691
"Plant species richness","Semipermanently Flooded","Entire state",-0.00943842578211385,0.000561368059941522,0.0991108529668202,-0.189578591282594,0.196318270317047
"Plant species richness","Semipermanently Flooded","Entire state",0.090561574217886,-0.0099168511442041,0.0994158462608041,-0.202290596708724,0.184286843985486
"Plant species richness","Semipermanently Flooded","Entire state",0.190561574217886,-0.0203950703483497,0.100730780828371,-0.215804734052801,0.174832595747675
"Plant species richness","Semipermanently Flooded","Entire state",0.290561574217886,-0.0308732895524954,0.103016990498826,-0.230141630827129,0.171263141339798
"Plant species richness","Semipermanently Flooded","Entire state",0.390561574217886,-0.041351508756641,0.106211773656113,-0.24560114472112,0.168980350325501
"Plant species richness","Semipermanently Flooded","Entire state",0.490561574217886,-0.0518297279607867,0.110236163764528,-0.263082163619775,0.169324548674516
"Plant species richness","Semipermanently Flooded","Entire state",0.590561574217886,-0.0623079471649323,0.115003100594995,-0.284883499480409,0.168874693760922
"Plant species richness","Semipermanently Flooded","Entire state",0.690561574217886,-0.0727861663690779,0.120424436465385,-0.30741942981938,0.171089300975896
"Plant species richness","Semipermanently Flooded","Entire state",0.790561574217886,-0.0832643855732235,0.12641600791098,-0.32734202438361,0.173146097067617
"Plant species richness","Semipermanently Flooded","Entire state",0.890561574217886,-0.0937426047773692,0.132900713394973,-0.350996754680413,0.174556792083033
"Plant species richness","Semipermanently Flooded","Entire state",0.990561574217886,-0.104220823981515,0.13980995169242,-0.376111077766548,0.177319433444685
"Plant species richness","Semipermanently Flooded","Entire state",1.09056157421789,-0.11469904318566,0.14708390792395,-0.400621611896844,0.179348416425674
"Plant species richness","Semipermanently Flooded","Entire state",1.19056157421789,-0.125177262389806,0.154671134200037,-0.426555561096247,0.183569787155227
"Plant species richness","Semipermanently Flooded","Entire state",1.29056157421789,-0.135655481593952,0.162527763615546,-0.453177010389637,0.190487957618053
"Plant species richness","Semipermanently Flooded","Entire state",1.39056157421789,-0.146133700798097,0.170616583436711,-0.478574018234941,0.1959909099996
"Plant species richness","Semipermanently Flooded","Entire state",1.49056157421789,-0.156611920002243,0.17890610260123,-0.50685362610804,0.20240231960246
"Plant species richness","Semipermanently Flooded","Entire state",1.59056157421789,-0.167090139206389,0.187369685271945,-0.533665425150769,0.210074474883496
"Plant species richness","Semipermanently Flooded","Entire state",1.69056157421789,-0.177568358410534,0.19598478200221,-0.561021795434979,0.213529747099423
"Plant species richness","Semipermanently Flooded","Entire state",1.79056157421789,-0.18804657761468,0.204732266632792,-0.588389247986793,0.215833334875638
"Plant species richness","Semipermanently Flooded","Entire state",1.89056157421789,-0.198524796818826,0.213595874565375,-0.615472429891355,0.223351982057339
"Plant species richness","Semipermanently Flooded","Entire state",1.99056157421789,-0.209003016022971,0.222561732264769,-0.642458950189931,0.228052244244797
"Plant species richness","Semipermanently Flooded","Entire state",2.09056157421789,-0.219481235227117,0.231617965867594,-0.672498218028122,0.236247731322355
"Plant species richness","Semipermanently Flooded","Entire state",2.19056157421789,-0.229959454431262,0.240754376830807,-0.703885202221764,0.244908981407291
"Plant species richness","Semipermanently Flooded","Entire state",2.29056157421789,-0.240437673635408,0.249962173579,-0.731165949320106,0.252398869605929
"Plant species richness","Semipermanently Flooded","Entire state",2.39056157421789,-0.250915892839554,0.259233749508212,-0.759734187016834,0.2580655391571
"Plant species richness","Semipermanently Flooded","Entire state",2.49056157421789,-0.261394112043699,0.268562499158828,-0.789155427102939,0.266658384163554
"Plant species richness","Semipermanently Flooded","Entire state",2.59056157421789,-0.271872331247845,0.277942665726917,-0.818868798143318,0.273082966846771
"Plant species richness","Semipermanently Flooded","Entire state",2.69056157421789,-0.282350550451991,0.287369214278311,-0.84859520144897,0.27982368860265
"Plant species richness","Semipermanently Flooded","Entire state",2.79056157421789,-0.292828769656136,0.296837726047556,-0.879096786194844,0.28584346306201
"Plant species richness","Semipermanently Flooded","Entire state",2.89056157421789,-0.303306988860282,0.306344310052976,-0.908490654550358,0.293140108876999
"Plant species richness","Semipermanently Flooded","Entire state",2.99056157421789,-0.313785208064428,0.315885528958172,-0.939625634576028,0.301818260425455
"Plant species richness","Semipermanently Flooded","Entire state",3.09056157421789,-0.324263427268573,0.325458336680957,-0.970587937513913,0.311506344511631
"Plant species richness","Semipermanently Flooded","Entire state",3.19056157421789,-0.334741646472719,0.335060025714328,-0.997817588768602,0.32111587566304
"Plant species richness","Semipermanently Flooded","Entire state",3.29056157421789,-0.345219865676864,0.344688182499542,-1.02612892541768,0.32731717325697
"Plant species richness","Semipermanently Flooded","Entire state",3.39056157421789,-0.35569808488101,0.354340649495071,-1.05529618561567,0.334262921060712
"Plant species richness","Semipermanently Flooded","Entire state",3.49056157421789,-0.366176304085156,0.364015492830925,-1.08245354318996,0.34374799571157
"Plant species richness","Semipermanently Flooded","Entire state",3.59056157421789,-0.376654523289301,0.373710974636675,-1.10964453835378,0.349792720497137
"Plant species richness","Semipermanently Flooded","Entire state",3.69056157421789,-0.387132742493447,0.383425529292776,-1.13997087447111,0.356728423800216
"Plant species richness","Semipermanently Flooded","Entire state",3.79056157421789,-0.397610961697593,0.393157742985686,-1.17151231013809,0.366931265561091
"Plant species richness","Semipermanently Flooded","Entire state",3.89056157421789,-0.408089180901738,0.402906336053867,-1.20047117708143,0.377462846396246
"Plant species richness","Semipermanently Flooded","Entire state",3.99056157421789,-0.418567400105884,0.412670147698747,-1.22943004402477,0.386760391203284
"Plant species richness","Semipermanently Flooded","Entire state",4.09056157421789,-0.42904561931003,0.422448122705806,-1.25995978107148,0.395304394904163
"Plant species richness","Semipermanently Flooded","Counties without ordinances",-1.20943842578211,-0.289632873645767,0.147755217827804,-0.582446242932534,0.00344050797094463
"Plant species richness","Semipermanently Flooded","Counties without ordinances",-1.10943842578211,-0.279761855053209,0.140629469821577,-0.558053324696302,-0.000985546396580661
"Plant species richness","Semipermanently Flooded","Counties without ordinances",-1.00943842578211,-0.269890836460651,0.133730635574478,-0.531870288710969,-0.00526221522851914
"Plant species richness","Semipermanently Flooded","Counties without ordinances",-0.909438425782114,-0.260019817868092,0.127095671530977,-0.506380184659142,-0.00674222920896337
"Plant species richness","Semipermanently Flooded","Counties without ordinances",-0.809438425782114,-0.250148799275534,0.120768076388449,-0.484973052040183,-0.00754400213210079
"Plant species richness","Semipermanently Flooded","Counties without ordinances",-0.709438425782114,-0.240277780682976,0.114798687053131,-0.463009544675153,-0.00909208474492083
"Plant species richness","Semipermanently Flooded","Counties without ordinances",-0.609438425782114,-0.230406762090418,0.109246238130103,-0.44230496805094,-0.0105803229176063
"Plant species richness","Semipermanently Flooded","Counties without ordinances",-0.509438425782114,-0.22053574349786,0.104177417245464,-0.420506217068338,-0.0100059752079058
"Plant species richness","Semipermanently Flooded","Counties without ordinances",-0.409438425782114,-0.210664724905302,0.0996660408774834,-0.403422121614961,-0.00837171007804124
"Plant species richness","Semipermanently Flooded","Counties without ordinances",-0.309438425782114,-0.200793706312743,0.0957909017931707,-0.386607909130067,-0.00617699222583175
"Plant species richness","Semipermanently Flooded","Counties without ordinances",-0.209438425782114,-0.190922687720185,0.0926318830123065,-0.371537494580868,-0.00408453191100675
"Plant species richness","Semipermanently Flooded","Counties without ordinances",-0.109438425782114,-0.181051669127627,0.0902642030727713,-0.358036788420592,0.000804070015143707
"Plant species richness","Semipermanently Flooded","Counties without ordinances",-0.00943842578211385,-0.171180650535069,0.0887512179309075,-0.342811866514542,0.00621581902120106
"Plant species richness","Semipermanently Flooded","Counties without ordinances",0.090561574217886,-0.161309631942511,0.0881369544174092,-0.33301327770503,0.0155026026797645
"Plant species richness","Semipermanently Flooded","Counties without ordinances",0.190561574217886,-0.151438613349953,0.0884401408051433,-0.323216193611051,0.024705674087203
"Plant species richness","Semipermanently Flooded","Counties without ordinances",0.290561574217886,-0.141567594757394,0.0896514695874572,-0.313679776822061,0.0375309991474468
"Plant species richness","Semipermanently Flooded","Counties without ordinances",0.390561574217886,-0.131696576164836,0.0917349726911609,-0.306802490290026,0.0502531837074584
"Plant species richness","Semipermanently Flooded","Counties without ordinances",0.490561574217886,-0.121825557572278,0.0946330605655624,-0.300822539246859,0.0643572617847946
"Plant species richness","Semipermanently Flooded","Counties without ordinances",0.590561574217886,-0.11195453897972,0.0982736933836459,-0.297182342305633,0.0820333232427402
"Plant species richness","Semipermanently Flooded","Counties without ordinances",0.690561574217886,-0.102083520387162,0.102577839675148,-0.295865563750278,0.0986683447310238
"Plant species richness","Semipermanently Flooded","Counties without ordinances",0.790561574217886,-0.0922125017946035,0.107465805238122,-0.2971841903613,0.116967186986503
"Plant species richness","Semipermanently Flooded","Counties without ordinances",0.890561574217886,-0.0823414832020453,0.112861761108161,-0.298393259035912,0.137666505841328
"Plant species richness","Semipermanently Flooded","Counties without ordinances",0.990561574217886,-0.0724704646094872,0.118696447576553,-0.301369553764282,0.157618937781042
"Plant species richness","Semipermanently Flooded","Counties without ordinances",1.09056157421789,-0.062599446016929,0.124908398180632,-0.301507543169824,0.180089434137654
"Plant species richness","Semipermanently Flooded","Counties without ordinances",1.19056157421789,-0.0527284274243708,0.131444136144255,-0.299322431401025,0.203628898894612
"Plant species richness","Semipermanently Flooded","Counties without ordinances",1.29056157421789,-0.0428574088318127,0.138257750738493,-0.302318966435915,0.23025959898858
"Plant species richness","Semipermanently Flooded","Counties without ordinances",1.39056157421789,-0.0329863902392545,0.145310158191798,-0.304774989923211,0.255913927211785
"Plant species richness","Semipermanently Flooded","Counties without ordinances",1.49056157421789,-0.0231153716466963,0.152568247778113,-0.308034404033602,0.282008490246304
"Plant species richness","Semipermanently Flooded","Counties without ordinances",1.59056157421789,-0.0132443530541381,0.160004031537777,-0.311740316443952,0.307275994543301
"Plant species richness","Semipermanently Flooded","Counties without ordinances",1.69056157421789,-0.00337333446157997,0.167593859399742,-0.315949907053775,0.333247709289976
"Plant species richness","Semipermanently Flooded","Counties without ordinances",1.79056157421789,0.00649768413097816,0.175317725945093,-0.324838865760847,0.357754596322379
"Plant species richness","Semipermanently Flooded","Counties without ordinances",1.89056157421789,0.0163687027235363,0.183158674581679,-0.332331116419484,0.385076281110562
"Plant species richness","Semipermanently Flooded","Counties without ordinances",1.99056157421789,0.0262397213160945,0.191102294178736,-0.33663850250054,0.412098004727845
"Plant species richness","Semipermanently Flooded","Counties without ordinances",2.09056157421789,0.0361107399086527,0.199136298369069,-0.343318798710192,0.437272241233629
"Plant species richness","Semipermanently Flooded","Counties without ordinances",2.19056157421789,0.0459817585012109,0.207250176206906,-0.350057383634381,0.462521761575928
"Plant species richness","Semipermanently Flooded","Counties without ordinances",2.29056157421789,0.055852777093769,0.215434903089895,-0.354439679790488,0.487441025493286
"Plant species richness","Semipermanently Flooded","Counties without ordinances",2.39056157421789,0.0657237956863272,0.223682701885531,-0.363337613235778,0.512578586384785
"Plant species richness","Semipermanently Flooded","Counties without ordinances",2.49056157421789,0.0755948142788854,0.231986845528298,-0.371296649972665,0.538626447033011
"Plant species richness","Semipermanently Flooded","Counties without ordinances",2.59056157421789,0.0854658328714435,0.240341493703084,-0.379516082244287,0.563563857888542
"Plant species richness","Semipermanently Flooded","Counties without ordinances",2.69056157421789,0.0953368514640017,0.248741557473995,-0.386271084026454,0.590995593695285
"Plant species richness","Semipermanently Flooded","Counties without ordinances",2.79056157421789,0.10520787005656,0.257182586804877,-0.393022883910647,0.618149608360854
"Plant species richness","Semipermanently Flooded","Counties without ordinances",2.89056157421789,0.115078888649118,0.265660676839098,-0.401607362153656,0.643665942451272
"Plant species richness","Semipermanently Flooded","Counties without ordinances",2.99056157421789,0.124949907241676,0.27417238957172,-0.40761853147131,0.671622371773035
"Plant species richness","Semipermanently Flooded","Counties without ordinances",3.09056157421789,0.134820925834234,0.2827146881756,-0.415579620057844,0.695029805710513
"Plant species richness","Semipermanently Flooded","Counties without ordinances",3.19056157421789,0.144691944426793,0.291284881754763,-0.42337039731794,0.722721607175877
"Plant species richness","Semipermanently Flooded","Counties without ordinances",3.29056157421789,0.154562963019351,0.299880578713337,-0.430791690961356,0.749702144866057
"Plant species richness","Semipermanently Flooded","Counties without ordinances",3.39056157421789,0.164433981611909,0.308499647263828,-0.437866802885487,0.77866595814869
"Plant species richness","Semipermanently Flooded","Counties without ordinances",3.49056157421789,0.174305000204467,0.317140181869573,-0.443757050151182,0.804984662517708
"Plant species richness","Semipermanently Flooded","Counties without ordinances",3.59056157421789,0.184176018797025,0.325800474635207,-0.452131032039586,0.833526579744059
"Plant species richness","Semipermanently Flooded","Counties without ordinances",3.69056157421789,0.194047037389583,0.334478990836025,-0.459654568438891,0.864199761965236
"Plant species richness","Semipermanently Flooded","Counties without ordinances",3.79056157421789,0.203918055982142,0.343174347920625,-0.466932019814404,0.889545709972627
"Plant species richness","Semipermanently Flooded","Counties without ordinances",3.89056157421789,0.2137890745747,0.351885297437541,-0.474239814071858,0.916594920372371
"Plant species richness","Semipermanently Flooded","Counties without ordinances",3.99056157421789,0.223660093167258,0.36061070943133,-0.484569939217236,0.945632292536817
"Plant species richness","Semipermanently Flooded","Counties without ordinances",4.09056157421789,0.233531111759816,0.369349558930733,-0.493112210345053,0.972985411968579
"Plant species richness","Seasonally Flooded","Entire state",-1.20943842578211,0.171482101343077,0.159187341213826,-0.14479656986243,0.480317547765738
"Plant species richness","Seasonally Flooded","Entire state",-1.10943842578211,0.157333990146046,0.151440963559982,-0.147441542169441,0.450222394329852
"Plant species richness","Seasonally Flooded","Entire state",-1.00943842578211,0.143185878949015,0.143978597650642,-0.14647701106192,0.421633545043217
"Plant species richness","Seasonally Flooded","Entire state",-0.909438425782114,0.129037767751985,0.136846713570828,-0.145918387735689,0.397725192435236
"Plant species richness","Seasonally Flooded","Entire state",-0.809438425782114,0.114889656554954,0.130099672347966,-0.145693880862669,0.370573981438157
"Plant species richness","Seasonally Flooded","Entire state",-0.709438425782114,0.100741545357924,0.123800411029937,-0.1471615200774,0.344284013322324
"Plant species richness","Seasonally Flooded","Entire state",-0.609438425782114,0.0865934341608932,0.118020651131636,-0.147578613094587,0.318041512213881
"Plant species richness","Seasonally Flooded","Entire state",-0.509438425782114,0.0724453229638626,0.112840248635452,-0.148913034939754,0.290909515443446
"Plant species richness","Seasonally Flooded","Entire state",-0.409438425782114,0.0582972117668321,0.108345210447472,-0.154718523040628,0.269739453799085
"Plant species richness","Seasonally Flooded","Entire state",-0.309438425782114,0.0441491005698015,0.104623911406163,-0.16032083846822,0.250619574109786
"Plant species richness","Seasonally Flooded","Entire state",-0.209438425782114,0.030000989372771,0.101761271342113,-0.167951048947407,0.230331556182759
"Plant species richness","Seasonally Flooded","Entire state",-0.109438425782114,0.0158528781757404,0.099831183247635,-0.178507698702879,0.212359171063141
"Plant species richness","Seasonally Flooded","Entire state",-0.00943842578211385,0.00170476697870984,0.0988882664844707,-0.194837387764426,0.195603003150591
"Plant species richness","Seasonally Flooded","Entire state",0.090561574217886,-0.0124433442183207,0.0989607429448952,-0.206711955034859,0.183368870206644
"Plant species richness","Seasonally Flooded","Entire state",0.190561574217886,-0.0265914554153513,0.100046405914099,-0.223091042472718,0.171659949545488
"Plant species richness","Seasonally Flooded","Entire state",0.290561574217886,-0.0407395666123818,0.102112943962422,-0.236108132119957,0.159693881254737
"Plant species richness","Seasonally Flooded","Entire state",0.390561574217886,-0.0548876778094124,0.105102514761722,-0.258046075550415,0.152043183179817
"Plant species richness","Seasonally Flooded","Entire state",0.490561574217886,-0.0690357890064429,0.108939153613494,-0.280549862042876,0.145293429993756
"Plant species richness","Seasonally Flooded","Entire state",0.590561574217886,-0.0831839002034735,0.113537020689429,-0.307813595537833,0.141703743993365
"Plant species richness","Seasonally Flooded","Entire state",0.690561574217886,-0.0973320114005041,0.118807770117365,-0.330256048467881,0.136258074870881
"Plant species richness","Seasonally Flooded","Entire state",0.790561574217886,-0.111480122597535,0.124666084841509,-0.358243827035204,0.130455549439701
"Plant species richness","Seasonally Flooded","Entire state",0.890561574217886,-0.125628233794565,0.131033180818375,-0.382999268292713,0.126970893491727
"Plant species richness","Seasonally Flooded","Entire state",0.990561574217886,-0.139776344991596,0.137838570571785,-0.411418070516244,0.12510946642507
"Plant species richness","Seasonally Flooded","Entire state",1.09056157421789,-0.153924456188626,0.145020563698346,-0.440932209930268,0.125689872790981
"Plant species richness","Seasonally Flooded","Entire state",1.19056157421789,-0.168072567385657,0.152525970082869,-0.471647167484762,0.12472066983548
"Plant species richness","Seasonally Flooded","Entire state",1.29056157421789,-0.182220678582687,0.160309371217891,-0.497172661827742,0.124684468846566
"Plant species richness","Seasonally Flooded","Entire state",1.39056157421789,-0.196368789779718,0.16833220947594,-0.52597717171615,0.128798223598589
"Plant species richness","Seasonally Flooded","Entire state",1.49056157421789,-0.210516900976749,0.1765618483423,-0.55875992291863,0.128993722643413
"Plant species richness","Seasonally Flooded","Entire state",1.59056157421789,-0.224665012173779,0.184970687216293,-0.5920366582304,0.128893542506764
"Plant species richness","Seasonally Flooded","Entire state",1.69056157421789,-0.23881312337081,0.193535369544452,-0.62388532548827,0.134448406919741
"Plant species richness","Seasonally Flooded","Entire state",1.79056157421789,-0.25296123456784,0.20223609642289,-0.653119113007492,0.135417417780834
"Plant species richness","Seasonally Flooded","Entire state",1.89056157421789,-0.267109345764871,0.211056043325583,-0.687611863162112,0.139565956910141
"Plant species richness","Seasonally Flooded","Entire state",1.99056157421789,-0.281257456961901,0.219980870641866,-0.717283168813884,0.143304880362678
"Plant species richness","Seasonally Flooded","Entire state",2.09056157421789,-0.295405568158932,0.228998316082624,-0.747654946245483,0.147329175783658
"Plant species richness","Seasonally Flooded","Entire state",2.19056157421789,-0.309553679355962,0.238097856742186,-0.781285021643127,0.153113573743165
"Plant species richness","Seasonally Flooded","Entire state",2.29056157421789,-0.323701790552993,0.247270429485592,-0.816405359504899,0.155887530936486
"Plant species richness","Seasonally Flooded","Entire state",2.39056157421789,-0.337849901750024,0.256508199687606,-0.848516852051725,0.159156729413408
"Plant species richness","Seasonally Flooded","Entire state",2.49056157421789,-0.351998012947054,0.265804369813939,-0.878906974975427,0.164414320137202
"Plant species richness","Seasonally Flooded","Entire state",2.59056157421789,-0.366146124144085,0.275153020724133,-0.909528264633269,0.17008175733341
"Plant species richness","Seasonally Flooded","Entire state",2.69056157421789,-0.380294235341115,0.284548979810622,-0.941708329837298,0.174957500576707
"Plant species richness","Seasonally Flooded","Entire state",2.79056157421789,-0.394442346538146,0.293987711146465,-0.973801340358569,0.179947227357363
"Plant species richness","Seasonally Flooded","Entire state",2.89056157421789,-0.408590457735176,0.303465223699901,-1.00335568560116,0.184538442166953
"Plant species richness","Seasonally Flooded","Entire state",2.99056157421789,-0.422738568932207,0.31297799440463,-1.03524749429596,0.190808524560347
"Plant species richness","Seasonally Flooded","Entire state",3.09056157421789,-0.436886680129237,0.32252290347211,-1.06769011520024,0.193804128849708
"Plant species richness","Seasonally Flooded","Entire state",3.19056157421789,-0.451034791326268,0.33209717981765,-1.10024658407518,0.201275339944122
"Plant species richness","Seasonally Flooded","Entire state",3.29056157421789,-0.465182902523299,0.341698354865536,-1.13274598386897,0.20614267474747
"Plant species richness","Seasonally Flooded","Entire state",3.39056157421789,-0.479331013720329,0.3513242233166,-1.16637048977936,0.211816407296181
"Plant species richness","Seasonally Flooded","Entire state",3.49056157421789,-0.49347912491736,0.360972809719004,-1.19889629343122,0.217971671441207
"Plant species richness","Seasonally Flooded","Entire state",3.59056157421789,-0.50762723611439,0.370642339891266,-1.23097387223165,0.22460016971912
"Plant species richness","Seasonally Flooded","Entire state",3.69056157421789,-0.521775347311421,0.380331216415291,-1.26409863148367,0.231814296053882
"Plant species richness","Seasonally Flooded","Entire state",3.79056157421789,-0.535923458508451,0.390037997554107,-1.29514638896257,0.232933541555519
"Plant species richness","Seasonally Flooded","Entire state",3.89056157421789,-0.550071569705482,0.399761379060462,-1.33039716560622,0.235241332979143
"Plant species richness","Seasonally Flooded","Entire state",3.99056157421789,-0.564219680902513,0.40950017843323,-1.36457783609364,0.240097501755686
"Plant species richness","Seasonally Flooded","Entire state",4.09056157421789,-0.578367792099543,0.419253321252907,-1.39704966756907,0.247533364346832
"Plant species richness","Seasonally Flooded","Counties without ordinances",-1.20943842578211,-0.215038891611718,0.146633623415834,-0.499393671427691,0.0677150638275116
"Plant species richness","Seasonally Flooded","Counties without ordinances",-1.10943842578211,-0.210984870648354,0.139777220186171,-0.482484218121922,0.0596543629355645
"Plant species richness","Seasonally Flooded","Counties without ordinances",-1.00943842578211,-0.206930849684989,0.133152606301953,-0.466937128881301,0.0510417077059439
"Plant species richness","Seasonally Flooded","Counties without ordinances",-0.909438425782114,-0.202876828721625,0.126796117299172,-0.45051622100425,0.0424548181241369
"Plant species richness","Seasonally Flooded","Counties without ordinances",-0.809438425782114,-0.19882280775826,0.120750104241779,-0.434552708529305,0.0364684985484327
"Plant species richness","Seasonally Flooded","Counties without ordinances",-0.709438425782114,-0.194768786794896,0.115063519421963,-0.419503900826427,0.0277866495916526
"Plant species richness","Seasonally Flooded","Counties without ordinances",-0.609438425782114,-0.190714765831531,0.109792225791489,-0.408010415803015,0.0219818859993931
"Plant species richness","Seasonally Flooded","Counties without ordinances",-0.509438425782114,-0.186660744868167,0.104998789049412,-0.396335733621899,0.0162489062700763
"Plant species richness","Seasonally Flooded","Counties without ordinances",-0.409438425782114,-0.182606723904802,0.100751437084289,-0.387450787820006,0.0126078768880629
"Plant species richness","Seasonally Flooded","Counties without ordinances",-0.309438425782114,-0.178552702941438,0.0971218408102349,-0.374146216473112,0.00854979939429456
"Plant species richness","Seasonally Flooded","Counties without ordinances",-0.209438425782114,-0.174498681978073,0.0941814491569366,-0.362291915612599,0.00646692419317603
"Plant species richness","Seasonally Flooded","Counties without ordinances",-0.109438425782114,-0.170444661014709,0.0919963710335656,-0.35217336629542,0.00584954178491922
"Plant species richness","Seasonally Flooded","Counties without ordinances",-0.00943842578211385,-0.166390640051345,0.0906212597380058,-0.347127434957699,0.00909167848377419
"Plant species richness","Seasonally Flooded","Counties without ordinances",0.090561574217886,-0.16233661908798,0.0900932109804816,-0.34077688285744,0.0121013846936078
"Plant species richness","Seasonally Flooded","Counties without ordinances",0.190561574217886,-0.158282598124616,0.0904270652413138,-0.33834245459894,0.0179990348827898
"Plant species richness","Seasonally Flooded","Counties without ordinances",0.290561574217886,-0.154228577161251,0.0916134002570196,-0.334789533667788,0.0226057795674912
"Plant species richness","Seasonally Flooded","Counties without ordinances",0.390561574217886,-0.150174556197887,0.0936198141434907,-0.335163404702557,0.0300338935847557
"Plant species richness","Seasonally Flooded","Counties without ordinances",0.490561574217886,-0.146120535234522,0.0963951119558633,-0.337211738601466,0.0404189371702784
"Plant species richness","Seasonally Flooded","Counties without ordinances",0.590561574217886,-0.142066514271158,0.0998752178111161,-0.340414988161125,0.0487881753652593
"Plant species richness","Seasonally Flooded","Counties without ordinances",0.690561574217886,-0.138012493307793,0.103989394515812,-0.343363275338118,0.0628186229809563
"Plant species richness","Seasonally Flooded","Counties without ordinances",0.790561574217886,-0.133958472344429,0.108665646484182,-0.348023368661365,0.0781280750003265
"Plant species richness","Seasonally Flooded","Counties without ordinances",0.890561574217886,-0.129904451381064,0.113834725786985,-0.353917185462059,0.0956424385550734
"Plant species richness","Seasonally Flooded","Counties without ordinances",0.990561574217886,-0.1258504304177,0.119432660437938,-0.360542161496052,0.110415300096574
"Plant species richness","Seasonally Flooded","Counties without ordinances",1.09056157421789,-0.121796409454335,0.12540203139775,-0.3678300017437,0.126959887252296
"Plant species richness","Seasonally Flooded","Counties without ordinances",1.19056157421789,-0.117742388490971,0.131692338779421,-0.372704445527674,0.14148813039671
"Plant species richness","Seasonally Flooded","Counties without ordinances",1.29056157421789,-0.113688367527606,0.138259785269679,-0.379143701294122,0.159486762154082
"Plant species richness","Seasonally Flooded","Counties without ordinances",1.39056157421789,-0.109634346564242,0.145066735909907,-0.388857642860824,0.17564755873764
"Plant species richness","Seasonally Flooded","Counties without ordinances",1.49056157421789,-0.105580325600877,0.152081034410621,-0.40068919424738,0.19476848398344
"Plant species richness","Seasonally Flooded","Counties without ordinances",1.59056157421789,-0.101526304637513,0.159275289051274,-0.411110468321085,0.213014573546942
"Plant species richness","Seasonally Flooded","Counties without ordinances",1.69056157421789,-0.0974722836741485,0.166626192096088,-0.422105181587855,0.231084023745899
"Plant species richness","Seasonally Flooded","Counties without ordinances",1.79056157421789,-0.093418262710784,0.174113904090485,-0.431927875460352,0.251498907469053
"Plant species richness","Seasonally Flooded","Counties without ordinances",1.89056157421789,-0.0893642417474196,0.181721514460813,-0.444153246421981,0.271498136866742
"Plant species richness","Seasonally Flooded","Counties without ordinances",1.99056157421789,-0.0853102207840551,0.189434578557731,-0.455156464451698,0.289882753234106
"Plant species richness","Seasonally Flooded","Counties without ordinances",2.09056157421789,-0.0812561998206906,0.197240725520547,-0.465459371311286,0.311306158227505
"Plant species richness","Seasonally Flooded","Counties without ordinances",2.19056157421789,-0.0772021788573261,0.205129328886708,-0.477357188604926,0.334559751615759
"Plant species richness","Seasonally Flooded","Counties without ordinances",2.29056157421789,-0.0731481578939617,0.21309123128431,-0.489954002004469,0.355119001927657
"Plant species richness","Seasonally Flooded","Counties without ordinances",2.39056157421789,-0.0690941369305972,0.221118514932894,-0.499583211682925,0.377127475433474
"Plant species richness","Seasonally Flooded","Counties without ordinances",2.49056157421789,-0.0650401159672327,0.229204310511618,-0.510231783932274,0.396904121826974
"Plant species richness","Seasonally Flooded","Counties without ordinances",2.59056157421789,-0.0609860950038682,0.237342637937638,-0.521359267266163,0.418669768626047
"Plant species richness","Seasonally Flooded","Counties without ordinances",2.69056157421789,-0.0569320740405038,0.245528273574348,-0.531897391027904,0.439626455800328
"Plant species richness","Seasonally Flooded","Counties without ordinances",2.79056157421789,-0.0528780530771393,0.253756639284012,-0.542686873833776,0.457936643757395
"Plant species richness","Seasonally Flooded","Counties without ordinances",2.89056157421789,-0.0488240321137748,0.262023709522908,-0.55401268446401,0.479180570944833
"Plant species richness","Seasonally Flooded","Counties without ordinances",2.99056157421789,-0.0447700111504104,0.270325933344707,-0.565567023065618,0.500348719998071
"Plant species richness","Seasonally Flooded","Counties without ordinances",3.09056157421789,-0.0407159901870459,0.278660168736656,-0.575809494895707,0.521313498810534
"Plant species richness","Seasonally Flooded","Counties without ordinances",3.19056157421789,-0.0366619692236814,0.287023627175724,-0.586701150831271,0.542786371972573
"Plant species richness","Seasonally Flooded","Counties without ordinances",3.29056157421789,-0.0326079482603169,0.295413826671991,-0.599922176188684,0.564818240881128
"Plant species richness","Seasonally Flooded","Counties without ordinances",3.39056157421789,-0.0285539272969525,0.303828551877506,-0.613136285797705,0.585402493283989
"Plant species richness","Seasonally Flooded","Counties without ordinances",3.49056157421789,-0.024499906333588,0.312265820092575,-0.626331478136561,0.607562225236803
"Plant species richness","Seasonally Flooded","Counties without ordinances",3.59056157421789,-0.0204458853702235,0.320723852208262,-0.639099805711516,0.628713859668651
"Plant species richness","Seasonally Flooded","Counties without ordinances",3.69056157421789,-0.016391864406859,0.329201047792437,-0.651374201342883,0.649784543520756
"Plant species richness","Seasonally Flooded","Counties without ordinances",3.79056157421789,-0.0123378434434946,0.337695963664185,-0.66360124010909,0.671947270427856
"Plant species richness","Seasonally Flooded","Counties without ordinances",3.89056157421789,-0.00828382248013009,0.346207295413658,-0.675459208401656,0.69383060384665
"Plant species richness","Seasonally Flooded","Counties without ordinances",3.99056157421789,-0.00422980151676563,0.354733861416287,-0.688104838760469,0.714938592867195
"Plant species richness","Seasonally Flooded","Counties without ordinances",4.09056157421789,-0.000175780553401139,0.363274588965554,-0.700373550085199,0.735979781588718
"Herpetofauna species richness","Permanently Flooded","Entire state",-1.20943842578211,-0.325131662357429,0.152202871195868,-0.627719852859374,-0.0271011843253069
"Herpetofauna species richness","Permanently Flooded","Entire state",-1.10943842578211,-0.298259315912611,0.144726092465376,-0.586385596158383,-0.0136902072072712
"Herpetofauna species richness","Permanently Flooded","Entire state",-1.00943842578211,-0.271386969467793,0.13755068715089,-0.543971083811464,-0.00139556241267406
"Herpetofauna species richness","Permanently Flooded","Entire state",-0.909438425782114,-0.244514623022975,0.130726290723872,-0.505625433652423,0.0150182934815021
"Herpetofauna species richness","Permanently Flooded","Entire state",-0.809438425782114,-0.217642276578157,0.124310725573128,-0.466982869030444,0.0295695585896427
"Herpetofauna species richness","Permanently Flooded","Entire state",-0.709438425782114,-0.190769930133339,0.118370485147132,-0.425257415467969,0.0452225348426911
"Herpetofauna species richness","Permanently Flooded","Entire state",-0.609438425782114,-0.163897583688522,0.112980568553943,-0.389990552138326,0.0619236027337134
"Herpetofauna species richness","Permanently Flooded","Entire state",-0.509438425782114,-0.137025237243704,0.108223231530628,-0.35220896706351,0.0815046296030807
"Herpetofauna species richness","Permanently Flooded","Entire state",-0.409438425782114,-0.110152890798886,0.104185165308917,-0.315829117351984,0.10097704987828
"Herpetofauna species richness","Permanently Flooded","Entire state",-0.309438425782114,-0.0832805443540678,0.100952718404784,-0.278815795803115,0.118917351662583
"Herpetofauna species richness","Permanently Flooded","Entire state",-0.209438425782114,-0.0564081979092498,0.0986051514452452,-0.247498635368977,0.141462002318602
"Herpetofauna species richness","Permanently Flooded","Entire state",-0.109438425782114,-0.0295358514644319,0.0972065958930706,-0.219654250691926,0.162274701557082
"Herpetofauna species richness","Permanently Flooded","Entire state",-0.00943842578211385,-0.00266350501961397,0.0967981948904655,-0.189190123240932,0.188042640347152
"Herpetofauna species richness","Permanently Flooded","Entire state",0.090561574217886,0.0242088414252039,0.0973924054448868,-0.163486805217286,0.216107678343414
"Herpetofauna species richness","Permanently Flooded","Entire state",0.190561574217886,0.0510811878700219,0.098971170539631,-0.142182712762937,0.246360779295429
"Herpetofauna species richness","Permanently Flooded","Entire state",0.290561574217886,0.0779535343148397,0.101488553113063,-0.12130075564216,0.280637742035478
"Herpetofauna species richness","Permanently Flooded","Entire state",0.390561574217886,0.104825880759658,0.104876985479829,-0.101930368178196,0.312256312834189
"Herpetofauna species richness","Permanently Flooded","Entire state",0.490561574217886,0.131698227204476,0.109055305276929,-0.0849641483267063,0.344257927388007
"Herpetofauna species richness","Permanently Flooded","Entire state",0.590561574217886,0.158570573649294,0.113936644632476,-0.0676031607827371,0.381099579832286
"Herpetofauna species richness","Permanently Flooded","Entire state",0.690561574217886,0.185442920094111,0.119434836737548,-0.0478421853190936,0.418153321219722
"Herpetofauna species richness","Permanently Flooded","Entire state",0.790561574217886,0.212315266538929,0.125468814126449,-0.0349535388713928,0.459361970704436
"Herpetofauna species richness","Permanently Flooded","Entire state",0.890561574217886,0.239187612983747,0.131965102452977,-0.0244515567193868,0.49791159470445
"Herpetofauna species richness","Permanently Flooded","Entire state",0.990561574217886,0.266059959428565,0.138858831436488,-0.00867693466940405,0.535410984490982
"Herpetofauna species richness","Permanently Flooded","Entire state",1.09056157421789,0.292932305873383,0.146093749783295,0.00129451882287195,0.574967756492204
"Herpetofauna species richness","Permanently Flooded","Entire state",1.19056157421789,0.319804652318201,0.15362165940692,0.0120963425835812,0.616296782795999
"Herpetofauna species richness","Permanently Flooded","Entire state",1.29056157421789,0.346676998763019,0.161401569408363,0.0235523666769362,0.657275325024439
"Herpetofauna species richness","Permanently Flooded","Entire state",1.39056157421789,0.373549345207837,0.169398762779969,0.0358022743549015,0.702168070138825
"Herpetofauna species richness","Permanently Flooded","Entire state",1.49056157421789,0.400421691652655,0.177583886967936,0.0475566366465126,0.746544816147339
"Herpetofauna species richness","Permanently Flooded","Entire state",1.59056157421789,0.427294038097473,0.185932124296077,0.0583867126743537,0.789412971251737
"Herpetofauna species richness","Permanently Flooded","Entire state",1.69056157421789,0.454166384542291,0.194422464327603,0.0661083904960258,0.829080467731319
"Herpetofauna species richness","Permanently Flooded","Entire state",1.79056157421789,0.481038730987108,0.203037081048115,0.0747815267814495,0.874560600882168
"Herpetofauna species richness","Permanently Flooded","Entire state",1.89056157421789,0.507911077431926,0.211760807944281,0.0876924953216505,0.916698274504764
"Herpetofauna species richness","Permanently Flooded","Entire state",1.99056157421789,0.534783423876744,0.220580699829439,0.100012713621593,0.965193149672995
"Herpetofauna species richness","Permanently Flooded","Entire state",2.09056157421789,0.561655770321562,0.229485669157424,0.112646741055591,1.00808733711972
"Herpetofauna species richness","Permanently Flooded","Entire state",2.19056157421789,0.58852811676638,0.238466185056437,0.121249147050564,1.05013896949773
"Herpetofauna species richness","Permanently Flooded","Entire state",2.29056157421789,0.615400463211198,0.247514024526826,0.132369412483545,1.09760390408239
"Herpetofauna species richness","Permanently Flooded","Entire state",2.39056157421789,0.642272809656016,0.256622066695201,0.142079745654732,1.13981135489201
"Herpetofauna species richness","Permanently Flooded","Entire state",2.49056157421789,0.669145156100834,0.265784122452265,0.151627719233935,1.18758238033418
"Herpetofauna species richness","Permanently Flooded","Entire state",2.59056157421789,0.696017502545652,0.274994793106852,0.163893904568727,1.22970137654502
"Herpetofauna species richness","Permanently Flooded","Entire state",2.69056157421789,0.72288984899047,0.284249352821418,0.172823649935068,1.27886603456873
"Herpetofauna species richness","Permanently Flooded","Entire state",2.79056157421789,0.749762195435288,0.293543650550074,0.180957986256316,1.32088756650596
"Herpetofauna species richness","Permanently Flooded","Entire state",2.89056157421789,0.776634541880106,0.302874027992643,0.189189497608573,1.36320816372116
"Herpetofauna species richness","Permanently Flooded","Entire state",2.99056157421789,0.803506888324924,0.31223725072782,0.19777776407982,1.41256999808123
"Herpetofauna species richness","Permanently Flooded","Entire state",3.09056157421789,0.830379234769741,0.321630450217328,0.205407558388281,1.45926122999503
"Herpetofauna species richness","Permanently Flooded","Entire state",3.19056157421789,0.857251581214559,0.331051074801593,0.21583247640071,1.5092678508026
"Herpetofauna species richness","Permanently Flooded","Entire state",3.29056157421789,0.884123927659377,0.340496848154184,0.225703666205087,1.55239519661241
"Herpetofauna species richness","Permanently Flooded","Entire state",3.39056157421789,0.910996274104195,0.349965733942527,0.234279966686982,1.60010075634957
"Herpetofauna species richness","Permanently Flooded","Entire state",3.49056157421789,0.937868620549013,0.35945590566895,0.242968860771942,1.64386780600595
"Herpetofauna species richness","Permanently Flooded","Entire state",3.59056157421789,0.964740966993831,0.368965720849502,0.251020261789983,1.68791692019842
"Herpetofauna species richness","Permanently Flooded","Entire state",3.69056157421789,0.991613313438649,0.378493698836659,0.25949473694199,1.73287246475539
"Herpetofauna species richness","Permanently Flooded","Entire state",3.79056157421789,1.01848565988347,0.388038501712747,0.267944372086836,1.77850504946424
"Herpetofauna species richness","Permanently Flooded","Entire state",3.89056157421789,1.04535800632828,0.397598917779269,0.278963258457154,1.82531580168319
"Herpetofauna species richness","Permanently Flooded","Entire state",3.99056157421789,1.0722303527731,0.407173847247553,0.288302411678905,1.87294732084897
"Herpetofauna species richness","Permanently Flooded","Entire state",4.09056157421789,1.09910269921792,0.416762289801819,0.296193251250147,1.9198228095916
"Herpetofauna species richness","Permanently Flooded","Counties without ordinances",-1.20943842578211,-0.501107332191763,0.169106034789532,-0.830770237738604,-0.165133943228331
"Herpetofauna species richness","Permanently Flooded","Counties without ordinances",-1.10943842578211,-0.465541403773797,0.160926376268418,-0.778952039978821,-0.145705526789608
"Herpetofauna species richness","Permanently Flooded","Counties without ordinances",-1.00943842578211,-0.429975475355831,0.152994307604462,-0.723671173307908,-0.129407791333686
"Herpetofauna species richness","Permanently Flooded","Counties without ordinances",-0.909438425782114,-0.394409546937865,0.14535036891488,-0.67335334935955,-0.10798716848952
"Herpetofauna species richness","Permanently Flooded","Counties without ordinances",-0.809438425782114,-0.358843618519899,0.138042433084371,-0.622039681177279,-0.0887450502387655
"Herpetofauna species richness","Permanently Flooded","Counties without ordinances",-0.709438425782114,-0.323277690101933,0.131126690356512,-0.57745077455795,-0.0681323662802833
"Herpetofauna species richness","Permanently Flooded","Counties without ordinances",-0.609438425782114,-0.287711761683967,0.124668426314327,-0.530296925501336,-0.0432709792639528
"Herpetofauna species richness","Permanently Flooded","Counties without ordinances",-0.509438425782114,-0.252145833266001,0.118742309727272,-0.483704094820044,-0.019274994357156
"Herpetofauna species richness","Permanently Flooded","Counties without ordinances",-0.409438425782114,-0.216579904848035,0.113431775631357,-0.440203033168953,0.00530091586697096
"Herpetofauna species richness","Permanently Flooded","Counties without ordinances",-0.309438425782114,-0.181013976430069,0.108826978871216,-0.39764930866035,0.0314107866823759
"Herpetofauna species richness","Permanently Flooded","Counties without ordinances",-0.209438425782114,-0.145448048012104,0.105020792900397,-0.353943494006679,0.0603085005682016
"Herpetofauna species richness","Permanently Flooded","Counties without ordinances",-0.109438425782114,-0.109882119594138,0.102102568804407,-0.312110367446785,0.0899352074884629
"Herpetofauna species richness","Permanently Flooded","Counties without ordinances",-0.00943842578211385,-0.0743161911761717,0.10014995843897,-0.273812943637336,0.122151221946868
"Herpetofauna species richness","Permanently Flooded","Counties without ordinances",0.090561574217886,-0.0387502627582059,0.099219986887899,-0.235275488502088,0.15797779446625
"Herpetofauna species richness","Permanently Flooded","Counties without ordinances",0.190561574217886,-0.00318433434023993,0.0993413782095892,-0.203001236884264,0.195586647967272
"Herpetofauna species richness","Permanently Flooded","Counties without ordinances",0.290561574217886,0.0323815940777259,0.100510323126358,-0.170753719903824,0.23302159305983
"Herpetofauna species richness","Permanently Flooded","Counties without ordinances",0.390561574217886,0.0679475224956918,0.10269105457238,-0.135611255055587,0.272301394216714
"Herpetofauna species richness","Permanently Flooded","Counties without ordinances",0.490561574217886,0.103513450913658,0.105821039152187,-0.107323175685933,0.31336289618994
"Herpetofauna species richness","Permanently Flooded","Counties without ordinances",0.590561574217886,0.139079379331624,0.109819142088929,-0.0804144337182096,0.354526869471564
"Herpetofauna species richness","Permanently Flooded","Counties without ordinances",0.690561574217886,0.17464530774959,0.114594535711291,-0.0551627311854178,0.399053587644014
"Herpetofauna species richness","Permanently Flooded","Counties without ordinances",0.790561574217886,0.210211236167555,0.120054501225331,-0.0317695009068976,0.446456343487663
"Herpetofauna species richness","Permanently Flooded","Counties without ordinances",0.890561574217886,0.245777164585521,0.126110153904743,-0.00850863607702225,0.494671199368198
"Herpetofauna species richness","Permanently Flooded","Counties without ordinances",0.990561574217886,0.281343093003487,0.132679955438383,0.0143391505884251,0.54250631234962
"Herpetofauna species richness","Permanently Flooded","Counties without ordinances",1.09056157421789,0.316909021421453,0.139691382111507,0.0363988651701753,0.592642953609386
"Herpetofauna species richness","Permanently Flooded","Counties without ordinances",1.19056157421789,0.352474949839419,0.147081290112487,0.0584714844133868,0.64061905846288
"Herpetofauna species richness","Permanently Flooded","Counties without ordinances",1.29056157421789,0.388040878257385,0.154795483041083,0.0804359777359265,0.692277826503369
"Herpetofauna species richness","Permanently Flooded","Counties without ordinances",1.39056157421789,0.423606806675351,0.162787865771775,0.0994184114132254,0.740956118217013
"Herpetofauna species richness","Permanently Flooded","Counties without ordinances",1.49056157421789,0.459172735093317,0.171019440178522,0.117181951254359,0.794273642491805
"Herpetofauna species richness","Permanently Flooded","Counties without ordinances",1.59056157421789,0.494738663511283,0.179457294639308,0.135864038082892,0.848465619063188
"Herpetofauna species richness","Permanently Flooded","Counties without ordinances",1.69056157421789,0.530304591929249,0.188073667171621,0.150841029850848,0.89925391836623
"Herpetofauna species richness","Permanently Flooded","Counties without ordinances",1.79056157421789,0.565870520347214,0.196845116706874,0.167908866776358,0.950743759117654
"Herpetofauna species richness","Permanently Flooded","Counties without ordinances",1.89056157421789,0.60143644876518,0.205751810838064,0.185010909726515,1.00499344085113
"Herpetofauna species richness","Permanently Flooded","Counties without ordinances",1.99056157421789,0.637002377183146,0.214776924642244,0.202486199088414,1.0575260585524
"Herpetofauna species richness","Permanently Flooded","Counties without ordinances",2.09056157421789,0.672568305601112,0.223906138947231,0.224730119060718,1.11438530016042
"Herpetofauna species richness","Permanently Flooded","Counties without ordinances",2.19056157421789,0.708134234019078,0.233127224410989,0.245872034720809,1.16976813784141
"Herpetofauna species richness","Permanently Flooded","Counties without ordinances",2.29056157421789,0.743700162437044,0.242429697992479,0.267042549491062,1.22324321165844
"Herpetofauna species richness","Permanently Flooded","Counties without ordinances",2.39056157421789,0.77926609085501,0.25180453963286,0.284855551219655,1.27952839962268
"Herpetofauna species richness","Permanently Flooded","Counties without ordinances",2.49056157421789,0.814832019272976,0.261243958579996,0.30157119084596,1.33426409607322
"Herpetofauna species richness","Permanently Flooded","Counties without ordinances",2.59056157421789,0.850397947690942,0.270741200435426,0.317035521318049,1.38759213437612
"Herpetofauna species richness","Permanently Flooded","Counties without ordinances",2.69056157421789,0.885963876108907,0.280290387519305,0.333145011680652,1.44147682351876
"Herpetofauna species richness","Permanently Flooded","Counties without ordinances",2.79056157421789,0.921529804526873,0.289886386472473,0.349034658013051,1.49541066426888
"Herpetofauna species richness","Permanently Flooded","Counties without ordinances",2.89056157421789,0.957095732944839,0.29952469813398,0.363945759035082,1.55004438688716
"Herpetofauna species richness","Permanently Flooded","Counties without ordinances",2.99056157421789,0.992661661362805,0.309201365660429,0.38094213853144,1.60503184697068
"Herpetofauna species richness","Permanently Flooded","Counties without ordinances",3.09056157421789,1.02822758978077,0.318912897613338,0.396903228192143,1.6600193070542
"Herpetofauna species richness","Permanently Flooded","Counties without ordinances",3.19056157421789,1.06379351819874,0.328656203358212,0.412070459116543,1.71624457294762
"Herpetofauna species richness","Permanently Flooded","Counties without ordinances",3.29056157421789,1.0993594466167,0.33842853861838,0.4276466066201,1.7712530238971
"Herpetofauna species richness","Permanently Flooded","Counties without ordinances",3.39056157421789,1.13492537503467,0.348227459429535,0.444298566248317,1.82486869670722
"Herpetofauna species richness","Permanently Flooded","Counties without ordinances",3.49056157421789,1.17049130345263,0.358050783065703,0.461652799541803,1.87977407283325
"Herpetofauna species richness","Permanently Flooded","Counties without ordinances",3.59056157421789,1.2060572318706,0.367896554769159,0.478211265061077,1.93285778648306
"Herpetofauna species richness","Permanently Flooded","Counties without ordinances",3.69056157421789,1.24162316028857,0.377763019328134,0.498540061919006,1.98855761284647
"Herpetofauna species richness","Permanently Flooded","Counties without ordinances",3.79056157421789,1.27718908870653,0.387648596716973,0.516814510928764,2.04461957328981
"Herpetofauna species richness","Permanently Flooded","Counties without ordinances",3.89056157421789,1.3127550171245,0.397551861151733,0.534350253385317,2.10051218194454
"Herpetofauna species richness","Permanently Flooded","Counties without ordinances",3.99056157421789,1.34832094554246,0.407471523026596,0.546513609936007,2.15462163935141
"Herpetofauna species richness","Permanently Flooded","Counties without ordinances",4.09056157421789,1.38388687396043,0.417406413287888,0.561288524698023,2.20876259297432
"Herpetofauna species richness","Intermittently Exposed","Entire state",-1.20943842578211,-0.322023187809331,0.150033930227616,-0.619888531365003,-0.0220017154886259
"Herpetofauna species richness","Intermittently Exposed","Entire state",-1.10943842578211,-0.295480688712673,0.142872677706523,-0.576702867745019,-0.0115122777107152
"Herpetofauna species richness","Intermittently Exposed","Entire state",-1.00943842578211,-0.268938189616015,0.136028048578236,-0.53514552935606,0.000462213956601767
"Herpetofauna species richness","Intermittently Exposed","Entire state",-0.909438425782114,-0.242395690519357,0.129550237801629,-0.494618244271972,0.0156635285707004
"Herpetofauna species richness","Intermittently Exposed","Entire state",-0.809438425782114,-0.215853191422699,0.12349698125217,-0.457252031861067,0.0291620985654586
"Herpetofauna species richness","Intermittently Exposed","Entire state",-0.709438425782114,-0.189310692326042,0.117933671153846,-0.419608207803016,0.0432085986118219
"Herpetofauna species richness","Intermittently Exposed","Entire state",-0.609438425782114,-0.162768193229384,0.112932738188412,-0.38578899042546,0.0608377845434266
"Herpetofauna species richness","Intermittently Exposed","Entire state",-0.509438425782114,-0.136225694132726,0.108571921172678,-0.348907011116918,0.0774391334250273
"Herpetofauna species richness","Intermittently Exposed","Entire state",-0.409438425782114,-0.109683195036068,0.104931057980963,-0.320165742335116,0.0977431105659654
"Herpetofauna species richness","Intermittently Exposed","Entire state",-0.309438425782114,-0.0831406959394101,0.102087207525561,-0.284666860698976,0.120500031195862
"Herpetofauna species richness","Intermittently Exposed","Entire state",-0.209438425782114,-0.0565981968427522,0.100108316843377,-0.250954549912491,0.143656218436575
"Herpetofauna species richness","Intermittently Exposed","Entire state",-0.109438425782114,-0.0300556977460943,0.0990462438033149,-0.223833365540708,0.164063223303397
"Herpetofauna species richness","Intermittently Exposed","Entire state",-0.00943842578211385,-0.00351319864943645,0.0989305204239917,-0.198467652674489,0.190322533027774
"Herpetofauna species richness","Intermittently Exposed","Entire state",0.090561574217886,0.0230293004472214,0.0997644399606517,-0.17570149974596,0.219312847018154
"Herpetofauna species richness","Intermittently Exposed","Entire state",0.190561574217886,0.0495717995438793,0.101524604108795,-0.151162585578651,0.250352368692919
"Herpetofauna species richness","Intermittently Exposed","Entire state",0.290561574217886,0.0761142986405371,0.104164068409972,-0.130200989968718,0.281699983237143
"Herpetofauna species richness","Intermittently Exposed","Entire state",0.390561574217886,0.102656797737195,0.107618154627699,-0.109654271344123,0.312692761033853
"Herpetofauna species richness","Intermittently Exposed","Entire state",0.490561574217886,0.129199296833853,0.111811392141901,-0.0887175811583022,0.347753290499762
"Herpetofauna species richness","Intermittently Exposed","Entire state",0.590561574217886,0.155741795930511,0.116664106602816,-0.0715310989951432,0.385623495351249
"Herpetofauna species richness","Intermittently Exposed","Entire state",0.690561574217886,0.182284295027169,0.122097691524618,-0.0589564689495463,0.424674866771874
"Herpetofauna species richness","Intermittently Exposed","Entire state",0.790561574217886,0.208826794123826,0.128038216682883,-0.0442421319036115,0.463785639069651
"Herpetofauna species richness","Intermittently Exposed","Entire state",0.890561574217886,0.235369293220484,0.134418487331578,-0.0312384831382219,0.506676504724628
"Herpetofauna species richness","Intermittently Exposed","Entire state",0.990561574217886,0.261911792317142,0.141178896054512,-0.0194795616455608,0.543153191460322
"Herpetofauna species richness","Intermittently Exposed","Entire state",1.09056157421789,0.2884542914138,0.148267453594228,-0.00710623682285206,0.58839792794529
"Herpetofauna species richness","Intermittently Exposed","Entire state",1.19056157421789,0.314996790510458,0.155639330019589,0.00486208570353908,0.6307526013858
"Herpetofauna species richness","Intermittently Exposed","Entire state",1.29056157421789,0.341539289607116,0.163256149813908,0.0136558120454463,0.673354510200991
"Herpetofauna species richness","Intermittently Exposed","Entire state",1.39056157421789,0.368081788703774,0.171085201010083,0.0237372940592581,0.714892410045528
"Herpetofauna species richness","Intermittently Exposed","Entire state",1.49056157421789,0.394624287800432,0.179098653559272,0.0351891918858326,0.755717888995497
"Herpetofauna species richness","Intermittently Exposed","Entire state",1.59056157421789,0.421166786897089,0.18727283721435,0.0444653049325195,0.796552616966071
"Herpetofauna species richness","Intermittently Exposed","Entire state",1.69056157421789,0.447709285993747,0.19558760073012,0.0487581937009921,0.84161400246071
"Herpetofauna species richness","Intermittently Exposed","Entire state",1.79056157421789,0.474251785090405,0.204025757466801,0.0584485211210641,0.883638562820986
"Herpetofauna species richness","Intermittently Exposed","Entire state",1.89056157421789,0.500794284187063,0.212572613499302,0.070682756223005,0.927592345522458
"Herpetofauna species richness","Intermittently Exposed","Entire state",1.99056157421789,0.527336783283721,0.221215570110763,0.0788480724606593,0.972076304397328
"Herpetofauna species richness","Intermittently Exposed","Entire state",2.09056157421789,0.553879282380379,0.229943791084736,0.0864094800471261,1.01700094530982
"Herpetofauna species richness","Intermittently Exposed","Entire state",2.19056157421789,0.580421781477037,0.238747925241029,0.0937584249178918,1.06293353677051
"Herpetofauna species richness","Intermittently Exposed","Entire state",2.29056157421789,0.606964280573695,0.247619875423714,0.104831865886911,1.10698937320064
"Herpetofauna species richness","Intermittently Exposed","Entire state",2.39056157421789,0.633506779670352,0.256552606208356,0.116993573342147,1.14570114143587
"Herpetofauna species richness","Intermittently Exposed","Entire state",2.49056157421789,0.66004927876701,0.265539983710982,0.12819092471391,1.18764427086949
"Herpetofauna species richness","Intermittently Exposed","Entire state",2.59056157421789,0.686591777863668,0.274576641933799,0.138690403059506,1.23165642917942
"Herpetofauna species richness","Intermittently Exposed","Entire state",2.69056157421789,0.713134276960326,0.283657871019895,0.149920828467765,1.27412395819829
"Herpetofauna species richness","Intermittently Exposed","Entire state",2.79056157421789,0.739676776056984,0.292779523595694,0.15740322502967,1.32121919442312
"Herpetofauna species richness","Intermittently Exposed","Entire state",2.89056157421789,0.766219275153642,0.301937936059363,0.163864873661147,1.36555754611662
"Herpetofauna species richness","Intermittently Exposed","Entire state",2.99056157421789,0.7927617742503,0.311129862237843,0.168147881242462,1.41028499433989
"Herpetofauna species richness","Intermittently Exposed","Entire state",3.09056157421789,0.819304273346957,0.320352417300034,0.175811339404212,1.458007747511
"Herpetofauna species richness","Intermittently Exposed","Entire state",3.19056157421789,0.845846772443615,0.329603030194346,0.178455397070352,1.50592374120858
"Herpetofauna species richness","Intermittently Exposed","Entire state",3.29056157421789,0.872389271540273,0.338879403189542,0.186771263886193,1.55230382351862
"Herpetofauna species richness","Intermittently Exposed","Entire state",3.39056157421789,0.898931770636931,0.348179477350962,0.192347782884931,1.59799602580951
"Herpetofauna species richness","Intermittently Exposed","Entire state",3.49056157421789,0.925474269733589,0.357501402990482,0.198782876344475,1.6451646488414
"Herpetofauna species richness","Intermittently Exposed","Entire state",3.59056157421789,0.952016768830247,0.36684351429652,0.20501505252637,1.69066788125627
"Herpetofauna species richness","Intermittently Exposed","Entire state",3.69056157421789,0.978559267926905,0.376204307487519,0.213603744261539,1.73779101473915
"Herpetofauna species richness","Intermittently Exposed","Entire state",3.79056157421789,1.00510176702356,0.385582421944246,0.218117304855402,1.78223912932619
"Herpetofauna species richness","Intermittently Exposed","Entire state",3.89056157421789,1.03164426612022,0.394976623867923,0.224358987349665,1.82758339095226
"Herpetofauna species richness","Intermittently Exposed","Entire state",3.99056157421789,1.05818676521688,0.404385792086343,0.232536836701111,1.87465442552823
"Herpetofauna species richness","Intermittently Exposed","Entire state",4.09056157421789,1.08472926431354,0.413808905691962,0.240312380493043,1.92009598892021
"Herpetofauna species richness","Intermittently Exposed","Counties without ordinances",-1.20943842578211,-0.491573471871847,0.160270032742469,-0.806320032356926,-0.182095747446738
"Herpetofauna species richness","Intermittently Exposed","Counties without ordinances",-1.10943842578211,-0.456715023629621,0.152432509734636,-0.755370027418018,-0.162174712693058
"Herpetofauna species richness","Intermittently Exposed","Counties without ordinances",-1.00943842578211,-0.421856575387395,0.144867015950373,-0.707492008088293,-0.142492765454706
"Herpetofauna species richness","Intermittently Exposed","Counties without ordinances",-0.909438425782114,-0.38699812714517,0.13761842265616,-0.65488056350507,-0.121520367650045
"Herpetofauna species richness","Intermittently Exposed","Counties without ordinances",-0.809438425782114,-0.352139678902944,0.130739450266596,-0.607515742203581,-0.0998799996665347
"Herpetofauna species richness","Intermittently Exposed","Counties without ordinances",-0.709438425782114,-0.317281230660718,0.124291484484224,-0.558453896708452,-0.0754544037590526
"Herpetofauna species richness","Intermittently Exposed","Counties without ordinances",-0.609438425782114,-0.282422782418493,0.118344995805529,-0.513280929105095,-0.0548130650214122
"Herpetofauna species richness","Intermittently Exposed","Counties without ordinances",-0.509438425782114,-0.247564334176267,0.112979195459904,-0.470920341126189,-0.0299411575425412
"Herpetofauna species richness","Intermittently Exposed","Counties without ordinances",-0.409438425782114,-0.212705885934041,0.108280445321222,-0.428227669020077,-0.00439318318822086
"Herpetofauna species richness","Intermittently Exposed","Counties without ordinances",-0.309438425782114,-0.177847437691816,0.104338903237456,-0.384571030720513,0.0246963659592718
"Herpetofauna species richness","Intermittently Exposed","Counties without ordinances",-0.209438425782114,-0.14298898944959,0.101243045569888,-0.340572881040581,0.0524795196613013
"Herpetofauna species richness","Intermittently Exposed","Counties without ordinances",-0.109438425782114,-0.108130541207364,0.099072183186684,-0.298100406542697,0.0845083078169059
"Herpetofauna species richness","Intermittently Exposed","Counties without ordinances",-0.00943842578211385,-0.0732720929651387,0.0978878763898956,-0.260038483774357,0.115885852008723
"Herpetofauna species richness","Intermittently Exposed","Counties without ordinances",0.090561574217886,-0.0384136447229131,0.0977259989179403,-0.226284191856061,0.151496437026218
"Herpetofauna species richness","Intermittently Exposed","Counties without ordinances",0.190561574217886,-0.00355519648068736,0.0985915870778701,-0.194738294897378,0.189160852664138
"Herpetofauna species richness","Intermittently Exposed","Counties without ordinances",0.290561574217886,0.0313032517615383,0.100458085180812,-0.168934115614619,0.228521767853842
"Herpetofauna species richness","Intermittently Exposed","Counties without ordinances",0.390561574217886,0.066161700003764,0.103271236903098,-0.138659397086329,0.268392789963455
"Herpetofauna species richness","Intermittently Exposed","Counties without ordinances",0.490561574217886,0.10102014824599,0.106956372051572,-0.115771724670367,0.312940836441561
"Herpetofauna species richness","Intermittently Exposed","Counties without ordinances",0.590561574217886,0.135878596488215,0.111427008983509,-0.0889573723645576,0.358433572011056
"Herpetofauna species richness","Intermittently Exposed","Counties without ordinances",0.690561574217886,0.170737044730441,0.116592824810216,-0.0618266715457404,0.404302382091189
"Herpetofauna species richness","Intermittently Exposed","Counties without ordinances",0.790561574217886,0.205595492972667,0.122365807810347,-0.03900037019415,0.450097606252171
"Herpetofauna species richness","Intermittently Exposed","Counties without ordinances",0.890561574217886,0.240453941214892,0.128664255730059,-0.0159185120767088,0.496515881169104
"Herpetofauna species richness","Intermittently Exposed","Counties without ordinances",0.990561574217886,0.275312389457118,0.135414866767647,0.00751185752816999,0.5434102797764
"Herpetofauna species richness","Intermittently Exposed","Counties without ordinances",1.09056157421789,0.310170837699344,0.142553418894347,0.0313162577791425,0.589543750821499
"Herpetofauna species richness","Intermittently Exposed","Counties without ordinances",1.19056157421789,0.345029285941569,0.150024544634779,0.0507140055362556,0.640748011901822
"Herpetofauna species richness","Intermittently Exposed","Counties without ordinances",1.29056157421789,0.379887734183795,0.157781007744648,0.0680637932607558,0.690264918724731
"Herpetofauna species richness","Intermittently Exposed","Counties without ordinances",1.39056157421789,0.414746182426021,0.165782762899521,0.0862410634823574,0.737238231138009
"Herpetofauna species richness","Intermittently Exposed","Counties without ordinances",1.49056157421789,0.449604630668246,0.173995971797968,0.107666596755647,0.787790952425091
"Herpetofauna species richness","Intermittently Exposed","Counties without ordinances",1.59056157421789,0.484463078910472,0.182392071063623,0.124916309219196,0.842454991288932
"Herpetofauna species richness","Intermittently Exposed","Counties without ordinances",1.69056157421789,0.519321527152698,0.190946936685233,0.139259107669357,0.893324811559055
"Herpetofauna species richness","Intermittently Exposed","Counties without ordinances",1.79056157421789,0.554179975394923,0.19964015961151,0.157193236381678,0.946913893041411
"Herpetofauna species richness","Intermittently Exposed","Counties without ordinances",1.89056157421789,0.589038423637149,0.208454430721878,0.174029065379387,0.999140954121921
"Herpetofauna species richness","Intermittently Exposed","Counties without ordinances",1.99056157421789,0.623896871879375,0.217375025481525,0.191112637720617,1.05038609686955
"Herpetofauna species richness","Intermittently Exposed","Counties without ordinances",2.09056157421789,0.6587553201216,0.226389375581636,0.209025622656731,1.10218261771071
"Herpetofauna species richness","Intermittently Exposed","Counties without ordinances",2.19056157421789,0.693613768363826,0.235486714502179,0.22552038553717,1.15415324981179
"Herpetofauna species richness","Intermittently Exposed","Counties without ordinances",2.29056157421789,0.728472216606051,0.244657784865833,0.24063039864355,1.21128506416596
"Herpetofauna species richness","Intermittently Exposed","Counties without ordinances",2.39056157421789,0.763330664848277,0.253894596912814,0.25797205918128,1.26642289613182
"Herpetofauna species richness","Intermittently Exposed","Counties without ordinances",2.49056157421789,0.798189113090503,0.263190229007884,0.274644955161743,1.31876362994824
"Herpetofauna species richness","Intermittently Exposed","Counties without ordinances",2.59056157421789,0.833047561332729,0.272538662590398,0.292134179168998,1.36841054236308
"Herpetofauna species richness","Intermittently Exposed","Counties without ordinances",2.69056157421789,0.867906009574954,0.281934645309052,0.306683445478806,1.423071055154
"Herpetofauna species richness","Intermittently Exposed","Counties without ordinances",2.79056157421789,0.90276445781718,0.291373577220306,0.320296702480369,1.47718572761144
"Herpetofauna species richness","Intermittently Exposed","Counties without ordinances",2.89056157421789,0.937622906059406,0.300851415879023,0.335474391056471,1.53042489605112
"Herpetofauna species richness","Intermittently Exposed","Counties without ordinances",2.99056157421789,0.972481354301631,0.310364596931264,0.349168258007564,1.58268709979819
"Herpetofauna species richness","Intermittently Exposed","Counties without ordinances",3.09056157421789,1.00733980254386,0.319909967456216,0.364712843896602,1.63740034003464
"Herpetofauna species richness","Intermittently Exposed","Counties without ordinances",3.19056157421789,1.04219825078608,0.32948472982068,0.380659511449423,1.69385413067643
"Herpetofauna species richness","Intermittently Exposed","Counties without ordinances",3.29056157421789,1.07705669902831,0.33908639422692,0.396358230902132,1.74638293800391
"Herpetofauna species richness","Intermittently Exposed","Counties without ordinances",3.39056157421789,1.11191514727053,0.348712738471453,0.411882249301452,1.80017874885513
"Herpetofauna species richness","Intermittently Exposed","Counties without ordinances",3.49056157421789,1.14677359551276,0.358361773704093,0.42821923330552,1.85250247716378
"Herpetofauna species richness","Intermittently Exposed","Counties without ordinances",3.59056157421789,1.18163204375499,0.36803171519594,0.445104564948885,1.90784311760134
"Herpetofauna species richness","Intermittently Exposed","Counties without ordinances",3.69056157421789,1.21649049199721,0.37772095730238,0.461691693911358,1.96132424024884
"Herpetofauna species richness","Intermittently Exposed","Counties without ordinances",3.79056157421789,1.25134894023944,0.387428051950842,0.47743079798484,2.01837352238588
"Herpetofauna species richness","Intermittently Exposed","Counties without ordinances",3.89056157421789,1.28620738848166,0.397151690099716,0.493939991382728,2.07280791295924
"Herpetofauna species richness","Intermittently Exposed","Counties without ordinances",3.99056157421789,1.32106583672389,0.406890685709732,0.509832014217872,2.12756437457519
"Herpetofauna species richness","Intermittently Exposed","Counties without ordinances",4.09056157421789,1.35592428496611,0.416643961846622,0.527958820359786,2.18164535591277
"Herpetofauna species richness","Semipermanently Flooded","Entire state",-1.20943842578211,-0.319431980319992,0.152677953677407,-0.614117089745056,-0.0227424981978123
"Herpetofauna species richness","Semipermanently Flooded","Entire state",-1.10943842578211,-0.293149719634979,0.145211123467637,-0.573574609995696,-0.0111866543484767
"Herpetofauna species richness","Semipermanently Flooded","Entire state",-1.00943842578211,-0.266867458949966,0.138027725607462,-0.533263046355696,-0.00265606988058786
"Herpetofauna species richness","Semipermanently Flooded","Entire state",-0.909438425782114,-0.240585198264953,0.131174332519845,-0.494480397666697,0.0135111149893979
"Herpetofauna species richness","Semipermanently Flooded","Entire state",-0.809438425782114,-0.21430293757994,0.124705363981296,-0.458154196257851,0.0271458355187415
"Herpetofauna species richness","Semipermanently Flooded","Entire state",-0.709438425782114,-0.188020676894927,0.118683696931848,-0.421521464850827,0.0415396796852524
"Herpetofauna species richness","Semipermanently Flooded","Entire state",-0.609438425782114,-0.161738416209914,0.113180748571197,-0.385574352453986,0.0585351992880994
"Herpetofauna species richness","Semipermanently Flooded","Entire state",-0.509438425782114,-0.135456155524901,0.108275637125279,-0.350336470230431,0.0740215015116949
"Herpetofauna species richness","Semipermanently Flooded","Entire state",-0.409438425782114,-0.109173894839888,0.104052944026857,-0.317258409587492,0.0931427367744233
"Herpetofauna species richness","Semipermanently Flooded","Entire state",-0.309438425782114,-0.0828916341548755,0.100598640867807,-0.282612332436956,0.111298573863652
"Herpetofauna species richness","Semipermanently Flooded","Entire state",-0.209438425782114,-0.0566093734698626,0.0979940189310875,-0.251356229568364,0.132500339982318
"Herpetofauna species richness","Semipermanently Flooded","Entire state",-0.109438425782114,-0.0303271127848496,0.0963080410251673,-0.219002055927196,0.156157200534252
"Herpetofauna species richness","Semipermanently Flooded","Entire state",-0.00943842578211385,-0.0040448520998367,0.0955893278769493,-0.191628930501146,0.18264797167231
"Herpetofauna species richness","Semipermanently Flooded","Entire state",0.090561574217886,0.0222374085851762,0.0958596383252676,-0.165495209601251,0.208201337143877
"Herpetofauna species richness","Semipermanently Flooded","Entire state",0.190561574217886,0.0485196692701891,0.0971107137949153,-0.14130261780003,0.237944071957796
"Herpetofauna species richness","Semipermanently Flooded","Entire state",0.290561574217886,0.074801929955202,0.099305493431569,-0.11836805046706,0.267599272810211
"Herpetofauna species richness","Semipermanently Flooded","Entire state",0.390561574217886,0.101084190640215,0.102383304965407,-0.100231563320034,0.301386945021888
"Herpetofauna species richness","Semipermanently Flooded","Entire state",0.490561574217886,0.127366451325228,0.10626745063101,-0.079586710831874,0.333309407770639
"Herpetofauna species richness","Semipermanently Flooded","Entire state",0.590561574217886,0.153648712010241,0.110873219532994,-0.0616978423965633,0.368633526849647
"Herpetofauna species richness","Semipermanently Flooded","Entire state",0.690561574217886,0.179930972695254,0.116114772417773,-0.0455396268495751,0.409333816034064
"Herpetofauna species richness","Semipermanently Flooded","Entire state",0.790561574217886,0.206213233380267,0.121910129832077,-0.0294562832279948,0.443927541415916
"Herpetofauna species richness","Semipermanently Flooded","Entire state",0.890561574217886,0.23249549406528,0.128184199321675,-0.0165596045621869,0.483630396410146
"Herpetofauna species richness","Semipermanently Flooded","Entire state",0.990561574217886,0.258777754750292,0.13487018934452,-0.0054000309476402,0.522212650426946
"Herpetofauna species richness","Semipermanently Flooded","Entire state",1.09056157421789,0.285060015435305,0.141909889753805,0.00845128179750204,0.560897049908466
"Herpetofauna species richness","Semipermanently Flooded","Entire state",1.19056157421789,0.311342276120318,0.149253259475531,0.0226812607374811,0.598230931775332
"Herpetofauna species richness","Semipermanently Flooded","Entire state",1.29056157421789,0.337624536805331,0.156857655013154,0.0360012533181213,0.639054303963969
"Herpetofauna species richness","Semipermanently Flooded","Entire state",1.39056157421789,0.363906797490344,0.164686921843855,0.0505173163758449,0.682051271443811
"Herpetofauna species richness","Semipermanently Flooded","Entire state",1.49056157421789,0.390189058175357,0.17271048125289,0.0588188608851626,0.722240399548168
"Herpetofauna species richness","Semipermanently Flooded","Entire state",1.59056157421789,0.41647131886037,0.180902482738154,0.067855486610813,0.76394647814309
"Herpetofauna species richness","Semipermanently Flooded","Entire state",1.69056157421789,0.442753579545383,0.189241052642059,0.0789148742785729,0.80471022457383
"Herpetofauna species richness","Semipermanently Flooded","Entire state",1.79056157421789,0.469035840230396,0.197707646709335,0.0902966795071745,0.847599019359157
"Herpetofauna species richness","Semipermanently Flooded","Entire state",1.89056157421789,0.495318100915409,0.20628650209753,0.099317202983999,0.889438581781064
"Herpetofauna species richness","Semipermanently Flooded","Entire state",1.99056157421789,0.521600361600422,0.214964178750666,0.105068663142631,0.932206382416899
"Herpetofauna species richness","Semipermanently Flooded","Entire state",2.09056157421789,0.547882622285434,0.223729178164773,0.112311044070469,0.973057416322766
"Herpetofauna species richness","Semipermanently Flooded","Entire state",2.19056157421789,0.574164882970447,0.232571627669077,0.123713993422046,1.01490539244322
"Herpetofauna species richness","Semipermanently Flooded","Entire state",2.29056157421789,0.60044714365546,0.241483019380299,0.135575746933579,1.05796775238292
"Herpetofauna species richness","Semipermanently Flooded","Entire state",2.39056157421789,0.626729404340473,0.250455994377116,0.14336266982096,1.10094656729383
"Herpetofauna species richness","Semipermanently Flooded","Entire state",2.49056157421789,0.653011665025486,0.259484164079154,0.152226295703271,1.1477686832446
"Herpetofauna species richness","Semipermanently Flooded","Entire state",2.59056157421789,0.679293925710499,0.268561962150836,0.159622629849296,1.19178053312751
"Herpetofauna species richness","Semipermanently Flooded","Entire state",2.69056157421789,0.705576186395512,0.277684521424546,0.16622776961819,1.23418145460468
"Herpetofauna species richness","Semipermanently Flooded","Entire state",2.79056157421789,0.731858447080525,0.286847571335847,0.172970148087353,1.27910788364435
"Herpetofauna species richness","Semipermanently Flooded","Entire state",2.89056157421789,0.758140707765538,0.296047352195204,0.181802373927615,1.32336321524674
"Herpetofauna species richness","Semipermanently Flooded","Entire state",2.99056157421789,0.784422968450551,0.305280543304567,0.190438670255781,1.36830026969536
"Herpetofauna species richness","Semipermanently Flooded","Entire state",3.09056157421789,0.810705229135564,0.314544202484952,0.197081801778712,1.41340210390179
"Herpetofauna species richness","Semipermanently Flooded","Entire state",3.19056157421789,0.836987489820577,0.323835715033842,0.203525753920681,1.45804709424728
"Herpetofauna species richness","Semipermanently Flooded","Entire state",3.29056157421789,0.863269750505589,0.333152750497557,0.210916832668193,1.50398364068247
"Herpetofauna species richness","Semipermanently Flooded","Entire state",3.39056157421789,0.889552011190602,0.342493225939898,0.219064703071744,1.54711349573946
"Herpetofauna species richness","Semipermanently Flooded","Entire state",3.49056157421789,0.915834271875615,0.351855274627753,0.225115504654563,1.59087462411963
"Herpetofauna species richness","Semipermanently Flooded","Entire state",3.59056157421789,0.942116532560628,0.361237219248027,0.233738818243313,1.63543410579257
"Herpetofauna species richness","Semipermanently Flooded","Entire state",3.69056157421789,0.968398793245641,0.370637548927177,0.240904260628872,1.67883894125855
"Herpetofauna species richness","Semipermanently Flooded","Entire state",3.79056157421789,0.994681053930654,0.380054899451996,0.250246807196802,1.72462278409452
"Herpetofauna species richness","Semipermanently Flooded","Entire state",3.89056157421789,1.02096331461567,0.389488036193938,0.258540210490463,1.7679622114556
"Herpetofauna species richness","Semipermanently Flooded","Entire state",3.99056157421789,1.04724557530068,0.39893583932379,0.267459543369467,1.81220291866911
"Herpetofauna species richness","Semipermanently Flooded","Entire state",4.09056157421789,1.07352783598569,0.408397290972608,0.277729403318589,1.85667690598632
"Herpetofauna species richness","Semipermanently Flooded","Counties without ordinances",-1.20943842578211,-0.486483925884437,0.169366057064525,-0.822983056071142,-0.144333092308892
"Herpetofauna species richness","Semipermanently Flooded","Counties without ordinances",-1.10943842578211,-0.451977666839045,0.161058311787532,-0.771352144512989,-0.12757174025225
"Herpetofauna species richness","Semipermanently Flooded","Counties without ordinances",-1.00943842578211,-0.417471407793652,0.153008723873362,-0.723687156874769,-0.109328775979932
"Herpetofauna species richness","Semipermanently Flooded","Counties without ordinances",-0.909438425782114,-0.382965148748259,0.145260216997284,-0.67231189296183,-0.0884939373906963
"Herpetofauna species richness","Semipermanently Flooded","Counties without ordinances",-0.809438425782114,-0.348458889702867,0.137863566536195,-0.622131933976767,-0.0694151195337394
"Herpetofauna species richness","Semipermanently Flooded","Counties without ordinances",-0.709438425782114,-0.313952630657474,0.130878442034203,-0.573643858382312,-0.0474793036966688
"Herpetofauna species richness","Semipermanently Flooded","Counties without ordinances",-0.609438425782114,-0.279446371612081,0.12437419939746,-0.527887809160869,-0.0267233427778927
"Herpetofauna species richness","Semipermanently Flooded","Counties without ordinances",-0.509438425782114,-0.244940112566689,0.118430095995303,-0.47924334581027,-0.00168692901897231
"Herpetofauna species richness","Semipermanently Flooded","Counties without ordinances",-0.409438425782114,-0.210433853521296,0.113134455734727,-0.43615204242886,0.0220991913403205
"Herpetofauna species richness","Semipermanently Flooded","Counties without ordinances",-0.309438425782114,-0.175927594475904,0.108582198294967,-0.393371916822091,0.0469471201420465
"Herpetofauna species richness","Semipermanently Flooded","Counties without ordinances",-0.209438425782114,-0.141421335430511,0.104870175807904,-0.354225980472216,0.0704886474590768
"Herpetofauna species richness","Semipermanently Flooded","Counties without ordinances",-0.109438425782114,-0.106915076385118,0.102090082949484,-0.309352642664122,0.0994791389041886
"Herpetofauna species richness","Semipermanently Flooded","Counties without ordinances",-0.00943842578211385,-0.0724088173397258,0.10031942770233,-0.269935193598841,0.126794446396969
"Herpetofauna species richness","Semipermanently Flooded","Counties without ordinances",0.090561574217886,-0.0379025582943332,0.0996120544294313,-0.234462711905443,0.15858531625175
"Herpetofauna species richness","Semipermanently Flooded","Counties without ordinances",0.190561574217886,-0.00339629924894058,0.0999905319318761,-0.199680955728938,0.191549209959686
"Herpetofauna species richness","Semipermanently Flooded","Counties without ordinances",0.290561574217886,0.031109959796452,0.101442707178119,-0.167425969332876,0.231083464627421
"Herpetofauna species richness","Semipermanently Flooded","Counties without ordinances",0.390561574217886,0.0656162188418446,0.103923579992562,-0.137197805774213,0.268360703587721
"Herpetofauna species richness","Semipermanently Flooded","Counties without ordinances",0.490561574217886,0.100122477887237,0.107361861908937,-0.107592715159278,0.310509856607503
"Herpetofauna species richness","Semipermanently Flooded","Counties without ordinances",0.590561574217886,0.13462873693263,0.111669152328991,-0.0819801645483418,0.35491162844609
"Herpetofauna species richness","Semipermanently Flooded","Counties without ordinances",0.690561574217886,0.169134995978022,0.116749308547999,-0.0558632676948591,0.402293222925894
"Herpetofauna species richness","Semipermanently Flooded","Counties without ordinances",0.790561574217886,0.203641255023415,0.122506219377772,-0.0329424481540316,0.447105413063382
"Herpetofauna species richness","Semipermanently Flooded","Counties without ordinances",0.890561574217886,0.238147514068808,0.128849205667992,-0.0098779890930599,0.494077983476436
"Herpetofauna species richness","Semipermanently Flooded","Counties without ordinances",0.990561574217886,0.2726537731142,0.135696105660953,0.0106694775994844,0.540192774676892
"Herpetofauna species richness","Semipermanently Flooded","Counties without ordinances",1.09056157421789,0.307160032159593,0.142974541989346,0.0304497659126991,0.590292882527121
"Herpetofauna species richness","Semipermanently Flooded","Counties without ordinances",1.19056157421789,0.341666291204986,0.150621968841921,0.0474303664640771,0.638463495587813
"Herpetofauna species richness","Semipermanently Flooded","Counties without ordinances",1.29056157421789,0.376172550250378,0.1585850138374,0.0641830357944179,0.689431745521773
"Herpetofauna species richness","Semipermanently Flooded","Counties without ordinances",1.39056157421789,0.410678809295771,0.166818485201847,0.0847894616230612,0.739710139297392
"Herpetofauna species richness","Semipermanently Flooded","Counties without ordinances",1.49056157421789,0.445185068341163,0.17528427959035,0.102958768389127,0.790045072166845
"Herpetofauna species richness","Semipermanently Flooded","Counties without ordinances",1.59056157421789,0.479691327386556,0.183950323764911,0.121940569858222,0.840913848823003
"Herpetofauna species richness","Semipermanently Flooded","Counties without ordinances",1.69056157421789,0.514197586431949,0.192789615462456,0.140494220503458,0.891844821433856
"Herpetofauna species richness","Semipermanently Flooded","Counties without ordinances",1.79056157421789,0.548703845477341,0.201779387753919,0.155937388603573,0.943231988529017
"Herpetofauna species richness","Semipermanently Flooded","Counties without ordinances",1.89056157421789,0.583210104522734,0.210900398505478,0.172666096947467,0.994164687299473
"Herpetofauna species richness","Semipermanently Flooded","Counties without ordinances",1.99056157421789,0.617716363568126,0.220136335329794,0.189346193832972,1.04358764025748
"Herpetofauna species richness","Semipermanently Flooded","Counties without ordinances",2.09056157421789,0.652222622613519,0.229473321870609,0.206087530807384,1.09329345623021
"Herpetofauna species richness","Semipermanently Flooded","Counties without ordinances",2.19056157421789,0.686728881658912,0.238899510345817,0.223408801819694,1.14441586517137
"Herpetofauna species richness","Semipermanently Flooded","Counties without ordinances",2.29056157421789,0.721235140704304,0.248404746154031,0.240992948897081,1.19684078333067
"Herpetofauna species richness","Semipermanently Flooded","Counties without ordinances",2.39056157421789,0.755741399749697,0.257980291990424,0.260618751335174,1.25026775365422
"Herpetofauna species richness","Semipermanently Flooded","Counties without ordinances",2.49056157421789,0.790247658795089,0.26761860076295,0.280201881268023,1.30419639791547
"Herpetofauna species richness","Semipermanently Flooded","Counties without ordinances",2.59056157421789,0.824753917840482,0.277313128373708,0.295979388634477,1.35639177888483
"Herpetofauna species richness","Semipermanently Flooded","Counties without ordinances",2.69056157421789,0.859260176885875,0.287058179012103,0.310478994875161,1.41056341282657
"Herpetofauna species richness","Semipermanently Flooded","Counties without ordinances",2.79056157421789,0.893766435931267,0.296848776959439,0.32706487641569,1.46654136267719
"Herpetofauna species richness","Semipermanently Flooded","Counties without ordinances",2.89056157421789,0.92827269497666,0.30668056003295,0.339803228976091,1.52138475723986
"Herpetofauna species richness","Semipermanently Flooded","Counties without ordinances",2.99056157421789,0.962778954022052,0.316549690723544,0.354118985446604,1.5744703674321
"Herpetofauna species richness","Semipermanently Flooded","Counties without ordinances",3.09056157421789,0.997285213067445,0.32645278183446,0.369506894242788,1.62756606602386
"Herpetofauna species richness","Semipermanently Flooded","Counties without ordinances",3.19056157421789,1.03179147211284,0.336386834036326,0.385018231699619,1.67936932888767
"Herpetofauna species richness","Semipermanently Flooded","Counties without ordinances",3.29056157421789,1.06629773115823,0.346349183243942,0.399398134539882,1.72775660865659
"Herpetofauna species richness","Semipermanently Flooded","Counties without ordinances",3.39056157421789,1.10080399020362,0.356337456113931,0.410949734962908,1.78145574283387
"Herpetofauna species richness","Semipermanently Flooded","Counties without ordinances",3.49056157421789,1.13531024924902,0.366349532278926,0.425728897981045,1.8375634342886
"Herpetofauna species richness","Semipermanently Flooded","Counties without ordinances",3.59056157421789,1.16981650829441,0.376383512188655,0.441878116677131,1.89253431316492
"Herpetofauna species richness","Semipermanently Flooded","Counties without ordinances",3.69056157421789,1.2043227673398,0.38643768963338,0.458023065720634,1.94608487817733
"Herpetofauna species richness","Semipermanently Flooded","Counties without ordinances",3.79056157421789,1.23882902638519,0.396510528190792,0.475192469601967,2.00018068306712
"Herpetofauna species richness","Semipermanently Flooded","Counties without ordinances",3.89056157421789,1.27333528543059,0.406600640971378,0.488665055100738,2.05632645782388
"Herpetofauna species richness","Semipermanently Flooded","Counties without ordinances",3.99056157421789,1.30784154447598,0.41670677314602,0.503621385463936,2.10926771077636
"Herpetofauna species richness","Semipermanently Flooded","Counties without ordinances",4.09056157421789,1.34234780352137,0.426827786827944,0.518845045758779,2.16545341827069
"Herpetofauna species richness","Seasonally Flooded","Entire state",-1.20943842578211,-0.28031782004439,0.153118743324393,-0.585521561679795,0.0207021319881927
"Herpetofauna species richness","Seasonally Flooded","Entire state",-1.10943842578211,-0.257297626897652,0.145739781171568,-0.546122091812809,0.032052018562576
"Herpetofauna species richness","Seasonally Flooded","Entire state",-1.00943842578211,-0.234277433750913,0.138652274379544,-0.508017182723785,0.0411486454630441
"Herpetofauna species richness","Seasonally Flooded","Entire state",-0.909438425782114,-0.211257240604174,0.1319032133092,-0.472458857437267,0.0507422501693603
"Herpetofauna species richness","Seasonally Flooded","Entire state",-0.809438425782114,-0.188237047457436,0.125547191477757,-0.438003993606706,0.0587592207274693
"Herpetofauna species richness","Seasonally Flooded","Entire state",-0.709438425782114,-0.165216854310697,0.119646863772526,-0.401373688952489,0.0698497096405593
"Herpetofauna species richness","Seasonally Flooded","Entire state",-0.609438425782114,-0.142196661163959,0.114272839508075,-0.369474434235473,0.081005900349624
"Herpetofauna species richness","Seasonally Flooded","Entire state",-0.509438425782114,-0.11917646801722,0.109502633775922,-0.334242310849698,0.0944262664793441
"Herpetofauna species richness","Seasonally Flooded","Entire state",-0.409438425782114,-0.0961562748704816,0.105418247350625,-0.302031816956337,0.10608633165655
"Herpetofauna species richness","Seasonally Flooded","Entire state",-0.309438425782114,-0.0731360817237431,0.10210201790895,-0.276291925610971,0.122057845053692
"Herpetofauna species richness","Seasonally Flooded","Entire state",-0.209438425782114,-0.0501158885770046,0.099630679831416,-0.249663935148394,0.142944044733278
"Herpetofauna species richness","Seasonally Flooded","Entire state",-0.109438425782114,-0.027095695430266,0.0980681282693259,-0.224225095468138,0.166942528485842
"Herpetofauna species richness","Seasonally Flooded","Entire state",-0.00943842578211385,-0.00407550228352741,0.0974580849227818,-0.199226066664873,0.188521154381823
"Herpetofauna species richness","Seasonally Flooded","Entire state",0.090561574217886,0.0189446908632111,0.097818372340638,-0.17785857504523,0.212496098361841
"Herpetofauna species richness","Seasonally Flooded","Entire state",0.190561574217886,0.0419648840099497,0.0991384120001707,-0.157990153725125,0.241493095557289
"Herpetofauna species richness","Seasonally Flooded","Entire state",0.290561574217886,0.0649850771566882,0.101380721128072,-0.140161323077627,0.268088430720523
"Herpetofauna species richness","Seasonally Flooded","Entire state",0.390561574217886,0.0880052703034268,0.104485939795594,-0.121098251125683,0.294102553156119
"Herpetofauna species richness","Seasonally Flooded","Entire state",0.490561574217886,0.111025463450165,0.108379923092229,-0.104819649112487,0.325055995936066
"Herpetofauna species richness","Seasonally Flooded","Entire state",0.590561574217886,0.134045656596904,0.112981144267416,-0.0882047853595541,0.356386291380038
"Herpetofauna species richness","Seasonally Flooded","Entire state",0.690561574217886,0.157065849743642,0.118207044233668,-0.0745389415075759,0.389306500197159
"Herpetofauna species richness","Seasonally Flooded","Entire state",0.790561574217886,0.180086042890381,0.123978654489128,-0.0611894225207449,0.424899361890447
"Herpetofauna species richness","Seasonally Flooded","Entire state",0.890561574217886,0.20310623603712,0.130223436244775,-0.0493139861406946,0.460813272394202
"Herpetofauna species richness","Seasonally Flooded","Entire state",0.990561574217886,0.226126429183858,0.136876641695534,-0.0387583424323886,0.496725955281219
"Herpetofauna species richness","Seasonally Flooded","Entire state",1.09056157421789,0.249146622330597,0.143881624442758,-0.0306506901196841,0.535812727721851
"Herpetofauna species richness","Seasonally Flooded","Entire state",1.19056157421789,0.272166815477335,0.151189496257889,-0.0211746330342278,0.574939498115329
"Herpetofauna species richness","Seasonally Flooded","Entire state",1.29056157421789,0.295187008624074,0.158758435432987,-0.0114407351412072,0.614311525778823
"Herpetofauna species richness","Seasonally Flooded","Entire state",1.39056157421789,0.318207201770812,0.166552853411565,-0.0045239131246707,0.652165276277641
"Herpetofauna species richness","Seasonally Flooded","Entire state",1.49056157421789,0.341227394917551,0.174542545684216,0.0039272339607339,0.693053565375391
"Herpetofauna species richness","Seasonally Flooded","Entire state",1.59056157421789,0.364247588064289,0.182701895568458,0.0124061044838921,0.732713298237784
"Herpetofauna species richness","Seasonally Flooded","Entire state",1.69056157421789,0.387267781211028,0.19100916247834,0.0203832551732455,0.77326603210452
"Herpetofauna species richness","Seasonally Flooded","Entire state",1.79056157421789,0.410287974357766,0.199445864266558,0.0272844487507325,0.811349129584285
"Herpetofauna species richness","Seasonally Flooded","Entire state",1.89056157421789,0.433308167504505,0.207996251195497,0.0343064170726075,0.849685834464999
"Herpetofauna species richness","Seasonally Flooded","Entire state",1.99056157421789,0.456328360651244,0.216646863272272,0.0386398748784409,0.890042241895327
"Herpetofauna species richness","Seasonally Flooded","Entire state",2.09056157421789,0.479348553797982,0.225386160480269,0.042332426899483,0.928379538270048
"Herpetofauna species richness","Seasonally Flooded","Entire state",2.19056157421789,0.502368746944721,0.234204215210462,0.0501293301121668,0.96769474285119
"Herpetofauna species richness","Seasonally Flooded","Entire state",2.29056157421789,0.525388940091459,0.243092456947244,0.0582264292435805,1.00716646475949
"Herpetofauna species richness","Seasonally Flooded","Entire state",2.39056157421789,0.548409133238198,0.252043460424855,0.0653697244018424,1.04670797434021
"Herpetofauna species richness","Seasonally Flooded","Entire state",2.49056157421789,0.571429326384936,0.261050769731123,0.0701172270096268,1.08981873783919
"Herpetofauna species richness","Seasonally Flooded","Entire state",2.59056157421789,0.594449519531675,0.270108752037908,0.0741485967232228,1.13083440960182
"Herpetofauna species richness","Seasonally Flooded","Entire state",2.69056157421789,0.617469712678413,0.279212475712904,0.0773932289206499,1.17045699139937
"Herpetofauna species richness","Seasonally Flooded","Entire state",2.79056157421789,0.640489905825152,0.288357608493291,0.0796784726271104,1.21211411534474
"Herpetofauna species richness","Seasonally Flooded","Entire state",2.89056157421789,0.663510098971891,0.297540332180697,0.0860600423399544,1.25516629620956
"Herpetofauna species richness","Seasonally Flooded","Entire state",2.99056157421789,0.686530292118629,0.306757270962593,0.0881896967068458,1.29702660594804
"Herpetofauna species richness","Seasonally Flooded","Entire state",3.09056157421789,0.709550485265368,0.316005430995456,0.0905489238587482,1.33788122724498
"Herpetofauna species richness","Seasonally Flooded","Entire state",3.19056157421789,0.732570678412106,0.325282149317816,0.0963349902418396,1.37924754562964
"Herpetofauna species richness","Seasonally Flooded","Entire state",3.29056157421789,0.755590871558845,0.33458505051332,0.101730357040408,1.42055420222943
"Herpetofauna species richness","Seasonally Flooded","Entire state",3.39056157421789,0.778611064705583,0.3439120098298,0.105708794559697,1.46175471426269
"Herpetofauna species richness","Seasonally Flooded","Entire state",3.49056157421789,0.801631257852322,0.353261121692343,0.111477556468202,1.50446677817938
"Herpetofauna species richness","Seasonally Flooded","Entire state",3.59056157421789,0.824651450999061,0.362630672736712,0.116123266400975,1.54638010926273
"Herpetofauna species richness","Seasonally Flooded","Entire state",3.69056157421789,0.847671644145799,0.3720191186426,0.120234569636615,1.58589373057525
"Herpetofauna species richness","Seasonally Flooded","Entire state",3.79056157421789,0.870691837292537,0.381425064170855,0.124272912219364,1.62885753002543
"Herpetofauna species richness","Seasonally Flooded","Entire state",3.89056157421789,0.893712030439276,0.39084724591054,0.128007435610604,1.67199239132733
"Herpetofauna species richness","Seasonally Flooded","Entire state",3.99056157421789,0.916732223586015,0.40028451732481,0.132427675654863,1.71507667777471
"Herpetofauna species richness","Seasonally Flooded","Entire state",4.09056157421789,0.939752416732753,0.4097358357528,0.136531760573941,1.7581524510152
"Herpetofauna species richness","Seasonally Flooded","Counties without ordinances",-1.20943842578211,-0.414815549747343,0.171751129455439,-0.750496792091678,-0.0799740537429663
"Herpetofauna species richness","Seasonally Flooded","Counties without ordinances",-1.10943842578211,-0.385525068508716,0.163195284813973,-0.706562245392029,-0.0665036250096617
"Herpetofauna species richness","Seasonally Flooded","Counties without ordinances",-1.00943842578211,-0.356234587270089,0.154888831011971,-0.66125786376867,-0.0513404247789799
"Herpetofauna species richness","Seasonally Flooded","Counties without ordinances",-0.909438425782114,-0.326944106031462,0.146874086991007,-0.618432728718983,-0.0394993099693913
"Herpetofauna species richness","Seasonally Flooded","Counties without ordinances",-0.809438425782114,-0.297653624792835,0.139201448832529,-0.573743343646013,-0.0237698182397431
"Herpetofauna species richness","Seasonally Flooded","Counties without ordinances",-0.709438425782114,-0.268363143554208,0.131930617201446,-0.530609491973898,-0.00847850631231592
"Herpetofauna species richness","Seasonally Flooded","Counties without ordinances",-0.609438425782114,-0.239072662315581,0.125131653164496,-0.486139252357447,0.00777198876621293
"Herpetofauna species richness","Seasonally Flooded","Counties without ordinances",-0.509438425782114,-0.209782181076954,0.118885541436506,-0.44179550452762,0.022474378748865
"Herpetofauna species richness","Seasonally Flooded","Counties without ordinances",-0.409438425782114,-0.180491699838327,0.113283766586694,-0.4006998768425,0.0373466078829126
"Herpetofauna species richness","Seasonally Flooded","Counties without ordinances",-0.309438425782114,-0.1512012185997,0.108426242450489,-0.36134515472463,0.0548544556540193
"Herpetofauna species richness","Seasonally Flooded","Counties without ordinances",-0.209438425782114,-0.121910737361073,0.104416889449178,-0.323662476365831,0.0802367801592212
"Herpetofauna species richness","Seasonally Flooded","Counties without ordinances",-0.109438425782114,-0.0926202561224456,0.101356410862844,-0.290953179296287,0.103180493572004
"Herpetofauna species richness","Seasonally Flooded","Counties without ordinances",-0.00943842578211385,-0.0633297748838185,0.0993325511310343,-0.259281253165151,0.132451260376057
"Herpetofauna species richness","Seasonally Flooded","Counties without ordinances",0.090561574217886,-0.0340392936451915,0.0984092875487242,-0.226771253968824,0.157270809271595
"Herpetofauna species richness","Seasonally Flooded","Counties without ordinances",0.190561574217886,-0.00474881240656438,0.0986175365132464,-0.196242791360774,0.184386042202021
"Herpetofauna species richness","Seasonally Flooded","Counties without ordinances",0.290561574217886,0.0245416688320626,0.0999502256649858,-0.171492512448287,0.213446559902807
"Herpetofauna species richness","Seasonally Flooded","Counties without ordinances",0.390561574217886,0.0538321500706897,0.102363446520073,-0.146867519087999,0.248650363105696
"Herpetofauna species richness","Seasonally Flooded","Counties without ordinances",0.490561574217886,0.0831226313093168,0.105783274797578,-0.124562587696356,0.284906968368776
"Herpetofauna species richness","Seasonally Flooded","Counties without ordinances",0.590561574217886,0.112413112547944,0.110115964967748,-0.101294780559117,0.325474079616815
"Herpetofauna species richness","Seasonally Flooded","Counties without ordinances",0.690561574217886,0.141703593786571,0.11525861670653,-0.0847604951572999,0.36738482443351
"Herpetofauna species richness","Seasonally Flooded","Counties without ordinances",0.790561574217886,0.170994075025198,0.121108092957792,-0.0675144212684405,0.408161945929435
"Herpetofauna species richness","Seasonally Flooded","Counties without ordinances",0.890561574217886,0.200284556263825,0.127567198390064,-0.0510922167182555,0.449902025608582
"Herpetofauna species richness","Seasonally Flooded","Counties without ordinances",0.990561574217886,0.229575037502452,0.134548164241481,-0.0361422716926418,0.496019650495215
"Herpetofauna species richness","Seasonally Flooded","Counties without ordinances",1.09056157421789,0.258865518741079,0.141974030607225,-0.0231435788638173,0.540833506608463
"Herpetofauna species richness","Seasonally Flooded","Counties without ordinances",1.19056157421789,0.288155999979706,0.149778639009093,-0.0107596891097363,0.584981586404824
"Herpetofauna species richness","Seasonally Flooded","Counties without ordinances",1.29056157421789,0.317446481218333,0.157905840646941,0.00103063178834113,0.627360651017777
"Herpetofauna species richness","Seasonally Flooded","Counties without ordinances",1.39056157421789,0.34673696245696,0.166308348521245,0.0180811130465027,0.671653975537165
"Herpetofauna species richness","Seasonally Flooded","Counties without ordinances",1.49056157421789,0.376027443695587,0.174946499066878,0.032134252801296,0.722973625070734
"Herpetofauna species richness","Seasonally Flooded","Counties without ordinances",1.59056157421789,0.405317924934214,0.183787069061173,0.0419127596215932,0.771022876370498
"Herpetofauna species richness","Seasonally Flooded","Counties without ordinances",1.69056157421789,0.434608406172841,0.192802215866108,0.054840764169036,0.817587060120212
"Herpetofauna species richness","Seasonally Flooded","Counties without ordinances",1.79056157421789,0.463898887411468,0.201968563400626,0.0673152206511022,0.867804355120775
"Herpetofauna species richness","Seasonally Flooded","Counties without ordinances",1.89056157421789,0.493189368650095,0.211266431862211,0.076820264749864,0.916276554687609
"Herpetofauna species richness","Seasonally Flooded","Counties without ordinances",1.99056157421789,0.522479849888723,0.220679197777937,0.0877637565208407,0.965515968467651
"Herpetofauna species richness","Seasonally Flooded","Counties without ordinances",2.09056157421789,0.55177033112735,0.230192766833546,0.100166307983213,1.01208711347129
"Herpetofauna species richness","Seasonally Flooded","Counties without ordinances",2.19056157421789,0.581060812365977,0.239795141617796,0.109787539229568,1.05839706390335
"Herpetofauna species richness","Seasonally Flooded","Counties without ordinances",2.29056157421789,0.610351293604604,0.249476067900231,0.120316566306572,1.10600184282607
"Herpetofauna species richness","Seasonally Flooded","Counties without ordinances",2.39056157421789,0.639641774843231,0.259226745219062,0.131431701452023,1.15300076007477
"Herpetofauna species richness","Seasonally Flooded","Counties without ordinances",2.49056157421789,0.668932256081858,0.2690395898176,0.135120601847915,1.2046018351182
"Herpetofauna species richness","Seasonally Flooded","Counties without ordinances",2.59056157421789,0.698222737320485,0.278908040063427,0.147836403692601,1.25325419998834
"Herpetofauna species richness","Seasonally Flooded","Counties without ordinances",2.69056157421789,0.727513218559112,0.288826396309735,0.158278231052909,1.30156319488095
"Herpetofauna species richness","Seasonally Flooded","Counties without ordinances",2.79056157421789,0.756803699797739,0.298789688692499,0.170835407628836,1.35386031204718
"Herpetofauna species richness","Seasonally Flooded","Counties without ordinances",2.89056157421789,0.786094181036366,0.30879356761937,0.182889518306867,1.40416677498989
"Herpetofauna species richness","Seasonally Flooded","Counties without ordinances",2.99056157421789,0.815384662274993,0.318834212730822,0.195080021677502,1.45436929641324
"Herpetofauna species richness","Seasonally Flooded","Counties without ordinances",3.09056157421789,0.84467514351362,0.328908256939094,0.204136302479881,1.50461231302037
"Herpetofauna species richness","Seasonally Flooded","Counties without ordinances",3.19056157421789,0.873965624752247,0.339012722811681,0.213348469589317,1.55485321544196
"Herpetofauna species richness","Seasonally Flooded","Counties without ordinances",3.29056157421789,0.903256105990874,0.349144969094662,0.222626187971952,1.60376308790653
"Herpetofauna species richness","Seasonally Flooded","Counties without ordinances",3.39056157421789,0.932546587229501,0.35930264559349,0.229870925133045,1.65402427018758
"Herpetofauna species richness","Seasonally Flooded","Counties without ordinances",3.49056157421789,0.961837068468128,0.369483654966354,0.240530143944608,1.70561463661509
"Herpetofauna species richness","Seasonally Flooded","Counties without ordinances",3.59056157421789,0.991127549706756,0.379686120255345,0.249100352133055,1.75585594688596
"Herpetofauna species richness","Seasonally Flooded","Counties without ordinances",3.69056157421789,1.02041803094538,0.389908357197257,0.257659542180437,1.80517139817037
"Herpetofauna species richness","Seasonally Flooded","Counties without ordinances",3.79056157421789,1.04970851218401,0.40014885052992,0.266941904101418,1.85600055426025
"Herpetofauna species richness","Seasonally Flooded","Counties without ordinances",3.89056157421789,1.07899899342264,0.410406233650289,0.275437471980004,1.90621430228248
"Herpetofauna species richness","Seasonally Flooded","Counties without ordinances",3.99056157421789,1.10828947466126,0.420679271093859,0.285654163560237,1.95556056293581
"Herpetofauna species richness","Seasonally Flooded","Counties without ordinances",4.09056157421789,1.13757995589989,0.430966843396974,0.294453700449818,2.00396170865205
"Carbon storage","Permanently Flooded","Entire state",-1.20943842578211,-0.30159911901684,0.152815701942958,-0.607608079727196,-0.0109200564187205
"Carbon storage","Permanently Flooded","Entire state",-1.10943842578211,-0.276772553343206,0.145569009518286,-0.565855973574942,0.00137950726691878
"Carbon storage","Permanently Flooded","Entire state",-1.00943842578211,-0.251945987669573,0.13862761859535,-0.528002205920454,0.0130028426977508
"Carbon storage","Permanently Flooded","Entire state",-0.909438425782114,-0.22711942199594,0.132039687504052,-0.492004942318538,0.0261399432656417
"Carbon storage","Permanently Flooded","Entire state",-0.809438425782114,-0.202292856322307,0.125860731955541,-0.45187935364925,0.0400907974471895
"Carbon storage","Permanently Flooded","Entire state",-0.709438425782114,-0.177466290648674,0.120153863666835,-0.416096953234211,0.0564931323153883
"Carbon storage","Permanently Flooded","Entire state",-0.609438425782114,-0.152639724975041,0.114989392524785,-0.375981658886715,0.0729423740750178
"Carbon storage","Permanently Flooded","Entire state",-0.509438425782114,-0.127813159301408,0.110443434235977,-0.344278773974066,0.0890181458313286
"Carbon storage","Permanently Flooded","Entire state",-0.409438425782114,-0.102986593627775,0.106595151258963,-0.310634216295042,0.107625021350875
"Carbon storage","Permanently Flooded","Entire state",-0.309438425782114,-0.0781600279541421,0.103522377829494,-0.278552007853589,0.126316026571816
"Carbon storage","Permanently Flooded","Entire state",-0.209438425782114,-0.053333462280509,0.101295713060775,-0.248904679466812,0.14860559269906
"Carbon storage","Permanently Flooded","Entire state",-0.109438425782114,-0.028506896606876,0.0999717089529638,-0.224037081493144,0.170396518792521
"Carbon storage","Permanently Flooded","Entire state",-0.00943842578211385,-0.00368033093324289,0.099586374725302,-0.200754179293402,0.194986361014922
"Carbon storage","Permanently Flooded","Entire state",0.090561574217886,0.0211462347403901,0.100150545701695,-0.176205650495296,0.220472330958992
"Carbon storage","Permanently Flooded","Entire state",0.190561574217886,0.0459728004140232,0.101648413225359,-0.151385233422377,0.247954527097196
"Carbon storage","Permanently Flooded","Entire state",0.290561574217886,0.0707993660876562,0.104039657590681,-0.12890302433225,0.277921101446117
"Carbon storage","Permanently Flooded","Entire state",0.390561574217886,0.0956259317612893,0.107264547383588,-0.109072500266553,0.309019985495509
"Carbon storage","Permanently Flooded","Entire state",0.490561574217886,0.120452497434922,0.111250610032902,-0.0944891169981207,0.343588943274259
"Carbon storage","Permanently Flooded","Entire state",0.590561574217886,0.145279063108555,0.11591934986639,-0.0816835983023317,0.376637860618686
"Carbon storage","Permanently Flooded","Entire state",0.690561574217886,0.170105628782188,0.121191895140174,-0.0671322154438158,0.409789131715268
"Carbon storage","Permanently Flooded","Entire state",0.790561574217886,0.194932194455821,0.12699306105199,-0.054914804826937,0.441501143286857
"Carbon storage","Permanently Flooded","Entire state",0.890561574217886,0.219758760129455,0.133253825447935,-0.043029566421389,0.477093881272531
"Carbon storage","Permanently Flooded","Entire state",0.990561574217886,0.244585325803088,0.139912503984205,-0.0328753533620701,0.516824718525218
"Carbon storage","Permanently Flooded","Entire state",1.09056157421789,0.269411891476721,0.14691500222652,-0.0197571850989191,0.556317411725752
"Carbon storage","Permanently Flooded","Entire state",1.19056157421789,0.294238457150354,0.154214491280079,-0.00860894548015292,0.595334824117279
"Carbon storage","Permanently Flooded","Entire state",1.29056157421789,0.319065022823987,0.161770773305303,0.000708447489299753,0.637531262806418
"Carbon storage","Permanently Flooded","Entire state",1.39056157421789,0.34389158849762,0.169549518443093,0.00838961241612562,0.679654693112387
"Carbon storage","Permanently Flooded","Entire state",1.49056157421789,0.368718154171253,0.177521485027138,0.0200956395370975,0.719768078256318
"Carbon storage","Permanently Flooded","Entire state",1.59056157421789,0.393544719844886,0.185661785033063,0.029835723872565,0.76226533693895
"Carbon storage","Permanently Flooded","Entire state",1.69056157421789,0.418371285518519,0.193949224104024,0.039550688942946,0.803753437911728
"Carbon storage","Permanently Flooded","Entire state",1.79056157421789,0.443197851192152,0.202365725786037,0.0492912461268796,0.845121965559899
"Carbon storage","Permanently Flooded","Entire state",1.89056157421789,0.468024416865785,0.210895838623556,0.060330292384994,0.884811178138792
"Carbon storage","Permanently Flooded","Entire state",1.99056157421789,0.492850982539418,0.219526319283187,0.0687617149404426,0.924785989092165
"Carbon storage","Permanently Flooded","Entire state",2.09056157421789,0.517677548213051,0.228245782657163,0.0765550626966306,0.963021328091018
"Carbon storage","Permanently Flooded","Entire state",2.19056157421789,0.542504113886684,0.2370444095038,0.0847870989500432,1.00402147648141
"Carbon storage","Permanently Flooded","Entire state",2.29056157421789,0.567330679560317,0.245913702722513,0.0917898584996515,1.04673266045058
"Carbon storage","Permanently Flooded","Entire state",2.39056157421789,0.59215724523395,0.254846284316359,0.0992546255573161,1.09142401255293
"Carbon storage","Permanently Flooded","Entire state",2.49056157421789,0.616983810907583,0.26383572617536,0.104025617788782,1.13297895604749
"Carbon storage","Permanently Flooded","Entire state",2.59056157421789,0.641810376581216,0.272876408867772,0.114382028646571,1.17852071818198
"Carbon storage","Permanently Flooded","Entire state",2.69056157421789,0.66663694225485,0.281963403583037,0.124254963048243,1.22394475510223
"Carbon storage","Permanently Flooded","Entire state",2.79056157421789,0.691463507928483,0.291092373203346,0.134855522823077,1.26390396609682
"Carbon storage","Permanently Flooded","Entire state",2.89056157421789,0.716290073602116,0.30025948918835,0.141404550451799,1.30810818691788
"Carbon storage","Permanently Flooded","Entire state",2.99056157421789,0.741116639275749,0.309461361548754,0.148544939261827,1.35049578169382
"Carbon storage","Permanently Flooded","Entire state",3.09056157421789,0.765943204949382,0.31869497967341,0.159371344447269,1.3939796353781
"Carbon storage","Permanently Flooded","Entire state",3.19056157421789,0.790769770623015,0.327957662175972,0.167290220123316,1.43754791934281
"Carbon storage","Permanently Flooded","Entire state",3.29056157421789,0.815596336296648,0.337247014255559,0.174053080051953,1.48079532129601
"Carbon storage","Permanently Flooded","Entire state",3.39056157421789,0.840422901970281,0.346560891333855,0.181378673492213,1.52463498364948
"Carbon storage","Permanently Flooded","Entire state",3.49056157421789,0.865249467643914,0.35589736794954,0.189108195104383,1.56817851580281
"Carbon storage","Permanently Flooded","Entire state",3.59056157421789,0.890076033317547,0.3652547110691,0.198389974243698,1.61125213066246
"Carbon storage","Permanently Flooded","Entire state",3.69056157421789,0.91490259899118,0.374631357118434,0.203570527752136,1.65526558010948
"Carbon storage","Permanently Flooded","Entire state",3.79056157421789,0.939729164664813,0.384025892158451,0.210752267234314,1.69862034530907
"Carbon storage","Permanently Flooded","Entire state",3.89056157421789,0.964555730338446,0.393437034725071,0.215777363197984,1.74235264441615
"Carbon storage","Permanently Flooded","Entire state",3.99056157421789,0.989382296012079,0.402863620933791,0.220888164693839,1.78589617656948
"Carbon storage","Permanently Flooded","Entire state",4.09056157421789,1.01420886168571,0.412304591514551,0.22872242502631,1.82876472136159
"Carbon storage","Permanently Flooded","Counties without ordinances",-1.20943842578211,-0.76477535482326,0.0780193261089167,-0.917458611976168,-0.610986715681232
"Carbon storage","Permanently Flooded","Counties without ordinances",-1.10943842578211,-0.71708385385192,0.0741047728581807,-0.86130831912134,-0.57089286166607
"Carbon storage","Permanently Flooded","Counties without ordinances",-1.00943842578211,-0.669392352880581,0.0703147083565125,-0.80634168192391,-0.531982866458978
"Carbon storage","Permanently Flooded","Counties without ordinances",-0.909438425782114,-0.621700851909242,0.0666703667245506,-0.752214310017524,-0.491392161157659
"Carbon storage","Permanently Flooded","Counties without ordinances",-0.809438425782114,-0.574009350937903,0.0631969629344362,-0.698662559355758,-0.450814384626773
"Carbon storage","Permanently Flooded","Counties without ordinances",-0.709438425782114,-0.526317849966564,0.0599242287068657,-0.642454020233784,-0.410089891789395
"Carbon storage","Permanently Flooded","Counties without ordinances",-0.609438425782114,-0.478626348995225,0.0568868085333919,-0.588443725737021,-0.368297814868136
"Carbon storage","Permanently Flooded","Counties without ordinances",-0.509438425782114,-0.430934848023885,0.054124333909459,-0.535690777264502,-0.326498722203855
"Carbon storage","Permanently Flooded","Counties without ordinances",-0.409438425782114,-0.383243347052546,0.0516809132484735,-0.482581107003188,-0.284265495612218
"Carbon storage","Permanently Flooded","Counties without ordinances",-0.309438425782114,-0.335551846081207,0.0496037176457134,-0.430910401547107,-0.239154470604747
"Carbon storage","Permanently Flooded","Counties without ordinances",-0.209438425782114,-0.287860345109868,0.0479403749607872,-0.380353445596466,-0.19407185824238
"Carbon storage","Permanently Flooded","Counties without ordinances",-0.109438425782114,-0.240168844138529,0.0467350942602225,-0.329503637452576,-0.14797595189391
"Carbon storage","Permanently Flooded","Counties without ordinances",-0.00943842578211385,-0.19247734316719,0.0460238770277852,-0.27978879018755,-0.102854854602236
"Carbon storage","Permanently Flooded","Counties without ordinances",0.090561574217886,-0.144785842195851,0.045829730687091,-0.232677399280597,-0.0543970899440721
"Carbon storage","Permanently Flooded","Counties without ordinances",0.190561574217886,-0.0970943412245114,0.0461591801276808,-0.186422698253188,-0.00612634227004111
"Carbon storage","Permanently Flooded","Counties without ordinances",0.290561574217886,-0.0494028402531723,0.0470012163916411,-0.140878784936317,0.0437325552523947
"Carbon storage","Permanently Flooded","Counties without ordinances",0.390561574217886,-0.00171133928183307,0.0483290545278289,-0.0949625715053433,0.0933444458877872
"Carbon storage","Permanently Flooded","Counties without ordinances",0.490561574217886,0.0459801616895061,0.050104085839776,-0.0516750701891802,0.144803681140811
"Carbon storage","Permanently Flooded","Counties without ordinances",0.590561574217886,0.0936716626608452,0.0522807809921697,-0.00938285410385814,0.196903273492352
"Carbon storage","Permanently Flooded","Counties without ordinances",0.690561574217886,0.141363163632184,0.0548113076060824,0.0336005667722518,0.249807727859057
"Carbon storage","Permanently Flooded","Counties without ordinances",0.790561574217886,0.189054664603524,0.057649089835415,0.0751760384356469,0.304168884032472
"Carbon storage","Permanently Flooded","Counties without ordinances",0.890561574217886,0.236746165574863,0.0607510856959833,0.115443764956141,0.357627763588914
"Carbon storage","Permanently Flooded","Counties without ordinances",0.990561574217886,0.284437666546202,0.0640789357328558,0.155602776764176,0.411392538606633
"Carbon storage","Permanently Flooded","Counties without ordinances",1.09056157421789,0.332129167517541,0.0675992924008529,0.196823341290775,0.465646901173511
"Carbon storage","Permanently Flooded","Counties without ordinances",1.19056157421789,0.37982066848888,0.0712836404693416,0.237132917192027,0.519980518809489
"Carbon storage","Permanently Flooded","Counties without ordinances",1.29056157421789,0.427512169460219,0.0751078504622153,0.277398260921454,0.575665661377159
"Carbon storage","Permanently Flooded","Counties without ordinances",1.39056157421789,0.475203670431558,0.0790516270583499,0.318670098178177,0.629810977407747
"Carbon storage","Permanently Flooded","Counties without ordinances",1.49056157421789,0.522895171402898,0.0830979483327727,0.358761749089165,0.686559367252557
"Carbon storage","Permanently Flooded","Counties without ordinances",1.59056157421789,0.570586672374237,0.0872325457079276,0.397588899227967,0.74144106392514
"Carbon storage","Permanently Flooded","Counties without ordinances",1.69056157421789,0.618278173345576,0.0914434458082207,0.437621136019594,0.797784542876855
"Carbon storage","Permanently Flooded","Counties without ordinances",1.79056157421789,0.665969674316915,0.0957205791295796,0.476522646238223,0.853104799158542
"Carbon storage","Permanently Flooded","Counties without ordinances",1.89056157421789,0.713661175288254,0.100055452093072,0.515904802859902,0.908966770909128
"Carbon storage","Permanently Flooded","Counties without ordinances",1.99056157421789,0.761352676259593,0.104440875404325,0.555583783738695,0.964865598297789
"Carbon storage","Permanently Flooded","Counties without ordinances",2.09056157421789,0.809044177230933,0.108870740577624,0.594041406523985,1.02203522695166
"Carbon storage","Permanently Flooded","Counties without ordinances",2.19056157421789,0.856735678202272,0.113339836728507,0.631619413588041,1.07741078367596
"Carbon storage","Permanently Flooded","Counties without ordinances",2.29056157421789,0.904427179173611,0.117843700563053,0.6709413574849,1.13276965770257
"Carbon storage","Permanently Flooded","Counties without ordinances",2.39056157421789,0.95211868014495,0.122378493503436,0.709344232282895,1.1881565052159
"Carbon storage","Permanently Flooded","Counties without ordinances",2.49056157421789,0.999810181116289,0.126940900890817,0.74663690270238,1.24435768975199
"Carbon storage","Permanently Flooded","Counties without ordinances",2.59056157421789,1.04750168208763,0.131528049110445,0.784758908862663,1.30111754360338
"Carbon storage","Permanently Flooded","Counties without ordinances",2.69056157421789,1.09519318305897,0.136137437259752,0.823337798653632,1.35820285862932
"Carbon storage","Permanently Flooded","Counties without ordinances",2.79056157421789,1.14288468403031,0.14076688062727,0.861910474074116,1.41455823845932
"Carbon storage","Permanently Flooded","Counties without ordinances",2.89056157421789,1.19057618500165,0.145414463780041,0.90075916105531,1.47107399654697
"Carbon storage","Permanently Flooded","Counties without ordinances",2.99056157421789,1.23826768597299,0.15007850148628,0.939853753290931,1.52738138291978
"Carbon storage","Permanently Flooded","Counties without ordinances",3.09056157421789,1.28595918694432,0.15475750604518,0.978948345526552,1.58503534094088
"Carbon storage","Permanently Flooded","Counties without ordinances",3.19056157421789,1.33365068791566,0.159450159872313,1.01632545288408,1.64172889388473
"Carbon storage","Permanently Flooded","Counties without ordinances",3.29056157421789,1.381342188887,0.164155292410309,1.05487118792651,1.69832742877721
"Carbon storage","Permanently Flooded","Counties without ordinances",3.39056157421789,1.42903368985834,0.168871860611376,1.093641927074,1.75385621799392
"Carbon storage","Permanently Flooded","Counties without ordinances",3.49056157421789,1.47672519082968,0.173598932379804,1.13185597518119,1.81115003082526
"Carbon storage","Permanently Flooded","Counties without ordinances",3.59056157421789,1.52441669180102,0.178335672476073,1.16985430182938,1.86661134895638
"Carbon storage","Permanently Flooded","Counties without ordinances",3.69056157421789,1.57210819277236,0.183081330475295,1.20875959721197,1.92326643820137
"Carbon storage","Permanently Flooded","Counties without ordinances",3.79056157421789,1.6197996937437,0.187835230446105,1.24766577135498,1.97908930182422
"Carbon storage","Permanently Flooded","Counties without ordinances",3.89056157421789,1.66749119471504,0.192596762075337,1.28625617102455,2.03459153452293
"Carbon storage","Permanently Flooded","Counties without ordinances",3.99056157421789,1.71518269568638,0.197365373011815,1.32479084422267,2.09212962720166
"Carbon storage","Permanently Flooded","Counties without ordinances",4.09056157421789,1.76287419665772,0.202140562241494,1.36338889820365,2.14907612020351
"Carbon storage","Intermittently Exposed","Entire state",-1.20943842578211,-0.296745918166876,0.153640375169999,-0.594889688157981,0.00443057524048556
"Carbon storage","Intermittently Exposed","Entire state",-1.10943842578211,-0.272300432882707,0.146308901507298,-0.554307999014583,0.0111273877699515
"Carbon storage","Intermittently Exposed","Entire state",-1.00943842578211,-0.247854947598538,0.139274181562185,-0.516199782802785,0.0234713403450595
"Carbon storage","Intermittently Exposed","Entire state",-0.909438425782114,-0.223409462314369,0.132583459945088,-0.478740093513834,0.0363588340866364
"Carbon storage","Intermittently Exposed","Entire state",-0.809438425782114,-0.1989639770302,0.126291421972574,-0.444945474695743,0.0491899414504045
"Carbon storage","Intermittently Exposed","Entire state",-0.709438425782114,-0.17451849174603,0.120460557396804,-0.408647643122371,0.0648863934590722
"Carbon storage","Intermittently Exposed","Entire state",-0.609438425782114,-0.150073006461861,0.115160938362331,-0.371817741290137,0.07771721324129
"Carbon storage","Intermittently Exposed","Entire state",-0.509438425782114,-0.125627521177692,0.110469048933565,-0.340138786765336,0.093374131421961
"Carbon storage","Intermittently Exposed","Entire state",-0.409438425782114,-0.101182035893523,0.106465266785605,-0.308161344145567,0.107481921777153
"Carbon storage","Intermittently Exposed","Entire state",-0.309438425782114,-0.0767365506093535,0.103229688088378,-0.277428237665729,0.125371402780388
"Carbon storage","Intermittently Exposed","Entire state",-0.209438425782114,-0.0522910653251843,0.100836289031118,-0.249057679112632,0.143716443016077
"Carbon storage","Intermittently Exposed","Entire state",-0.109438425782114,-0.027845580041015,0.0993459565355364,-0.222269230865288,0.164306935934791
"Carbon storage","Intermittently Exposed","Entire state",-0.00943842578211385,-0.00340009475684577,0.0987995657176895,-0.195728992076556,0.18726238686174
"Carbon storage","Intermittently Exposed","Entire state",0.090561574217886,0.0210453905273234,0.099212713417673,-0.173837352794559,0.211082267240415
"Carbon storage","Intermittently Exposed","Entire state",0.190561574217886,0.0454908758114927,0.100573575222523,-0.149854957944046,0.238247341913642
"Carbon storage","Intermittently Exposed","Entire state",0.290561574217886,0.0699363610956618,0.102844536918757,-0.132115626286416,0.268746517867416
"Carbon storage","Intermittently Exposed","Entire state",0.390561574217886,0.0943818463798311,0.105967102096248,-0.113651226002104,0.300598358203055
"Carbon storage","Intermittently Exposed","Entire state",0.490561574217886,0.118827331664,0.109868684760352,-0.0936437037128364,0.330869724480253
"Carbon storage","Intermittently Exposed","Entire state",0.590561574217886,0.14327281694817,0.114469656533565,-0.0767325003122445,0.369320099232705
"Carbon storage","Intermittently Exposed","Entire state",0.690561574217886,0.167718302232339,0.119689389063965,-0.0603254432734311,0.402516785015596
"Carbon storage","Intermittently Exposed","Entire state",0.790561574217886,0.192163787516508,0.125450670200473,-0.0536409052821239,0.439764469776455
"Carbon storage","Intermittently Exposed","Entire state",0.890561574217886,0.216609272800677,0.131682438710104,-0.0412437018496564,0.479839614327772
"Carbon storage","Intermittently Exposed","Entire state",0.990561574217886,0.241054758084846,0.138321118731677,-0.0271521782513899,0.515947093920146
"Carbon storage","Intermittently Exposed","Entire state",1.09056157421789,0.265500243369016,0.145310950452384,-0.0151001780378946,0.552217169714498
"Carbon storage","Intermittently Exposed","Entire state",1.19056157421789,0.289945728653185,0.152603689232002,-0.00454857930290671,0.590244665073433
"Carbon storage","Intermittently Exposed","Entire state",1.29056157421789,0.314391213937354,0.160157962102138,0.00597097849580461,0.628583110628004
"Carbon storage","Intermittently Exposed","Entire state",1.39056157421789,0.338836699221523,0.167938479491306,0.0134590959227807,0.669628059560974
"Carbon storage","Intermittently Exposed","Entire state",1.49056157421789,0.363282184505692,0.175915224396992,0.0241182710287173,0.711124523850969
"Carbon storage","Intermittently Exposed","Entire state",1.59056157421789,0.387727669789862,0.184062686786556,0.0348086143662384,0.751191747869025
"Carbon storage","Intermittently Exposed","Entire state",1.69056157421789,0.412173155074031,0.192359175427578,0.0385572204906784,0.790599502192702
"Carbon storage","Intermittently Exposed","Entire state",1.79056157421789,0.4366186403582,0.200786217870947,0.0460628853604699,0.832482919352564
"Carbon storage","Intermittently Exposed","Entire state",1.89056157421789,0.461064125642369,0.209328047366595,0.0517589904587421,0.875180133965168
"Carbon storage","Intermittently Exposed","Entire state",1.99056157421789,0.485509610926539,0.217971169546233,0.0589926210472307,0.915735261454818
"Carbon storage","Intermittently Exposed","Entire state",2.09056157421789,0.509955096210708,0.226703999311976,0.0632790546561537,0.955333540512998
"Carbon storage","Intermittently Exposed","Entire state",2.19056157421789,0.534400581494877,0.235516557945266,0.0711998719080562,0.998004938551492
"Carbon storage","Intermittently Exposed","Entire state",2.29056157421789,0.558846066779046,0.244400221031768,0.0778063521744945,1.03934256694535
"Carbon storage","Intermittently Exposed","Entire state",2.39056157421789,0.583291552063215,0.253347508821418,0.0822935721232623,1.08228192929469
"Carbon storage","Intermittently Exposed","Entire state",2.49056157421789,0.607737037347385,0.262351911796559,0.0868132494814247,1.12436146745648
"Carbon storage","Intermittently Exposed","Entire state",2.59056157421789,0.632182522631554,0.271407745343147,0.0937519809795208,1.16625543777443
"Carbon storage","Intermittently Exposed","Entire state",2.69056157421789,0.656628007915723,0.280510028435423,0.0991151191832917,1.20846164049192
"Carbon storage","Intermittently Exposed","Entire state",2.79056157421789,0.681073493199892,0.289654382126497,0.104928112321674,1.25070181944471
"Carbon storage","Intermittently Exposed","Entire state",2.89056157421789,0.705518978484062,0.298836944384347,0.110746013519554,1.29245842538454
"Carbon storage","Intermittently Exposed","Entire state",2.99056157421789,0.729964463768231,0.30805429843538,0.114756614883208,1.3352408835729
"Carbon storage","Intermittently Exposed","Entire state",3.09056157421789,0.7544099490524,0.317303412291303,0.118572255466283,1.37752934819681
"Carbon storage","Intermittently Exposed","Entire state",3.19056157421789,0.778855434336569,0.32658158755592,0.12207555444767,1.41984330483567
"Carbon storage","Intermittently Exposed","Entire state",3.29056157421789,0.803300919620738,0.335886415951934,0.126061610188335,1.46214451546706
"Carbon storage","Intermittently Exposed","Entire state",3.39056157421789,0.827746404904908,0.345215742287596,0.131195326248068,1.50444572609844
"Carbon storage","Intermittently Exposed","Entire state",3.49056157421789,0.852191890189077,0.354567632810676,0.136293555612963,1.54763185287231
"Carbon storage","Intermittently Exposed","Entire state",3.59056157421789,0.876637375473246,0.363940348082494,0.141427421263152,1.58901025121608
"Carbon storage","Intermittently Exposed","Entire state",3.69056157421789,0.901082860757415,0.373332319655688,0.149140341221111,1.6342254565812
"Carbon storage","Intermittently Exposed","Entire state",3.79056157421789,0.925528346041585,0.382742129962507,0.153643226207838,1.67685724751132
"Carbon storage","Intermittently Exposed","Entire state",3.89056157421789,0.949973831325754,0.392168494921031,0.158005350717138,1.72040453697599
"Carbon storage","Intermittently Exposed","Entire state",3.99056157421789,0.974419316609923,0.401610248849138,0.162367475226437,1.76300471346559
"Carbon storage","Intermittently Exposed","Entire state",4.09056157421789,0.998864801894092,0.411066331343685,0.167147662947047,1.80523682754487
"Carbon storage","Intermittently Exposed","Counties without ordinances",-1.20943842578211,-0.751538979667982,0.0831713430901665,-0.91383234980385,-0.590591919365425
"Carbon storage","Intermittently Exposed","Counties without ordinances",-1.10943842578211,-0.704753935790503,0.0791604793188316,-0.859605418684644,-0.551576133937399
"Carbon storage","Intermittently Exposed","Counties without ordinances",-1.00943842578211,-0.657968891913025,0.0752694619233698,-0.805264010411322,-0.512230736410966
"Carbon storage","Intermittently Exposed","Counties without ordinances",-0.909438425782114,-0.611183848035546,0.0715178547508352,-0.753162141046507,-0.471393827523334
"Carbon storage","Intermittently Exposed","Counties without ordinances",-0.809438425782114,-0.564398804158068,0.0679287600046622,-0.69845442669692,-0.430912027381201
"Carbon storage","Intermittently Exposed","Counties without ordinances",-0.709438425782114,-0.517613760280589,0.0645293000199281,-0.646972785036694,-0.392268223896372
"Carbon storage","Intermittently Exposed","Counties without ordinances",-0.609438425782114,-0.470828716403111,0.0613510058926036,-0.593029977107353,-0.352460080503497
"Carbon storage","Intermittently Exposed","Counties without ordinances",-0.509438425782114,-0.424043672525632,0.0584299796738638,-0.541435989131983,-0.310245993348324
"Carbon storage","Intermittently Exposed","Counties without ordinances",-0.409438425782114,-0.377258628648154,0.0558066336829546,-0.489961668519551,-0.270416204190685
"Carbon storage","Intermittently Exposed","Counties without ordinances",-0.309438425782114,-0.330473584770675,0.0535247553851515,-0.437907108140386,-0.229477019206927
"Carbon storage","Intermittently Exposed","Counties without ordinances",-0.209438425782114,-0.283688540893197,0.0516296402538175,-0.38693145529279,-0.185908765834191
"Carbon storage","Intermittently Exposed","Counties without ordinances",-0.109438425782114,-0.236903497015718,0.0501651403279049,-0.336465961575973,-0.141451175937311
"Carbon storage","Intermittently Exposed","Counties without ordinances",-0.00943842578211385,-0.19011845313824,0.0491697477437057,-0.28677110716644,-0.0966308653198758
"Carbon storage","Intermittently Exposed","Counties without ordinances",0.090561574217886,-0.143333409260761,0.0486722520531195,-0.238342239962488,-0.0518995599790499
"Carbon storage","Intermittently Exposed","Counties without ordinances",0.190561574217886,-0.0965483653832827,0.0486879182585025,-0.189891327162741,-0.00415045039358169
"Carbon storage","Intermittently Exposed","Counties without ordinances",0.290561574217886,-0.0497633215058042,0.0492162563230111,-0.143743747097187,0.044317389355313
"Carbon storage","Intermittently Exposed","Counties without ordinances",0.390561574217886,-0.00297827762832564,0.0502410949944317,-0.0987448745170639,0.0929230915969752
"Carbon storage","Intermittently Exposed","Counties without ordinances",0.490561574217886,0.0438067662491529,0.0517329353865424,-0.0542491229579438,0.14302154612878
"Carbon storage","Intermittently Exposed","Counties without ordinances",0.590561574217886,0.0905918101266314,0.0536528360746971,-0.0114587289731609,0.1935440737286
"Carbon storage","Intermittently Exposed","Counties without ordinances",0.690561574217886,0.13737685400411,0.0559567535842631,0.0293065330033986,0.245283810836734
"Carbon storage","Intermittently Exposed","Counties without ordinances",0.790561574217886,0.184161897881588,0.0585994109373383,0.0714150575045858,0.29885336831749
"Carbon storage","Intermittently Exposed","Counties without ordinances",0.890561574217886,0.230946941759067,0.0615371829904297,0.111848627804366,0.352145283093079
"Carbon storage","Intermittently Exposed","Counties without ordinances",0.990561574217886,0.277731985636545,0.0647299007899262,0.151877599986678,0.404448485297947
"Carbon storage","Intermittently Exposed","Counties without ordinances",1.09056157421789,0.324517029514024,0.0681417380159271,0.191655584922973,0.458699027793862
"Carbon storage","Intermittently Exposed","Counties without ordinances",1.19056157421789,0.371302073391503,0.0717414392180019,0.230565397153245,0.512876028818241
"Carbon storage","Intermittently Exposed","Counties without ordinances",1.29056157421789,0.418087117268981,0.0755021389100386,0.26817376157748,0.568167068086314
"Carbon storage","Intermittently Exposed","Counties without ordinances",1.39056157421789,0.46487216114646,0.0794009640784843,0.308498835223766,0.621479395831246
"Carbon storage","Intermittently Exposed","Counties without ordinances",1.49056157421789,0.511657205023938,0.083418549800846,0.346994037463817,0.675895108111157
"Carbon storage","Intermittently Exposed","Counties without ordinances",1.59056157421789,0.558442248901417,0.0875385460402511,0.384438175508986,0.730601732267335
"Carbon storage","Intermittently Exposed","Counties without ordinances",1.69056157421789,0.605227292778895,0.0917471572992187,0.422261931439139,0.78395631243444
"Carbon storage","Intermittently Exposed","Counties without ordinances",1.79056157421789,0.652012336656374,0.0960327336891723,0.459411420714884,0.839629914287092
"Carbon storage","Intermittently Exposed","Counties without ordinances",1.89056157421789,0.698797380533852,0.100385418487073,0.497123206517545,0.894900127369464
"Carbon storage","Intermittently Exposed","Counties without ordinances",1.99056157421789,0.745582424411331,0.10479685008394,0.53397919052104,0.949188164046334
"Carbon storage","Intermittently Exposed","Counties without ordinances",2.09056157421789,0.792367468288809,0.10925991290445,0.570141053856758,1.00413375633463
"Carbon storage","Intermittently Exposed","Counties without ordinances",2.19056157421789,0.839152512166288,0.1137685307365,0.60798056262718,1.05993733784856
"Carbon storage","Intermittently Exposed","Counties without ordinances",2.29056157421789,0.885937556043766,0.118317495923795,0.646042448750591,1.11571061910015
"Carbon storage","Intermittently Exposed","Counties without ordinances",2.39056157421789,0.932722599921245,0.122902328436421,0.684190180269679,1.17053403262182
"Carbon storage","Intermittently Exposed","Counties without ordinances",2.49056157421789,0.979507643798723,0.127519159604321,0.721617113352656,1.22576980995799
"Carbon storage","Intermittently Exposed","Counties without ordinances",2.59056157421789,1.0262926876762,0.132164636098209,0.75787878599018,1.28219495157913
"Carbon storage","Intermittently Exposed","Counties without ordinances",2.69056157421789,1.07307773155368,0.136835840485719,0.795967739706231,1.33563268307944
"Carbon storage","Intermittently Exposed","Counties without ordinances",2.79056157421789,1.11986277543116,0.141530225342772,0.834555006171619,1.39161777416397
"Carbon storage","Intermittently Exposed","Counties without ordinances",2.89056157421789,1.16664781930864,0.146245558453582,0.871821909528345,1.44813517164979
"Carbon storage","Intermittently Exposed","Counties without ordinances",2.99056157421789,1.21343286318612,0.15097987709263,0.909223134604476,1.50550076102663
"Carbon storage","Intermittently Exposed","Counties without ordinances",3.09056157421789,1.26021790706359,0.15573144975917,0.947055777925809,1.56059064410397
"Carbon storage","Intermittently Exposed","Counties without ordinances",3.19056157421789,1.30700295094107,0.160498744041695,0.984916317122061,1.61689971762696
"Carbon storage","Intermittently Exposed","Counties without ordinances",3.29056157421789,1.35378799481855,0.165280399538214,1.0223275367013,1.67282885680705
"Carbon storage","Intermittently Exposed","Counties without ordinances",3.39056157421789,1.40057303869603,0.170075204958698,1.05936299831327,1.72814355934379
"Carbon storage","Intermittently Exposed","Counties without ordinances",3.49056157421789,1.44735808257351,0.174882078697779,1.09621865487161,1.78351355920557
"Carbon storage","Intermittently Exposed","Counties without ordinances",3.59056157421789,1.49414312645099,0.179700052296183,1.13379123321013,1.8401002543581
"Carbon storage","Intermittently Exposed","Counties without ordinances",3.69056157421789,1.54092817032847,0.184528256314655,1.17061131588513,1.89460020722896
"Carbon storage","Intermittently Exposed","Counties without ordinances",3.79056157421789,1.58771321420594,0.189365908229239,1.2083482488712,1.95012368032465
"Carbon storage","Intermittently Exposed","Counties without ordinances",3.89056157421789,1.63449825808342,0.194212302025704,1.24553106292262,2.00591757211397
"Carbon storage","Intermittently Exposed","Counties without ordinances",3.99056157421789,1.6812833019609,0.199066799226902,1.28213474342086,2.06447881262881
"Carbon storage","Intermittently Exposed","Counties without ordinances",4.09056157421789,1.72806834583838,0.203928821132389,1.31755619543751,2.12270231403917
"Carbon storage","Semipermanently Flooded","Entire state",-1.20943842578211,-0.299749911040717,0.155902924727804,-0.605995680349319,0.00482666894780292
"Carbon storage","Semipermanently Flooded","Entire state",-1.10943842578211,-0.275196308418491,0.148230478734372,-0.568498138743174,0.0132965672237263
"Carbon storage","Semipermanently Flooded","Entire state",-1.00943842578211,-0.250642705796265,0.140844843217053,-0.529973526524415,0.0242498068334181
"Carbon storage","Semipermanently Flooded","Entire state",-0.909438425782114,-0.226089103174038,0.133793523922982,-0.491698247578083,0.0347741324357895
"Carbon storage","Semipermanently Flooded","Entire state",-0.809438425782114,-0.201535500551812,0.127132161054945,-0.45510578421594,0.0456756680070412
"Carbon storage","Semipermanently Flooded","Entire state",-0.709438425782114,-0.176981897929586,0.120925215952461,-0.419836739333047,0.0588534493383959
"Carbon storage","Semipermanently Flooded","Entire state",-0.609438425782114,-0.15242829530736,0.115246134337235,-0.38491044761134,0.0713599564646575
"Carbon storage","Semipermanently Flooded","Entire state",-0.509438425782114,-0.127874692685134,0.110176573072866,-0.3490618775429,0.0850203290045592
"Carbon storage","Semipermanently Flooded","Entire state",-0.409438425782114,-0.103321090062907,0.105804183170434,-0.315413746544322,0.100454619576734
"Carbon storage","Semipermanently Flooded","Entire state",-0.309438425782114,-0.0787674874406812,0.10221846822626,-0.281733518307548,0.115659699913023
"Carbon storage","Semipermanently Flooded","Entire state",-0.209438425782114,-0.0542138848184549,0.0995045097699644,-0.248245564312059,0.134765645718988
"Carbon storage","Semipermanently Flooded","Entire state",-0.109438425782114,-0.0296602821962287,0.0977349570546626,-0.222243054004867,0.157507537206654
"Carbon storage","Semipermanently Flooded","Entire state",-0.00943842578211385,-0.00510667957400246,0.0969615302285931,-0.19816603254572,0.179657928600949
"Carbon storage","Semipermanently Flooded","Entire state",0.090561574217886,0.0194469230482237,0.0972080089598683,-0.174396497915323,0.207593791858788
"Carbon storage","Semipermanently Flooded","Entire state",0.190561574217886,0.04400052567045,0.0984667345629534,-0.148170516183668,0.23617697348672
"Carbon storage","Semipermanently Flooded","Entire state",0.290561574217886,0.0685541282926762,0.100699755575266,-0.126632460677075,0.264110587485314
"Carbon storage","Semipermanently Flooded","Entire state",0.390561574217886,0.0931077309149024,0.103844238541304,-0.107165937044965,0.294656736075129
"Carbon storage","Semipermanently Flooded","Entire state",0.490561574217886,0.117661333537129,0.107820467126636,-0.0924407113454914,0.32672484369298
"Carbon storage","Semipermanently Flooded","Entire state",0.590561574217886,0.142214936159355,0.112540315142915,-0.0760457937269557,0.359761744553957
"Carbon storage","Semipermanently Flooded","Entire state",0.690561574217886,0.166768538781581,0.117914520231416,-0.0619174546543116,0.39460413967942
"Carbon storage","Semipermanently Flooded","Entire state",0.790561574217886,0.191322141403807,0.123857933852544,-0.0462815142372386,0.430063743934953
"Carbon storage","Semipermanently Flooded","Entire state",0.890561574217886,0.215875744026033,0.130292684456632,-0.0339380399176904,0.467937214087355
"Carbon storage","Semipermanently Flooded","Entire state",0.990561574217886,0.24042934664826,0.137149632210543,-0.0214950155132778,0.508421960698898
"Carbon storage","Semipermanently Flooded","Entire state",1.09056157421789,0.264982949270486,0.144368631481832,-0.01236812090103,0.545404811603357
"Carbon storage","Semipermanently Flooded","Entire state",1.19056157421789,0.289536551892712,0.151898071232865,-0.00327065478965279,0.58928425776616
"Carbon storage","Semipermanently Flooded","Entire state",1.29056157421789,0.314090154514938,0.159694046477851,0.00905581470773724,0.628149352813163
"Carbon storage","Semipermanently Flooded","Entire state",1.39056157421789,0.338643757137165,0.167719393823592,0.0211467448136959,0.669211649912639
"Carbon storage","Semipermanently Flooded","Entire state",1.49056157421789,0.363197359759391,0.175942728740105,0.0305762168632694,0.710895655657032
"Carbon storage","Semipermanently Flooded","Entire state",1.59056157421789,0.387750962381617,0.184337556337153,0.0374566595541813,0.751723763860396
"Carbon storage","Semipermanently Flooded","Entire state",1.69056157421789,0.412304565003843,0.192881486162021,0.0421479095438373,0.79297115102411
"Carbon storage","Semipermanently Flooded","Entire state",1.79056157421789,0.436858167626069,0.201555557798996,0.0506711363077013,0.834243612185929
"Carbon storage","Semipermanently Flooded","Entire state",1.89056157421789,0.461411770248296,0.210343671649843,0.0585746060831017,0.874238206688941
"Carbon storage","Semipermanently Flooded","Entire state",1.99056157421789,0.485965372870522,0.219232113693425,0.0666897609849509,0.916467001531316
"Carbon storage","Semipermanently Flooded","Entire state",2.09056157421789,0.510518975492748,0.228209161283492,0.0729390843360014,0.958839317333734
"Carbon storage","Semipermanently Flooded","Entire state",2.19056157421789,0.535072578114974,0.237264757308836,0.0819810922217243,1.00147054180172
"Carbon storage","Semipermanently Flooded","Entire state",2.29056157421789,0.559626180737201,0.246390241234925,0.0886019023552503,1.04401454470705
"Carbon storage","Semipermanently Flooded","Entire state",2.39056157421789,0.584179783359427,0.255578127074024,0.0964916708251415,1.08661621740281
"Carbon storage","Semipermanently Flooded","Entire state",2.49056157421789,0.608733385981653,0.264821919880899,0.10614177258994,1.131792138853
"Carbon storage","Semipermanently Flooded","Entire state",2.59056157421789,0.633286988603879,0.274115963796388,0.113201545279379,1.17524546180294
"Carbon storage","Semipermanently Flooded","Entire state",2.69056157421789,0.657840591226105,0.283455315904496,0.119846700221769,1.21647751474402
"Carbon storage","Semipermanently Flooded","Entire state",2.79056157421789,0.682394193848332,0.292835641220276,0.124627055197997,1.25839737295588
"Carbon storage","Semipermanently Flooded","Entire state",2.89056157421789,0.706947796470558,0.30225312499814,0.129012040492261,1.30181959582303
"Carbon storage","Semipermanently Flooded","Entire state",2.99056157421789,0.731501399092784,0.311704399265185,0.133564163168332,1.34560600485709
"Carbon storage","Semipermanently Flooded","Entire state",3.09056157421789,0.75605500171501,0.321186481065558,0.137920235801161,1.39050884441204
"Carbon storage","Semipermanently Flooded","Entire state",3.19056157421789,0.780608604337237,0.330696720372549,0.144582767059888,1.43221767732297
"Carbon storage","Semipermanently Flooded","Entire state",3.29056157421789,0.805162206959463,0.340232756005241,0.154822380543116,1.47351840445779
"Carbon storage","Semipermanently Flooded","Entire state",3.39056157421789,0.829715809581689,0.349792478193231,0.158595817624955,1.51589439438539
"Carbon storage","Semipermanently Flooded","Entire state",3.49056157421789,0.854269412203915,0.359373996680449,0.162088270988202,1.55991127946436
"Carbon storage","Semipermanently Flooded","Entire state",3.59056157421789,0.878823014826142,0.36897561345904,0.165624076205564,1.60398027205676
"Carbon storage","Semipermanently Flooded","Entire state",3.69056157421789,0.903376617448368,0.378595799386032,0.169036668826835,1.64662452518051
"Carbon storage","Semipermanently Flooded","Entire state",3.79056157421789,0.927930220070594,0.388233174066693,0.172572346574109,1.69017042087103
"Carbon storage","Semipermanently Flooded","Entire state",3.89056157421789,0.95248382269282,0.397886488495058,0.179732523582538,1.73430607275745
"Carbon storage","Semipermanently Flooded","Entire state",3.99056157421789,0.977037425315046,0.407554610028932,0.188248920008779,1.77851303746856
"Carbon storage","Semipermanently Flooded","Entire state",4.09056157421789,1.00159102793727,0.41723650934766,0.196707408712414,1.8235638413751
"Carbon storage","Semipermanently Flooded","Counties without ordinances",-1.20943842578211,-0.751213723861091,0.0797229533039966,-0.90546518415075,-0.595556676285652
"Carbon storage","Semipermanently Flooded","Counties without ordinances",-1.10943842578211,-0.704397627312277,0.0758382252536356,-0.852274170739168,-0.556130848626934
"Carbon storage","Semipermanently Flooded","Counties without ordinances",-1.00943842578211,-0.657581530763462,0.0720825350050353,-0.797399684343682,-0.516132582525268
"Carbon storage","Semipermanently Flooded","Counties without ordinances",-0.909438425782114,-0.610765434214648,0.068477117440092,-0.742898344680002,-0.47622635431139
"Carbon storage","Semipermanently Flooded","Counties without ordinances",-0.809438425782114,-0.563949337665834,0.0650469652641627,-0.690885830540354,-0.435780583376342
"Carbon storage","Semipermanently Flooded","Counties without ordinances",-0.709438425782114,-0.517133241117019,0.0618212591611597,-0.637889447183817,-0.395484782924799
"Carbon storage","Semipermanently Flooded","Counties without ordinances",-0.609438425782114,-0.470317144568205,0.0588336365991971,-0.585073623665488,-0.355125002992864
"Carbon storage","Semipermanently Flooded","Counties without ordinances",-0.509438425782114,-0.423501048019391,0.0561221331002531,-0.533375775563293,-0.313393701569575
"Carbon storage","Semipermanently Flooded","Counties without ordinances",-0.409438425782114,-0.376684951470577,0.0537285693926398,-0.482455613471198,-0.270199400909421
"Carbon storage","Semipermanently Flooded","Counties without ordinances",-0.309438425782114,-0.329868854921762,0.0516971259477538,-0.431072415793626,-0.227257781035544
"Carbon storage","Semipermanently Flooded","Counties without ordinances",-0.209438425782114,-0.283052758372948,0.0500718964146273,-0.380466199040878,-0.183829892132865
"Carbon storage","Semipermanently Flooded","Counties without ordinances",-0.109438425782114,-0.236236661824134,0.0488934055561428,-0.332463153426202,-0.141358071901917
"Carbon storage","Semipermanently Flooded","Counties without ordinances",-0.00943842578211385,-0.189420565275319,0.0481944366106584,-0.284463894202912,-0.0964727055249081
"Carbon storage","Semipermanently Flooded","Counties without ordinances",0.090561574217886,-0.142604468726505,0.0479959441055296,-0.237602739085596,-0.0488684667145959
"Carbon storage","Semipermanently Flooded","Counties without ordinances",0.190561574217886,-0.0957883721776909,0.0483040981487545,-0.191699770068507,-0.000581591054967491
"Carbon storage","Semipermanently Flooded","Counties without ordinances",0.290561574217886,-0.0489722756288767,0.0491093622679926,-0.147373968937553,0.0483209048908082
"Carbon storage","Semipermanently Flooded","Counties without ordinances",0.390561574217886,-0.00215617908006235,0.0503879087062996,-0.102889721604138,0.0986075678989391
"Carbon storage","Semipermanently Flooded","Counties without ordinances",0.490561574217886,0.044659917468752,0.0521049090032875,-0.0590942387703702,0.148842157454675
"Carbon storage","Semipermanently Flooded","Counties without ordinances",0.590561574217886,0.0914760140175662,0.0542187242353451,-0.0159197904480888,0.200260924253806
"Carbon storage","Semipermanently Flooded","Counties without ordinances",0.690561574217886,0.13829211056638,0.0566849794054559,0.0255087746979935,0.250299667487435
"Carbon storage","Semipermanently Flooded","Counties without ordinances",0.790561574217886,0.185108207115195,0.059459835516982,0.0669442988412344,0.302469811300795
"Carbon storage","Semipermanently Flooded","Counties without ordinances",0.890561574217886,0.231924303664009,0.0625022040110361,0.109316273833912,0.354964242336533
"Carbon storage","Semipermanently Flooded","Counties without ordinances",0.990561574217886,0.278740400212823,0.0657749746468126,0.151063396986329,0.409161330186988
"Carbon storage","Semipermanently Flooded","Counties without ordinances",1.09056157421789,0.325556496761638,0.0692454864259147,0.190548039606562,0.463767669141563
"Carbon storage","Semipermanently Flooded","Counties without ordinances",1.19056157421789,0.372372593310452,0.0728854979262354,0.231572229410272,0.518441191448431
"Carbon storage","Semipermanently Flooded","Counties without ordinances",1.29056157421789,0.419188689859266,0.0766708715391316,0.270687869641594,0.573431134871153
"Carbon storage","Semipermanently Flooded","Counties without ordinances",1.39056157421789,0.46600478640808,0.0805811243046771,0.31041951315666,0.627267121082541
"Carbon storage","Semipermanently Flooded","Counties without ordinances",1.49056157421789,0.512820882956895,0.084598941854273,0.350464208973634,0.682790857983467
"Carbon storage","Semipermanently Flooded","Counties without ordinances",1.59056157421789,0.559636979505709,0.0887097100014453,0.39009209796927,0.737680336170442
"Carbon storage","Semipermanently Flooded","Counties without ordinances",1.69056157421789,0.606453076054523,0.092901090689181,0.430300665397079,0.792142234391903
"Carbon storage","Semipermanently Flooded","Counties without ordinances",1.79056157421789,0.653269172603338,0.0971626521404154,0.469993035744221,0.847610326926396
"Carbon storage","Semipermanently Flooded","Counties without ordinances",1.89056157421789,0.700085269152152,0.101485553689677,0.507859545073809,0.903081854036262
"Carbon storage","Semipermanently Flooded","Counties without ordinances",1.99056157421789,0.746901365700966,0.105862281108345,0.545352915216446,0.958047033231893
"Carbon storage","Semipermanently Flooded","Counties without ordinances",2.09056157421789,0.79371746224978,0.1102864263282,0.582541276903839,1.01195284228104
"Carbon storage","Semipermanently Flooded","Counties without ordinances",2.19056157421789,0.840533558798595,0.114752505070911,0.621595589722017,1.06690569004664
"Carbon storage","Semipermanently Flooded","Counties without ordinances",2.29056157421789,0.887349655347409,0.119255806252252,0.658303049666547,1.12210189551579
"Carbon storage","Semipermanently Flooded","Counties without ordinances",2.39056157421789,0.934165751896223,0.123792267717821,0.696443739612171,1.17748829076947
"Carbon storage","Semipermanently Flooded","Counties without ordinances",2.49056157421789,0.980981848445037,0.12835837364811,0.734372100086622,1.23407618446177
"Carbon storage","Semipermanently Flooded","Counties without ordinances",2.59056157421789,1.02779794499385,0.132951069726708,0.773522805232801,1.28925953890843
"Carbon storage","Semipermanently Flooded","Counties without ordinances",2.69056157421789,1.07461404154267,0.13756769284387,0.809937879593615,1.34558222050111
"Carbon storage","Semipermanently Flooded","Counties without ordinances",2.79056157421789,1.12143013809148,0.142205912691124,0.848350003371512,1.40126099117957
"Carbon storage","Semipermanently Flooded","Counties without ordinances",2.89056157421789,1.16824623464029,0.146863683091726,0.884917177387497,1.45780434872186
"Carbon storage","Semipermanently Flooded","Counties without ordinances",2.99056157421789,1.21506233118911,0.151539201315169,0.92422422422911,1.51424931276944
"Carbon storage","Semipermanently Flooded","Counties without ordinances",3.09056157421789,1.26187842773792,0.156230873953366,0.961045425359934,1.56939065989193
"Carbon storage","Semipermanently Flooded","Counties without ordinances",3.19056157421789,1.30869452428674,0.160937288203347,0.999053835104292,1.62536136206207
"Carbon storage","Semipermanently Flooded","Counties without ordinances",3.29056157421789,1.35551062083555,0.165657187617328,1.03583732601107,1.68141495505407
"Carbon storage","Semipermanently Flooded","Counties without ordinances",3.39056157421789,1.40232671738437,0.170389451555368,1.0747748493997,1.73737292386238
"Carbon storage","Semipermanently Flooded","Counties without ordinances",3.49056157421789,1.44914281393318,0.175133077716394,1.11161478216332,1.79278116834234
"Carbon storage","Semipermanently Flooded","Counties without ordinances",3.59056157421789,1.49595891048199,0.179887167236896,1.14799220568874,1.84873356063415
"Carbon storage","Semipermanently Flooded","Counties without ordinances",3.69056157421789,1.54277500703081,0.18465091193827,1.18432802218566,1.90535863321322
"Carbon storage","Semipermanently Flooded","Counties without ordinances",3.79056157421789,1.58959110357962,0.189423583378035,1.22071594153759,1.96243615732628
"Carbon storage","Semipermanently Flooded","Counties without ordinances",3.89056157421789,1.63640720012844,0.19420452342038,1.25762059095189,2.01850342770647
"Carbon storage","Semipermanently Flooded","Counties without ordinances",3.99056157421789,1.68322329667725,0.198993136090468,1.29512006266639,2.07452004095728
"Carbon storage","Semipermanently Flooded","Counties without ordinances",4.09056157421789,1.73003939322607,0.20378888051688,1.33204812060501,2.13052783248947
"Carbon storage","Seasonally Flooded","Entire state",-1.20943842578211,-0.299221712056608,0.150734656083599,-0.591194300629493,0.00243307512796141
"Carbon storage","Seasonally Flooded","Entire state",-1.10943842578211,-0.274469240136427,0.143344665549506,-0.551383630073782,0.011171586999111
"Carbon storage","Seasonally Flooded","Entire state",-1.00943842578211,-0.249716768216246,0.136255375584178,-0.514933920441523,0.0217805752441579
"Carbon storage","Seasonally Flooded","Entire state",-0.909438425782114,-0.224964296296065,0.129516173688454,-0.475910819286097,0.0347664660017973
"Carbon storage","Seasonally Flooded","Entire state",-0.809438425782114,-0.200211824375884,0.123184531315572,-0.439962464775509,0.0482975854669305
"Carbon storage","Seasonally Flooded","Entire state",-0.709438425782114,-0.175459352455704,0.11732645013467,-0.405324562717308,0.0591900997696791
"Carbon storage","Seasonally Flooded","Entire state",-0.609438425782114,-0.150706880535523,0.112016251875324,-0.371398369361199,0.0749085047996778
"Carbon storage","Seasonally Flooded","Entire state",-0.509438425782114,-0.125954408615342,0.107335283594984,-0.340345165318482,0.0901494888287731
"Carbon storage","Seasonally Flooded","Entire state",-0.409438425782114,-0.101201936695161,0.103369062885672,-0.306466779884096,0.104058095548487
"Carbon storage","Seasonally Flooded","Entire state",-0.309438425782114,-0.0764494647749803,0.100202499252939,-0.273276353258255,0.123055808331117
"Carbon storage","Seasonally Flooded","Entire state",-0.209438425782114,-0.0516969928547994,0.0979132074259408,-0.243445117201977,0.141497573768486
"Carbon storage","Seasonally Flooded","Entire state",-0.109438425782114,-0.0269445209346186,0.0965636016186331,-0.217798053203886,0.163253790908163
"Carbon storage","Seasonally Flooded","Entire state",-0.00943842578211385,-0.00219204901443771,0.0961932417788051,-0.195789973197181,0.187645446252825
"Carbon storage","Seasonally Flooded","Entire state",0.090561574217886,0.0225604229057431,0.0968133668844132,-0.172053177916949,0.212733941152177
"Carbon storage","Seasonally Flooded","Entire state",0.190561574217886,0.0473128948259239,0.0984052533572428,-0.153198703710446,0.239520991402951
"Carbon storage","Seasonally Flooded","Entire state",0.290561574217886,0.0720653667461048,0.100922928050751,-0.133107174642385,0.271102990870294
"Carbon storage","Seasonally Flooded","Entire state",0.390561574217886,0.0968178386662856,0.104299369900291,-0.115996056102191,0.301837207211139
"Carbon storage","Seasonally Flooded","Entire state",0.490561574217886,0.121570310586466,0.108454402188594,-0.0959672574211391,0.334331473633593
"Carbon storage","Seasonally Flooded","Entire state",0.590561574217886,0.146322782506647,0.11330239972657,-0.0815006754104079,0.368464000740354
"Carbon storage","Seasonally Flooded","Entire state",0.690561574217886,0.171075254426828,0.118758527486411,-0.0670398364871066,0.402827923914575
"Carbon storage","Seasonally Flooded","Entire state",0.790561574217886,0.195827726347009,0.124743014052525,-0.0534294949716205,0.436657413896305
"Carbon storage","Seasonally Flooded","Entire state",0.890561574217886,0.22058019826719,0.131183569460139,-0.0431169360221364,0.47370915511013
"Carbon storage","Seasonally Flooded","Entire state",0.990561574217886,0.245332670187371,0.138016360895818,-0.029745595696154,0.513435637168728
"Carbon storage","Seasonally Flooded","Entire state",1.09056157421789,0.270085142107552,0.14518602030076,-0.0195360044009375,0.551860008099401
"Carbon storage","Seasonally Flooded","Entire state",1.19056157421789,0.294837614027732,0.152645087519539,-0.00772092926865652,0.59110199502689
"Carbon storage","Seasonally Flooded","Entire state",1.29056157421789,0.319590085947913,0.160353180929315,0.00159438844051729,0.633518871595136
"Carbon storage","Seasonally Flooded","Entire state",1.39056157421789,0.344342557868094,0.168276083154078,0.0127070044173105,0.674327228065029
"Carbon storage","Seasonally Flooded","Entire state",1.49056157421789,0.369095029788275,0.176384850047938,0.0216659554935053,0.716311673001797
"Carbon storage","Seasonally Flooded","Entire state",1.59056157421789,0.393847501708456,0.184654997572272,0.0323511857651624,0.755496973351412
"Carbon storage","Seasonally Flooded","Entire state",1.69056157421789,0.418599973628637,0.193065788185335,0.0393459504927789,0.793772493307317
"Carbon storage","Seasonally Flooded","Entire state",1.79056157421789,0.443352445548817,0.201599619652568,0.0471314256418708,0.835820093909668
"Carbon storage","Seasonally Flooded","Entire state",1.89056157421789,0.468104917468998,0.210241509597231,0.0548302683035629,0.875538646987913
"Carbon storage","Seasonally Flooded","Entire state",1.99056157421789,0.492857389389179,0.218978664962165,0.0612319785123688,0.918635420156009
"Carbon storage","Seasonally Flooded","Entire state",2.09056157421789,0.51760986130936,0.227800124444058,0.0692031355980694,0.960146324712708
"Carbon storage","Seasonally Flooded","Entire state",2.19056157421789,0.542362333229541,0.236696462419849,0.0754608942699917,1.00042505925584
"Carbon storage","Seasonally Flooded","Entire state",2.29056157421789,0.567114805149721,0.245659544053637,0.0821258443933252,1.04199158786992
"Carbon storage","Seasonally Flooded","Entire state",2.39056157421789,0.591867277069902,0.254682322677561,0.0896695274486489,1.08639815115411
"Carbon storage","Seasonally Flooded","Entire state",2.49056157421789,0.616619748990083,0.263758671936034,0.0946660859606828,1.1278088831413
"Carbon storage","Seasonally Flooded","Entire state",2.59056157421789,0.641372220910264,0.272883246454799,0.0983610445216767,1.1709896856896
"Carbon storage","Seasonally Flooded","Entire state",2.69056157421789,0.666124692830445,0.282051365902006,0.103828576228589,1.21419181347628
"Carbon storage","Seasonally Flooded","Entire state",2.79056157421789,0.690877164750626,0.291258918242671,0.113776877512808,1.25621651434241
"Carbon storage","Seasonally Flooded","Entire state",2.89056157421789,0.715629636670807,0.300502278763109,0.120442339958784,1.29726049768066
"Carbon storage","Seasonally Flooded","Entire state",2.99056157421789,0.740382108590987,0.309778242078068,0.129205591699555,1.34149369457164
"Carbon storage","Seasonally Flooded","Entire state",3.09056157421789,0.765134580511168,0.319083964851514,0.134445381574483,1.38731434073939
"Carbon storage","Seasonally Flooded","Entire state",3.19056157421789,0.789887052431349,0.328416917382422,0.139225134237955,1.42920526427313
"Carbon storage","Seasonally Flooded","Entire state",3.29056157421789,0.81463952435153,0.337774842547236,0.143932700330759,1.47295332214539
"Carbon storage","Seasonally Flooded","Entire state",3.39056157421789,0.839391996271711,0.347155720865831,0.149466250970901,1.51455276892621
"Carbon storage","Seasonally Flooded","Entire state",3.49056157421789,0.864144468191892,0.356557740680476,0.153441795353016,1.55638840704932
"Carbon storage","Seasonally Flooded","Entire state",3.59056157421789,0.888896940112073,0.365979272617567,0.15811268208741,1.59833262358204
"Carbon storage","Seasonally Flooded","Entire state",3.69056157421789,0.913649412032253,0.375418847648101,0.163957499653965,1.63935720877426
"Carbon storage","Seasonally Flooded","Entire state",3.79056157421789,0.938401883952434,0.384875138181722,0.171304399332923,1.68231485829951
"Carbon storage","Seasonally Flooded","Entire state",3.89056157421789,0.963154355872615,0.394346941725935,0.175612886022282,1.72556749165919
"Carbon storage","Seasonally Flooded","Entire state",3.99056157421789,0.987906827792796,0.403833166721139,0.177257322987325,1.76877869087031
"Carbon storage","Seasonally Flooded","Entire state",4.09056157421789,1.01265929971298,0.413332820226842,0.180517366748335,1.81212429259765
"Carbon storage","Seasonally Flooded","Counties without ordinances",-1.20943842578211,-0.724826848009014,0.0845207952136685,-0.888973639372283,-0.562426435997562
"Carbon storage","Seasonally Flooded","Counties without ordinances",-1.10943842578211,-0.679787107044112,0.080518185904081,-0.836917373997887,-0.525469737793276
"Carbon storage","Seasonally Flooded","Counties without ordinances",-1.00943842578211,-0.634747366079211,0.0766540283855328,-0.786033736385841,-0.487497605633506
"Carbon storage","Seasonally Flooded","Counties without ordinances",-0.909438425782114,-0.589707625114309,0.0729503272294828,-0.733458422410482,-0.449448221234889
"Carbon storage","Seasonally Flooded","Counties without ordinances",-0.809438425782114,-0.544667884149406,0.0694327645046618,-0.681711236252073,-0.411116726076271
"Carbon storage","Seasonally Flooded","Counties without ordinances",-0.709438425782114,-0.499628143184505,0.0661310494347676,-0.629377494042031,-0.372115061384035
"Carbon storage","Seasonally Flooded","Counties without ordinances",-0.609438425782114,-0.454588402219603,0.0630790851284336,-0.57923140510391,-0.331635892898926
"Carbon storage","Seasonally Flooded","Counties without ordinances",-0.509438425782114,-0.409548661254701,0.0603147961171164,-0.527760312834412,-0.291896175822343
"Carbon storage","Seasonally Flooded","Counties without ordinances",-0.409438425782114,-0.364508920289799,0.057879414728996,-0.476709121747539,-0.249325347047994
"Carbon storage","Seasonally Flooded","Counties without ordinances",-0.309438425782114,-0.319469179324897,0.0558160105776609,-0.428059300873281,-0.209266468468988
"Carbon storage","Seasonally Flooded","Counties without ordinances",-0.209438425782114,-0.274429438359995,0.0541671098818521,-0.381238722816613,-0.168222319662905
"Carbon storage","Seasonally Flooded","Counties without ordinances",-0.109438425782114,-0.229389697395093,0.0529714349231014,-0.333727629126591,-0.125048447438248
"Carbon storage","Seasonally Flooded","Counties without ordinances",-0.00943842578211385,-0.184349956430191,0.052260103438328,-0.287636412086091,-0.0804576491577531
"Carbon storage","Seasonally Flooded","Counties without ordinances",0.090561574217886,-0.139310215465289,0.0520529756466407,-0.242635565923029,-0.0365187166055085
"Carbon storage","Seasonally Flooded","Counties without ordinances",0.190561574217886,-0.0942704745003867,0.0523560359907761,-0.197377569205528,0.00817166143104904
"Carbon storage","Seasonally Flooded","Counties without ordinances",0.290561574217886,-0.0492307335354848,0.0531605596695309,-0.153479961492937,0.0555840083947987
"Carbon storage","Seasonally Flooded","Counties without ordinances",0.390561574217886,-0.00419099257058277,0.0544443208498436,-0.111370189232385,0.102669417389286
"Carbon storage","Seasonally Flooded","Counties without ordinances",0.490561574217886,0.0408487483943193,0.0561744729386607,-0.0689109588013311,0.150562287830111
"Carbon storage","Seasonally Flooded","Counties without ordinances",0.590561574217886,0.0858884893592212,0.0583112949246077,-0.0286513411552308,0.199056307873985
"Carbon storage","Seasonally Flooded","Counties without ordinances",0.690561574217886,0.130928230324123,0.0608119329601147,0.0131712738480876,0.248225892799959
"Carbon storage","Seasonally Flooded","Counties without ordinances",0.790561574217886,0.175967971289025,0.0636335103040767,0.0505305763230356,0.299009624576783
"Carbon storage","Seasonally Flooded","Counties without ordinances",0.890561574217886,0.221007712253927,0.066735331314119,0.0897553983366339,0.350055683753998
"Carbon storage","Seasonally Flooded","Counties without ordinances",0.990561574217886,0.266047453218829,0.0700801942513295,0.12946339718598,0.403307038189526
"Carbon storage","Seasonally Flooded","Counties without ordinances",1.09056157421789,0.311087194183731,0.0736349860848466,0.166459745175517,0.455558941746888
"Carbon storage","Seasonally Flooded","Counties without ordinances",1.19056157421789,0.356126935148633,0.0773707767431586,0.202861098965417,0.506639096405383
"Carbon storage","Seasonally Flooded","Counties without ordinances",1.29056157421789,0.401166676113535,0.0812626075183197,0.241397074203756,0.560436620329777
"Carbon storage","Seasonally Flooded","Counties without ordinances",1.39056157421789,0.446206417078437,0.0852891202688004,0.279377725858356,0.61468307515715
"Carbon storage","Seasonally Flooded","Counties without ordinances",1.49056157421789,0.491246158043339,0.0894321254387257,0.315774866579684,0.668886850360671
"Carbon storage","Seasonally Flooded","Counties without ordinances",1.59056157421789,0.536285899008241,0.0936761680122682,0.352956423832387,0.720736540585048
"Carbon storage","Seasonally Flooded","Counties without ordinances",1.69056157421789,0.581325639973143,0.098008123210018,0.3893039428382,0.775971128373898
"Carbon storage","Seasonally Flooded","Counties without ordinances",1.79056157421789,0.626365380938045,0.102416836240679,0.426734922979395,0.827745572784705
"Carbon storage","Seasonally Flooded","Counties without ordinances",1.89056157421789,0.671405121902947,0.106892810070008,0.464477425063004,0.882999218124977
"Carbon storage","Seasonally Flooded","Counties without ordinances",1.99056157421789,0.716444862867849,0.111427939550581,0.500182306197674,0.935036158611486
"Carbon storage","Seasonally Flooded","Counties without ordinances",2.09056157421789,0.761484603832751,0.116015287566019,0.536436902228033,0.990335423693164
"Carbon storage","Seasonally Flooded","Counties without ordinances",2.19056157421789,0.806524344797653,0.120648897857695,0.573427075371814,1.04570514732158
"Carbon storage","Seasonally Flooded","Counties without ordinances",2.29056157421789,0.851564085762555,0.125323639143778,0.609992145677954,1.0991257672241
"Carbon storage","Seasonally Flooded","Counties without ordinances",2.39056157421789,0.896603826727457,0.130035075540854,0.645113156750316,1.15498559577709
"Carbon storage","Seasonally Flooded","Counties without ordinances",2.49056157421789,0.941643567692359,0.134779358888163,0.680077632363387,1.20866542747571
"Carbon storage","Seasonally Flooded","Counties without ordinances",2.59056157421789,0.986683308657261,0.13955313920656,0.714020733889302,1.2620065001254
"Carbon storage","Seasonally Flooded","Counties without ordinances",2.69056157421789,1.03172304962216,0.14435349012483,0.74995418361464,1.31548200886771
"Carbon storage","Seasonally Flooded","Counties without ordinances",2.79056157421789,1.07676279058706,0.149177846642006,0.787150527938177,1.37091185064612
"Carbon storage","Seasonally Flooded","Counties without ordinances",2.89056157421789,1.12180253155197,0.154023953055961,0.824183784676399,1.42446660294851
"Carbon storage","Seasonally Flooded","Counties without ordinances",2.99056157421789,1.16684227251687,0.158889819277185,0.859819753905277,1.478588242255
"Carbon storage","Seasonally Flooded","Counties without ordinances",3.09056157421789,1.21188201348177,0.163773684069209,0.895494437474059,1.53307017660576
"Carbon storage","Seasonally Flooded","Counties without ordinances",3.19056157421789,1.25692175444667,0.168673984022368,0.930530377957799,1.58807737638385
"Carbon storage","Seasonally Flooded","Counties without ordinances",3.29056157421789,1.30196149541157,0.17358932728445,0.965445474799602,1.64389648796292
"Carbon storage","Seasonally Flooded","Counties without ordinances",3.39056157421789,1.34700123637648,0.178518471248412,1.00036701325717,1.69887120283276
"Carbon storage","Seasonally Flooded","Counties without ordinances",3.49056157421789,1.39204097734138,0.18346030354108,1.03531973646461,1.75495547510999
"Carbon storage","Seasonally Flooded","Counties without ordinances",3.59056157421789,1.43708071830628,0.188413825773516,1.06932146827677,1.80874335766002
"Carbon storage","Seasonally Flooded","Counties without ordinances",3.69056157421789,1.48212045927118,0.193378139608781,1.10396711982387,1.86515360822416
"Carbon storage","Seasonally Flooded","Counties without ordinances",3.79056157421789,1.52716020023608,0.198352434780131,1.14015351651206,1.92058363881935
"Carbon storage","Seasonally Flooded","Counties without ordinances",3.89056157421789,1.57219994120099,0.203335978755782,1.17516208526977,1.97650648927755
"Carbon storage","Seasonally Flooded","Counties without ordinances",3.99056157421789,1.61723968216589,0.208328107797892,1.21104359840514,2.03242505377863
"Carbon storage","Seasonally Flooded","Counties without ordinances",4.09056157421789,1.66227942313079,0.213328219205619,1.24636068981996,2.08834361827971
"Floodwater storage capacity","Permanently Flooded","Entire state",-1.20943842578211,-0.0428159957402915,0.157602607733378,-0.356681002732804,0.261740257852027
"Floodwater storage capacity","Permanently Flooded","Entire state",-1.10943842578211,-0.0393565573654287,0.149963867984608,-0.336328326871291,0.247880608672635
"Floodwater storage capacity","Permanently Flooded","Entire state",-1.00943842578211,-0.035897118990566,0.142637945117647,-0.317452758707713,0.236735200028542
"Floodwater storage capacity","Permanently Flooded","Entire state",-0.909438425782114,-0.0324376806157032,0.135675521092792,-0.301381215532064,0.225691840937691
"Floodwater storage capacity","Permanently Flooded","Entire state",-0.809438425782114,-0.0289782422408404,0.129135404170013,-0.287373872622225,0.21630627695223
"Floodwater storage capacity","Permanently Flooded","Entire state",-0.709438425782114,-0.0255188038659776,0.123084930622884,-0.270952711704894,0.207915148984508
"Floodwater storage capacity","Permanently Flooded","Entire state",-0.609438425782114,-0.0220593654911149,0.117599700818769,-0.255916869412981,0.200455629876173
"Floodwater storage capacity","Permanently Flooded","Entire state",-0.509438425782114,-0.0185999271162521,0.112762232457608,-0.247040421100544,0.192724444382299
"Floodwater storage capacity","Permanently Flooded","Entire state",-0.409438425782114,-0.0151404887413893,0.1086590744251,-0.233951221265168,0.191909925697218
"Floodwater storage capacity","Permanently Flooded","Entire state",-0.309438425782114,-0.0116810503665266,0.105376039928206,-0.223391536004085,0.186512821113449
"Floodwater storage capacity","Permanently Flooded","Entire state",-0.209438425782114,-0.00822161199166379,0.10299158740848,-0.211066222527106,0.189262349062867
"Floodwater storage capacity","Permanently Flooded","Entire state",-0.109438425782114,-0.00476217361680101,0.101569022407534,-0.205039783534067,0.191509143810816
"Floodwater storage capacity","Permanently Flooded","Entire state",-0.00943842578211385,-0.00130273524193824,0.101148937209748,-0.200835920532463,0.195561106176315
"Floodwater storage capacity","Permanently Flooded","Entire state",0.090561574217886,0.00215670313292453,0.101743749854411,-0.198285764369698,0.19865493223535
"Floodwater storage capacity","Permanently Flooded","Entire state",0.190561574217886,0.0056161415077873,0.103335936247505,-0.19658621231738,0.206628247563907
"Floodwater storage capacity","Permanently Flooded","Entire state",0.290561574217886,0.00907557988265007,0.105880511690282,-0.19810895688229,0.215864178990535
"Floodwater storage capacity","Permanently Flooded","Entire state",0.390561574217886,0.0125350182575128,0.109310986370901,-0.199255147300938,0.226762896488444
"Floodwater storage capacity","Permanently Flooded","Entire state",0.490561574217886,0.0159944566323756,0.113547094533055,-0.202587279301375,0.240121726482746
"Floodwater storage capacity","Permanently Flooded","Entire state",0.590561574217886,0.0194538950072384,0.118502470701475,-0.21291847060784,0.255518858282204
"Floodwater storage capacity","Permanently Flooded","Entire state",0.690561574217886,0.0229133333821012,0.124090976294593,-0.219662673797672,0.270452491317496
"Floodwater storage capacity","Permanently Flooded","Entire state",0.790561574217886,0.0263727717569639,0.130231129854088,-0.229611587091616,0.28795459852193
"Floodwater storage capacity","Permanently Flooded","Entire state",0.890561574217886,0.0298322101318267,0.136848697174418,-0.236254630229964,0.306217327012426
"Floodwater storage capacity","Permanently Flooded","Entire state",0.990561574217886,0.0332916485066895,0.143877818316566,-0.249804559542608,0.320153524869446
"Floodwater storage capacity","Permanently Flooded","Entire state",1.09056157421789,0.0367510868815523,0.151261129305152,-0.26200534964108,0.336700700166555
"Floodwater storage capacity","Permanently Flooded","Entire state",1.19056157421789,0.040210525256415,0.158949280664434,-0.27382229230621,0.355694538555366
"Floodwater storage capacity","Permanently Flooded","Entire state",1.29056157421789,0.0436699636312778,0.166900150864965,-0.287033853014362,0.372990194137052
"Floodwater storage capacity","Permanently Flooded","Entire state",1.39056157421789,0.0471294020061406,0.175077950763913,-0.302049145266954,0.392991731306537
"Floodwater storage capacity","Permanently Flooded","Entire state",1.49056157421789,0.0505888403810033,0.18345233516794,-0.3171307333952,0.413219473633951
"Floodwater storage capacity","Permanently Flooded","Entire state",1.59056157421789,0.0540482787558661,0.191997582441511,-0.326642636781847,0.436930017258633
"Floodwater storage capacity","Permanently Flooded","Entire state",1.69056157421789,0.0575077171307289,0.20069186829101,-0.337649447937332,0.458117305491381
"Floodwater storage capacity","Permanently Flooded","Entire state",1.79056157421789,0.0609671555055916,0.209516639632328,-0.35474137495523,0.474538198578681
"Floodwater storage capacity","Permanently Flooded","Entire state",1.89056157421789,0.0644265938804544,0.218456083727246,-0.36987918555073,0.49262568260849
"Floodwater storage capacity","Permanently Flooded","Entire state",1.99056157421789,0.0678860322553172,0.227496682837365,-0.38598344824296,0.51498638546834
"Floodwater storage capacity","Permanently Flooded","Entire state",2.09056157421789,0.07134547063018,0.236626843017649,-0.403285101060364,0.536471209476719
"Floodwater storage capacity","Permanently Flooded","Entire state",2.19056157421789,0.0748049090050427,0.245836585806364,-0.421282244968371,0.55584404243244
"Floodwater storage capacity","Permanently Flooded","Entire state",2.29056157421789,0.0782643473799055,0.255117292544619,-0.437315182888143,0.578994197674797
"Floodwater storage capacity","Permanently Flooded","Entire state",2.39056157421789,0.0817237857547683,0.264461492356826,-0.452336638045443,0.598201265243349
"Floodwater storage capacity","Permanently Flooded","Entire state",2.49056157421789,0.085183224129631,0.2738626861656,-0.465412977307716,0.618294795766385
"Floodwater storage capacity","Permanently Flooded","Entire state",2.59056157421789,0.0886426625044938,0.283315200365269,-0.479152019971233,0.6421413237989
"Floodwater storage capacity","Permanently Flooded","Entire state",2.69056157421789,0.0921021008793566,0.292814064880981,-0.494011169024745,0.664082592736327
"Floodwater storage capacity","Permanently Flooded","Entire state",2.79056157421789,0.0955615392542194,0.302354911281708,-0.510690457619257,0.687611463385792
"Floodwater storage capacity","Permanently Flooded","Entire state",2.89056157421789,0.0990209776290821,0.311933887402687,-0.526536924616639,0.708777582454034
"Floodwater storage capacity","Permanently Flooded","Entire state",2.99056157421789,0.102480416003945,0.321547585582711,-0.543744568811328,0.729116525806626
"Floodwater storage capacity","Permanently Flooded","Entire state",3.09056157421789,0.105939854378808,0.331192982153797,-0.55813518652841,0.752983667116548
"Floodwater storage capacity","Permanently Flooded","Entire state",3.19056157421789,0.10939929275367,0.34086738625412,-0.574548472519826,0.77672573029378
"Floodwater storage capacity","Permanently Flooded","Entire state",3.29056157421789,0.112858731128533,0.350568396387127,-0.594911127097241,0.79882917254281
"Floodwater storage capacity","Permanently Flooded","Entire state",3.39056157421789,0.116318169503396,0.360293863435258,-0.610481416858649,0.822766959208319
"Floodwater storage capacity","Permanently Flooded","Entire state",3.49056157421789,0.119777607878259,0.370041859068271,-0.62833581913493,0.846162707587979
"Floodwater storage capacity","Permanently Flooded","Entire state",3.59056157421789,0.123237046253122,0.379810648674095,-0.645430922982789,0.86950336202297
"Floodwater storage capacity","Permanently Flooded","Entire state",3.69056157421789,0.126696484627984,0.38959866809283,-0.662229487248766,0.891337046688831
"Floodwater storage capacity","Permanently Flooded","Entire state",3.79056157421789,0.130155923002847,0.399404503558877,-0.679121712428885,0.91117497932404
"Floodwater storage capacity","Permanently Flooded","Entire state",3.89056157421789,0.13361536137771,0.409226874357556,-0.695965413609381,0.933986526143133
"Floodwater storage capacity","Permanently Flooded","Entire state",3.99056157421789,0.137074799752573,0.419064617785531,-0.711465463757524,0.95531798290728
"Floodwater storage capacity","Permanently Flooded","Entire state",4.09056157421789,0.140534238127435,0.428916676072343,-0.727628435622302,0.975579071208625
"Floodwater storage capacity","Permanently Flooded","Counties without ordinances",-1.20943842578211,-0.345218663870489,0.122284065790181,-0.587080419652408,-0.104193265793694
"Floodwater storage capacity","Permanently Flooded","Counties without ordinances",-1.10943842578211,-0.326876610880794,0.11645316460761,-0.556217034471404,-0.0992020203616432
"Floodwater storage capacity","Permanently Flooded","Counties without ordinances",-1.00943842578211,-0.308534557891098,0.110830433339281,-0.526887960471999,-0.0914797507612415
"Floodwater storage capacity","Permanently Flooded","Counties without ordinances",-0.909438425782114,-0.290192504901402,0.105449177177038,-0.498368061767711,-0.082044884354577
"Floodwater storage capacity","Permanently Flooded","Counties without ordinances",-0.809438425782114,-0.271850451911707,0.100348251537092,-0.469829561618954,-0.0747373607004152
"Floodwater storage capacity","Permanently Flooded","Counties without ordinances",-0.709438425782114,-0.253508398922011,0.0955725526073487,-0.442154216738976,-0.068009606685168
"Floodwater storage capacity","Permanently Flooded","Counties without ordinances",-0.609438425782114,-0.235166345932315,0.0911732013439977,-0.413891629187918,-0.0570353414282832
"Floodwater storage capacity","Permanently Flooded","Counties without ordinances",-0.509438425782114,-0.21682429294262,0.0872071733336059,-0.385665269822062,-0.0471114025754129
"Floodwater storage capacity","Permanently Flooded","Counties without ordinances",-0.409438425782114,-0.198482239952924,0.0837360622698356,-0.360287905165868,-0.0339661884063951
"Floodwater storage capacity","Permanently Flooded","Counties without ordinances",-0.309438425782114,-0.180140186963229,0.0808236585052528,-0.336798955749338,-0.0194006563463605
"Floodwater storage capacity","Permanently Flooded","Counties without ordinances",-0.209438425782114,-0.161798133973533,0.0785321464750928,-0.312662302883694,-0.00543286125423466
"Floodwater storage capacity","Permanently Flooded","Counties without ordinances",-0.109438425782114,-0.143456080983837,0.0769170390218765,-0.292036521574893,0.00499849027103137
"Floodwater storage capacity","Permanently Flooded","Counties without ordinances",-0.00943842578211385,-0.125114027994142,0.0760214598642782,-0.272078549807572,0.021567614537631
"Floodwater storage capacity","Permanently Flooded","Counties without ordinances",0.090561574217886,-0.106771975004446,0.0758708931936023,-0.254807136121443,0.0387357184200241
"Floodwater storage capacity","Permanently Flooded","Counties without ordinances",0.190561574217886,-0.0884299220147504,0.0764697398595661,-0.236744477316662,0.0591616152792399
"Floodwater storage capacity","Permanently Flooded","Counties without ordinances",0.290561574217886,-0.0700878690250548,0.0778006966580644,-0.220899708212794,0.0825951136618904
"Floodwater storage capacity","Permanently Flooded","Counties without ordinances",0.390561574217886,-0.0517458160353591,0.0798271526040253,-0.207118211723651,0.101960992303604
"Floodwater storage capacity","Permanently Flooded","Counties without ordinances",0.490561574217886,-0.0334037630456635,0.0824978714352576,-0.192604831535779,0.124946312908318
"Floodwater storage capacity","Permanently Flooded","Counties without ordinances",0.590561574217886,-0.0150617100559679,0.0857526786516083,-0.182889974983788,0.149627058991625
"Floodwater storage capacity","Permanently Flooded","Counties without ordinances",0.690561574217886,0.00328034293372774,0.089527892897127,-0.173538475225112,0.176107640018727
"Floodwater storage capacity","Permanently Flooded","Counties without ordinances",0.790561574217886,0.0216223959234233,0.0937606736503564,-0.161758952640171,0.201638036142717
"Floodwater storage capacity","Permanently Flooded","Counties without ordinances",0.890561574217886,0.039964448913119,0.098391985680916,-0.152895127101133,0.230068597042564
"Floodwater storage capacity","Permanently Flooded","Counties without ordinances",0.990561574217886,0.0583065019028146,0.103368275477509,-0.143775370438122,0.259180049743396
"Floodwater storage capacity","Permanently Flooded","Counties without ordinances",1.09056157421789,0.0766485548925103,0.108642148866132,-0.135502019166583,0.290140700029926
"Floodwater storage capacity","Permanently Flooded","Counties without ordinances",1.19056157421789,0.0949906078822059,0.114172375167564,-0.129787137825387,0.319984703990411
"Floodwater storage capacity","Permanently Flooded","Counties without ordinances",1.29056157421789,0.113332660871901,0.119923494773338,-0.124198833311274,0.349394187347406
"Floodwater storage capacity","Permanently Flooded","Counties without ordinances",1.39056157421789,0.131674713861597,0.125865231704369,-0.117541239910656,0.38052176245885
"Floodwater storage capacity","Permanently Flooded","Counties without ordinances",1.49056157421789,0.150016766851293,0.131971842115786,-0.110635074598145,0.412950686278526
"Floodwater storage capacity","Permanently Flooded","Counties without ordinances",1.59056157421789,0.168358819840988,0.138221475455043,-0.104655333530186,0.443970922570533
"Floodwater storage capacity","Permanently Flooded","Counties without ordinances",1.69056157421789,0.186700872830684,0.144595587929232,-0.0986740012541855,0.475243103407457
"Floodwater storage capacity","Permanently Flooded","Counties without ordinances",1.79056157421789,0.20504292582038,0.151078424754585,-0.0938361794754172,0.504508361232064
"Floodwater storage capacity","Permanently Flooded","Counties without ordinances",1.89056157421789,0.223384978810075,0.157656574268723,-0.08781931216366,0.536389609247753
"Floodwater storage capacity","Permanently Flooded","Counties without ordinances",1.99056157421789,0.241727031799771,0.164318589940601,-0.0835672001490275,0.567813304448386
"Floodwater storage capacity","Permanently Flooded","Counties without ordinances",2.09056157421789,0.260069084789467,0.171054673119682,-0.0784678309558294,0.599640879722808
"Floodwater storage capacity","Permanently Flooded","Counties without ordinances",2.19056157421789,0.278411137779162,0.177856408369761,-0.0704943560909359,0.632692700504044
"Floodwater storage capacity","Permanently Flooded","Counties without ordinances",2.29056157421789,0.296753190768858,0.184716543402037,-0.0644865086252174,0.664333480819825
"Floodwater storage capacity","Permanently Flooded","Counties without ordinances",2.39056157421789,0.315095243758553,0.191628806343665,-0.0583196355952606,0.696197429298332
"Floodwater storage capacity","Permanently Flooded","Counties without ordinances",2.49056157421789,0.333437296748249,0.198587754005867,-0.0525225787232568,0.72714726512098
"Floodwater storage capacity","Permanently Flooded","Counties without ordinances",2.59056157421789,0.351779349737945,0.205588645765245,-0.0495431174272027,0.759939420106664
"Floodwater storage capacity","Permanently Flooded","Counties without ordinances",2.69056157421789,0.37012140272764,0.212627338553103,-0.0461527103727766,0.790905155514845
"Floodwater storage capacity","Permanently Flooded","Counties without ordinances",2.79056157421789,0.388463455717336,0.219700199223533,-0.0417200530910415,0.82306112592884
"Floodwater storage capacity","Permanently Flooded","Counties without ordinances",2.89056157421789,0.406805508707032,0.226804031233221,-0.0385129833158936,0.855157916169701
"Floodwater storage capacity","Permanently Flooded","Counties without ordinances",2.99056157421789,0.425147561696727,0.233936013120074,-0.035516163026178,0.887690829754677
"Floodwater storage capacity","Permanently Flooded","Counties without ordinances",3.09056157421789,0.443489614686423,0.24109364672568,-0.0320444255993542,0.919458009439357
"Floodwater storage capacity","Permanently Flooded","Counties without ordinances",3.19056157421789,0.461831667676118,0.24827471348197,-0.0255488768287791,0.951607997670637
"Floodwater storage capacity","Permanently Flooded","Counties without ordinances",3.29056157421789,0.480173720665814,0.255477237388612,-0.0204094124584751,0.983221698891068
"Floodwater storage capacity","Permanently Flooded","Counties without ordinances",3.39056157421789,0.49851577365551,0.262699453556675,-0.0157769158732958,1.01597199168101
"Floodwater storage capacity","Permanently Flooded","Counties without ordinances",3.49056157421789,0.516857826645205,0.269939781396389,-0.0116918918035326,1.04974645100646
"Floodwater storage capacity","Permanently Flooded","Counties without ordinances",3.59056157421789,0.535199879634901,0.27719680169111,-0.00731809286979681,1.08337006002067
"Floodwater storage capacity","Permanently Flooded","Counties without ordinances",3.69056157421789,0.553541932624597,0.284469236933146,-0.00399366782313187,1.11697068232989
"Floodwater storage capacity","Permanently Flooded","Counties without ordinances",3.79056157421789,0.571883985614292,0.291755934405743,-0.000693947730503511,1.15061653315498
"Floodwater storage capacity","Permanently Flooded","Counties without ordinances",3.89056157421789,0.590226038603988,0.299055851584124,0.0034922540203176,1.18195676847286
"Floodwater storage capacity","Permanently Flooded","Counties without ordinances",3.99056157421789,0.608568091593683,0.30636804350085,0.007728574714816,1.21332572113482
"Floodwater storage capacity","Permanently Flooded","Counties without ordinances",4.09056157421789,0.626910144583379,0.313691651780005,0.0123187701525138,1.24796156672527
"Floodwater storage capacity","Intermittently Exposed","Entire state",-1.20943842578211,-0.0364426998348115,0.159091125901871,-0.340977694780189,0.276910738975201
"Floodwater storage capacity","Intermittently Exposed","Entire state",-1.10943842578211,-0.0334664729754382,0.15120102124056,-0.32301447178436,0.264659889845362
"Floodwater storage capacity","Intermittently Exposed","Entire state",-1.00943842578211,-0.0304902461160649,0.143604585823475,-0.30711044693731,0.249503271978079
"Floodwater storage capacity","Intermittently Exposed","Entire state",-0.909438425782114,-0.0275140192566915,0.13635091153621,-0.29076596995826,0.239087882223156
"Floodwater storage capacity","Intermittently Exposed","Entire state",-0.809438425782114,-0.0245377923973182,0.129497609421408,-0.272774958391799,0.230050176313363
"Floodwater storage capacity","Intermittently Exposed","Entire state",-0.709438425782114,-0.0215615655379448,0.123111560695345,-0.25804275181221,0.222014650957094
"Floodwater storage capacity","Intermittently Exposed","Entire state",-0.609438425782114,-0.0185853386785715,0.117269124963513,-0.246353760188505,0.214029307850771
"Floodwater storage capacity","Intermittently Exposed","Entire state",-0.509438425782114,-0.0156091118191982,0.112055364550086,-0.236449343034818,0.201958039181644
"Floodwater storage capacity","Intermittently Exposed","Entire state",-0.409438425782114,-0.0126328849598248,0.107561738276572,-0.224507148570852,0.195811956916056
"Floodwater storage capacity","Intermittently Exposed","Entire state",-0.309438425782114,-0.00965665810045148,0.103881741030765,-0.2136581151929,0.19375856715221
"Floodwater storage capacity","Intermittently Exposed","Entire state",-0.209438425782114,-0.00668043124107814,0.1011042553999,-0.207400818768779,0.191225984533863
"Floodwater storage capacity","Intermittently Exposed","Entire state",-0.109438425782114,-0.0037042043817048,0.0993050379499137,-0.199891677269883,0.191455796926641
"Floodwater storage capacity","Intermittently Exposed","Entire state",-0.00943842578211385,-0.000727977522331455,0.0985376903848453,-0.196201935147279,0.194387360105346
"Floodwater storage capacity","Intermittently Exposed","Entire state",0.090561574217886,0.00224824933704188,0.098826251838293,-0.193583424996742,0.200453273910758
"Floodwater storage capacity","Intermittently Exposed","Entire state",0.190561574217886,0.00522447619641522,0.100161596634199,-0.194840120117146,0.203133493938055
"Floodwater storage capacity","Intermittently Exposed","Entire state",0.290561574217886,0.00820070305578856,0.102502822351868,-0.196179378256769,0.210410996538659
"Floodwater storage capacity","Intermittently Exposed","Entire state",0.390561574217886,0.0111769299151619,0.105783162657227,-0.196959815247296,0.216429819094244
"Floodwater storage capacity","Intermittently Exposed","Entire state",0.490561574217886,0.0141531567745352,0.109918570657157,-0.202686843642957,0.228494238656464
"Floodwater storage capacity","Intermittently Exposed","Entire state",0.590561574217886,0.0171293836339086,0.114816691342067,-0.206591148058326,0.241067141207135
"Floodwater storage capacity","Intermittently Exposed","Entire state",0.690561574217886,0.0201056104932819,0.120384462486016,-0.215392167852133,0.25387681012408
"Floodwater storage capacity","Intermittently Exposed","Entire state",0.790561574217886,0.0230818373526553,0.126533516379,-0.229382505681091,0.270140375490494
"Floodwater storage capacity","Intermittently Exposed","Entire state",0.890561574217886,0.0260580642120286,0.133183364157475,-0.241411593281386,0.285016040760617
"Floodwater storage capacity","Intermittently Exposed","Entire state",0.990561574217886,0.0290342910714019,0.140262796105207,-0.247893664099008,0.3038363040961
"Floodwater storage capacity","Intermittently Exposed","Entire state",1.09056157421789,0.0320105179307753,0.147710057938108,-0.261190916905368,0.321142938298168
"Floodwater storage capacity","Intermittently Exposed","Entire state",1.19056157421789,0.0349867447901486,0.155472300500082,-0.277725119699039,0.343074879698013
"Floodwater storage capacity","Intermittently Exposed","Entire state",1.29056157421789,0.037962971649522,0.163504669631716,-0.291770467278723,0.362905617320346
"Floodwater storage capacity","Intermittently Exposed","Entire state",1.39056157421789,0.0409391985088953,0.171769274091282,-0.30634620050554,0.38339078544524
"Floodwater storage capacity","Intermittently Exposed","Entire state",1.49056157421789,0.0439154253682686,0.180234169385816,-0.319431607494885,0.401267601137688
"Floodwater storage capacity","Intermittently Exposed","Entire state",1.59056157421789,0.046891652227642,0.188872427496511,-0.332438808956989,0.417774232097315
"Floodwater storage capacity","Intermittently Exposed","Entire state",1.69056157421789,0.0498678790870153,0.197661320658682,-0.34633073801737,0.437755975508178
"Floodwater storage capacity","Intermittently Exposed","Entire state",1.79056157421789,0.0528441059463887,0.206581623729035,-0.360092186266894,0.458771594385496
"Floodwater storage capacity","Intermittently Exposed","Entire state",1.89056157421789,0.055820332805762,0.215617027626286,-0.373411360424311,0.477949819357481
"Floodwater storage capacity","Intermittently Exposed","Entire state",1.99056157421789,0.0587965596651353,0.224753651147529,-0.389500014091667,0.49512800470822
"Floodwater storage capacity","Intermittently Exposed","Entire state",2.09056157421789,0.0617727865245087,0.233979637079332,-0.404592969550604,0.516086244871637
"Floodwater storage capacity","Intermittently Exposed","Entire state",2.19056157421789,0.064749013383882,0.243284819076914,-0.41917273315523,0.538820639636548
"Floodwater storage capacity","Intermittently Exposed","Entire state",2.29056157421789,0.0677252402432554,0.252660447202719,-0.43588412252454,0.5609640257713
"Floodwater storage capacity","Intermittently Exposed","Entire state",2.39056157421789,0.0707014671026287,0.262098961710934,-0.451538662860305,0.583017085366464
"Floodwater storage capacity","Intermittently Exposed","Entire state",2.49056157421789,0.073677693962002,0.271593806337886,-0.467165283690776,0.607039598704979
"Floodwater storage capacity","Intermittently Exposed","Entire state",2.59056157421789,0.0766539208213754,0.281139273873525,-0.478803500959811,0.629334150785515
"Floodwater storage capacity","Intermittently Exposed","Entire state",2.69056157421789,0.0796301476807487,0.290730378098067,-0.493681451443906,0.650535474065391
"Floodwater storage capacity","Intermittently Exposed","Entire state",2.79056157421789,0.0826063745401221,0.300362747267096,-0.510814020321338,0.673965085198209
"Floodwater storage capacity","Intermittently Exposed","Entire state",2.89056157421789,0.0855826013994954,0.310032535235433,-0.525324728181271,0.698907509485438
"Floodwater storage capacity","Intermittently Exposed","Entire state",2.99056157421789,0.0885588282588688,0.319736347050289,-0.539717095143385,0.720813576033317
"Floodwater storage capacity","Intermittently Exposed","Entire state",3.09056157421789,0.0915350551182421,0.329471176444156,-0.552418036116759,0.740811924106284
"Floodwater storage capacity","Intermittently Exposed","Entire state",3.19056157421789,0.0945112819776154,0.339234353142204,-0.568159265843251,0.764411712415264
"Floodwater storage capacity","Intermittently Exposed","Entire state",3.29056157421789,0.0974875088369888,0.349023498289159,-0.579421811115886,0.788057794922954
"Floodwater storage capacity","Intermittently Exposed","Entire state",3.39056157421789,0.100463735696362,0.358836486614832,-0.599118736435986,0.811707707211736
"Floodwater storage capacity","Intermittently Exposed","Entire state",3.49056157421789,0.103439962555735,0.368671414210582,-0.619154354295417,0.835333345306132
"Floodwater storage capacity","Intermittently Exposed","Entire state",3.59056157421789,0.106416189415109,0.378526570993193,-0.637388987510998,0.858970469876159
"Floodwater storage capacity","Intermittently Exposed","Entire state",3.69056157421789,0.109392416274482,0.388400417097587,-0.655173048059463,0.88185109926673
"Floodwater storage capacity","Intermittently Exposed","Entire state",3.79056157421789,0.112368643133855,0.398291562573417,-0.673053031369985,0.904739810937814
"Floodwater storage capacity","Intermittently Exposed","Entire state",3.89056157421789,0.115344869993229,0.408198749869042,-0.690884245764799,0.929112815181531
"Floodwater storage capacity","Intermittently Exposed","Entire state",3.99056157421789,0.118321096852602,0.418120838674664,-0.70856767590212,0.953206383101537
"Floodwater storage capacity","Intermittently Exposed","Entire state",4.09056157421789,0.121297323711976,0.428056792768482,-0.726209851547188,0.976875890893244
"Floodwater storage capacity","Intermittently Exposed","Counties without ordinances",-1.20943842578211,-0.330299518622307,0.128387866486547,-0.58260607565966,-0.081131929646879
"Floodwater storage capacity","Intermittently Exposed","Counties without ordinances",-1.10943842578211,-0.312994791333805,0.122300123505047,-0.554515413658329,-0.0763930121915022
"Floodwater storage capacity","Intermittently Exposed","Counties without ordinances",-1.00943842578211,-0.295690064045303,0.116401845753625,-0.526552648382952,-0.0709797756147693
"Floodwater storage capacity","Intermittently Exposed","Counties without ordinances",-0.909438425782114,-0.278385336756802,0.110723316051637,-0.499493685002505,-0.0644351721671982
"Floodwater storage capacity","Intermittently Exposed","Counties without ordinances",-0.809438425782114,-0.2610806094683,0.105300091534667,-0.473466417684308,-0.0579493150231113
"Floodwater storage capacity","Intermittently Exposed","Counties without ordinances",-0.709438425782114,-0.243775882179798,0.100173646105483,-0.445386001793548,-0.0511982180009968
"Floodwater storage capacity","Intermittently Exposed","Counties without ordinances",-0.609438425782114,-0.226471154891296,0.0953918393157545,-0.418124257277141,-0.0424899398869004
"Floodwater storage capacity","Intermittently Exposed","Counties without ordinances",-0.509438425782114,-0.209166427602794,0.0910090115270881,-0.391953888888843,-0.0337819309633173
"Floodwater storage capacity","Intermittently Exposed","Counties without ordinances",-0.409438425782114,-0.191861700314292,0.0870854229326089,-0.368396054206554,-0.0240906408767099
"Floodwater storage capacity","Intermittently Exposed","Counties without ordinances",-0.309438425782114,-0.17455697302579,0.0836856925207878,-0.343128859914286,-0.0137024240989854
"Floodwater storage capacity","Intermittently Exposed","Counties without ordinances",-0.209438425782114,-0.157252245737288,0.0808759105984908,-0.318933639762219,-0.00378678674934156
"Floodwater storage capacity","Intermittently Exposed","Counties without ordinances",-0.109438425782114,-0.139947518448786,0.0787192748614029,-0.296422646732712,0.0107428884379359
"Floodwater storage capacity","Intermittently Exposed","Counties without ordinances",-0.00943842578211385,-0.122642791160284,0.0772704930189649,-0.275850328323294,0.0266068091385925
"Floodwater storage capacity","Intermittently Exposed","Counties without ordinances",0.090561574217886,-0.105338063871783,0.0765697556820019,-0.253239825589212,0.0450953956372621
"Floodwater storage capacity","Intermittently Exposed","Counties without ordinances",0.190561574217886,-0.0880333365832807,0.0766375848792733,-0.236598635593408,0.0622563961296851
"Floodwater storage capacity","Intermittently Exposed","Counties without ordinances",0.290561574217886,-0.0707286092947788,0.0774719619228333,-0.219043808555824,0.0828927470523264
"Floodwater storage capacity","Intermittently Exposed","Counties without ordinances",0.390561574217886,-0.0534238820062769,0.079048617251264,-0.207672994094259,0.103112010100061
"Floodwater storage capacity","Intermittently Exposed","Counties without ordinances",0.490561574217886,-0.036119154717775,0.0813243901398559,-0.194759291128612,0.126862763399176
"Floodwater storage capacity","Intermittently Exposed","Counties without ordinances",0.590561574217886,-0.0188144274292731,0.0842426406935403,-0.182333862850179,0.149443091773215
"Floodwater storage capacity","Intermittently Exposed","Counties without ordinances",0.690561574217886,-0.00150970014077121,0.0877392849728168,-0.17170114131064,0.171879376711082
"Floodwater storage capacity","Intermittently Exposed","Counties without ordinances",0.790561574217886,0.0157950271477307,0.0917482167738433,-0.164075256594947,0.19510348109276
"Floodwater storage capacity","Intermittently Exposed","Counties without ordinances",0.890561574217886,0.0330997544362326,0.0962054155021322,-0.154601860411354,0.223762968942098
"Floodwater storage capacity","Intermittently Exposed","Counties without ordinances",0.990561574217886,0.0504044817247345,0.101051581876854,-0.147681505946304,0.250616844941173
"Floodwater storage capacity","Intermittently Exposed","Counties without ordinances",1.09056157421789,0.0677092090132364,0.106233497376344,-0.139994895015251,0.27742659717153
"Floodwater storage capacity","Intermittently Exposed","Counties without ordinances",1.19056157421789,0.0850139363017383,0.111704446048149,-0.137298788467748,0.304341920477587
"Floodwater storage capacity","Intermittently Exposed","Counties without ordinances",1.29056157421789,0.10231866359024,0.117424035470412,-0.130889991318123,0.331511494888339
"Floodwater storage capacity","Intermittently Exposed","Counties without ordinances",1.39056157421789,0.119623390878742,0.123357685137604,-0.124805568291371,0.358649891116541
"Floodwater storage capacity","Intermittently Exposed","Counties without ordinances",1.49056157421789,0.136928118167244,0.129475968411048,-0.118097454598661,0.388935277267137
"Floodwater storage capacity","Intermittently Exposed","Counties without ordinances",1.59056157421789,0.154232845455746,0.135753923871717,-0.115420771837973,0.418717432243436
"Floodwater storage capacity","Intermittently Exposed","Counties without ordinances",1.69056157421789,0.171537572744248,0.142170400696755,-0.113812747775779,0.447615667932435
"Floodwater storage capacity","Intermittently Exposed","Counties without ordinances",1.79056157421789,0.18884230003275,0.14870746907638,-0.107162835786078,0.475988648289664
"Floodwater storage capacity","Intermittently Exposed","Counties without ordinances",1.89056157421789,0.206147027321252,0.155349906408237,-0.105803302537943,0.505026385919047
"Floodwater storage capacity","Intermittently Exposed","Counties without ordinances",1.99056157421789,0.223451754609753,0.16208475875329,-0.102383611300626,0.536054059113626
"Floodwater storage capacity","Intermittently Exposed","Counties without ordinances",2.09056157421789,0.240756481898255,0.168900971448643,-0.09764558861026,0.567537429648851
"Floodwater storage capacity","Intermittently Exposed","Counties without ordinances",2.19056157421789,0.258061209186757,0.175789080518664,-0.0931377332047482,0.597090280906386
"Floodwater storage capacity","Intermittently Exposed","Counties without ordinances",2.29056157421789,0.275365936475259,0.182740956110057,-0.0890537401054017,0.62613678973657
"Floodwater storage capacity","Intermittently Exposed","Counties without ordinances",2.39056157421789,0.292670663763761,0.189749589690089,-0.0881915040345681,0.657141861860989
"Floodwater storage capacity","Intermittently Exposed","Counties without ordinances",2.49056157421789,0.309975391052263,0.196808917664356,-0.0863625857757427,0.688723002102732
"Floodwater storage capacity","Intermittently Exposed","Counties without ordinances",2.59056157421789,0.327280118340765,0.203913675102952,-0.0836557020396046,0.720275603759735
"Floodwater storage capacity","Intermittently Exposed","Counties without ordinances",2.69056157421789,0.344584845629267,0.211059274264099,-0.0816571540355485,0.751817349505891
"Floodwater storage capacity","Intermittently Exposed","Counties without ordinances",2.79056157421789,0.361889572917769,0.218241703505316,-0.0791854747765777,0.783829428202784
"Floodwater storage capacity","Intermittently Exposed","Counties without ordinances",2.89056157421789,0.379194300206271,0.225457442951072,-0.0790848057820315,0.815355977542714
"Floodwater storage capacity","Intermittently Exposed","Counties without ordinances",2.99056157421789,0.396499027494772,0.232703393942348,-0.0766576817275507,0.847242571472032
"Floodwater storage capacity","Intermittently Exposed","Counties without ordinances",3.09056157421789,0.413803754783274,0.239976819838205,-0.0732411198325154,0.877809017032812
"Floodwater storage capacity","Intermittently Exposed","Counties without ordinances",3.19056157421789,0.431108482071776,0.247275296186554,-0.0700019585421012,0.908928312623192
"Floodwater storage capacity","Intermittently Exposed","Counties without ordinances",3.29056157421789,0.448413209360278,0.254596668646226,-0.0676161711851678,0.940156939408949
"Floodwater storage capacity","Intermittently Exposed","Counties without ordinances",3.39056157421789,0.46571793664878,0.261939017338929,-0.0646433031488187,0.97214101987221
"Floodwater storage capacity","Intermittently Exposed","Counties without ordinances",3.49056157421789,0.483022663937282,0.269300626550198,-0.0626167413168385,1.00212560263207
"Floodwater storage capacity","Intermittently Exposed","Counties without ordinances",3.59056157421789,0.500327391225784,0.276679958893473,-0.0591184195012697,1.0316850755294
"Floodwater storage capacity","Intermittently Exposed","Counties without ordinances",3.69056157421789,0.517632118514286,0.284075633209498,-0.0551748547728252,1.06251448986893
"Floodwater storage capacity","Intermittently Exposed","Counties without ordinances",3.79056157421789,0.534936845802788,0.291486405601667,-0.0515305713381676,1.09518058732113
"Floodwater storage capacity","Intermittently Exposed","Counties without ordinances",3.89056157421789,0.55224157309129,0.29891115311226,-0.048260231855362,1.12668355226135
"Floodwater storage capacity","Intermittently Exposed","Counties without ordinances",3.99056157421789,0.569546300379791,0.306348859629574,-0.0455292457337132,1.15786257985184
"Floodwater storage capacity","Intermittently Exposed","Counties without ordinances",4.09056157421789,0.586851027668293,0.313798603685388,-0.0427982596120644,1.18978735359665
"Floodwater storage capacity","Semipermanently Flooded","Entire state",-1.20943842578211,-0.0386363201818137,0.161448119670652,-0.358760461774501,0.269005503687
"Floodwater storage capacity","Semipermanently Flooded","Entire state",-1.10943842578211,-0.0355542117033142,0.15375027351048,-0.338845421535992,0.259140520415802
"Floodwater storage capacity","Semipermanently Flooded","Entire state",-1.00943842578211,-0.0324721032248148,0.146365843803696,-0.321824745385558,0.247722659217225
"Floodwater storage capacity","Semipermanently Flooded","Entire state",-0.909438425782114,-0.0293899947463153,0.139344667026229,-0.305557640027768,0.239359331123825
"Floodwater storage capacity","Semipermanently Flooded","Entire state",-0.809438425782114,-0.0263078862678158,0.1327443957137,-0.28661395345848,0.233508665368356
"Floodwater storage capacity","Semipermanently Flooded","Entire state",-0.709438425782114,-0.0232257777893164,0.126630862456995,-0.271004806350625,0.229419620605453
"Floodwater storage capacity","Semipermanently Flooded","Entire state",-0.609438425782114,-0.0201436693108169,0.121077819720507,-0.259994100174596,0.219232975705676
"Floodwater storage capacity","Semipermanently Flooded","Entire state",-0.509438425782114,-0.0170615608323174,0.116165674355219,-0.244487204486578,0.213131964718036
"Floodwater storage capacity","Semipermanently Flooded","Entire state",-0.409438425782114,-0.013979452353818,0.11197880039095,-0.230691439132732,0.20777469029569
"Floodwater storage capacity","Semipermanently Flooded","Entire state",-0.309438425782114,-0.0108973438753185,0.108601113917179,-0.216661833692966,0.204944825464055
"Floodwater storage capacity","Semipermanently Flooded","Entire state",-0.209438425782114,-0.00781523539681906,0.106109917159377,-0.20872650677969,0.201458964957828
"Floodwater storage capacity","Semipermanently Flooded","Entire state",-0.109438425782114,-0.00473312691831959,0.104568587365183,-0.204105631606507,0.201235626740335
"Floodwater storage capacity","Semipermanently Flooded","Entire state",-0.00943842578211385,-0.00165101843982013,0.104019357698422,-0.199180242856635,0.202499609532017
"Floodwater storage capacity","Semipermanently Flooded","Entire state",0.090561574217886,0.00143109003867933,0.104477875442108,-0.198696238214049,0.203914113915598
"Floodwater storage capacity","Semipermanently Flooded","Entire state",0.190561574217886,0.0045131985171788,0.105931055438257,-0.200287783056593,0.210910409752488
"Floodwater storage capacity","Semipermanently Flooded","Entire state",0.290561574217886,0.00759530699567826,0.10833888002048,-0.200986338239836,0.22051264290723
"Floodwater storage capacity","Semipermanently Flooded","Entire state",0.390561574217886,0.0106774154741777,0.111639597412311,-0.206870118318162,0.230685755723998
"Floodwater storage capacity","Semipermanently Flooded","Entire state",0.490561574217886,0.0137595239526772,0.115756852346356,-0.216165754087756,0.236820078954218
"Floodwater storage capacity","Semipermanently Flooded","Entire state",0.590561574217886,0.0168416324311767,0.120607049496915,-0.225458435764894,0.249337831939762
"Floodwater storage capacity","Semipermanently Flooded","Entire state",0.690561574217886,0.0199237409096761,0.126105647296339,-0.236078604510357,0.263063518895105
"Floodwater storage capacity","Semipermanently Flooded","Entire state",0.790561574217886,0.0230058493881756,0.132171746376328,-0.242082209949709,0.278771169684787
"Floodwater storage capacity","Semipermanently Flooded","Entire state",0.890561574217886,0.026087957866675,0.138730923621124,-0.253559487870263,0.299857867165315
"Floodwater storage capacity","Semipermanently Flooded","Entire state",0.990561574217886,0.0291700663451745,0.145716609093934,-0.262851482829361,0.318576369498435
"Floodwater storage capacity","Semipermanently Flooded","Entire state",1.09056157421789,0.032252174823674,0.153070420171111,-0.276059142785652,0.336360994976526
"Floodwater storage capacity","Semipermanently Flooded","Entire state",1.19056157421789,0.0353342833021734,0.160741840431634,-0.290045830452961,0.354812943149688
"Floodwater storage capacity","Semipermanently Flooded","Entire state",1.29056157421789,0.0384163917806729,0.168687543605921,-0.298504073227565,0.370786049934691
"Floodwater storage capacity","Semipermanently Flooded","Entire state",1.39056157421789,0.0414985002591724,0.176870568039773,-0.311848931628558,0.392636008832923
"Floodwater storage capacity","Semipermanently Flooded","Entire state",1.49056157421789,0.0445806087376718,0.185259468524788,-0.322740876972745,0.414266365294974
"Floodwater storage capacity","Semipermanently Flooded","Entire state",1.59056157421789,0.0476627172161713,0.193827515812188,-0.332683293712142,0.435210645637289
"Floodwater storage capacity","Semipermanently Flooded","Entire state",1.69056157421789,0.0507448256946708,0.202551977186655,-0.349153958904464,0.454502776631759
"Floodwater storage capacity","Semipermanently Flooded","Entire state",1.79056157421789,0.0538269341731702,0.211413489179344,-0.364067642675166,0.476957815100203
"Floodwater storage capacity","Semipermanently Flooded","Entire state",1.89056157421789,0.0569090426516697,0.220395521098339,-0.380242198414825,0.496346989294796
"Floodwater storage capacity","Semipermanently Flooded","Entire state",1.99056157421789,0.0599911511301691,0.22948392188102,-0.39427151108849,0.516954443354963
"Floodwater storage capacity","Semipermanently Flooded","Entire state",2.09056157421789,0.0630732596086686,0.238666540285902,-0.408532834821744,0.533591232104
"Floodwater storage capacity","Semipermanently Flooded","Entire state",2.19056157421789,0.0661553680871681,0.247932908002653,-0.423243089225004,0.553687507772098
"Floodwater storage capacity","Semipermanently Flooded","Entire state",2.29056157421789,0.0692374765656675,0.257273975865661,-0.433465700303388,0.574767691677965
"Floodwater storage capacity","Semipermanently Flooded","Entire state",2.39056157421789,0.072319585044167,0.26668189442341,-0.446651496498066,0.596890330104161
"Floodwater storage capacity","Semipermanently Flooded","Entire state",2.49056157421789,0.0754016935226665,0.276149831318536,-0.462873422471929,0.618118810777752
"Floodwater storage capacity","Semipermanently Flooded","Entire state",2.59056157421789,0.0784838020011659,0.28567181910317,-0.475836061942322,0.637984008502167
"Floodwater storage capacity","Semipermanently Flooded","Entire state",2.69056157421789,0.0815659104796654,0.295242628173229,-0.487873394140971,0.660092992184956
"Floodwater storage capacity","Semipermanently Flooded","Entire state",2.79056157421789,0.0846480189581648,0.304857660425351,-0.502780024472096,0.68121083636142
"Floodwater storage capacity","Semipermanently Flooded","Entire state",2.89056157421789,0.0877301274366643,0.314512860019848,-0.518480918087684,0.703329377443346
"Floodwater storage capacity","Semipermanently Flooded","Entire state",2.99056157421789,0.0908122359151638,0.32420463828294,-0.536197552386118,0.724766231131822
"Floodwater storage capacity","Semipermanently Flooded","Entire state",3.09056157421789,0.0938943443936632,0.333929810317889,-0.552440924998747,0.744765478835047
"Floodwater storage capacity","Semipermanently Flooded","Entire state",3.19056157421789,0.0969764528721627,0.343685541334187,-0.568057486061213,0.769176701711496
"Floodwater storage capacity","Semipermanently Flooded","Entire state",3.29056157421789,0.100058561350662,0.353469301062861,-0.580838679494036,0.792915555463513
"Floodwater storage capacity","Semipermanently Flooded","Entire state",3.39056157421789,0.103140669829162,0.363278824918304,-0.598720006325398,0.815626782969883
"Floodwater storage capacity","Semipermanently Flooded","Entire state",3.49056157421789,0.106222778307661,0.373112080805007,-0.614607979265205,0.838356639007281
"Floodwater storage capacity","Semipermanently Flooded","Entire state",3.59056157421789,0.109304886786161,0.382967240661291,-0.630106985783533,0.861052137313307
"Floodwater storage capacity","Semipermanently Flooded","Entire state",3.69056157421789,0.11238699526466,0.392842655989985,-0.645580517210041,0.883768055731993
"Floodwater storage capacity","Semipermanently Flooded","Entire state",3.79056157421789,0.115469103743159,0.40273683675481,-0.664361814760292,0.906473764094349
"Floodwater storage capacity","Semipermanently Flooded","Entire state",3.89056157421789,0.118551212221659,0.412648433126479,-0.6780209736081,0.929571662874283
"Floodwater storage capacity","Semipermanently Flooded","Entire state",3.99056157421789,0.121633320700158,0.422576219648796,-0.69179150033858,0.952323548555249
"Floodwater storage capacity","Semipermanently Flooded","Entire state",4.09056157421789,0.124715429178658,0.432519081465846,-0.707137337439535,0.97473020208345
"Floodwater storage capacity","Semipermanently Flooded","Counties without ordinances",-1.20943842578211,-0.332602883607746,0.123950137623427,-0.579575260280006,-0.0886564312741625
"Floodwater storage capacity","Semipermanently Flooded","Counties without ordinances",-1.10943842578211,-0.315197387675749,0.117836881876686,-0.549604900308441,-0.0834929376625172
"Floodwater storage capacity","Semipermanently Flooded","Counties without ordinances",-1.00943842578211,-0.297791891743751,0.111923167196527,-0.519199051752154,-0.0779304960761872
"Floodwater storage capacity","Semipermanently Flooded","Counties without ordinances",-0.909438425782114,-0.280386395811754,0.106242319682467,-0.488240677139788,-0.0708894294668522
"Floodwater storage capacity","Semipermanently Flooded","Counties without ordinances",-0.809438425782114,-0.262980899879756,0.100833705372011,-0.461954451601057,-0.0649977827649757
"Floodwater storage capacity","Semipermanently Flooded","Counties without ordinances",-0.709438425782114,-0.245575403947759,0.0957434713070064,-0.437538361074492,-0.0554856490069308
"Floodwater storage capacity","Semipermanently Flooded","Counties without ordinances",-0.609438425782114,-0.228169908015761,0.0910250458286607,-0.409757873760756,-0.0499978473289478
"Floodwater storage capacity","Semipermanently Flooded","Counties without ordinances",-0.509438425782114,-0.210764412083764,0.086739126982188,-0.384081813057981,-0.0412475589122232
"Floodwater storage capacity","Semipermanently Flooded","Counties without ordinances",-0.409438425782114,-0.193358916151767,0.0829527808001795,-0.356914308364801,-0.0316045170394937
"Floodwater storage capacity","Semipermanently Flooded","Counties without ordinances",-0.309438425782114,-0.175953420219769,0.0797372061628778,-0.333008182704877,-0.019514026459619
"Floodwater storage capacity","Semipermanently Flooded","Counties without ordinances",-0.209438425782114,-0.158547924287772,0.0771637917819494,-0.314034593728449,-0.0090615766727527
"Floodwater storage capacity","Semipermanently Flooded","Counties without ordinances",-0.109438425782114,-0.141142428355774,0.075298406284615,-0.292596379930258,0.00705827545653524
"Floodwater storage capacity","Semipermanently Flooded","Counties without ordinances",-0.00943842578211385,-0.123736932423777,0.0741944723491313,-0.272576584827688,0.024881728079485
"Floodwater storage capacity","Semipermanently Flooded","Counties without ordinances",0.090561574217886,-0.106331436491779,0.0738861284454477,-0.255366268671698,0.0408365122321486
"Floodwater storage capacity","Semipermanently Flooded","Counties without ordinances",0.190561574217886,-0.0889259405597815,0.074383269204012,-0.241314895857652,0.0632495564000759
"Floodwater storage capacity","Semipermanently Flooded","Counties without ordinances",0.290561574217886,-0.0715204446277841,0.0756700205472682,-0.224914063227387,0.0850207998598591
"Floodwater storage capacity","Semipermanently Flooded","Counties without ordinances",0.390561574217886,-0.0541149486957866,0.0777071669352293,-0.211400703945121,0.10518512233683
"Floodwater storage capacity","Semipermanently Flooded","Counties without ordinances",0.490561574217886,-0.0367094527637891,0.0804377155810838,-0.202391104582626,0.125567321323866
"Floodwater storage capacity","Semipermanently Flooded","Counties without ordinances",0.590561574217886,-0.0193039568317916,0.0837939072608218,-0.190772279548896,0.151035690937739
"Floodwater storage capacity","Semipermanently Flooded","Counties without ordinances",0.690561574217886,-0.00189846089979408,0.0877039463849559,-0.180031918010145,0.175991698192135
"Floodwater storage capacity","Semipermanently Flooded","Counties without ordinances",0.790561574217886,0.0155070350322034,0.0920973183121169,-0.167058866441426,0.200203727940495
"Floodwater storage capacity","Semipermanently Flooded","Counties without ordinances",0.890561574217886,0.0329125309642009,0.0969083091401335,-0.15974354839696,0.228449973585495
"Floodwater storage capacity","Semipermanently Flooded","Counties without ordinances",0.990561574217886,0.0503180268961984,0.102077888065164,-0.150601459106882,0.254108440013063
"Floodwater storage capacity","Semipermanently Flooded","Counties without ordinances",1.09056157421789,0.0677235228281959,0.107554361113888,-0.142062617016046,0.284501171551093
"Floodwater storage capacity","Semipermanently Flooded","Counties without ordinances",1.19056157421789,0.0851290187601934,0.11329323222822,-0.134530248891712,0.313783438343697
"Floodwater storage capacity","Semipermanently Flooded","Counties without ordinances",1.29056157421789,0.102534514692191,0.11925662603875,-0.12856818664786,0.34158687882271
"Floodwater storage capacity","Semipermanently Flooded","Counties without ordinances",1.39056157421789,0.119940010624188,0.125412518318162,-0.121991742883159,0.370486047923496
"Floodwater storage capacity","Semipermanently Flooded","Counties without ordinances",1.49056157421789,0.137345506556186,0.131733925618985,-0.117106562489705,0.40409229397064
"Floodwater storage capacity","Semipermanently Flooded","Counties without ordinances",1.59056157421789,0.154751002488183,0.138198137029417,-0.113694938274615,0.435716355951777
"Floodwater storage capacity","Semipermanently Flooded","Counties without ordinances",1.69056157421789,0.172156498420181,0.144786026636354,-0.109528398443092,0.4677442711862
"Floodwater storage capacity","Semipermanently Flooded","Counties without ordinances",1.79056157421789,0.189561994352178,0.151481459100487,-0.104855772710602,0.497733859289202
"Floodwater storage capacity","Semipermanently Flooded","Counties without ordinances",1.89056157421789,0.206967490284176,0.158270786643051,-0.101206151571983,0.526573106261312
"Floodwater storage capacity","Semipermanently Flooded","Counties without ordinances",1.99056157421789,0.224372986216173,0.165142429040317,-0.0978918892564313,0.558272715239153
"Floodwater storage capacity","Semipermanently Flooded","Counties without ordinances",2.09056157421789,0.241778482148171,0.172086525751989,-0.0937254705009459,0.589951090962669
"Floodwater storage capacity","Semipermanently Flooded","Counties without ordinances",2.19056157421789,0.259183978080168,0.179094649090284,-0.0904290703052219,0.621482918975654
"Floodwater storage capacity","Semipermanently Flooded","Counties without ordinances",2.29056157421789,0.276589474012166,0.186159568197507,-0.0857373635293017,0.651691433866824
"Floodwater storage capacity","Semipermanently Flooded","Counties without ordinances",2.39056157421789,0.293994969944163,0.193275054886865,-0.083661071951983,0.685491076048677
"Floodwater storage capacity","Semipermanently Flooded","Counties without ordinances",2.49056157421789,0.311400465876161,0.20043572376921,-0.0811349666015444,0.716431454900572
"Floodwater storage capacity","Semipermanently Flooded","Counties without ordinances",2.59056157421789,0.328805961808158,0.207636900370772,-0.0784933585681837,0.746580284647827
"Floodwater storage capacity","Semipermanently Flooded","Counties without ordinances",2.69056157421789,0.346211457740156,0.214874512075315,-0.0748834850711462,0.777126064708504
"Floodwater storage capacity","Semipermanently Flooded","Counties without ordinances",2.79056157421789,0.363616953672153,0.222144997681594,-0.0711780786184091,0.807478255541846
"Floodwater storage capacity","Semipermanently Flooded","Counties without ordinances",2.89056157421789,0.381022449604151,0.229445232161478,-0.0695988099005887,0.839734334544863
"Floodwater storage capacity","Semipermanently Flooded","Counties without ordinances",2.99056157421789,0.398427945536148,0.236772463854313,-0.0675551398989727,0.872605149583559
"Floodwater storage capacity","Semipermanently Flooded","Counties without ordinances",3.09056157421789,0.415833441468146,0.244124261860588,-0.0640588319000799,0.903481016523128
"Floodwater storage capacity","Semipermanently Flooded","Counties without ordinances",3.19056157421789,0.433238937400143,0.251498471823669,-0.0590718988062009,0.935600853877577
"Floodwater storage capacity","Semipermanently Flooded","Counties without ordinances",3.29056157421789,0.450644433332141,0.258893178630941,-0.0551617565754855,0.966296038569236
"Floodwater storage capacity","Semipermanently Flooded","Counties without ordinances",3.39056157421789,0.468049929264138,0.266306674841154,-0.0518677864905906,0.996532283242821
"Floodwater storage capacity","Semipermanently Flooded","Counties without ordinances",3.49056157421789,0.485455425196136,0.273737433866104,-0.049922849926347,1.02757403246097
"Floodwater storage capacity","Semipermanently Flooded","Counties without ordinances",3.59056157421789,0.502860921128133,0.281184087113008,-0.04642505043075,1.05689890662433
"Floodwater storage capacity","Semipermanently Flooded","Counties without ordinances",3.69056157421789,0.520266417060131,0.288645404437486,-0.0429272509351529,1.0884664194632
"Floodwater storage capacity","Semipermanently Flooded","Counties without ordinances",3.79056157421789,0.537671912992128,0.296120277373084,-0.0394254074960426,1.11963315325646
"Floodwater storage capacity","Semipermanently Flooded","Counties without ordinances",3.89056157421789,0.555077408924126,0.303607704697152,-0.0362456820338672,1.15028660166521
"Floodwater storage capacity","Semipermanently Flooded","Counties without ordinances",3.99056157421789,0.572482904856123,0.311106779969131,-0.0340329300432447,1.1809943891898
"Floodwater storage capacity","Semipermanently Flooded","Counties without ordinances",4.09056157421789,0.589888400788121,0.318616680739377,-0.0293089631645809,1.21292007474981
"Floodwater storage capacity","Seasonally Flooded","Entire state",-1.20943842578211,-0.0300956997518353,0.15553579975676,-0.339047455035457,0.276523485871364
"Floodwater storage capacity","Seasonally Flooded","Entire state",-1.10943842578211,-0.0275099326561633,0.147651520852442,-0.316865098262939,0.26409027770267
"Floodwater storage capacity","Seasonally Flooded","Entire state",-1.00943842578211,-0.0249241655604913,0.140081851909285,-0.2998787912911,0.251213958724826
"Floodwater storage capacity","Seasonally Flooded","Entire state",-0.909438425782114,-0.0223383984648194,0.132880569982454,-0.285660008669309,0.239727124574879
"Floodwater storage capacity","Seasonally Flooded","Entire state",-0.809438425782114,-0.0197526313691474,0.126110798679655,-0.270559786760671,0.229343623803998
"Floodwater storage capacity","Seasonally Flooded","Entire state",-0.709438425782114,-0.0171668642734755,0.119845685064631,-0.2538433598176,0.219803732171978
"Floodwater storage capacity","Seasonally Flooded","Entire state",-0.609438425782114,-0.0145810971778035,0.114168340330551,-0.241707913865359,0.21023478991734
"Floodwater storage capacity","Seasonally Flooded","Entire state",-0.509438425782114,-0.0119953300821316,0.109170502697779,-0.227322130013751,0.200758927714477
"Floodwater storage capacity","Seasonally Flooded","Entire state",-0.409438425782114,-0.00940956298645961,0.104949294447226,-0.215740503643005,0.194195358395519
"Floodwater storage capacity","Seasonally Flooded","Entire state",-0.309438425782114,-0.00682379589078766,0.101601560868359,-0.207972820506774,0.192758640412522
"Floodwater storage capacity","Seasonally Flooded","Entire state",-0.209438425782114,-0.0042380287951157,0.0992157596203074,-0.200295579507447,0.188438341744034
"Floodwater storage capacity","Seasonally Flooded","Entire state",-0.109438425782114,-0.00165226169944374,0.0978622693555284,-0.199393540326533,0.186413005979637
"Floodwater storage capacity","Seasonally Flooded","Entire state",-0.00943842578211385,0.000933505396228218,0.0975840539741247,-0.196247213101388,0.189218785207522
"Floodwater storage capacity","Seasonally Flooded","Entire state",0.090561574217886,0.00351927249190017,0.0983902354752103,-0.19177086169526,0.193859407783028
"Floodwater storage capacity","Seasonally Flooded","Entire state",0.190561574217886,0.00610503958757213,0.100254657268085,-0.191986264843127,0.201826054213634
"Floodwater storage capacity","Seasonally Flooded","Entire state",0.290561574217886,0.00869080668324408,0.103119935954435,-0.193672801273024,0.211563405833895
"Floodwater storage capacity","Seasonally Flooded","Entire state",0.390561574217886,0.011276573778916,0.106905627067914,-0.200638228684237,0.225946902088738
"Floodwater storage capacity","Seasonally Flooded","Entire state",0.490561574217886,0.013862340874588,0.111518034535013,-0.204218277712814,0.235683045634623
"Floodwater storage capacity","Seasonally Flooded","Entire state",0.590561574217886,0.01644810797026,0.116859308463436,-0.211099154071365,0.247213823776298
"Floodwater storage capacity","Seasonally Flooded","Entire state",0.690561574217886,0.0190338750659319,0.122834404556639,-0.222050713422572,0.26070454913145
"Floodwater storage capacity","Seasonally Flooded","Entire state",0.790561574217886,0.0216196421616039,0.129355521456361,-0.231847146388643,0.278104759806861
"Floodwater storage capacity","Seasonally Flooded","Entire state",0.890561574217886,0.0242054092572758,0.13634433592908,-0.240857249913673,0.294471048004079
"Floodwater storage capacity","Seasonally Flooded","Entire state",0.990561574217886,0.0267911763529478,0.143732640582674,-0.250881330745703,0.315090221664631
"Floodwater storage capacity","Seasonally Flooded","Entire state",1.09056157421789,0.0293769434486197,0.151461985389159,-0.265451263568036,0.331237254470293
"Floodwater storage capacity","Seasonally Flooded","Entire state",1.19056157421789,0.0319627105442917,0.159482792449264,-0.28188989771591,0.348967050073587
"Floodwater storage capacity","Seasonally Flooded","Entire state",1.29056157421789,0.0345484776399636,0.16775325981046,-0.297181307336417,0.368444715477686
"Floodwater storage capacity","Seasonally Flooded","Entire state",1.39056157421789,0.0371342447356356,0.176238242974924,-0.307447346803502,0.385477493512925
"Floodwater storage capacity","Seasonally Flooded","Entire state",1.49056157421789,0.0397200118313076,0.184908213492457,-0.321890266489819,0.407461164940742
"Floodwater storage capacity","Seasonally Flooded","Entire state",1.59056157421789,0.0423057789269795,0.193738337887181,-0.333593834271665,0.42610784623278
"Floodwater storage capacity","Seasonally Flooded","Entire state",1.69056157421789,0.0448915460226515,0.20270768791004,-0.349536806950563,0.449604051627467
"Floodwater storage capacity","Seasonally Flooded","Entire state",1.79056157421789,0.0474773131183234,0.211798576313942,-0.365553900189039,0.469919942267486
"Floodwater storage capacity","Seasonally Flooded","Entire state",1.89056157421789,0.0500630802139954,0.220996004804663,-0.377898430054518,0.4903007398272
"Floodwater storage capacity","Seasonally Flooded","Entire state",1.99056157421789,0.0526488473096673,0.230287208439514,-0.394517605088543,0.509991319474668
"Floodwater storage capacity","Seasonally Flooded","Entire state",2.09056157421789,0.0552346144053393,0.239661281024569,-0.410046999697762,0.530497612097918
"Floodwater storage capacity","Seasonally Flooded","Entire state",2.19056157421789,0.0578203815010113,0.249108867554011,-0.423782480094435,0.553401876227783
"Floodwater storage capacity","Seasonally Flooded","Entire state",2.29056157421789,0.0604061485966832,0.258621911650923,-0.439649686562975,0.577158200917221
"Floodwater storage capacity","Seasonally Flooded","Entire state",2.39056157421789,0.0629919156923552,0.268193447903087,-0.45567972884585,0.598192422739165
"Floodwater storage capacity","Seasonally Flooded","Entire state",2.49056157421789,0.0655776827880271,0.277817430753624,-0.471566604629834,0.621197264131503
"Floodwater storage capacity","Seasonally Flooded","Entire state",2.59056157421789,0.0681634498836991,0.287488593135755,-0.488511385745866,0.642750076239023
"Floodwater storage capacity","Seasonally Flooded","Entire state",2.69056157421789,0.070749216979371,0.297202329324717,-0.50205973585278,0.664921771877116
"Floodwater storage capacity","Seasonally Flooded","Entire state",2.79056157421789,0.073334984075043,0.306954597537048,-0.516712731259407,0.686356626604359
"Floodwater storage capacity","Seasonally Flooded","Entire state",2.89056157421789,0.075920751170715,0.316741838667481,-0.535109213060208,0.706639491768348
"Floodwater storage capacity","Seasonally Flooded","Entire state",2.99056157421789,0.0785065182663869,0.32656090824839,-0.550714891371484,0.728764047079828
"Floodwater storage capacity","Seasonally Flooded","Entire state",3.09056157421789,0.0810922853620589,0.336409019275348,-0.56714364245545,0.750809401519055
"Floodwater storage capacity","Seasonally Flooded","Entire state",3.19056157421789,0.0836780524577308,0.346283693990667,-0.58280499101319,0.771697122048308
"Floodwater storage capacity","Seasonally Flooded","Entire state",3.29056157421789,0.0862638195534028,0.356182723076335,-0.598016069234199,0.792538015821789
"Floodwater storage capacity","Seasonally Flooded","Entire state",3.39056157421789,0.0888495866490747,0.3661041309963,-0.614963148037893,0.81596879903638
"Floodwater storage capacity","Seasonally Flooded","Entire state",3.49056157421789,0.0914353537447467,0.376046146459807,-0.632886774093511,0.835891690277241
"Floodwater storage capacity","Seasonally Flooded","Entire state",3.59056157421789,0.0940211208404187,0.386007177164125,-0.646833429840246,0.860648980680748
"Floodwater storage capacity","Seasonally Flooded","Entire state",3.69056157421789,0.0966068879360906,0.395985788125526,-0.662795021380127,0.88167965233482
"Floodwater storage capacity","Seasonally Flooded","Entire state",3.79056157421789,0.0991926550317626,0.405980683029135,-0.682070353153412,0.899079255804008
"Floodwater storage capacity","Seasonally Flooded","Entire state",3.89056157421789,0.101778422127435,0.415990688127083,-0.695829163538287,0.919049940573182
"Floodwater storage capacity","Seasonally Flooded","Entire state",3.99056157421789,0.104364189223106,0.426014738294716,-0.711439891351413,0.941930941622676
"Floodwater storage capacity","Seasonally Flooded","Entire state",4.09056157421789,0.106949956318778,0.43605186492024,-0.727756291684711,0.964430146072313
"Floodwater storage capacity","Seasonally Flooded","Counties without ordinances",-1.20943842578211,-0.308133222498703,0.125711306970035,-0.550146395219425,-0.0629665455927989
"Floodwater storage capacity","Seasonally Flooded","Counties without ordinances",-1.10943842578211,-0.29257400469692,0.119748410640787,-0.523636428085431,-0.0600107654051747
"Floodwater storage capacity","Seasonally Flooded","Counties without ordinances",-1.00943842578211,-0.277014786895138,0.113973094071144,-0.496521784087179,-0.0551024233115944
"Floodwater storage capacity","Seasonally Flooded","Counties without ordinances",-0.909438425782114,-0.261455569093356,0.108415338691442,-0.470747965263366,-0.0511370116297537
"Floodwater storage capacity","Seasonally Flooded","Counties without ordinances",-0.809438425782114,-0.245896351291574,0.103110330836853,-0.443918471281577,-0.0468495121927601
"Floodwater storage capacity","Seasonally Flooded","Counties without ordinances",-0.709438425782114,-0.230337133489792,0.0980990833660812,-0.417637144498421,-0.0390349672668393
"Floodwater storage capacity","Seasonally Flooded","Counties without ordinances",-0.609438425782114,-0.214777915688009,0.0934288775460802,-0.392598136432513,-0.0307536908416239
"Floodwater storage capacity","Seasonally Flooded","Counties without ordinances",-0.509438425782114,-0.199218697886227,0.089153324851351,-0.368838457664565,-0.025246831489754
"Floodwater storage capacity","Seasonally Flooded","Counties without ordinances",-0.409438425782114,-0.183659480084445,0.0853317682627962,-0.345408638753032,-0.0166482783534445
"Floodwater storage capacity","Seasonally Flooded","Counties without ordinances",-0.309438425782114,-0.168100262282663,0.0820276854966392,-0.32488172776036,-0.00634004274478302
"Floodwater storage capacity","Seasonally Flooded","Counties without ordinances",-0.209438425782114,-0.152541044480881,0.0793057808188692,-0.304086109849713,0.0032021654062684
"Floodwater storage capacity","Seasonally Flooded","Counties without ordinances",-0.109438425782114,-0.136981826679098,0.077227635758972,-0.28289788825681,0.0158729166087573
"Floodwater storage capacity","Seasonally Flooded","Counties without ordinances",-0.00943842578211385,-0.121422608877316,0.0758461848007226,-0.26360740709808,0.0306279563740441
"Floodwater storage capacity","Seasonally Flooded","Counties without ordinances",0.090561574217886,-0.105863391075534,0.0751998333974566,-0.247874305805666,0.0466372922173033
"Floodwater storage capacity","Seasonally Flooded","Counties without ordinances",0.190561574217886,-0.0903041732737519,0.075307511627062,-0.233864631709478,0.0627121603482041
"Floodwater storage capacity","Seasonally Flooded","Counties without ordinances",0.290561574217886,-0.0747449554719697,0.0761660215725482,-0.218876530067764,0.0782233666707538
"Floodwater storage capacity","Seasonally Flooded","Counties without ordinances",0.390561574217886,-0.0591857376701875,0.0777504954787727,-0.206846628800429,0.0930172489553382
"Floodwater storage capacity","Seasonally Flooded","Counties without ordinances",0.490561574217886,-0.0436265198684053,0.0800178194058949,-0.198574298360303,0.113385825805253
"Floodwater storage capacity","Seasonally Flooded","Counties without ordinances",0.590561574217886,-0.0280673020666231,0.0829119923052698,-0.188905195288772,0.13307983220998
"Floodwater storage capacity","Seasonally Flooded","Counties without ordinances",0.690561574217886,-0.0125080842648409,0.0863700219049342,-0.178035176178542,0.153506022754312
"Floodwater storage capacity","Seasonally Flooded","Counties without ordinances",0.790561574217886,0.00305113353694122,0.0903271723788775,-0.169085294024978,0.178045708650516
"Floodwater storage capacity","Seasonally Flooded","Counties without ordinances",0.890561574217886,0.0186103513387234,0.0947209091296271,-0.164268189832007,0.203980963102341
"Floodwater storage capacity","Seasonally Flooded","Counties without ordinances",0.990561574217886,0.0341695691405056,0.0994934085907085,-0.156777966551352,0.229777072987761
"Floodwater storage capacity","Seasonally Flooded","Counties without ordinances",1.09056157421789,0.0497287869422878,0.104592835557352,-0.151177039782851,0.256266900745678
"Floodwater storage capacity","Seasonally Flooded","Counties without ordinances",1.19056157421789,0.06528800474407,0.109973721029761,-0.146307754884179,0.283732368393468
"Floodwater storage capacity","Seasonally Flooded","Counties without ordinances",1.29056157421789,0.0808472225458522,0.115596767059513,-0.141036796600806,0.310090352313788
"Floodwater storage capacity","Seasonally Flooded","Counties without ordinances",1.39056157421789,0.0964064403476344,0.121428336735565,-0.136890769943061,0.337636781486654
"Floodwater storage capacity","Seasonally Flooded","Counties without ordinances",1.49056157421789,0.111965658149417,0.127439807518668,-0.131450992395243,0.363935469730731
"Floodwater storage capacity","Seasonally Flooded","Counties without ordinances",1.59056157421789,0.127524875951199,0.133606898357456,-0.127081383929055,0.390294609156859
"Floodwater storage capacity","Seasonally Flooded","Counties without ordinances",1.69056157421789,0.143084093752981,0.139909031900299,-0.125027772306079,0.419197717313864
"Floodwater storage capacity","Seasonally Flooded","Counties without ordinances",1.79056157421789,0.158643311554763,0.146328761001155,-0.121474185084443,0.448444060120553
"Floodwater storage capacity","Seasonally Flooded","Counties without ordinances",1.89056157421789,0.174202529356545,0.15285126939369,-0.118487725969986,0.476776258746407
"Floodwater storage capacity","Seasonally Flooded","Counties without ordinances",1.99056157421789,0.189761747158328,0.159463945720237,-0.116456131874022,0.504041286198199
"Floodwater storage capacity","Seasonally Flooded","Counties without ordinances",2.09056157421789,0.20532096496011,0.166156024821088,-0.112152590854795,0.5323025106687
"Floodwater storage capacity","Seasonally Flooded","Counties without ordinances",2.19056157421789,0.220880182761892,0.172918288085154,-0.107667016644843,0.563087494707466
"Floodwater storage capacity","Seasonally Flooded","Counties without ordinances",2.29056157421789,0.236439400563674,0.179742814305689,-0.108155352877652,0.591191673587461
"Floodwater storage capacity","Seasonally Flooded","Counties without ordinances",2.39056157421789,0.251998618365456,0.186622773007566,-0.105676787120266,0.620840860403249
"Floodwater storage capacity","Seasonally Flooded","Counties without ordinances",2.49056157421789,0.267557836167238,0.193552253114792,-0.102709691355037,0.647411512331106
"Floodwater storage capacity","Seasonally Flooded","Counties without ordinances",2.59056157421789,0.283117053969021,0.200526120834336,-0.0999400450552265,0.67681487877964
"Floodwater storage capacity","Seasonally Flooded","Counties without ordinances",2.69056157421789,0.298676271770803,0.207539901604958,-0.10057642390824,0.707175981446105
"Floodwater storage capacity","Seasonally Flooded","Counties without ordinances",2.79056157421789,0.314235489572585,0.214589681834425,-0.0993049450513627,0.737898349983235
"Floodwater storage capacity","Seasonally Flooded","Counties without ordinances",2.89056157421789,0.329794707374367,0.22167202690389,-0.0979498231580253,0.770343935976339
"Floodwater storage capacity","Seasonally Flooded","Counties without ordinances",2.99056157421789,0.345353925176149,0.228783912554692,-0.0931242161750136,0.803279235790183
"Floodwater storage capacity","Seasonally Flooded","Counties without ordinances",3.09056157421789,0.360913142977932,0.235922667300668,-0.0924253089815201,0.832723597513643
"Floodwater storage capacity","Seasonally Flooded","Counties without ordinances",3.19056157421789,0.376472360779714,0.243085923942473,-0.0908056764062546,0.86168412726815
"Floodwater storage capacity","Seasonally Flooded","Counties without ordinances",3.29056157421789,0.392031578581496,0.250271578614002,-0.0878133902955582,0.891611938907712
"Floodwater storage capacity","Seasonally Flooded","Counties without ordinances",3.39056157421789,0.407590796383278,0.257477756078459,-0.0875336425948787,0.920850614594685
"Floodwater storage capacity","Seasonally Flooded","Counties without ordinances",3.49056157421789,0.42315001418506,0.264702780224778,-0.0855334832747067,0.950382448001722
"Floodwater storage capacity","Seasonally Flooded","Counties without ordinances",3.59056157421789,0.438709231986843,0.271945148904206,-0.0823466527213516,0.979687001737498
"Floodwater storage capacity","Seasonally Flooded","Counties without ordinances",3.69056157421789,0.454268449788625,0.279203512400202,-0.0812380903524357,1.00940162694809
"Floodwater storage capacity","Seasonally Flooded","Counties without ordinances",3.79056157421789,0.469827667590407,0.28647665494934,-0.0792537779790097,1.03950531558726
"Floodwater storage capacity","Seasonally Flooded","Counties without ordinances",3.89056157421789,0.485386885392189,0.293763478832192,-0.0776467145976077,1.06973171363081
"Floodwater storage capacity","Seasonally Flooded","Counties without ordinances",3.99056157421789,0.500946103193971,0.301062990635673,-0.0761115268173476,1.09979507166683
"Floodwater storage capacity","Seasonally Flooded","Counties without ordinances",4.09056157421789,0.516505320995754,0.308374289355767,-0.0752409392928554,1.1288591701328
