PUBLICATION_DATE,SITE_ID,UID,DATE_COL,VISIT_NO,UNIQUE_ID,AG_ECO3,AG_ECO3_NM,AG_ECO9,AG_ECO9_NM,CNTYNAME,COAST_REG,COE_REG_ID,COE_REGION,COE_SUBREG,EPA_REG,EVAL_CAT,HUC10,HUC10_NM,HUC12,HYD_CLS,LAT_ANALYS,LAT_DD83,LON_ANALYS,LON_DD83,LRR_NAME,LRR_SYM,MAJ_BAS_NM,MAJ_BASIN,MLRA_ID,MLRA_NAME,MLRARSYM,NEP_NAME,NEP_NAT,NWC_CREG11,NWC_CREG16,NWCA_ECO4,NWCA_ECO5,OWN_NARS,PANEL_RVST,PANEL_SOT,PANEL_USE,PANEL_WGT,PHYS_REG,PROB_CAT,PSTL_CODE,RPT_UNIT,RPT_UNITNM,RPTGRP_10,RPTGRP_12,SITETYPE,SOURCE,STATE_NM,STATECTY,STRATUM,TNT_CAT,US_L3CODE,US_L3NAME,US_L4CODE,US_L4NAME,WETCLS_DSN,WETCLS_EVL,WETCLS_GRP,WETCLS_HGM,WGT_CAT,WGT_TP,XCOORD,YCOORD
8/24/2020,NWCA11-1002,2812,5/26/2011,1,NWC_AL-10002,PLNLOW,Plains and Lowlands,CPL,Coastal Plains,Baldwin,Gulf Coast Region,CSTL_PLAIN,Atlantic and Gulf Coastal Plain,"LRR T (MLRA 152A, 152B, 153A)",Region_04,Target_Sampled,H0316020502,Fish River-Frontal Mobile Bay,H031602050208,TIDAL,30.26178475,30.26178475,-87.7289122,-87.7289122,Atlantic and Gulf Coast Lowland Forest and Crop Region,T,South Atlantic Gulf Region,H03,259,Eastern Gulf Coast Flatwoods,152A,Mobile Bay,NEP,AL,AL_SCP,CPL,CPL,FWS,NWC_11_16,NWC_11_16,Revisit,NWC16_11_TSS,P36,E2EM,AL,GFC,Gulf & Florida Coasts,ALL-EH,ALL-EH,PROB,FWS_ST_2005,Alabama,F01003,AL,Target,75,Southern Coastal Plain,75k,Gulf Barrier Islands and Coastal Marshes,E2EM,E2EM,EH,TIDAL,CPL_E2EM,1637.5674,793658.3033,-773793.1243
8/24/2020,NWCA11-1002,3473,6/21/2011,2,NWC_AL-10002,PLNLOW,Plains and Lowlands,CPL,Coastal Plains,Baldwin,Gulf Coast Region,CSTL_PLAIN,Atlantic and Gulf Coastal Plain,"LRR T (MLRA 152A, 152B, 153A)",Region_04,Target_Sampled,H0316020502,Fish River-Frontal Mobile Bay,H031602050208,TIDAL,30.26178475,30.26178475,-87.7289122,-87.7289122,Atlantic and Gulf Coast Lowland Forest and Crop Region,T,South Atlantic Gulf Region,H03,259,Eastern Gulf Coast Flatwoods,152A,Mobile Bay,NEP,AL,AL_SCP,CPL,CPL,FWS,NWC_11_16,NWC_11_16,Revisit,NWC16_11_TSS,P36,E2EM,AL,GFC,Gulf & Florida Coasts,ALL-EH,ALL-EH,PROB,FWS_ST_2005,Alabama,F01003,AL,Target,75,Southern Coastal Plain,75k,Gulf Barrier Islands and Coastal Marshes,E2EM,E2EM,EH,TIDAL,CPL_E2EM,1637.5674,793658.3033,-773793.1243
8/24/2020,NWCA11-1003,3796,8/23/2011,2,NWC_AL-10003,PLNLOW,Plains and Lowlands,CPL,Coastal Plains,Mobile,Gulf Coast Region,CSTL_PLAIN,Atlantic and Gulf Coastal Plain,"LRR T (MLRA 152A, 152B, 153A)",Region_04,Target_Sampled,H0317000901,Bayou La Batre-Grand Bay Swamp,H031700090103,INLAND,30.38434018,30.38434018,-88.11413662,-88.11413662,Atlantic and Gulf Coast Lowland Forest and Crop Region,T,South Atlantic Gulf Region,H03,259,Eastern Gulf Coast Flatwoods,152A,Mobile Bay,NEP,AL,AL_SCP,CPL,CPL,Non-Federal,NWC_11_16,NWC_11_16,Base,NWC16_11_TSS,P36,PSS,AL,ICP,Inland Coastal Plains,CPL-PRLW,CPL-PRLW,PROB,FWS_ST_2005,Alabama,F01097,AL,Target,75,Southern Coastal Plain,75a,Gulf Coast Flatwoods,PSS,PSS,PRLW,DPRSS,CPL_PSS,10015.33982,755652.7217,-763372.5233
8/24/2020,NWCA11-1003,3955,7/19/2011,1,NWC_AL-10003,PLNLOW,Plains and Lowlands,CPL,Coastal Plains,Mobile,Gulf Coast Region,CSTL_PLAIN,Atlantic and Gulf Coastal Plain,"LRR T (MLRA 152A, 152B, 153A)",Region_04,Target_Sampled,H0317000901,Bayou La Batre-Grand Bay Swamp,H031700090103,INLAND,30.38434018,30.38434018,-88.11413662,-88.11413662,Atlantic and Gulf Coast Lowland Forest and Crop Region,T,South Atlantic Gulf Region,H03,259,Eastern Gulf Coast Flatwoods,152A,Mobile Bay,NEP,AL,AL_SCP,CPL,CPL,Non-Federal,NWC_11_16,NWC_11_16,Base,NWC16_11_TSS,P36,PSS,AL,ICP,Inland Coastal Plains,CPL-PRLW,CPL-PRLW,PROB,FWS_ST_2005,Alabama,F01097,AL,Target,75,Southern Coastal Plain,75a,Gulf Coast Flatwoods,PSS,PSS,PRLW,DPRSS,CPL_PSS,10015.33982,755652.7217,-763372.5233
8/24/2020,NWCA11-1005,3981,9/12/2011,1,NWC_AL-10005,PLNLOW,Plains and Lowlands,CPL,Coastal Plains,Baldwin,Gulf Coast Region,CSTL_PLAIN,Atlantic and Gulf Coastal Plain,"LRR T (MLRA 152A, 152B, 153A)",Region_04,Target_Sampled,H0316020404,Bayo Sara-Mobile River,H031602040403,TIDAL,30.77328239,30.77328239,-87.97994429,-87.97994429,Atlantic and Gulf Coast Lowland Forest and Crop Region,T,South Atlantic Gulf Region,H03,259,Eastern Gulf Coast Flatwoods,152A,Mobile Bay,NEP,AL,AL_SCP,CPL,CPL,Other Fed,NWC_11_16,NWC_11_16,Base,NWC16_11_TSS,P36,E2SS,AL,GFC,Gulf & Florida Coasts,ALL-EW,ALL-EW,PROB,FWS_ST_2005,Alabama,F01003,AL,Target,75,Southern Coastal Plain,75k,Gulf Barrier Islands and Coastal Marshes,E2SS,E2SS,EW,TIDAL,CPL_E2SS,223.79307,764838.4966,-719234.4309
8/24/2020,NWCA11-1006,2776,5/24/2011,1,NWC_AL-10006,PLNLOW,Plains and Lowlands,CPL,Coastal Plains,Baldwin,Gulf Coast Region,CSTL_PLAIN,Atlantic and Gulf Coastal Plain,"LRR T (MLRA 152A, 152B, 153A)",Region_04,Target_Sampled,H0316020502,Fish River-Frontal Mobile Bay,H031602050208,INLAND,30.27774675,30.27774675,-87.74473955,-87.74473955,Atlantic and Gulf Coast Lowland Forest and Crop Region,T,South Atlantic Gulf Region,H03,259,Eastern Gulf Coast Flatwoods,152A,Mobile Bay,NEP,AL,AL_SCP,CPL,CPL,FWS,NWC_11_NO,NWC_11_NO,Base,NWC16_11_TSN,P36,E2SS,AL,ICP,Inland Coastal Plains,CPL-PRLW,CPL-PRLW,PROB,FWS_ST_2005,Alabama,F01003,AL,Target,75,Southern Coastal Plain,75k,Gulf Barrier Islands and Coastal Marshes,E2SS,PSS,PRLW,FLATS,CPL_E2SS,223.79307,791989.6356,-772159.4775
8/24/2020,NWCA11-1007,5055,7/21/2011,1,NWC_AL-10007,PLNLOW,Plains and Lowlands,CPL,Coastal Plains,Mobile,Gulf Coast Region,CSTL_PLAIN,Atlantic and Gulf Coastal Plain,"LRR T (MLRA 152A, 152B, 153A)",Region_04,Target_Sampled,H0317000901,Bayou La Batre-Grand Bay Swamp,H031700090103,INLAND,30.37402087,30.37402087,-88.17331919,-88.17331919,Atlantic and Gulf Coast Lowland Forest and Crop Region,T,South Atlantic Gulf Region,H03,259,Eastern Gulf Coast Flatwoods,152A,Mobile Bay,NEP,AL,AL_SCP,CPL,CPL,Non-Federal,NWC_11_NO,NWC_11_NO,Base,NWC16_11_TSN,P13,PSS,AL,ICP,Inland Coastal Plains,CPL-PRLW,CPL-PRLW,PROB,FWS_ST_2005,Alabama,F01097,AL,Target,75,Southern Coastal Plain,75a,Gulf Coast Flatwoods,PSS,PFO,PRLW,DPRSS,CPL_PSS,26092.41712,750088.7877,-764983.5688
8/24/2020,NWCA11-1009,5059,9/27/2011,1,NWC_AL-10009,PLNLOW,Plains and Lowlands,CPL,Coastal Plains,Baldwin,Gulf Coast Region,CSTL_PLAIN,Atlantic and Gulf Coastal Plain,"LRR T (MLRA 152A, 152B, 153A)",Region_04,Target_Sampled,H0316020404,Bayo Sara-Mobile River,H031602040403,TIDAL,30.76862632,30.76862632,-87.98055394,-87.98055394,Atlantic and Gulf Coast Lowland Forest and Crop Region,T,South Atlantic Gulf Region,H03,259,Eastern Gulf Coast Flatwoods,152A,Mobile Bay,NEP,AL,AL_SCP,CPL,CPL,Non-Federal,NWC_11_NO,NWC_11_NO,Base,NWC16_11_TSN,P36,E2SS,AL,GFC,Gulf & Florida Coasts,ALL-EW,ALL-EW,PROB,FWS_ST_2005,Alabama,F01003,AL,Target,75,Southern Coastal Plain,75k,Gulf Barrier Islands and Coastal Marshes,E2SS,E2SS,EW,RIVERINE,CPL_E2SS,223.79307,764824.117,-719755.0449
8/24/2020,NWCA11-1010,3562,8/1/2011,1,NWC_AL-10010,PLNLOW,Plains and Lowlands,CPL,Coastal Plains,Baldwin,Gulf Coast Region,CSTL_PLAIN,Atlantic and Gulf Coastal Plain,"LRR T (MLRA 152A, 152B, 153A)",Region_04,Target_Sampled,H0316020502,Fish River-Frontal Mobile Bay,H031602050208,TIDAL,30.27945871,30.27945871,-87.7419949,-87.7419949,Atlantic and Gulf Coast Lowland Forest and Crop Region,T,South Atlantic Gulf Region,H03,259,Eastern Gulf Coast Flatwoods,152A,Mobile Bay,NEP,AL,AL_SCP,CPL,CPL,Non-Federal,NWC_11_NO,NWC_11_NO,Base,NWC16_11_TSN,P36,E2EM,AL,GFC,Gulf & Florida Coasts,ALL-EH,ALL-EH,PROB,FWS_ST_2005,Alabama,F01003,AL,Target,75,Southern Coastal Plain,75k,Gulf Barrier Islands and Coastal Marshes,E2EM,E2EM,EH,TIDAL,CPL_E2EM,1637.5674,792235.7899,-771947.2218
8/24/2020,NWCA11-1011,3265,5/10/2011,1,NWC_AL-10011,PLNLOW,Plains and Lowlands,CPL,Coastal Plains,Baldwin,Gulf Coast Region,CSTL_PLAIN,Atlantic and Gulf Coastal Plain,LRR P,Region_04,Target_Sampled,H0316020402,Rains Creek-Tensaw River,H031602040203,INLAND,30.8983045,30.8983045,-87.91717595,-87.91717595,"South Atlantic and Gulf Slope Cash Crops, Forest, and Livestock Region",P,South Atlantic Gulf Region,H03,234,Southern Coastal Plain,133A,Mobile Bay,NEP,AL,AL_SCP,CPL,CPL,State,NWC_11_NO,NWC_11_NO,Base,NWC16_11_TSN,P13,PFO,AL,ICP,Inland Coastal Plains,CPL-PRLW,CPL-PRLW,PROB,FWS_ST_2005,Alabama,F01003,AL,Target,75,Southern Coastal Plain,75i,Floodplains and Low Terraces,PFO,PFO,PRLW,RIVERINE,CPL_PFO,78899.73083,769629.3569,-704878.745
8/24/2020,NWCA11-1014,3239,5/4/2011,1,NWC_AL-10014,PLNLOW,Plains and Lowlands,CPL,Coastal Plains,Baldwin,Gulf Coast Region,CSTL_PLAIN,Atlantic and Gulf Coastal Plain,LRR P,Region_04,Target_Sampled,H0314010702,Wolf Bay Frontal,H031401070201,INLAND,30.4310234,30.4310234,-87.63309304,-87.63309304,"South Atlantic and Gulf Slope Cash Crops, Forest, and Livestock Region",P,South Atlantic Gulf Region,H03,234,Southern Coastal Plain,133A,Not_NEP,Not_NEP,AL,AL_CP,CPL,CPL,Non-Federal,NWC_11_NO,NWC_11_NO,Base,NWC16_11_TSN,P13,PFO,AL,ICP,Inland Coastal Plains,CPL-PRLW,CPL-PRLW,PROB,FWS_ST_2005,Alabama,F01003,AL,Target,65,Southeastern Plains,65f,Southern Pine Plains and Hills,PFO,PFO,PRLW,RIVERINE,CPL_PFO,78899.73083,801176.4585,-754266.0836
8/24/2020,NWCA11-1015,5060,5/12/2011,1,NWC_AL-10015,PLNLOW,Plains and Lowlands,CPL,Coastal Plains,Baldwin,Gulf Coast Region,CSTL_PLAIN,Atlantic and Gulf Coastal Plain,LRR P,Region_04,Target_Sampled,H0316020402,Rains Creek-Tensaw River,H031602040202,INLAND,30.94791107,30.94791107,-87.89575308,-87.89575308,"South Atlantic and Gulf Slope Cash Crops, Forest, and Livestock Region",P,South Atlantic Gulf Region,H03,234,Southern Coastal Plain,133A,Mobile Bay,NEP,AL,AL_SCP,CPL,CPL,State,NWC_11_16,NWC_11_16,Base,NWC16_11_TSS,P13,PFO,AL,ICP,Inland Coastal Plains,CPL-PRLW,CPL-PRLW,PROB,FWS_ST_2005,Alabama,F01003,AL,Target,75,Southern Coastal Plain,75i,Floodplains and Low Terraces,PFO,PFO,PRLW,RIVERINE,CPL_PFO,78899.73083,771194.4517,-699209.2897
8/24/2020,NWCA11-1017,3471,6/22/2011,1,NWC_AL-10017,PLNLOW,Plains and Lowlands,CPL,Coastal Plains,Baldwin,Gulf Coast Region,CSTL_PLAIN,Atlantic and Gulf Coastal Plain,"LRR T (MLRA 152A, 152B, 153A)",Region_04,Target_Sampled,H0316020502,Fish River-Frontal Mobile Bay,H031602050208,TIDAL,30.26917008,30.26917008,-87.74910327,-87.74910327,Atlantic and Gulf Coast Lowland Forest and Crop Region,T,South Atlantic Gulf Region,H03,259,Eastern Gulf Coast Flatwoods,152A,Mobile Bay,NEP,AL,AL_SCP,CPL,CPL,FWS,NWC_11_NO,NWC_11_NO,Base,NWC16_11_TSN,P36,E2EM,AL,GFC,Gulf & Florida Coasts,ALL-EH,ALL-EH,PROB,FWS_ST_2005,Alabama,F01003,AL,Target,75,Southern Coastal Plain,75k,Gulf Barrier Islands and Coastal Marshes,E2EM,E2EM,EH,TIDAL,CPL_E2EM,1637.5674,791654.6232,-773144.5887
8/24/2020,NWCA11-1019,3982,9/13/2011,1,NWC_AL-10019,PLNLOW,Plains and Lowlands,CPL,Coastal Plains,Baldwin,Gulf Coast Region,CSTL_PLAIN,Atlantic and Gulf Coastal Plain,"LRR T (MLRA 152A, 152B, 153A)",Region_04,Target_Sampled,H0316020404,Bayo Sara-Mobile River,H031602040403,TIDAL,30.77296473,30.77296473,-87.97952224,-87.97952224,Atlantic and Gulf Coast Lowland Forest and Crop Region,T,South Atlantic Gulf Region,H03,259,Eastern Gulf Coast Flatwoods,152A,Mobile Bay,NEP,AL,AL_SCP,CPL,CPL,Other Fed,NWC_11_NO,NWC_11_NO,Base,NWC16_11_TSN,P36,E2SS,AL,GFC,Gulf & Florida Coasts,ALL-EW,ALL-EW,PROB,FWS_ST_2005,Alabama,F01003,AL,Target,75,Southern Coastal Plain,75k,Gulf Barrier Islands and Coastal Marshes,E2SS,E2SS,EW,TIDAL,CPL_E2SS,223.79307,764881.6266,-719266.2183
8/24/2020,NWCA11-1020,3738,7/26/2011,1,NWC_AL-10020,PLNLOW,Plains and Lowlands,CPL,Coastal Plains,Clarke,Gulf Coast Region,CSTL_PLAIN,Atlantic and Gulf Coastal Plain,LRR P,Region_04,Target_Sampled,H0315020407,Holley Creek-Alabama River,H031502040705,INLAND,31.25872166,31.25872166,-87.84386297,-87.84386297,"South Atlantic and Gulf Slope Cash Crops, Forest, and Livestock Region",P,South Atlantic Gulf Region,H03,234,Southern Coastal Plain,133A,Not_NEP,Not_NEP,AL,AL_CP,CPL,CPL,Non-Federal,NWC_11_NO,NWC_11_NO,Base,NWC16_11_TSN,P13,PSS,AL,ICP,Inland Coastal Plains,CPL-PRLW,CPL-PRLW,PROB,FWS_ST_2005,Alabama,F01025,AL,Target,65,Southeastern Plains,65p,Southeastern Floodplains and Low Terraces,PSS,PFO,PRLW,RIVERINE,CPL_PSS,26092.41712,773156.7496,-664342.4668
8/24/2020,NWCA11-1021,3469,7/6/2011,1,NWC_AL-10021,PLNLOW,Plains and Lowlands,CPL,Coastal Plains,Baldwin,Gulf Coast Region,CSTL_PLAIN,Atlantic and Gulf Coastal Plain,"LRR T (MLRA 152A, 152B, 153A)",Region_04,Target_Sampled,H0316020502,Fish River-Frontal Mobile Bay,H031602050208,TIDAL,30.27063757,30.27063757,-87.73967473,-87.73967473,Atlantic and Gulf Coast Lowland Forest and Crop Region,T,South Atlantic Gulf Region,H03,259,Eastern Gulf Coast Flatwoods,152A,Mobile Bay,NEP,AL,AL_SCP,CPL,CPL,FWS,NWC_11_NO,NWC_11_NO,Base,NWC16_11_TSN,P36,E2EM,AL,GFC,Gulf & Florida Coasts,ALL-EH,ALL-EH,PROB,FWS_ST_2005,Alabama,F01003,AL,Target,75,Southern Coastal Plain,75k,Gulf Barrier Islands and Coastal Marshes,E2EM,E2EM,EH,TIDAL,CPL_E2EM,1637.5674,792542.8463,-772903.6698
8/24/2020,NWCA11-1023,5061,9/28/2011,1,NWC_AL-10023,PLNLOW,Plains and Lowlands,CPL,Coastal Plains,Baldwin,Gulf Coast Region,CSTL_PLAIN,Atlantic and Gulf Coastal Plain,"LRR T (MLRA 152A, 152B, 153A)",Region_04,Target_Sampled,H0316020404,Bayo Sara-Mobile River,H031602040403,TIDAL,30.79703787,30.79703787,-87.96201608,-87.96201608,Atlantic and Gulf Coast Lowland Forest and Crop Region,T,South Atlantic Gulf Region,H03,259,Eastern Gulf Coast Flatwoods,152A,Mobile Bay,NEP,AL,AL_SCP,CPL,CPL,Other Fed,NWC_11_NO,NWC_11_NO,OverSamp,NWC16_11_TSN,P36,PFO,AL,GFC,Gulf & Florida Coasts,ALL-EW,ALL-EW,PROB,FWS_ST_2005,Alabama,F01003,AL,Target,75,Southern Coastal Plain,75k,Gulf Barrier Islands and Coastal Marshes,PFO,E2SS,EW,RIVERINE,CPL_PFO,30284.95262,766321.078,-716458.7838
8/24/2020,NWCA11-1027,3980,9/14/2011,1,NWC_AL-10027,PLNLOW,Plains and Lowlands,CPL,Coastal Plains,Baldwin,Gulf Coast Region,CSTL_PLAIN,Atlantic and Gulf Coastal Plain,"LRR T (MLRA 152A, 152B, 153A)",Region_04,Target_Sampled,H0316020404,Bayo Sara-Mobile River,H031602040403,TIDAL,30.77236983,30.77236983,-87.97703538,-87.97703538,Atlantic and Gulf Coast Lowland Forest and Crop Region,T,South Atlantic Gulf Region,H03,259,Eastern Gulf Coast Flatwoods,152A,Mobile Bay,NEP,AL,AL_SCP,CPL,CPL,Non-Federal,NWC_11_16,NWC_11_16,OverSamp,NWC16_11_TSS,P36,E2EM,AL,GFC,Gulf & Florida Coasts,ALL-EW,ALL-EW,PROB,FWS_ST_2005,Alabama,F01003,AL,Target,75,Southern Coastal Plain,75k,Gulf Barrier Islands and Coastal Marshes,E2EM,E2SS,EW,DPRSS,CPL_E2EM,1637.5674,765123.8011,-719312.0909
8/24/2020,NWCA11-1028,3795,8/25/2011,1,NWC_AL-10028,PLNLOW,Plains and Lowlands,CPL,Coastal Plains,Mobile,Gulf Coast Region,CSTL_PLAIN,Atlantic and Gulf Coastal Plain,"LRR T (MLRA 152A, 152B, 153A)",Region_04,Target_Sampled,H0316020501,Halls Mill Creek,H031602050104,INLAND,30.48314197,30.48314197,-88.19416632,-88.19416632,Atlantic and Gulf Coast Lowland Forest and Crop Region,T,South Atlantic Gulf Region,H03,259,Eastern Gulf Coast Flatwoods,152A,Mobile Bay,NEP,AL,AL_SCP,CPL,CPL,Non-Federal,NWC_11_NO,NWC_11_NO,OverSamp,NWC16_11_TSN,P13,PFO,AL,ICP,Inland Coastal Plains,CPL-PRLW,CPL-PRLW,PROB,FWS_ST_2005,Alabama,F01097,AL,Target,75,Southern Coastal Plain,75a,Gulf Coast Flatwoods,PFO,PFO,PRLW,RIVERINE,CPL_PFO,78899.73083,747100.9023,-753068.0446
8/24/2020,NWCA11-1029,3739,8/3/2011,1,NWC_AL-10029,PLNLOW,Plains and Lowlands,CPL,Coastal Plains,Baldwin,Gulf Coast Region,CSTL_PLAIN,Atlantic and Gulf Coastal Plain,"LRR T (MLRA 152A, 152B, 153A)",Region_04,Target_Sampled,H0316020502,Fish River-Frontal Mobile Bay,H031602050208,INLAND,30.27741137,30.27741137,-87.74019158,-87.74019158,Atlantic and Gulf Coast Lowland Forest and Crop Region,T,South Atlantic Gulf Region,H03,259,Eastern Gulf Coast Flatwoods,152A,Mobile Bay,NEP,AL,AL_SCP,CPL,CPL,FWS,NWC_11_NO,NWC_11_NO,OverSamp,NWC16_11_TSN,P36,E2SS,AL,ICP,Inland Coastal Plains,CPL-PRLW,CPL-PRLW,PROB,FWS_ST_2005,Alabama,F01003,AL,Target,75,Southern Coastal Plain,75k,Gulf Barrier Islands and Coastal Marshes,E2SS,PFO,PRLW,DPRSS,CPL_E2SS,223.79307,792428.0905,-772158.665
8/24/2020,NWCA11-1030,3794,8/10/2011,1,NWC_AL-10030,PLNLOW,Plains and Lowlands,CPL,Coastal Plains,Geneva,Not Coast,CSTL_PLAIN,Atlantic and Gulf Coastal Plain,LRR P,Region_04,Target_Sampled,H0314020111,Double Bridges Creek,H031402011106,INLAND,31.13464351,31.13464351,-85.98658039,-85.98658039,"South Atlantic and Gulf Slope Cash Crops, Forest, and Livestock Region",P,South Atlantic Gulf Region,H03,234,Southern Coastal Plain,133A,Not_NEP,Not_NEP,AL,AL_CP,CPL,CPL,Non-Federal,NWC_11_NO,NWC_11_NO,OverSamp,NWC16_11_TSN,P14,PFO,AL,ICP,Inland Coastal Plains,CPL-PRLW,CPL-PRLW,PROB,FWS_ST_2005,Alabama,F01061,AL,Target,65,Southeastern Plains,65g,Dougherty Plain,PFO,PFO,PRLW,DPRSS,CPL_PFO,730590.0992,950077.3551,-661244.3744
8/24/2020,NWCA11-1035,5062,9/29/2011,1,NWC_AL-10035,PLNLOW,Plains and Lowlands,CPL,Coastal Plains,Baldwin,Gulf Coast Region,CSTL_PLAIN,Atlantic and Gulf Coastal Plain,"LRR T (MLRA 152A, 152B, 153A)",Region_04,Target_Sampled,H0316020404,Bayo Sara-Mobile River,H031602040403,TIDAL,30.79802854,30.79802854,-87.96467857,-87.96467857,Atlantic and Gulf Coast Lowland Forest and Crop Region,T,South Atlantic Gulf Region,H03,259,Eastern Gulf Coast Flatwoods,152A,Mobile Bay,NEP,AL,AL_SCP,CPL,CPL,Other Fed,NWC_11_NO,NWC_11_NO,OverSamp,NWC16_11_TSN,P36,E2EM,AL,GFC,Gulf & Florida Coasts,ALL-EH,ALL-EH,PROB,FWS_ST_2005,Alabama,F01003,AL,Target,75,Southern Coastal Plain,75k,Gulf Barrier Islands and Coastal Marshes,E2EM,E2EM,EH,RIVERINE,CPL_E2EM,1637.5674,766058.548,-716370.5185
8/24/2020,NWCA11-1039,3793,8/16/2011,1,NWC_AL-10039,PLNLOW,Plains and Lowlands,CPL,Coastal Plains,Baldwin,Gulf Coast Region,CSTL_PLAIN,Atlantic and Gulf Coastal Plain,"LRR T (MLRA 152A, 152B, 153A)",Region_04,Target_Sampled,H0316020404,Bayo Sara-Mobile River,H031602040403,TIDAL,30.7718692,30.7718692,-87.97891761,-87.97891761,Atlantic and Gulf Coast Lowland Forest and Crop Region,T,South Atlantic Gulf Region,H03,259,Eastern Gulf Coast Flatwoods,152A,Mobile Bay,NEP,AL,AL_SCP,CPL,CPL,Other Fed,NWC_11_NO,NWC_11_NO,OverSamp,NWC16_11_TSN,P36,E2SS,AL,GFC,Gulf & Florida Coasts,ALL-EH,ALL-EH,PROB,FWS_ST_2005,Alabama,F01003,AL,Target,75,Southern Coastal Plain,75k,Gulf Barrier Islands and Coastal Marshes,E2SS,E2EM,EH,DPRSS,CPL_E2SS,223.79307,764949.4168,-719382.6931
8/24/2020,NWCA11-1043,5063,6/4/2011,1,NWC_AR-10001,PLNLOW,Plains and Lowlands,CPL,Coastal Plains,Union,Not Coast,CSTL_PLAIN,Atlantic and Gulf Coastal Plain,LRR P,Region_06,Target_Sampled,H0804020603,Little Cornie Bayou,H080402060302,INLAND,33.18768301,33.18768301,-92.72834574,-92.72834574,"South Atlantic and Gulf Slope Cash Crops, Forest, and Livestock Region",P,Lower Mississippi Region,H08,235,Western Coastal Plain,133B,Not_NEP,Not_NEP,AR,AR,CPL,CPL,Non-Federal,NWC_11_16,NWC_11_16,Revisit,NWC16_11_TSS,P14,PEM,AR,ICP,Inland Coastal Plains,CPL-PRLH,CPL-PRLH,PROB,FWS_ST_2005,Arkansas,F05139,AR,Target,35,South Central Plains,35a,Tertiary Uplands,PEM,PEM,PRLH,RIVERINE,CPL_PEM,47532.75877,303054.3609,-477326.4415
8/24/2020,NWCA11-1043,5064,6/22/2011,2,NWC_AR-10001,PLNLOW,Plains and Lowlands,CPL,Coastal Plains,Union,Not Coast,CSTL_PLAIN,Atlantic and Gulf Coastal Plain,LRR P,Region_06,Target_Sampled,H0804020603,Little Cornie Bayou,H080402060302,INLAND,33.18768301,33.18768301,-92.72834574,-92.72834574,"South Atlantic and Gulf Slope Cash Crops, Forest, and Livestock Region",P,Lower Mississippi Region,H08,235,Western Coastal Plain,133B,Not_NEP,Not_NEP,AR,AR,CPL,CPL,Non-Federal,NWC_11_16,NWC_11_16,Revisit,NWC16_11_TSS,P14,PEM,AR,ICP,Inland Coastal Plains,CPL-PRLH,CPL-PRLH,PROB,FWS_ST_2005,Arkansas,F05139,AR,Target,35,South Central Plains,35a,Tertiary Uplands,PEM,PEM,PRLH,RIVERINE,CPL_PEM,47532.75877,303054.3609,-477326.4415
8/24/2020,NWCA11-1045,5065,6/30/2011,1,NWC_AR-10003,PLNLOW,Plains and Lowlands,CPL,Coastal Plains,Arkansas,Not Coast,CSTL_PLAIN,Atlantic and Gulf Coastal Plain,LRR O,Region_06,Target_Sampled,H0802040204,Lower Bayou Meto,H080204020408,INLAND,34.13714398,34.13714398,-91.46107357,-91.46107357,Mississippi Delta Cotton and Feed Grains Region,O,Lower Mississippi Region,H08,231,Arkansas River Alluvium,131B,Not_NEP,Not_NEP,AR,AR,CPL,CPL,Non-Federal,NWC_11_16,NWC_11_16,Base,NWC16_11_TSS,P17,PSS,AR,ICP,Inland Coastal Plains,CPL-PRLH,CPL-PRLH,PROB,FWS_ST_2005,Arkansas,F05001,AR,Target,73,Mississippi Alluvial Plain,73h,Arkansas/Ouachita River Holocene Meander Belts,PSS,PEM,PRLH,RIVERINE,CPL_PSS,53271.00837,415301.626,-366561.9006
8/24/2020,NWCA11-1046,5066,6/28/2011,1,NWC_AR-10004,PLNLOW,Plains and Lowlands,CPL,Coastal Plains,Monroe,Not Coast,CSTL_PLAIN,Atlantic and Gulf Coastal Plain,LRR O,Region_06,Target_Sampled,H0802030208,Cache Bayou-Cache River,H080203020807,INLAND,34.89171573,34.89171573,-91.3686069,-91.3686069,Mississippi Delta Cotton and Feed Grains Region,O,Lower Mississippi Region,H08,230,Southern Mississippi River Alluvium,131A,Not_NEP,Not_NEP,AR,AR,CPL,CPL,FWS,NWC_11_NO,NWC_11_NO,Base,NWC16_11_TSN,P17,PSS,AR,ICP,Inland Coastal Plains,CPL-PRLW,CPL-PRLW,PROB,FWS_ST_2005,Arkansas,F05095,AR,Target,73,Mississippi Alluvial Plain,73f,Western Lowlands Holocene Meander Belts,PSS,PFO,PRLW,RIVERINE,CPL_PSS,53271.00837,419644.839,-281872.632
8/24/2020,NWCA11-1047,5068,6/23/2011,2,NWC_AR-10005,PLNLOW,Plains and Lowlands,CPL,Coastal Plains,Calhoun,Not Coast,CSTL_PLAIN,Atlantic and Gulf Coastal Plain,LRR P,Region_06,Target_Sampled,H0804020107,Locust Bayou-Ouachita River,H080402010701,INLAND,33.67793292,33.67793292,-92.58491413,-92.58491413,"South Atlantic and Gulf Slope Cash Crops, Forest, and Livestock Region",P,Lower Mississippi Region,H08,235,Western Coastal Plain,133B,Not_NEP,Not_NEP,AR,AR,CPL,CPL,Non-Federal,NWC_11_16,NWC_11_16,Base,NWC16_11_TSS,P17,PSS,AR,ICP,Inland Coastal Plains,CPL-PRLW,CPL-PRLW,PROB,FWS_ST_2005,Arkansas,F05013,AR,Target,35,South Central Plains,35c,Pleistocene Fluvial Terraces,PSS,PSS,PRLW,FLATS,CPL_PSS,53271.00837,314367.9061,-422146.7779
8/24/2020,NWCA11-1047,5067,6/3/2011,1,NWC_AR-10005,PLNLOW,Plains and Lowlands,CPL,Coastal Plains,Calhoun,Not Coast,CSTL_PLAIN,Atlantic and Gulf Coastal Plain,LRR P,Region_06,Target_Sampled,H0804020107,Locust Bayou-Ouachita River,H080402010701,INLAND,33.67793292,33.67793292,-92.58491413,-92.58491413,"South Atlantic and Gulf Slope Cash Crops, Forest, and Livestock Region",P,Lower Mississippi Region,H08,235,Western Coastal Plain,133B,Not_NEP,Not_NEP,AR,AR,CPL,CPL,Non-Federal,NWC_11_16,NWC_11_16,Base,NWC16_11_TSS,P17,PSS,AR,ICP,Inland Coastal Plains,CPL-PRLW,CPL-PRLW,PROB,FWS_ST_2005,Arkansas,F05013,AR,Target,35,South Central Plains,35c,Pleistocene Fluvial Terraces,PSS,PSS,PRLW,FLATS,CPL_PSS,53271.00837,314367.9061,-422146.7779
8/24/2020,NWCA11-1050,5069,6/29/2011,1,NWC_AR-10008,PLNLOW,Plains and Lowlands,CPL,Coastal Plains,Monroe,Not Coast,CSTL_PLAIN,Atlantic and Gulf Coastal Plain,LRR O,Region_06,Target_Sampled,H0802030208,Cache Bayou-Cache River,H080203020807,INLAND,34.90215533,34.90215533,-91.34646757,-91.34646757,Mississippi Delta Cotton and Feed Grains Region,O,Lower Mississippi Region,H08,230,Southern Mississippi River Alluvium,131A,Not_NEP,Not_NEP,AR,AR,CPL,CPL,Non-Federal,NWC_11_NO,NWC_11_NO,Base,NWC16_11_TSN,P17,PF,AR,ICP,Inland Coastal Plains,CPL-PRLW,CPL-PRLW,PROB,FWS_ST_2005,Arkansas,F05095,AR,Target,73,Mississippi Alluvial Plain,73f,Western Lowlands Holocene Meander Belts,PF,PSS,PRLW,DPRSS,CPL_PF,260702.0053,421592.0896,-280608.1187
8/24/2020,NWCA11-1051,3714,6/7/2011,1,NWC_AR-10009,PLNLOW,Plains and Lowlands,CPL,Coastal Plains,Columbia,Not Coast,CSTL_PLAIN,Atlantic and Gulf Coastal Plain,LRR P,Region_06,Target_Sampled,H1114020301,Big Creek-Bayou Dorcheat,H111402030105,INLAND,33.36533178,33.36533178,-93.33752875,-93.33752875,"South Atlantic and Gulf Slope Cash Crops, Forest, and Livestock Region",P,Arkansas-White-Red Region,H11,235,Western Coastal Plain,133B,Not_NEP,Not_NEP,AR,AR,CPL,CPL,Non-Federal,NWC_11_NO,NWC_11_NO,Base,NWC16_11_TSN,P14,PUBPAB,AR,ICP,Inland Coastal Plains,CPL-PRLW,CPL-PRLW,PROB,FWS_ST_2005,Arkansas,F05027,AR,Target,35,South Central Plains,35a,Tertiary Uplands,PUBPAB,PFO,PRLW,RIVERINE,CPL_PUBPAB,40460.54222,246086.3971,-459261.9325
8/24/2020,NWCA11-1053,5070,7/6/2011,1,NWC_AR-10011,PLNLOW,Plains and Lowlands,CPL,Coastal Plains,Phillips,Not Coast,CSTL_PLAIN,Atlantic and Gulf Coastal Plain,LRR O,Region_06,Target_Sampled,H0802030304,Long Lake Bayou-Little Bee Bayou,H080203030401,INLAND,34.45619464,34.45619464,-90.68900232,-90.68900232,Mississippi Delta Cotton and Feed Grains Region,O,Lower Mississippi Region,H08,230,Southern Mississippi River Alluvium,131A,Not_NEP,Not_NEP,AR,AR,CPL,CPL,Non-Federal,NWC_11_NO,NWC_11_NO,Base,NWC16_11_TSN,P17,PEM,AR,ICP,Inland Coastal Plains,CPL-PRLH,CPL-PRLH,PROB,FWS_ST_2005,Arkansas,F05107,AR,Target,73,Mississippi Alluvial Plain,73a,Northern Holocene Meander Belts,PEM,PEM,PRLH,RIVERINE,CPL_PEM,31063.69615,483883.8353,-327287.3636
8/24/2020,NWCA11-1054,3468,6/2/2011,1,NWC_AR-10012,PLNLOW,Plains and Lowlands,CPL,Coastal Plains,Jefferson,Not Coast,CSTL_PLAIN,Atlantic and Gulf Coastal Plain,LRR O,Region_06,Target_Sampled,H1111020706,Caney Bayou-Arkansas River,H111102070606,INLAND,34.23309494,34.23309494,-91.96042411,-91.96042411,Mississippi Delta Cotton and Feed Grains Region,O,Arkansas-White-Red Region,H11,231,Arkansas River Alluvium,131B,Not_NEP,Not_NEP,AR,AR,CPL,CPL,Non-Federal,NWC_11_NO,NWC_11_NO,Base,NWC16_11_TSN,P17,PEM,AR,ICP,Inland Coastal Plains,CPL-PRLH,CPL-PRLH,PROB,FWS_ST_2005,Arkansas,F05069,AR,Target,73,Mississippi Alluvial Plain,73h,Arkansas/Ouachita River Holocene Meander Belts,PEM,PEM,PRLH,RIVERINE,CPL_PEM,31063.69615,369185.6078,-357908.0499
8/24/2020,NWCA11-1059,3467,6/5/2011,1,NWC_AR-10017,PLNLOW,Plains and Lowlands,CPL,Coastal Plains,Columbia,Not Coast,CSTL_PLAIN,Atlantic and Gulf Coastal Plain,LRR P,Region_06,Target_Sampled,H0804020601,Hurricane Creek-Cornie Bayou,H080402060101,INLAND,33.21219468,33.21219468,-93.10160238,-93.10160238,"South Atlantic and Gulf Slope Cash Crops, Forest, and Livestock Region",P,Lower Mississippi Region,H08,235,Western Coastal Plain,133B,Not_NEP,Not_NEP,AR,AR,CPL,CPL,Non-Federal,NWC_11_NO,NWC_11_NO,Base,NWC16_11_TSN,P14,PSS,AR,ICP,Inland Coastal Plains,CPL-PRLH,CPL-PRLH,PROB,FWS_ST_2005,Arkansas,F05027,AR,Target,35,South Central Plains,35a,Tertiary Uplands,PSS,PEM,PRLH,RIVERINE,CPL_PSS,81513.73804,268407.4496,-475713.7554
8/24/2020,NWCA11-1061,5280,6/15/2011,1,NWC_AR-10019,PLNLOW,Plains and Lowlands,CPL,Coastal Plains,Phillips,Not Coast,CSTL_PLAIN,Atlantic and Gulf Coastal Plain,LRR P,Region_06,Target_Sampled,H0802030404,Cypress Creek-Big Creek,H080203040405,INLAND,34.49203216,34.49203216,-91.01665112,-91.01665112,"South Atlantic and Gulf Slope Cash Crops, Forest, and Livestock Region",P,Lower Mississippi Region,H08,236,Southern Mississippi Valley Loess,134,Not_NEP,Not_NEP,AR,AR,CPL,CPL,Non-Federal,NWC_11_NO,NWC_11_NO,Base,NWC16_11_TSN,P17,PEM,AR,ICP,Inland Coastal Plains,CPL-PRLW,CPL-PRLW,PROB,FWS_ST_2005,Arkansas,F05107,AR,Target,73,Mississippi Alluvial Plain,73g,Western Lowlands Pleistocene Valley Trains,PEM,PSS,PRLW,RIVERINE,CPL_PEM,31063.69615,453850.0473,-324902.3306
8/24/2020,NWCA11-1063,5312,6/6/2011,1,NWC_AR-10021,PLNLOW,Plains and Lowlands,CPL,Coastal Plains,Columbia,Not Coast,CSTL_PLAIN,Atlantic and Gulf Coastal Plain,LRR P,Region_06,Target_Sampled,H1114020302,Cypress Creek-Bayou Dorcheat,H111402030208,INLAND,33.13420316,33.13420316,-93.40173957,-93.40173957,"South Atlantic and Gulf Slope Cash Crops, Forest, and Livestock Region",P,Arkansas-White-Red Region,H11,235,Western Coastal Plain,133B,Not_NEP,Not_NEP,AR,AR,CPL,CPL,Non-Federal,NWC_11_NO,NWC_11_NO,Base,NWC16_11_TSN,P14,PFO,AR,ICP,Inland Coastal Plains,CPL-PRLW,CPL-PRLW,PROB,FWS_ST_2005,Arkansas,F05027,AR,Target,35,South Central Plains,35c,Pleistocene Fluvial Terraces,PFO,PFO,PRLW,RIVERINE,CPL_PFO,256084.2756,240858.4375,-485220.5977
8/24/2020,NWCA11-1065,5145,7/5/2011,1,NWC_AR-10023,PLNLOW,Plains and Lowlands,CPL,Coastal Plains,Crittenden,Not Coast,CSTL_PLAIN,Atlantic and Gulf Coastal Plain,LRR O,Region_06,Target_Sampled,H0802020314,Fifteenmile Bayou,H080202031401,INLAND,35.23577583,35.23577583,-90.25824626,-90.25824626,Mississippi Delta Cotton and Feed Grains Region,O,Lower Mississippi Region,H08,230,Southern Mississippi River Alluvium,131A,Not_NEP,Not_NEP,AR,AR,CPL,CPL,Non-Federal,NWC_11_NO,NWC_11_NO,OverSamp,NWC16_11_TSN,P17,PFO,AR,ICP,Inland Coastal Plains,CPL-PRLH,CPL-PRLH,PROB,FWS_ST_2005,Arkansas,F05035,AR,Target,73,Mississippi Alluvial Plain,73a,Northern Holocene Meander Belts,PFO,PEM,PRLH,RIVERINE,CPL_PFO,167356.6679,517818.102,-237954.866
8/24/2020,NWCA11-1070,5144,6/27/2011,1,NWC_AR-10028,PLNLOW,Plains and Lowlands,CPL,Coastal Plains,Monroe,Not Coast,CSTL_PLAIN,Atlantic and Gulf Coastal Plain,LRR O,Region_06,Target_Sampled,H0802030208,Cache Bayou-Cache River,H080203020807,INLAND,34.8953838,34.8953838,-91.35489821,-91.35489821,Mississippi Delta Cotton and Feed Grains Region,O,Lower Mississippi Region,H08,230,Southern Mississippi River Alluvium,131A,Not_NEP,Not_NEP,AR,AR,CPL,CPL,FWS,NWC_11_NO,NWC_11_NO,OverSamp,NWC16_11_TSN,P17,PFO,AR,ICP,Inland Coastal Plains,CPL-PRLW,CPL-PRLW,PROB,FWS_ST_2005,Arkansas,F05095,AR,Target,73,Mississippi Alluvial Plain,73f,Western Lowlands Holocene Meander Belts,PFO,PFO,PRLW,RIVERINE,CPL_PFO,167356.6679,420865.9288,-281402.1387
8/24/2020,NWCA11-1071,5311,6/8/2011,1,NWC_AR-10029,PLNLOW,Plains and Lowlands,CPL,Coastal Plains,Union,Not Coast,CSTL_PLAIN,Atlantic and Gulf Coastal Plain,LRR P,Region_06,Target_Sampled,H0804020103,Gum Creek-Smackover Creek,H080402010306,INLAND,33.36639657,33.36639657,-92.95710306,-92.95710306,"South Atlantic and Gulf Slope Cash Crops, Forest, and Livestock Region",P,Lower Mississippi Region,H08,235,Western Coastal Plain,133B,Not_NEP,Not_NEP,AR,AR,CPL,CPL,Non-Federal,NWC_11_NO,NWC_11_NO,OverSamp,NWC16_11_TSN,P14,PFO,AR,ICP,Inland Coastal Plains,CPL-PRLW,CPL-PRLW,PROB,FWS_ST_2005,Arkansas,F05139,AR,Target,35,South Central Plains,35a,Tertiary Uplands,PFO,PFO,PRLW,RIVERINE,CPL_PFO,256084.2756,281233.2399,-458087.6355
8/24/2020,NWCA11-1072,3715,6/13/2011,1,NWC_AR-10030,PLNLOW,Plains and Lowlands,CPL,Coastal Plains,Greene,Not Coast,CSTL_PLAIN,Atlantic and Gulf Coastal Plain,LRR O,Region_06,Target_Sampled,H0802030202,Swan Pond Ditch-Cache River,H080203020209,INLAND,36.02147538,36.02147538,-90.81584017,-90.81584017,Mississippi Delta Cotton and Feed Grains Region,O,Lower Mississippi Region,H08,230,Southern Mississippi River Alluvium,131A,Not_NEP,Not_NEP,AR,AR,CPL,CPL,Non-Federal,NWC_11_NO,NWC_11_NO,OverSamp,NWC16_11_TSN,P17,PF,AR,ICP,Inland Coastal Plains,CPL-PRLW,CPL-PRLW,PROB,FWS_ST_2005,Arkansas,F05055,AR,Target,73,Mississippi Alluvial Plain,73f,Western Lowlands Holocene Meander Belts,PF,PFO,PRLW,FLATS,CPL_PF,260702.0053,462788.4052,-153017.8838
8/24/2020,NWCA11-1074,5279,6/1/2011,1,NWC_AR-10032,PLNLOW,Plains and Lowlands,CPL,Coastal Plains,Jefferson,Not Coast,CSTL_PLAIN,Atlantic and Gulf Coastal Plain,LRR O,Region_06,Target_Sampled,H0802040102,Salt Bayou,H080204010203,INLAND,34.32327377,34.32327377,-91.73912904,-91.73912904,Mississippi Delta Cotton and Feed Grains Region,O,Lower Mississippi Region,H08,231,Arkansas River Alluvium,131B,Not_NEP,Not_NEP,AR,AR,CPL,CPL,Non-Federal,NWC_11_NO,NWC_11_NO,OverSamp,NWC16_11_TSN,P17,PF,AR,ICP,Inland Coastal Plains,CPL-PRLW,CPL-PRLW,PROB,FWS_ST_2005,Arkansas,F05069,AR,Target,73,Mississippi Alluvial Plain,73i,Arkansas/Ouachita River Backswamps,PF,PFO,PRLW,RIVERINE,CPL_PF,260702.0053,388945.176,-346953.2774
8/24/2020,NWCA11-1078,5146,6/16/2011,1,NWC_AR-10036,PLNLOW,Plains and Lowlands,CPL,Coastal Plains,Lonoke,Not Coast,CSTL_PLAIN,Atlantic and Gulf Coastal Plain,LRR O,Region_06,Target_Sampled,H0802040202,Bayou Two Prairie,H080204020204,INLAND,34.78343463,34.78343463,-91.83687928,-91.83687928,Mississippi Delta Cotton and Feed Grains Region,O,Lower Mississippi Region,H08,233,Southern Mississippi River Terraces,131D,Not_NEP,Not_NEP,AR,AR,CPL,CPL,Non-Federal,NWC_11_NO,NWC_11_NO,OverSamp,NWC16_11_TSN,P17,PUBPAB,AR,ICP,Inland Coastal Plains,CPL-PRLW,CPL-PRLW,PROB,FWS_ST_2005,Arkansas,F05085,AR,Target,73,Mississippi Alluvial Plain,73e,Grand Prairie,PUBPAB,PFO,PRLW,RIVERINE,CPL_PUBPAB,26441.84815,377774.3946,-295937.3995
8/24/2020,NWCA11-1082,5310,6/9/2011,1,NWC_AR-10040,PLNLOW,Plains and Lowlands,CPL,Coastal Plains,Clark,Not Coast,CSTL_PLAIN,Atlantic and Gulf Coastal Plain,LRR P,Region_06,Target_Sampled,H0804010206,Cypress Creek-Ouachita River,H080401020603,INLAND,34.05209931,34.05209931,-93.01371267,-93.01371267,"South Atlantic and Gulf Slope Cash Crops, Forest, and Livestock Region",P,Lower Mississippi Region,H08,235,Western Coastal Plain,133B,Not_NEP,Not_NEP,AR,AR,CPL,CPL,Non-Federal,NWC_11_NO,NWC_11_NO,OverSamp,NWC16_11_TSN,P14,PSS,AR,ICP,Inland Coastal Plains,CPL-PRLH,CPL-PRLH,PROB,FWS_ST_2005,Arkansas,F05019,AR,Target,35,South Central Plains,35b,Floodplains and Low Terraces,PSS,PEM,PRLH,RIVERINE,CPL_PSS,81513.73804,273596.1963,-381688.0216
8/24/2020,NWCA11-1085,3713,6/14/2011,1,NWC_AR-10043,PLNLOW,Plains and Lowlands,CPL,Coastal Plains,St. Francis,Not Coast,CSTL_PLAIN,Atlantic and Gulf Coastal Plain,LRR P,Region_06,Target_Sampled,H0802020504,First Creek-L'Anguille River,H080202050406,INLAND,35.07695202,35.07695202,-90.91492614,-90.91492614,"South Atlantic and Gulf Slope Cash Crops, Forest, and Livestock Region",P,Lower Mississippi Region,H08,236,Southern Mississippi Valley Loess,134,Not_NEP,Not_NEP,AR,AR,CPL,CPL,Non-Federal,NWC_11_NO,NWC_11_NO,OverSamp,NWC16_11_TSN,P17,PF,AR,ICP,Inland Coastal Plains,CPL-PRLW,CPL-PRLW,PROB,FWS_ST_2005,Arkansas,F05123,AR,Target,73,Mississippi Alluvial Plain,73g,Western Lowlands Pleistocene Valley Trains,PF,PSS,PRLW,SLOPE,CPL_PF,260702.0053,459606.3797,-259075.981
8/24/2020,NWCA11-1086,5278,5/31/2011,1,NWC_AR-10044,PLNLOW,Plains and Lowlands,CPL,Coastal Plains,Lonoke,Not Coast,CSTL_PLAIN,Atlantic and Gulf Coastal Plain,LRR O,Region_06,Target_Sampled,H0802040201,Upper Bayou Meto,H080204020107,INLAND,34.82476999,34.82476999,-91.9868337,-91.9868337,Mississippi Delta Cotton and Feed Grains Region,O,Lower Mississippi Region,H08,233,Southern Mississippi River Terraces,131D,Not_NEP,Not_NEP,AR,AR,CPL,CPL,Non-Federal,NWC_11_NO,NWC_11_NO,OverSamp,NWC16_11_TSN,P17,PSS,AR,ICP,Inland Coastal Plains,CPL-PRLW,CPL-PRLW,PROB,FWS_ST_2005,Arkansas,F05085,AR,Target,73,Mississippi Alluvial Plain,73e,Grand Prairie,PSS,PFO,PRLW,RIVERINE,CPL_PSS,53271.00837,363980.1048,-291902.9952
8/24/2020,NWCA11-1092,4477,9/21/2011,2,NWC_AZ-10006,WMTNS,West,WMT,Western Mountains,Apache,Not Coast,W_MTNS,"Western Mountains, Valleys, and Coast","LRR D (MLRA 22A, 22B, 39)",Region_09,Target_Sampled,H1506010101,Upper Black River,H150601010101,INLAND,33.86312802,33.86312802,-109.2384813,-109.2384813,Western Range and Irrigated Region,D,Lower Colorado Region,H15,51,Arizona and New Mexico Mountains,39,Not_NEP,Not_NEP,AZ,AZ,W,WMT,USFS,NWC_11_16,NWC_11_16,Base,NWC16_11_TSS,P32,PUBPAB,AZ,WVM,Western Valleys & Mountains,W-PRLH,WMT-PRLH,PROB,FWS_ST_2005,Arizona,F04001,AZ,Target,23,Arizona/New Mexico Mountains,23c,Montane Conifer Forests,PUBPAB,PEM,PRLH,DPRSS,WMT_PUBPAB,531.1075,-1212088.974,-322543.9491
8/24/2020,NWCA11-1092,4476,9/5/2011,1,NWC_AZ-10006,WMTNS,West,WMT,Western Mountains,Apache,Not Coast,W_MTNS,"Western Mountains, Valleys, and Coast","LRR D (MLRA 22A, 22B, 39)",Region_09,Target_Sampled,H1506010101,Upper Black River,H150601010101,INLAND,33.86312802,33.86312802,-109.2384813,-109.2384813,Western Range and Irrigated Region,D,Lower Colorado Region,H15,51,Arizona and New Mexico Mountains,39,Not_NEP,Not_NEP,AZ,AZ,W,WMT,USFS,NWC_11_16,NWC_11_16,Base,NWC16_11_TSS,P32,PUBPAB,AZ,WVM,Western Valleys & Mountains,W-PRLH,WMT-PRLH,PROB,FWS_ST_2005,Arizona,F04001,AZ,Target,23,Arizona/New Mexico Mountains,23c,Montane Conifer Forests,PUBPAB,PEM,PRLH,DPRSS,WMT_PUBPAB,531.1075,-1212088.974,-322543.9491
8/24/2020,NWCA11-1095,4479,9/8/2011,1,NWC_AZ-10009,WMTNS,West,WMT,Western Mountains,Apache,Not Coast,W_MTNS,"Western Mountains, Valleys, and Coast","LRR D (MLRA 22A, 22B, 39)",Region_09,Target_Sampled,H1506010101,Upper Black River,H150601010101,INLAND,33.87428685,33.87428685,-109.2446798,-109.2446798,Western Range and Irrigated Region,D,Lower Colorado Region,H15,51,Arizona and New Mexico Mountains,39,Not_NEP,Not_NEP,AZ,AZ,W,WMT,USFS,NWC_11_16,NWC_11_16,Base,NWC16_11_TSS,P32,PEM,AZ,WVM,Western Valleys & Mountains,W-PRLH,WMT-PRLH,PROB,FWS_ST_2005,Arizona,F04001,AZ,Target,23,Arizona/New Mexico Mountains,23c,Montane Conifer Forests,PEM,PEM,PRLH,RIVERINE,WMT_PEM,6093.678,-1212479.608,-321230.0819
8/24/2020,NWCA11-1095,4478,9/22/2011,2,NWC_AZ-10009,WMTNS,West,WMT,Western Mountains,Apache,Not Coast,W_MTNS,"Western Mountains, Valleys, and Coast","LRR D (MLRA 22A, 22B, 39)",Region_09,Target_Sampled,H1506010101,Upper Black River,H150601010101,INLAND,33.87428685,33.87428685,-109.2446798,-109.2446798,Western Range and Irrigated Region,D,Lower Colorado Region,H15,51,Arizona and New Mexico Mountains,39,Not_NEP,Not_NEP,AZ,AZ,W,WMT,USFS,NWC_11_16,NWC_11_16,Base,NWC16_11_TSS,P32,PEM,AZ,WVM,Western Valleys & Mountains,W-PRLH,WMT-PRLH,PROB,FWS_ST_2005,Arizona,F04001,AZ,Target,23,Arizona/New Mexico Mountains,23c,Montane Conifer Forests,PEM,PEM,PRLH,RIVERINE,WMT_PEM,6093.678,-1212479.608,-321230.0819
8/24/2020,NWCA11-1105,3314,5/12/2011,1,NWC_CA-10001,WMTNS,West,XER,Xeric,San Mateo,Pacific Coast Region,ARID_W,Arid West,LRR C,Region_09,Target_Sampled,H1805000410,San Francisco Bay,H180500041001,TIDAL,37.5193534,37.5193534,-122.2169791,-122.2169791,"California Subtropical Fruit, Truck, and Specialty Crop Region",C,California Region,H18,19,Central California Coastal Valleys,14,San Franciso Estuary Partnership,NEP,CA,CA,W,XER,FWS,NWC_11_16,NWC_11_16,Revisit,NWC16_11_TSS,P07,E2EM,CA,PAC,Pacific Coast,ALL-EH,ALL-EH,PROB,FWS_ST_2005,California,F06081,CA,Target,6,Central California Foothills and Coastal Mountains,6p,Bay Flats,E2EM,E2EM,EH,TIDAL,XER_E2EM,8674.34098,-2266245.456,316763.2625
8/24/2020,NWCA11-1105,5268,9/22/2011,2,NWC_CA-10001,WMTNS,West,XER,Xeric,San Mateo,Pacific Coast Region,ARID_W,Arid West,LRR C,Region_09,Target_Sampled,H1805000410,San Francisco Bay,H180500041001,TIDAL,37.5193534,37.5193534,-122.2169791,-122.2169791,"California Subtropical Fruit, Truck, and Specialty Crop Region",C,California Region,H18,19,Central California Coastal Valleys,14,San Franciso Estuary Partnership,NEP,CA,CA,W,XER,FWS,NWC_11_16,NWC_11_16,Revisit,NWC16_11_TSS,P07,E2EM,CA,PAC,Pacific Coast,ALL-EH,ALL-EH,PROB,FWS_ST_2005,California,F06081,CA,Target,6,Central California Foothills and Coastal Mountains,6p,Bay Flats,E2EM,E2EM,EH,TIDAL,XER_E2EM,8674.34098,-2266245.456,316763.2625
8/24/2020,NWCA11-1106,5267,7/26/2011,2,NWC_CA-10002,WMTNS,West,WMT,Western Mountains,San Diego,Pacific Coast Region,ARID_W,Arid West,LRR C,Region_09,Target_Sampled,H1807030405,Upper San Diego River,H180703040503,INLAND,33.00118879,33.00118879,-116.5535043,-116.5535043,"California Subtropical Fruit, Truck, and Specialty Crop Region",C,California Region,H18,25,Southern California Mountains,20,Not_NEP,Not_NEP,CA,CA,W,WMT,Regional,NWC_11_16,NWC_11_16,Revisit,NWC16_11_TSS,P07,PEM,CA,WVM,Western Valleys & Mountains,W-PRLH,WMT-PRLH,PROB,FWS_ST_2005,California,F06073,CA,Target,8,Southern California Mountains,8e,Southern California Lower Montane Shrub and Woodland,PEM,PEM,PRLH,FRINGE,WMT_PEM,18716.46424,-1893909.897,-297752.8641
8/24/2020,NWCA11-1106,5352,5/19/2011,1,NWC_CA-10002,WMTNS,West,WMT,Western Mountains,San Diego,Pacific Coast Region,ARID_W,Arid West,LRR C,Region_09,Target_Sampled,H1807030405,Upper San Diego River,H180703040503,INLAND,33.00118879,33.00118879,-116.5535043,-116.5535043,"California Subtropical Fruit, Truck, and Specialty Crop Region",C,California Region,H18,25,Southern California Mountains,20,Not_NEP,Not_NEP,CA,CA,W,WMT,Regional,NWC_11_16,NWC_11_16,Revisit,NWC16_11_TSS,P07,PEM,CA,WVM,Western Valleys & Mountains,W-PRLH,WMT-PRLH,PROB,FWS_ST_2005,California,F06073,CA,Target,8,Southern California Mountains,8e,Southern California Lower Montane Shrub and Woodland,PEM,PEM,PRLH,FRINGE,WMT_PEM,18716.46424,-1893909.897,-297752.8641
8/24/2020,NWCA11-1109,5353,6/21/2011,1,NWC_CA-10005,WMTNS,West,XER,Xeric,Marin,Pacific Coast Region,ARID_W,Arid West,LRR C,Region_09,Target_Sampled,H1805000208,San Pablo Bay,H180500020801,TIDAL,38.00778963,38.00778963,-122.4886372,-122.4886372,"California Subtropical Fruit, Truck, and Specialty Crop Region",C,California Region,H18,19,Central California Coastal Valleys,14,San Franciso Estuary Partnership,NEP,CA,CA,W,XER,State,NWC_11_NO,NWC_11_NO,Base,NWC16_11_TSN,P07,E2EM,CA,PAC,Pacific Coast,ALL-EH,ALL-EH,PROB,FWS_ST_2005,California,F06041,CA,Target,6,Central California Foothills and Coastal Mountains,6o,Marin Hills,E2EM,E2EM,EH,TIDAL,XER_E2EM,8674.34098,-2274058.421,375904.0399
8/24/2020,NWCA11-1114,5354,5/31/2011,1,NWC_CA-10010,WMTNS,West,XER,Xeric,Solano,Pacific Coast Region,ARID_W,Arid West,LRR C,Region_09,Target_Sampled,H1805000104,Suisun Bay,H180500010401,INLAND,38.13537299,38.13537299,-121.9451272,-121.9451272,"California Subtropical Fruit, Truck, and Specialty Crop Region",C,California Region,H18,21,California Delta,16,San Franciso Estuary Partnership,NEP,CA,CA,W,XER,State,NWC_11_NO,NWC_11_NO,Base,NWC16_11_TSN,P06,PF,CA,ARW,Arid West,W-PRLH,XER-PRLH,PROB,FWS_ST_2005,California,F06095,CA,Target,7,Central California Valley,7j,Delta,PF,PEM,PRLH,DPRSS,XER_PF,12505.18841,-2224719.879,376798.7571
8/24/2020,NWCA11-1116,5355,6/28/2011,1,NWC_CA-10012,WMTNS,West,XER,Xeric,Merced,Not Coast,ARID_W,Arid West,LRR C,Region_09,Target_Sampled,H1804000118,Lower Bear Creek,H180400011805,INLAND,37.24173904,37.24173904,-120.8093929,-120.8093929,"California Subtropical Fruit, Truck, and Specialty Crop Region",C,California Region,H18,22,Sacramento and San Joaquin Valleys,17,Not_NEP,Not_NEP,CA,CA,W,XER,FWS,NWC_11_NO,NWC_11_NO,Base,NWC16_11_TSN,P06,PEM,CA,ARW,Arid West,W-PRLH,XER-PRLH,PROB,FWS_ST_2005,California,F06047,CA,Target,7,Central California Valley,7m,San Joaquin Basin,PEM,PEM,PRLH,RIVERINE,XER_PEM,34239.43113,-2155459.165,254019.1649
8/24/2020,NWCA11-1118,5356,7/22/2011,1,NWC_CA-10014,WMTNS,West,XER,Xeric,Solano,Pacific Coast Region,ARID_W,Arid West,LRR C,Region_09,Target_Sampled,H1805000104,Suisun Bay,H180500010401,TIDAL,38.10732204,38.10732204,-121.9544407,-121.9544407,"California Subtropical Fruit, Truck, and Specialty Crop Region",C,California Region,H18,21,California Delta,16,San Franciso Estuary Partnership,NEP,CA,CA,W,XER,State,NWC_11_NO,NWC_11_NO,Base,NWC16_11_TSN,P06,E2EM,CA,PAC,Pacific Coast,ALL-EH,ALL-EH,PROB,FWS_ST_2005,California,F06095,CA,Target,7,Central California Valley,7j,Delta,E2EM,E2EM,EH,TIDAL,XER_E2EM,8674.34098,-2226346.573,373989.2778
8/24/2020,NWCA11-1123,5357,6/24/2011,1,NWC_CA-10019,WMTNS,West,XER,Xeric,Solano,Pacific Coast Region,ARID_W,Arid West,LRR C,Region_09,Target_Sampled,H1805000208,San Pablo Bay,H180500020801,TIDAL,38.12994425,38.12994425,-122.3421026,-122.3421026,"California Subtropical Fruit, Truck, and Specialty Crop Region",C,California Region,H18,19,Central California Coastal Valleys,14,San Franciso Estuary Partnership,NEP,CA,CA,W,XER,FWS,NWC_11_NO,NWC_11_NO,Base,NWC16_11_TSN,P07,E2EM,CA,PAC,Pacific Coast,ALL-EH,ALL-EH,PROB,FWS_ST_2005,California,F06095,CA,Target,6,Central California Foothills and Coastal Mountains,6p,Bay Flats,E2EM,E2EM,EH,TIDAL,XER_E2EM,8674.34098,-2258056.433,385575.9616
8/24/2020,NWCA11-1125,5358,6/2/2011,1,NWC_CA-10021,WMTNS,West,XER,Xeric,Sacramento,Not Coast,ARID_W,Arid West,LRR C,Region_09,Target_Sampled,H1802016304,Morrison Creek,H180201630403,INLAND,38.45784165,38.45784165,-121.4664237,-121.4664237,"California Subtropical Fruit, Truck, and Specialty Crop Region",C,California Region,H18,22,Sacramento and San Joaquin Valleys,17,Not_NEP,Not_NEP,CA,CA,W,XER,Regional,NWC_11_16,NWC_11_16,Base,NWC16_11_TSS,P06,PEM,CA,ARW,Arid West,W-PRLH,XER-PRLH,PROB,FWS_ST_2005,California,F06067,CA,Target,7,Central California Valley,7j,Delta,PEM,PEM,PRLH,RIVERINE,XER_PEM,34239.43113,-2175099.1,400547.3985
8/24/2020,NWCA11-1127,5359,7/10/2011,1,NWC_CA-10023,WMTNS,West,XER,Xeric,Sonoma,Pacific Coast Region,ARID_W,Arid West,LRR C,Region_09,Target_Sampled,H1805000208,San Pablo Bay,H180500020801,TIDAL,38.16837901,38.16837901,-122.5334619,-122.5334619,"California Subtropical Fruit, Truck, and Specialty Crop Region",C,California Region,H18,19,Central California Coastal Valleys,14,San Franciso Estuary Partnership,NEP,CA,CA,W,XER,State,NWC_11_NO,NWC_11_NO,Base,NWC16_11_TSN,P07,E2EM,CA,PAC,Pacific Coast,ALL-EH,ALL-EH,PROB,FWS_ST_2005,California,F06097,CA,Target,6,Central California Foothills and Coastal Mountains,6p,Bay Flats,E2EM,E2EM,EH,TIDAL,XER_E2EM,8674.34098,-2272845.751,394280.0111
8/24/2020,NWCA11-1129,5360,5/16/2011,1,NWC_CA-10025,WMTNS,West,XER,Xeric,Ventura,Pacific Coast Region,ARID_W,Arid West,LRR C,Region_09,Target_Sampled,H1807010209,Lower Santa Clara River,H180701020904,INLAND,34.23663307,34.23663307,-119.2626474,-119.2626474,"California Subtropical Fruit, Truck, and Specialty Crop Region",C,California Region,H18,24,Southern California Coastal Plain,19,Not_NEP,Not_NEP,CA,CA,W,XER,Non-Federal,NWC_11_NO,NWC_11_NO,OverSamp,NWC16_11_TSN,P07,PSS,CA,ARW,Arid West,W-PRLW,XER-PRLW,PROB,FWS_ST_2005,California,F06111,CA,Target,85,Southern California/Northern Baja Coast,85b,Oxnard Plain and Valleys,PSS,PSS,PRLW,RIVERINE,XER_PSS,8530.03788,-2105393.807,-106381.9335
8/24/2020,NWCA11-1131,5361,8/31/2011,1,NWC_CA-10027,WMTNS,West,WMT,Western Mountains,Mendocino,Pacific Coast Region,W_MTNS,"Western Mountains, Valleys, and Coast","LRR A (MLRA 2, 4A, 4B)",Region_09,Target_Sampled,H1801010808,Albion River-Frontal Pacific Ocean,H180101080803,INLAND,39.25489987,39.25489987,-123.7558709,-123.7558709,"Northwestern Forest, Forage, and Specialty Crop Region",A,California Region,H18,6,Coastal Redwood Belt,4B,Not_NEP,Not_NEP,CA,CA,W,WMT,Non-Federal,NWC_11_16,NWC_11_16,OverSamp,NWC16_11_TSS,P07,PSS,CA,WVM,Western Valleys & Mountains,W-PRLW,WMT-PRLW,PROB,FWS_ST_2005,California,F06045,CA,Target,1,Coast Range,1l,Fort Bragg/Fort Ross Terraces,PSS,PSS,PRLW,FLATS,WMT_PSS,8530.03788,-2339566.157,540795.1623
8/24/2020,NWCA11-1133,5362,7/12/2011,1,NWC_CA-10029,WMTNS,West,XER,Xeric,Sonoma,Pacific Coast Region,ARID_W,Arid West,LRR C,Region_09,Target_Sampled,H1805000208,San Pablo Bay,H180500020801,TIDAL,38.16538922,38.16538922,-122.545057,-122.545057,"California Subtropical Fruit, Truck, and Specialty Crop Region",C,California Region,H18,19,Central California Coastal Valleys,14,San Franciso Estuary Partnership,NEP,CA,CA,W,XER,State,NWC_11_NO,NWC_11_NO,OverSamp,NWC16_11_TSN,P07,E2EM,CA,PAC,Pacific Coast,ALL-EH,ALL-EH,PROB,FWS_ST_2005,California,F06097,CA,Target,6,Central California Foothills and Coastal Mountains,6p,Bay Flats,E2EM,E2EM,EH,TIDAL,XER_E2EM,8674.34098,-2273905.411,394235.2593
8/24/2020,NWCA11-1136,5363,7/20/2011,1,NWC_CA-10032,WMTNS,West,XER,Xeric,Solano,Pacific Coast Region,ARID_W,Arid West,LRR C,Region_09,Target_Sampled,H1805000104,Suisun Bay,H180500010401,INLAND,38.13473345,38.13473345,-121.9520565,-121.9520565,"California Subtropical Fruit, Truck, and Specialty Crop Region",C,California Region,H18,21,California Delta,16,San Franciso Estuary Partnership,NEP,CA,CA,W,XER,State,NWC_11_NO,NWC_11_NO,OverSamp,NWC16_11_TSN,P06,PUBPAB,CA,ARW,Arid West,W-PRLH,XER-PRLH,PROB,FWS_ST_2005,California,F06095,CA,Target,7,Central California Valley,7j,Delta,PUBPAB,PEM,PRLH,DPRSS,XER_PUBPAB,3985.87815,-2225318.536,376891.9661
8/24/2020,NWCA11-1140,5364,6/15/2011,1,NWC_CA-10036,WMTNS,West,XER,Xeric,Solano,Pacific Coast Region,ARID_W,Arid West,LRR C,Region_09,Target_Sampled,H1805000104,Suisun Bay,H180500010401,TIDAL,38.11119825,38.11119825,-121.9650982,-121.9650982,"California Subtropical Fruit, Truck, and Specialty Crop Region",C,California Region,H18,21,California Delta,16,San Franciso Estuary Partnership,NEP,CA,CA,W,XER,State,NWC_11_NO,NWC_11_NO,OverSamp,NWC16_11_TSN,P06,E2EM,CA,PAC,Pacific Coast,ALL-EH,ALL-EH,PROB,FWS_ST_2005,California,F06095,CA,Target,7,Central California Valley,7j,Delta,E2EM,E2EM,EH,TIDAL,XER_E2EM,8674.34098,-2227120.672,374657.3478
8/24/2020,NWCA11-1144,5365,6/3/2011,1,NWC_CA-10040,WMTNS,West,XER,Xeric,Contra Costa,Pacific Coast Region,ARID_W,Arid West,LRR C,Region_09,Target_Sampled,H1804000307,Marsh Creek,H180400030701,INLAND,37.89412492,37.89412492,-121.7587741,-121.7587741,"California Subtropical Fruit, Truck, and Specialty Crop Region",C,California Region,H18,20,Central California Coast Range,15,Not_NEP,Not_NEP,CA,CA,W,XER,State,NWC_11_NO,NWC_11_NO,OverSamp,NWC16_11_TSN,P07,PEM,CA,ARW,Arid West,W-PRLH,XER-PRLH,PROB,FWS_ST_2005,California,F06013,CA,Target,6,Central California Foothills and Coastal Mountains,6aa,Eastern Hills,PEM,PEM,PRLH,DPRSS,XER_PEM,18716.46424,-2216375.076,346398.9814
8/24/2020,NWCA11-1146,5366,6/7/2011,1,NWC_CA-10042,WMTNS,West,XER,Xeric,Merced,Not Coast,ARID_W,Arid West,LRR C,Region_09,Target_Sampled,H1804000121,Mud Slough-San Joaquin River,H180400012101,INLAND,37.23957456,37.23957456,-120.8194324,-120.8194324,"California Subtropical Fruit, Truck, and Specialty Crop Region",C,California Region,H18,22,Sacramento and San Joaquin Valleys,17,Not_NEP,Not_NEP,CA,CA,W,XER,FWS,NWC_11_NO,NWC_11_NO,OverSamp,NWC16_11_TSN,P06,PFO,CA,ARW,Arid West,W-PRLH,XER-PRLH,PROB,FWS_ST_2005,California,F06047,CA,Target,7,Central California Valley,7m,San Joaquin Basin,PFO,PEM,PRLH,RIVERINE,XER_PFO,24762.00998,-2156374.108,254012.5881
8/24/2020,NWCA11-1147,5367,6/1/2011,1,NWC_CA-10043,WMTNS,West,XER,Xeric,Solano,Pacific Coast Region,ARID_W,Arid West,LRR C,Region_09,Target_Sampled,H1805000104,Suisun Bay,H180500010401,INLAND,38.11906134,38.11906134,-121.9484581,-121.9484581,"California Subtropical Fruit, Truck, and Specialty Crop Region",C,California Region,H18,21,California Delta,16,San Franciso Estuary Partnership,NEP,CA,CA,W,XER,State,NWC_11_NO,NWC_11_NO,OverSamp,NWC16_11_TSN,P06,PF,CA,ARW,Arid West,W-PRLH,XER-PRLH,PROB,FWS_ST_2005,California,F06095,CA,Target,7,Central California Valley,7j,Delta,PF,PEM,PRLH,DPRSS,XER_PF,12505.18841,-2225491.389,375116.1864
8/24/2020,NWCA11-1150,5368,8/30/2011,1,NWC_CA-10046,WMTNS,West,WMT,Western Mountains,Humboldt,Pacific Coast Region,W_MTNS,"Western Mountains, Valleys, and Coast","LRR A (MLRA 2, 4A, 4B)",Region_09,Target_Sampled,H1801010206,Humboldt Bay-Frontal Pacific Ocean,H180101020605,INLAND,40.88234552,40.88234552,-124.1447023,-124.1447023,"Northwestern Forest, Forage, and Specialty Crop Region",A,California Region,H18,6,Coastal Redwood Belt,4B,Not_NEP,Not_NEP,CA,CA,W,WMT,FWS,NWC_11_NO,NWC_11_NO,OverSamp,NWC16_11_TSN,P07,PFO,CA,WVM,Western Valleys & Mountains,W-PRLW,WMT-PRLW,PROB,FWS_ST_2005,California,F06023,CA,Target,1,Coast Range,1a,Coastal Lowlands,PFO,PFO,PRLW,DPRSS,WMT_PFO,13535.77613,-2318169.828,724831.5634
8/24/2020,NWCA11-1153,5369,6/3/2011,1,NWC_CO-10003,PLNLOW,Plains and Lowlands,SPL,Southern Plains,Sedgwick,Not Coast,GT_PLAINS,Great Plains,"LRR H (MLRA 72, 73)",Region_08,Target_Sampled,H1025000602,Sand Creek,H102500060202,INLAND,40.87273328,40.87273328,-102.2821138,-102.2821138,Central Great Plains Winter Wheat and Range Region,H,Missouri Region,H10,105,Central High Tableland,72,Not_NEP,Not_NEP,CO,CO,IPL,IPL,Non-Federal,NWC_11_16,NWC_11_16,Base,NWC16_11_TSS,P16,PEM,CO,GPL,Great Plains,IPL-PRLH,IPL-PRLH,PROB,FWS_ST_2005,Colorado,F08115,CO,Target,25,High Plains,25d,Flat to Rolling Plains,PEM,PEM,PRLH,DPRSS,IPL_PEM,11943.054,-524764.1152,395304.3211
8/24/2020,NWCA11-1153,5349,6/28/2011,2,NWC_CO-10003,PLNLOW,Plains and Lowlands,SPL,Southern Plains,Sedgwick,Not Coast,GT_PLAINS,Great Plains,"LRR H (MLRA 72, 73)",Region_08,Target_Sampled,H1025000602,Sand Creek,H102500060202,INLAND,40.87273328,40.87273328,-102.2821138,-102.2821138,Central Great Plains Winter Wheat and Range Region,H,Missouri Region,H10,105,Central High Tableland,72,Not_NEP,Not_NEP,CO,CO,IPL,IPL,Non-Federal,NWC_11_16,NWC_11_16,Base,NWC16_11_TSS,P16,PEM,CO,GPL,Great Plains,IPL-PRLH,IPL-PRLH,PROB,FWS_ST_2005,Colorado,F08115,CO,Target,25,High Plains,25d,Flat to Rolling Plains,PEM,PEM,PRLH,DPRSS,IPL_PEM,11943.054,-524764.1152,395304.3211
8/24/2020,NWCA11-1162,3856,8/30/2011,2,NWC_CO-10012,WMTNS,West,WMT,Western Mountains,Lake,Not Coast,W_MTNS,"Western Mountains, Valleys, and Coast",LRR E,Region_08,Target_Sampled,H1102000102,Headwaters Arkansas River,H110200010202,INLAND,39.26385548,39.26385548,-106.2540389,-106.2540389,Rocky Mountain Range and Forest Region,E,Arkansas-White-Red Region,H11,65,Southern Rocky Mountains,48A,Not_NEP,Not_NEP,CO,CO,W,WMT,Non-Federal,NWC_11_16,NWC_11_16,Base,NWC16_11_TSS,P29,PEM,CO,WVM,Western Valleys & Mountains,W-PRLW,WMT-PRLW,PROB,FWS_ST_2005,Colorado,F08065,CO,Target,21,Southern Rockies,21e,Sedimentary Subalpine Forests,PEM,PSS,PRLW,SLOPE,WMT_PEM,37867.9375,-874924.8879,244944.502
8/24/2020,NWCA11-1162,3529,8/3/2011,1,NWC_CO-10012,WMTNS,West,WMT,Western Mountains,Lake,Not Coast,W_MTNS,"Western Mountains, Valleys, and Coast",LRR E,Region_08,Target_Sampled,H1102000102,Headwaters Arkansas River,H110200010202,INLAND,39.26385548,39.26385548,-106.2540389,-106.2540389,Rocky Mountain Range and Forest Region,E,Arkansas-White-Red Region,H11,65,Southern Rocky Mountains,48A,Not_NEP,Not_NEP,CO,CO,W,WMT,Non-Federal,NWC_11_16,NWC_11_16,Base,NWC16_11_TSS,P29,PEM,CO,WVM,Western Valleys & Mountains,W-PRLW,WMT-PRLW,PROB,FWS_ST_2005,Colorado,F08065,CO,Target,21,Southern Rockies,21e,Sedimentary Subalpine Forests,PEM,PSS,PRLW,SLOPE,WMT_PEM,37867.9375,-874924.8879,244944.502
8/24/2020,NWCA11-1163,5370,6/15/2011,1,NWC_CO-10013,WMTNS,West,WMT,Western Mountains,Las Animas,Not Coast,W_MTNS,"Western Mountains, Valleys, and Coast",LRR E,Region_08,Target_Sampled,H1102000701,Headwaters Apishapa River,H110200070103,INLAND,37.35752016,37.35752016,-104.7903398,-104.7903398,Rocky Mountain Range and Forest Region,E,Arkansas-White-Red Region,H11,67,Southern Rocky Mountain Foothills,49,Not_NEP,Not_NEP,CO,CO,W,WMT,Non-Federal,NWC_11_16,NWC_11_16,OverSamp,NWC16_11_TSS,P29,PFO,CO,WVM,Western Valleys & Mountains,W-PRLW,WMT-PRLW,PROB,FWS_ST_2005,Colorado,F08071,CO,Target,21,Southern Rockies,21f,Sedimentary Mid-Elevation Forests,PFO,PFO,PRLW,RIVERINE,WMT_PFO,11319.36544,-770156.3251,19676.85589
8/24/2020,NWCA11-1168,5371,5/31/2011,1,NWC_CO-10018,PLNLOW,Plains and Lowlands,SPL,Southern Plains,Washington,Not Coast,GT_PLAINS,Great Plains,LRR G,Region_08,Target_Sampled,H1019001207,Prewitt Reservoir-South Platte River,H101900120705,INLAND,40.43304805,40.43304805,-103.328897,-103.328897,Western Great Plains Range and Irrigated Region,G,Missouri Region,H10,96,"Central High Plains, Southern Part",67B,Not_NEP,Not_NEP,CO,CO,IPL,IPL,Non-Federal,NWC_11_NO,NWC_11_NO,OverSamp,NWC16_11_TSN,P27,PUBPAB,CO,GPL,Great Plains,IPL-PRLH,IPL-PRLH,PROB,FWS_ST_2005,Colorado,F08121,CO,Target,25,High Plains,25b,Rolling Sand Plains,PUBPAB,PEM,PRLH,DPRSS,IPL_PUBPAB,10387.84966,-615838.1671,352465.5814
8/24/2020,NWCA11-1174,3530,8/6/2011,1,NWC_CO-10024,WMTNS,West,WMT,Western Mountains,Lake,Not Coast,W_MTNS,"Western Mountains, Valleys, and Coast",LRR E,Region_08,Target_Sampled,H1102000102,Headwaters Arkansas River,H110200010202,INLAND,39.26870764,39.26870764,-106.2280978,-106.2280978,Rocky Mountain Range and Forest Region,E,Arkansas-White-Red Region,H11,65,Southern Rocky Mountains,48A,Not_NEP,Not_NEP,CO,CO,W,WMT,Non-Federal,NWC_11_NO,NWC_11_NO,OverSamp,NWC16_11_TSN,P29,PUBPAB,CO,WVM,Western Valleys & Mountains,W-PRLW,WMT-PRLW,PROB,FWS_ST_2005,Colorado,F08065,CO,Target,21,Southern Rockies,21a,Alpine Zone,PUBPAB,PSS,PRLW,RIVERINE,WMT_PUBPAB,14192.62764,-872661.6134,245246.6412
8/24/2020,NWCA11-1179,4693,9/12/2011,1,NWC_CT-10005,EHIGH,Eastern Highlands,NAP,Northern Appalachians,Litchfield,North East Coast Region,NE,Northcentral and Northeast,LRR R (Excluding MLRA 143),Region_01,Target_Sampled,H0110000512,Outlet Naugatuck River,H011000051201,INLAND,41.63713648,41.63713648,-73.03024,-73.03024,Northeastern Forage and Forest Region,R,New England Region,H01,248,"New England and Eastern New York Upland, Southern Part",144A,Long Island Sound Study,NEP,CT,CT_NCZ,EMU,EMU,Non-Federal,NWC_11_16,NWC_11_16,Base,NWC16_11_TSS,P01,PSS,CT,NCE,North Central East,EMU-PRLW,EMU-PRLW,PROB,FWS_ST_2005,Connecticut,F09005,CT,Target,59,Northeastern Coastal Zone,59c,Southern New England Coastal Plains and Hills,PSS,PSS,PRLW,DPRSS,EMU_PSS,21720.43718,1881008.457,691962.3778
8/24/2020,NWCA11-1179,4692,9/24/2011,2,NWC_CT-10005,EHIGH,Eastern Highlands,NAP,Northern Appalachians,Litchfield,North East Coast Region,NE,Northcentral and Northeast,LRR R (Excluding MLRA 143),Region_01,Target_Sampled,H0110000512,Outlet Naugatuck River,H011000051201,INLAND,41.63713648,41.63713648,-73.03024,-73.03024,Northeastern Forage and Forest Region,R,New England Region,H01,248,"New England and Eastern New York Upland, Southern Part",144A,Long Island Sound Study,NEP,CT,CT_NCZ,EMU,EMU,Non-Federal,NWC_11_16,NWC_11_16,Base,NWC16_11_TSS,P01,PSS,CT,NCE,North Central East,EMU-PRLW,EMU-PRLW,PROB,FWS_ST_2005,Connecticut,F09005,CT,Target,59,Northeastern Coastal Zone,59c,Southern New England Coastal Plains and Hills,PSS,PSS,PRLW,DPRSS,EMU_PSS,21720.43718,1881008.457,691962.3778
8/24/2020,NWCA11-1180,4353,9/5/2011,1,NWC_CT-10006,EHIGH,Eastern Highlands,NAP,Northern Appalachians,Middlesex,North East Coast Region,NE,Northcentral and Northeast,LRR R (Excluding MLRA 143),Region_01,Target_Sampled,H0110000402,Hammonasset River-Frontal Long Island Sound,H011000040208,TIDAL,41.26666966,41.26666966,-72.50269329,-72.50269329,Northeastern Forage and Forest Region,R,New England Region,H01,248,"New England and Eastern New York Upland, Southern Part",144A,Long Island Sound Study,NEP,CT,CT_NCZ,EMU,EMU,State,NWC_11_16,NWC_11_16,Base,NWC16_11_TSS,P36,E2EM,CT,ATL,Atlantic Coast,ALL-EH,ALL-EH,PROB,FWS_ST_2005,Connecticut,F09007,CT,Target,59,Northeastern Coastal Zone,59g,Long Island Sound Coastal Lowland,E2EM,E2EM,EH,TIDAL,EMU_E2EM,2113.41051,1933484.227,662317.0764
8/24/2020,NWCA11-1180,4691,9/25/2011,2,NWC_CT-10006,EHIGH,Eastern Highlands,NAP,Northern Appalachians,Middlesex,North East Coast Region,NE,Northcentral and Northeast,LRR R (Excluding MLRA 143),Region_01,Target_Sampled,H0110000402,Hammonasset River-Frontal Long Island Sound,H011000040208,TIDAL,41.26666966,41.26666966,-72.50269329,-72.50269329,Northeastern Forage and Forest Region,R,New England Region,H01,248,"New England and Eastern New York Upland, Southern Part",144A,Long Island Sound Study,NEP,CT,CT_NCZ,EMU,EMU,State,NWC_11_16,NWC_11_16,Base,NWC16_11_TSS,P36,E2EM,CT,ATL,Atlantic Coast,ALL-EH,ALL-EH,PROB,FWS_ST_2005,Connecticut,F09007,CT,Target,59,Northeastern Coastal Zone,59g,Long Island Sound Coastal Lowland,E2EM,E2EM,EH,TIDAL,EMU_E2EM,2113.41051,1933484.227,662317.0764
8/24/2020,NWCA11-1181,4354,9/20/2011,1,NWC_CT-10007,EHIGH,Eastern Highlands,NAP,Northern Appalachians,New London,North East Coast Region,NE,Northcentral and Northeast,LRR R (Excluding MLRA 143),Region_01,Target_Sampled,H0109000503,Lower Pawcatuck River,H010900050301,INLAND,41.49032243,41.49032243,-71.84760856,-71.84760856,Northeastern Forage and Forest Region,R,New England Region,H01,248,"New England and Eastern New York Upland, Southern Part",144A,Long Island Sound Study,NEP,CT,CT_NCZ,EMU,EMU,Non-Federal,NWC_11_NO,NWC_11_NO,Base,NWC16_11_TSN,P18,PFO,CT,NCE,North Central East,EMU-PRLW,EMU-PRLW,PROB,FWS_ST_2005,Connecticut,F09011,CT,Target,59,Northeastern Coastal Zone,59c,Southern New England Coastal Plains and Hills,PFO,PFO,PRLW,DPRSS,EMU_PFO,40563.1943,1979944.532,700057.5735
8/24/2020,NWCA11-1183,4690,9/22/2011,1,NWC_CT-10009,EHIGH,Eastern Highlands,NAP,Northern Appalachians,Litchfield,North East Coast Region,NE,Northcentral and Northeast,LRR R (Excluding MLRA 143),Region_01,Target_Sampled,H0110000512,Outlet Naugatuck River,H011000051201,INLAND,41.64576632,41.64576632,-73.00340323,-73.00340323,Northeastern Forage and Forest Region,R,New England Region,H01,248,"New England and Eastern New York Upland, Southern Part",144A,Long Island Sound Study,NEP,CT,CT_NCZ,EMU,EMU,Non-Federal,NWC_11_NO,NWC_11_NO,Base,NWC16_11_TSN,P01,PFO,CT,NCE,North Central East,EMU-PRLW,EMU-PRLW,PROB,FWS_ST_2005,Connecticut,F09005,CT,Target,59,Northeastern Coastal Zone,59c,Southern New England Coastal Plains and Hills,PFO,PFO,PRLW,DPRSS,EMU_PFO,18123.12701,1882931.678,693431.4686
8/24/2020,NWCA11-1184,4689,9/7/2011,1,NWC_CT-10010,EHIGH,Eastern Highlands,NAP,Northern Appalachians,New Haven,North East Coast Region,NE,Northcentral and Northeast,LRR R (Excluding MLRA 143),Region_01,Target_Sampled,H0110000402,Hammonasset River-Frontal Long Island Sound,H011000040208,TIDAL,41.26237415,41.26237415,-72.72814285,-72.72814285,Northeastern Forage and Forest Region,R,New England Region,H01,250,Connecticut Valley,145,Long Island Sound Study,NEP,CT,CT_NCZ,EMU,EMU,Non-Federal,NWC_11_16,NWC_11_16,Base,NWC16_11_TSS,P18,E2EM,CT,ATL,Atlantic Coast,ALL-EH,ALL-EH,PROB,FWS_ST_2005,Connecticut,F09009,CT,Target,59,Northeastern Coastal Zone,59g,Long Island Sound Coastal Lowland,E2EM,E2EM,EH,TIDAL,EMU_E2EM,2113.41051,1915423.779,657285.2554
8/24/2020,NWCA11-1186,4688,9/13/2011,1,NWC_CT-10012,EHIGH,Eastern Highlands,NAP,Northern Appalachians,Litchfield,North East Coast Region,NE,Northcentral and Northeast,LRR R (Excluding MLRA 143),Region_01,Target_Sampled,H0110000507,Shepaug River,H011000050701,INLAND,41.80995145,41.80995145,-73.29738787,-73.29738787,Northeastern Forage and Forest Region,R,New England Region,H01,248,"New England and Eastern New York Upland, Southern Part",144A,Long Island Sound Study,NEP,CT,CT_NAAMH,EMU,EMU,State,NWC_11_NO,NWC_11_NO,OverSamp,NWC16_11_TSN,P01,PUBPAB,CT,NCE,North Central East,EMU-PRLW,EMU-PRLW,PROB,FWS_ST_2005,Connecticut,F09005,CT,Target,58,Northeastern Highlands,58e,Berkshire Transition,PUBPAB,PSS,PRLW,DPRSS,EMU_PUBPAB,7488.03262,1854976.077,705493.1699
8/24/2020,NWCA11-1187,4687,9/8/2011,1,NWC_CT-10013,EHIGH,Eastern Highlands,NAP,Northern Appalachians,Middlesex,North East Coast Region,NE,Northcentral and Northeast,LRR R (Excluding MLRA 143),Region_01,Target_Sampled,H0108020509,Eightmile River-Connecticut River,H010802050905,TIDAL,41.33323209,41.33323209,-72.36323146,-72.36323146,Northeastern Forage and Forest Region,R,New England Region,H01,248,"New England and Eastern New York Upland, Southern Part",144A,Long Island Sound Study,NEP,CT,CT_NCZ,EMU,EMU,Non-Federal,NWC_11_NO,NWC_11_NO,OverSamp,NWC16_11_TSN,P18,E2EM,CT,ATL,Atlantic Coast,ALL-EH,ALL-EH,PROB,FWS_ST_2005,Connecticut,F09007,CT,Target,59,Northeastern Coastal Zone,59g,Long Island Sound Coastal Lowland,E2EM,E2EM,EH,TIDAL,EMU_E2EM,2113.41051,1942888.749,672384.7355
8/24/2020,NWCA11-1188,4686,9/21/2011,1,NWC_CT-10014,EHIGH,Eastern Highlands,NAP,Northern Appalachians,New Haven,North East Coast Region,NE,Northcentral and Northeast,LRR R (Excluding MLRA 143),Region_01,Target_Sampled,H0110000402,Hammonasset River-Frontal Long Island Sound,H011000040208,TIDAL,41.26583447,41.26583447,-72.70916114,-72.70916114,Northeastern Forage and Forest Region,R,New England Region,H01,250,Connecticut Valley,145,Long Island Sound Study,NEP,CT,CT_NCZ,EMU,EMU,Non-Federal,NWC_11_NO,NWC_11_NO,OverSamp,NWC16_11_TSN,P18,E2SS,CT,ATL,Atlantic Coast,ALL-EW,ALL-EW,PROB,FWS_ST_2005,Connecticut,F09009,CT,Target,59,Northeastern Coastal Zone,59g,Long Island Sound Coastal Lowland,E2SS,E2SS,EW,DPRSS,EMU_E2SS,2.78934,1916860.712,658043.7916
8/24/2020,NWCA11-1189,4685,9/26/2011,1,NWC_CT-10015,EHIGH,Eastern Highlands,NAP,Northern Appalachians,Litchfield,North East Coast Region,NE,Northcentral and Northeast,LRR R (Excluding MLRA 143),Region_01,Target_Sampled,H0110000505,Tenmile River,H011000050503,INLAND,41.86653201,41.86653201,-73.4976652,-73.4976652,Northeastern Forage and Forest Region,R,New England Region,H01,248,"New England and Eastern New York Upland, Southern Part",144A,Long Island Sound Study,NEP,CT,CT_NAAMH,EMU,EMU,Non-Federal,NWC_11_NO,NWC_11_NO,OverSamp,NWC16_11_TSN,P02,PSS,CT,NCE,North Central East,EMU-PRLW,EMU-PRLW,PROB,FWS_ST_2005,Connecticut,F09005,CT,Target,58,Northeastern Highlands,58b,Western New England Marble Valleys,PSS,PSS,PRLW,DPRSS,EMU_PSS,682.13025,1837435.303,707754.6032
8/24/2020,NWCA11-1190,4684,9/11/2011,1,NWC_CT-10016,EHIGH,Eastern Highlands,NAP,Northern Appalachians,Hartford,Not Coast,NE,Northcentral and Northeast,LRR R (Excluding MLRA 143),Region_01,Target_Sampled,H0108020704,Headwaters Farmington River,H010802070402,INLAND,41.82703547,41.82703547,-72.9162012,-72.9162012,Northeastern Forage and Forest Region,R,New England Region,H01,248,"New England and Eastern New York Upland, Southern Part",144A,Long Island Sound Study,NEP,CT,CT_NCZ,EMU,EMU,Non-Federal,NWC_11_NO,NWC_11_NO,OverSamp,NWC16_11_TSN,P01,PFO,CT,NCE,North Central East,EMU-PRLW,EMU-PRLW,PROB,FWS_ST_2005,Connecticut,F09003,CT,Target,59,Northeastern Coastal Zone,59c,Southern New England Coastal Plains and Hills,PFO,PFO,PRLW,DPRSS,EMU_PFO,18123.12701,1885052.423,714850.2402
8/24/2020,NWCA11-1193,4683,9/23/2011,1,NWC_CT-10019,EHIGH,Eastern Highlands,NAP,Northern Appalachians,Litchfield,North East Coast Region,NE,Northcentral and Northeast,LRR R (Excluding MLRA 143),Region_01,Target_Sampled,H0110000512,Outlet Naugatuck River,H011000051201,INLAND,41.64191489,41.64191489,-73.0325166,-73.0325166,Northeastern Forage and Forest Region,R,New England Region,H01,248,"New England and Eastern New York Upland, Southern Part",144A,Long Island Sound Study,NEP,CT,CT_NCZ,EMU,EMU,Non-Federal,NWC_11_16,NWC_11_16,OverSamp,NWC16_11_TSS,P01,PUBPAB,CT,NCE,North Central East,EMU-PRLH,EMU-PRLH,PROB,FWS_ST_2005,Connecticut,F09005,CT,Target,59,Northeastern Coastal Zone,59c,Southern New England Coastal Plains and Hills,PUBPAB,PEM,PRLH,DPRSS,EMU_PUBPAB,7488.03262,1880697.688,692436.5166
8/24/2020,NWCA11-1197,5372,7/14/2011,1,NWC_DE-10001,PLNLOW,Plains and Lowlands,CPL,Coastal Plains,New Castle,North East Coast Region,CSTL_PLAIN,Atlantic and Gulf Coastal Plain,LRR T (MLRA 153C),Region_03,Target_Sampled,H0204020701,Smyrna River-Delaware Bay,H020402070103,TIDAL,39.38175356,39.38175356,-75.54017703,-75.54017703,Atlantic and Gulf Coast Lowland Forest and Crop Region,T,Mid Atlantic Region,H02,263,Mid-Atlantic Coastal Plain,153C,Delaware Estuary,NEP,DE,DE_CP,CPL,CPL,State,NWC_11_16,NWC_11_16,Revisit,NWC16_11_TSS,P36,E2EM,DE,ATL,Atlantic Coast,ALL-EH,ALL-EH,PROB,FWS_ST_2005,Delaware,F10003,DE,Target,63,Middle Atlantic Coastal Plain,63a,Delaware River Terraces and Uplands,E2EM,E2EM,EH,TIDAL,CPL_E2EM,8881.35885,1732820.821,398164.5215
8/24/2020,NWCA11-1197,3666,8/18/2011,2,NWC_DE-10001,PLNLOW,Plains and Lowlands,CPL,Coastal Plains,New Castle,North East Coast Region,CSTL_PLAIN,Atlantic and Gulf Coastal Plain,LRR T (MLRA 153C),Region_03,Target_Sampled,H0204020701,Smyrna River-Delaware Bay,H020402070103,TIDAL,39.38175356,39.38175356,-75.54017703,-75.54017703,Atlantic and Gulf Coast Lowland Forest and Crop Region,T,Mid Atlantic Region,H02,263,Mid-Atlantic Coastal Plain,153C,Delaware Estuary,NEP,DE,DE_CP,CPL,CPL,State,NWC_11_16,NWC_11_16,Revisit,NWC16_11_TSS,P36,E2EM,DE,ATL,Atlantic Coast,ALL-EH,ALL-EH,PROB,FWS_ST_2005,Delaware,F10003,DE,Target,63,Middle Atlantic Coastal Plain,63a,Delaware River Terraces and Uplands,E2EM,E2EM,EH,TIDAL,CPL_E2EM,8881.35885,1732820.821,398164.5215
8/24/2020,NWCA11-1198,5373,7/12/2011,1,NWC_DE-10002,PLNLOW,Plains and Lowlands,CPL,Coastal Plains,New Castle,North East Coast Region,CSTL_PLAIN,Atlantic and Gulf Coastal Plain,LRR T (MLRA 153C),Region_03,Target_Sampled,H0204020508,Appoquinimink River-Delaware River,H020402050803,TIDAL,39.4284527,39.4284527,-75.57379203,-75.57379203,Atlantic and Gulf Coast Lowland Forest and Crop Region,T,Mid Atlantic Region,H02,263,Mid-Atlantic Coastal Plain,153C,Delaware Estuary,NEP,DE,DE_CP,CPL,CPL,Non-Federal,NWC_11_16,NWC_11_16,Revisit,NWC16_11_TSS,P36,E2SS,DE,ATL,Atlantic Coast,ALL-EH,ALL-EH,PROB,FWS_ST_2005,Delaware,F10003,DE,Target,63,Middle Atlantic Coastal Plain,63a,Delaware River Terraces and Uplands,E2SS,E2EM,EH,TIDAL,CPL_E2SS,199.96753,1728901.581,402665.3324
8/24/2020,NWCA11-1198,3914,9/12/2011,2,NWC_DE-10002,PLNLOW,Plains and Lowlands,CPL,Coastal Plains,New Castle,North East Coast Region,CSTL_PLAIN,Atlantic and Gulf Coastal Plain,LRR T (MLRA 153C),Region_03,Target_Sampled,H0204020508,Appoquinimink River-Delaware River,H020402050803,TIDAL,39.4284527,39.4284527,-75.57379203,-75.57379203,Atlantic and Gulf Coast Lowland Forest and Crop Region,T,Mid Atlantic Region,H02,263,Mid-Atlantic Coastal Plain,153C,Delaware Estuary,NEP,DE,DE_CP,CPL,CPL,Non-Federal,NWC_11_16,NWC_11_16,Revisit,NWC16_11_TSS,P36,E2SS,DE,ATL,Atlantic Coast,ALL-EH,ALL-EH,PROB,FWS_ST_2005,Delaware,F10003,DE,Target,63,Middle Atlantic Coastal Plain,63a,Delaware River Terraces and Uplands,E2SS,E2EM,EH,TIDAL,CPL_E2SS,199.96753,1728901.581,402665.3324
8/24/2020,NWCA11-1199,3934,9/20/2011,1,NWC_DE-10003,PLNLOW,Plains and Lowlands,CPL,Coastal Plains,Sussex,North East Coast Region,CSTL_PLAIN,Atlantic and Gulf Coastal Plain,LRR T (MLRA 153D),Region_03,Target_Sampled,H0204030302,Indian River Bay,H020403030206,INLAND,38.6108882,38.6108882,-75.08496156,-75.08496156,Atlantic and Gulf Coast Lowland Forest and Crop Region,T,Mid Atlantic Region,H02,264,Northern Tidewater Area,153D,Delaware Inland Bays,NEP,DE,DE_CP,CPL,CPL,NOAA,NWC_11_NO,NWC_11_NO,Base,NWC16_11_TSN,P36,E2SS,DE,ICP,Inland Coastal Plains,CPL-PRLW,CPL-PRLW,PROB,FWS_ST_2005,Delaware,F10005,DE,Target,63,Middle Atlantic Coastal Plain,63d,Virginian Barrier Islands and Coastal Marshes,E2SS,PSS,PRLW,FLATS,CPL_E2SS,199.96753,1789619.073,322239.9752
8/24/2020,NWCA11-1200,3913,9/14/2011,1,NWC_DE-10004,PLNLOW,Plains and Lowlands,CPL,Coastal Plains,Sussex,North East Coast Region,CSTL_PLAIN,Atlantic and Gulf Coastal Plain,LRR T (MLRA 153D),Region_03,Target_Sampled,H0204020705,Mispillion River-Delaware Bay,H020402070504,TIDAL,38.87142575,38.87142575,-75.28915461,-75.28915461,Atlantic and Gulf Coast Lowland Forest and Crop Region,T,Mid Atlantic Region,H02,264,Northern Tidewater Area,153D,Delaware Estuary,NEP,DE,DE_CP,CPL,CPL,FWS,NWC_11_NO,NWC_11_NO,Base,NWC16_11_TSN,P36,PUBPAB,DE,ATL,Atlantic Coast,ALL-EW,ALL-EW,PROB,FWS_ST_2005,Delaware,F10005,DE,Target,63,Middle Atlantic Coastal Plain,63a,Delaware River Terraces and Uplands,PUBPAB,E2SS,EW,TIDAL,CPL_PUBPAB,351.03777,1766112.024,346924.9524
8/24/2020,NWCA11-1202,3694,8/26/2011,1,NWC_DE-10006,PLNLOW,Plains and Lowlands,CPL,Coastal Plains,New Castle,North East Coast Region,CSTL_PLAIN,Atlantic and Gulf Coastal Plain,LRR T (MLRA 153C),Region_03,Target_Sampled,H0204020508,Appoquinimink River-Delaware River,H020402050803,TIDAL,39.41670976,39.41670976,-75.55765409,-75.55765409,Atlantic and Gulf Coast Lowland Forest and Crop Region,T,Mid Atlantic Region,H02,263,Mid-Atlantic Coastal Plain,153C,Delaware Estuary,NEP,DE,DE_CP,CPL,CPL,Non-Federal,NWC_11_NO,NWC_11_NO,Base,NWC16_11_TSN,P36,E2SS,DE,ATL,Atlantic Coast,ALL-EH,ALL-EH,PROB,FWS_ST_2005,Delaware,F10003,DE,Target,63,Middle Atlantic Coastal Plain,63a,Delaware River Terraces and Uplands,E2SS,E2EM,EH,TIDAL,CPL_E2SS,199.96753,1730527.307,401673.3179
8/24/2020,NWCA11-1203,3569,8/2/2011,1,NWC_DE-10007,PLNLOW,Plains and Lowlands,CPL,Coastal Plains,Sussex,North East Coast Region,CSTL_PLAIN,Atlantic and Gulf Coastal Plain,LRR T (MLRA 153D),Region_03,Target_Sampled,H0204030301,Rehoboth Bay,H020403030104,TIDAL,38.61726785,38.61726785,-75.08504623,-75.08504623,Atlantic and Gulf Coast Lowland Forest and Crop Region,T,Mid Atlantic Region,H02,264,Northern Tidewater Area,153D,Delaware Inland Bays,NEP,DE,DE_CP,CPL,CPL,State,NWC_11_NO,NWC_11_NO,Base,NWC16_11_TSN,P36,E2SS,DE,ATL,Atlantic Coast,ALL-EH,ALL-EH,PROB,FWS_ST_2005,Delaware,F10005,DE,Target,63,Middle Atlantic Coastal Plain,63d,Virginian Barrier Islands and Coastal Marshes,E2SS,E2EM,EH,TIDAL,CPL_E2SS,199.96753,1789455.839,322936.206
8/24/2020,NWCA11-1205,5374,9/13/2011,1,NWC_DE-10009,PLNLOW,Plains and Lowlands,CPL,Coastal Plains,New Castle,North East Coast Region,CSTL_PLAIN,Atlantic and Gulf Coastal Plain,LRR S (MLRA 149A),Region_03,Target_Sampled,H0204020400,Delaware Bay-Deep,H020402040000,INLAND,39.59715731,39.59715731,-75.57781528,-75.57781528,Northern Atlantic Slope Diversified Farming Region,S,Mid Atlantic Region,H02,254,Northern Coastal Plain,149A,Delaware Estuary,NEP,DE,DE_CP,CPL,CPL,State,NWC_11_NO,NWC_11_NO,Base,NWC16_11_TSN,P36,E2SS,DE,ICP,Inland Coastal Plains,CPL-PRLW,CPL-PRLW,PROB,FWS_ST_2005,Delaware,F10003,DE,Target,63,Middle Atlantic Coastal Plain,63a,Delaware River Terraces and Uplands,E2SS,PFO,PRLW,FLATS,CPL_E2SS,199.96753,1724534.595,421063.7386
8/24/2020,NWCA11-1207,5375,7/21/2011,1,NWC_DE-10011,PLNLOW,Plains and Lowlands,CPL,Coastal Plains,Sussex,North East Coast Region,CSTL_PLAIN,Atlantic and Gulf Coastal Plain,LRR T (MLRA 153D),Region_03,Target_Sampled,H0204030301,Rehoboth Bay,H020403030102,TIDAL,38.62612705,38.62612705,-75.09675624,-75.09675624,Atlantic and Gulf Coast Lowland Forest and Crop Region,T,Mid Atlantic Region,H02,264,Northern Tidewater Area,153D,Delaware Inland Bays,NEP,DE,DE_CP,CPL,CPL,Non-Federal,NWC_11_NO,NWC_11_NO,Base,NWC16_11_TSN,P36,E2SS,DE,ATL,Atlantic Coast,ALL-EH,ALL-EH,PROB,FWS_ST_2005,Delaware,F10005,DE,Target,63,Middle Atlantic Coastal Plain,63d,Virginian Barrier Islands and Coastal Marshes,E2SS,E2EM,EH,TIDAL,CPL_E2SS,199.96753,1788253.5,323684.8419
8/24/2020,NWCA11-1209,5376,9/27/2011,1,NWC_DE-10013,PLNLOW,Plains and Lowlands,CPL,Coastal Plains,New Castle,North East Coast Region,CSTL_PLAIN,Atlantic and Gulf Coastal Plain,LRR S (MLRA 149A),Region_03,Target_Sampled,H0204020400,Delaware Bay-Deep,H020402040000,INLAND,39.59431519,39.59431519,-75.57425531,-75.57425531,Northern Atlantic Slope Diversified Farming Region,S,Mid Atlantic Region,H02,254,Northern Coastal Plain,149A,Delaware Estuary,NEP,DE,DE_CP,CPL,CPL,State,NWC_11_NO,NWC_11_NO,Base,NWC16_11_TSN,P36,E2SS,DE,ICP,Inland Coastal Plains,CPL-PRLW,CPL-PRLW,PROB,FWS_ST_2005,Delaware,F10003,DE,Target,63,Middle Atlantic Coastal Plain,63a,Delaware River Terraces and Uplands,E2SS,PFO,PRLW,FLATS,CPL_E2SS,199.96753,1724898.502,420817.171
8/24/2020,NWCA11-1210,3576,7/26/2011,1,NWC_DE-10014,PLNLOW,Plains and Lowlands,CPL,Coastal Plains,Sussex,North East Coast Region,CSTL_PLAIN,Atlantic and Gulf Coastal Plain,LRR T (MLRA 153D),Region_03,Target_Sampled,H0204030303,Inland Bays,H020403030303,TIDAL,38.45215382,38.45215382,-75.09813408,-75.09813408,Atlantic and Gulf Coast Lowland Forest and Crop Region,T,Mid Atlantic Region,H02,264,Northern Tidewater Area,153D,Delaware Inland Bays,NEP,DE,DE_CP,CPL,CPL,Non-Federal,NWC_11_NO,NWC_11_NO,Base,NWC16_11_TSN,P13,E2SS,DE,ATL,Atlantic Coast,ALL-EH,ALL-EH,PROB,FWS_ST_2005,Delaware,F10005,DE,Target,63,Middle Atlantic Coastal Plain,63d,Virginian Barrier Islands and Coastal Marshes,E2SS,E2EM,EH,TIDAL,CPL_E2SS,199.96753,1792391.942,304628.5861
8/24/2020,NWCA11-1213,3751,9/1/2011,1,NWC_DE-10017,PLNLOW,Plains and Lowlands,CPL,Coastal Plains,New Castle,North East Coast Region,CSTL_PLAIN,Atlantic and Gulf Coastal Plain,LRR S (MLRA 149A),Region_03,Target_Sampled,H0204020400,Delaware Bay-Deep,H020402040000,TIDAL,39.59278612,39.59278612,-75.57681094,-75.57681094,Northern Atlantic Slope Diversified Farming Region,S,Mid Atlantic Region,H02,254,Northern Coastal Plain,149A,Delaware Estuary,NEP,DE,DE_CP,CPL,CPL,State,NWC_11_NO,NWC_11_NO,Base,NWC16_11_TSN,P36,E2EM,DE,ATL,Atlantic Coast,ALL-EH,ALL-EH,PROB,FWS_ST_2005,Delaware,F10003,DE,Target,63,Middle Atlantic Coastal Plain,63a,Delaware River Terraces and Uplands,E2EM,E2EM,EH,TIDAL,CPL_E2EM,8881.35885,1724722.561,420603.3738
8/24/2020,NWCA11-1217,3740,8/11/2011,1,NWC_DE-10021,PLNLOW,Plains and Lowlands,CPL,Coastal Plains,New Castle,North East Coast Region,CSTL_PLAIN,Atlantic and Gulf Coastal Plain,LRR S (MLRA 149A),Region_03,Target_Sampled,H0204020505,Christina River,H020402050505,INLAND,39.7050735,39.7050735,-75.58360173,-75.58360173,Northern Atlantic Slope Diversified Farming Region,S,Mid Atlantic Region,H02,254,Northern Coastal Plain,149A,Delaware Estuary,NEP,DE,DE_CP,CPL,CPL,Non-Federal,NWC_11_NO,NWC_11_NO,OverSamp,NWC16_11_TSN,P13,PEM,DE,ICP,Inland Coastal Plains,CPL-PRLW,CPL-PRLW,PROB,FWS_ST_2005,Delaware,F10003,DE,Target,63,Middle Atlantic Coastal Plain,63f,Delmarva Uplands,PEM,PFO,PRLW,RIVERINE,CPL_PEM,1295.06219,1721475.36,432774.1682
8/24/2020,NWCA11-1218,3741,8/9/2011,1,NWC_DE-10022,PLNLOW,Plains and Lowlands,CPL,Coastal Plains,Sussex,North East Coast Region,CSTL_PLAIN,Atlantic and Gulf Coastal Plain,LRR T (MLRA 153D),Region_03,Target_Sampled,H0204030303,Inland Bays,H020403030301,TIDAL,38.46093887,38.46093887,-75.06873668,-75.06873668,Atlantic and Gulf Coast Lowland Forest and Crop Region,T,Mid Atlantic Region,H02,264,Northern Tidewater Area,153D,Delaware Inland Bays,NEP,DE,DE_CP,CPL,CPL,Non-Federal,NWC_11_NO,NWC_11_NO,OverSamp,NWC16_11_TSN,P36,E2EM,DE,ATL,Atlantic Coast,ALL-EH,ALL-EH,PROB,FWS_ST_2005,Delaware,F10005,DE,Target,63,Middle Atlantic Coastal Plain,63d,Virginian Barrier Islands and Coastal Marshes,E2EM,E2EM,EH,TIDAL,CPL_E2EM,8881.35885,1794656.852,306144.3252
8/24/2020,NWCA11-1221,3868,7/19/2011,1,NWC_DE-10025,PLNLOW,Plains and Lowlands,CPL,Coastal Plains,New Castle,North East Coast Region,E_MTNS,Eastern Mountains and Piedmont,LRR S (MLRA 148),Region_03,Target_Sampled,H0206000202,Elk River,H020600020203,INLAND,39.62510302,39.62510302,-75.78452353,-75.78452353,Northern Atlantic Slope Diversified Farming Region,S,Mid Atlantic Region,H02,253,Northern Piedmont,148,Delaware Estuary,NEP,DE,DE_CP,CPL,CPL,Non-Federal,NWC_11_NO,NWC_11_NO,OverSamp,NWC16_11_TSN,P13,PUBPAB,DE,ICP,Inland Coastal Plains,CPL-PRLW,CPL-PRLW,PROB,FWS_ST_2005,Delaware,F10003,DE,Target,65,Southeastern Plains,65n,Chesapeake Rolling Coastal Plain,PUBPAB,PFO,PRLW,FLATS,CPL_PUBPAB,2289.98719,1706683.578,420392.5102
8/24/2020,NWCA11-1222,3575,7/28/2011,1,NWC_DE-10026,PLNLOW,Plains and Lowlands,CPL,Coastal Plains,New Castle,North East Coast Region,CSTL_PLAIN,Atlantic and Gulf Coastal Plain,LRR T (MLRA 153C),Region_03,Target_Sampled,H0204020701,Smyrna River-Delaware Bay,H020402070103,TIDAL,39.39730169,39.39730169,-75.54718022,-75.54718022,Atlantic and Gulf Coast Lowland Forest and Crop Region,T,Mid Atlantic Region,H02,263,Mid-Atlantic Coastal Plain,153C,Delaware Estuary,NEP,DE,DE_CP,CPL,CPL,State,NWC_11_NO,NWC_11_NO,OverSamp,NWC16_11_TSN,P36,E2EM,DE,ATL,Atlantic Coast,ALL-EH,ALL-EH,PROB,FWS_ST_2005,Delaware,F10003,DE,Target,63,Middle Atlantic Coastal Plain,63a,Delaware River Terraces and Uplands,E2EM,E2EM,EH,TIDAL,CPL_E2EM,8881.35885,1731864.749,399739.1684
8/24/2020,NWCA11-1223,5377,7/7/2011,1,NWC_DE-10027,PLNLOW,Plains and Lowlands,CPL,Coastal Plains,Sussex,North East Coast Region,CSTL_PLAIN,Atlantic and Gulf Coastal Plain,LRR T (MLRA 153D),Region_03,Target_Sampled,H0204030302,Indian River Bay,H020403030206,TIDAL,38.62326596,38.62326596,-75.11536814,-75.11536814,Atlantic and Gulf Coast Lowland Forest and Crop Region,T,Mid Atlantic Region,H02,264,Northern Tidewater Area,153D,Delaware Inland Bays,NEP,DE,DE_CP,CPL,CPL,NOAA,NWC_11_NO,NWC_11_NO,OverSamp,NWC16_11_TSN,P36,E2EM,DE,ATL,Atlantic Coast,ALL-EH,ALL-EH,PROB,FWS_ST_2005,Delaware,F10005,DE,Target,63,Middle Atlantic Coastal Plain,63d,Virginian Barrier Islands and Coastal Marshes,E2EM,E2EM,EH,TIDAL,CPL_E2EM,8881.35885,1786756.906,323021.7957
8/24/2020,NWCA11-1225,3752,8/30/2011,1,NWC_DE-10029,PLNLOW,Plains and Lowlands,CPL,Coastal Plains,New Castle,North East Coast Region,E_MTNS,Eastern Mountains and Piedmont,LRR S (MLRA 148),Region_03,Target_Sampled,H0204020505,Christina River,H020402050501,INLAND,39.62278169,39.62278169,-75.76289573,-75.76289573,Northern Atlantic Slope Diversified Farming Region,S,Mid Atlantic Region,H02,253,Northern Piedmont,148,Delaware Estuary,NEP,DE,DE_CP,CPL,CPL,Non-Federal,NWC_11_NO,NWC_11_NO,OverSamp,NWC16_11_TSN,P13,PSS,DE,ICP,Inland Coastal Plains,CPL-PRLW,CPL-PRLW,PROB,FWS_ST_2005,Delaware,F10003,DE,Target,65,Southeastern Plains,65n,Chesapeake Rolling Coastal Plain,PSS,PFO,PRLW,DPRSS,CPL_PSS,3145.33581,1708536.806,420526.8623
8/24/2020,NWCA11-1226,3667,8/16/2011,1,NWC_DE-10030,PLNLOW,Plains and Lowlands,CPL,Coastal Plains,New Castle,North East Coast Region,CSTL_PLAIN,Atlantic and Gulf Coastal Plain,LRR T (MLRA 153C),Region_03,Target_Sampled,H0204020508,Appoquinimink River-Delaware River,H020402050803,TIDAL,39.41976771,39.41976771,-75.55500138,-75.55500138,Atlantic and Gulf Coast Lowland Forest and Crop Region,T,Mid Atlantic Region,H02,263,Mid-Atlantic Coastal Plain,153C,Delaware Estuary,NEP,DE,DE_CP,CPL,CPL,Non-Federal,NWC_11_NO,NWC_11_NO,OverSamp,NWC16_11_TSN,P36,E2EM,DE,ATL,Atlantic Coast,ALL-EH,ALL-EH,PROB,FWS_ST_2005,Delaware,F10003,DE,Target,63,Middle Atlantic Coastal Plain,63a,Delaware River Terraces and Uplands,E2EM,E2EM,EH,TIDAL,CPL_E2EM,8881.35885,1730675.233,402056.4356
8/24/2020,NWCA11-1233,3921,8/27/2011,2,NWC_FL-10001,PLNLOW,Plains and Lowlands,CPL,Coastal Plains,Monroe,Gulf Coast Region,CSTL_PLAIN,Atlantic and Gulf Coastal Plain,LRR U,Region_04,Target_Sampled,H0309020303,Lower Florida Keys,H030902030300,TIDAL,24.59310717,24.59310717,-81.66270992,-81.66270992,"Florida Subtropical Fruit, Truck Crop, and Range Region",U,South Atlantic Gulf Region,H03,267,Florida Everglades and Associated Areas,156A,Not_NEP,Not_NEP,FL,FL_OTH,CPL,CPL,Non-Federal,NWC_11_16,NWC_11_16,Revisit,NWC16_11_TSS,P36,E2SS,FL,GFC,Gulf & Florida Coasts,ALL-EW,ALL-EW,PROB,FWS_ST_2005,Florida,F12087,FL,Target,76,Southern Florida Coastal Plain,76d,Southern Coast and Islands,E2SS,E2SS,EW,TIDAL,CPL_E2SS,15934.01068,1466169.97,-1322356.82
8/24/2020,NWCA11-1233,5378,7/11/2011,1,NWC_FL-10001,PLNLOW,Plains and Lowlands,CPL,Coastal Plains,Monroe,Gulf Coast Region,CSTL_PLAIN,Atlantic and Gulf Coastal Plain,LRR U,Region_04,Target_Sampled,H0309020303,Lower Florida Keys,H030902030300,TIDAL,24.59310717,24.59310717,-81.66270992,-81.66270992,"Florida Subtropical Fruit, Truck Crop, and Range Region",U,South Atlantic Gulf Region,H03,267,Florida Everglades and Associated Areas,156A,Not_NEP,Not_NEP,FL,FL_OTH,CPL,CPL,Non-Federal,NWC_11_16,NWC_11_16,Revisit,NWC16_11_TSS,P36,E2SS,FL,GFC,Gulf & Florida Coasts,ALL-EW,ALL-EW,PROB,FWS_ST_2005,Florida,F12087,FL,Target,76,Southern Florida Coastal Plain,76d,Southern Coast and Islands,E2SS,E2SS,EW,TIDAL,CPL_E2SS,15934.01068,1466169.97,-1322356.82
8/24/2020,NWCA11-1235,5379,6/15/2011,1,NWC_FL-10003,PLNLOW,Plains and Lowlands,CPL,Coastal Plains,Martin,South East Coast Region,CSTL_PLAIN,Atlantic and Gulf Coastal Plain,LRR U,Region_04,Target_Sampled,H0309020603,Cypress Creek,H030902060300,INLAND,27.14481498,27.14481498,-80.42200379,-80.42200379,"Florida Subtropical Fruit, Truck Crop, and Range Region",U,South Atlantic Gulf Region,H03,268,Southern Florida Lowlands,156B,Indian River Lagoon,NEP,FL,FL_SCP,CPL,CPL,Regional,NWC_11_16,NWC_11_16,Base,NWC16_11_TSS,P13,PF,FL,ICP,Inland Coastal Plains,CPL-PRLH,CPL-PRLH,PROB,FWS_ST_2005,Florida,F12085,FL,Target,75,Southern Coastal Plain,75d,Eastern Florida Flatwoods,PF,PEM,PRLH,DPRSS,CPL_PF,1065.82337,1546259.854,-1026130.979
8/24/2020,NWCA11-1235,5350,7/21/2011,2,NWC_FL-10003,PLNLOW,Plains and Lowlands,CPL,Coastal Plains,Martin,South East Coast Region,CSTL_PLAIN,Atlantic and Gulf Coastal Plain,LRR U,Region_04,Target_Sampled,H0309020603,Cypress Creek,H030902060300,INLAND,27.14481498,27.14481498,-80.42200379,-80.42200379,"Florida Subtropical Fruit, Truck Crop, and Range Region",U,South Atlantic Gulf Region,H03,268,Southern Florida Lowlands,156B,Indian River Lagoon,NEP,FL,FL_SCP,CPL,CPL,Regional,NWC_11_16,NWC_11_16,Base,NWC16_11_TSS,P13,PF,FL,ICP,Inland Coastal Plains,CPL-PRLH,CPL-PRLH,PROB,FWS_ST_2005,Florida,F12085,FL,Target,75,Southern Coastal Plain,75d,Eastern Florida Flatwoods,PF,PEM,PRLH,DPRSS,CPL_PF,1065.82337,1546259.854,-1026130.979
8/24/2020,NWCA11-1238,5380,5/19/2011,1,NWC_FL-10006,PLNLOW,Plains and Lowlands,CPL,Coastal Plains,Orange,South East Coast Region,CSTL_PLAIN,Atlantic and Gulf Coastal Plain,LRR U,Region_04,Target_Sampled,H0308010108,Halfway Lake-St. Johns River,H030801010803,INLAND,28.44879386,28.44879386,-80.92176095,-80.92176095,"Florida Subtropical Fruit, Truck Crop, and Range Region",U,South Atlantic Gulf Region,H03,268,Southern Florida Lowlands,156B,Not_NEP,Not_NEP,FL,FL_SCP,CPL,CPL,State,NWC_11_NO,NWC_11_NO,Base,NWC16_11_TSN,P13,PFO,FL,ICP,Inland Coastal Plains,CPL-PRLW,CPL-PRLW,PROB,FWS_ST_2005,Florida,F12095,FL,Target,75,Southern Coastal Plain,75d,Eastern Florida Flatwoods,PFO,PFO,PRLW,FLATS,CPL_PFO,196067.7775,1474340.569,-892029.2376
8/24/2020,NWCA11-1239,5381,9/23/2011,1,NWC_FL-10007,PLNLOW,Plains and Lowlands,CPL,Coastal Plains,Collier,Gulf Coast Region,CSTL_PLAIN,Atlantic and Gulf Coastal Plain,LRR U,Region_04,Target_Sampled,H0309020408,Rooker Bay,H030902040800,TIDAL,25.8313587,25.8313587,-81.42050205,-81.42050205,"Florida Subtropical Fruit, Truck Crop, and Range Region",U,South Atlantic Gulf Region,H03,267,Florida Everglades and Associated Areas,156A,Not_NEP,Not_NEP,FL,FL_OTH,CPL,CPL,NPS,NWC_11_16,NWC_11_16,Base,NWC16_11_TSS,P36,E2SS,FL,GFC,Gulf & Florida Coasts,ALL-EW,ALL-EW,PROB,FWS_ST_2005,Florida,F12021,FL,Target,76,Southern Florida Coastal Plain,76d,Southern Coast and Islands,E2SS,E2SS,EW,TIDAL,CPL_E2SS,15934.01068,1470023.949,-1184579.257
8/24/2020,NWCA11-1240,2610,5/3/2011,1,NWC_FL-10008,PLNLOW,Plains and Lowlands,CPL,Coastal Plains,Liberty,Gulf Coast Region,CSTL_PLAIN,Atlantic and Gulf Coastal Plain,"LRR T (MLRA 152A, 152B, 153A)",Region_04,Target_Sampled,H0313001106,River Styx,H031300110605,INLAND,30.15089533,30.15089533,-85.04427656,-85.04427656,Atlantic and Gulf Coast Lowland Forest and Crop Region,T,South Atlantic Gulf Region,H03,259,Eastern Gulf Coast Flatwoods,152A,Not_NEP,Not_NEP,FL,FL_SCP,CPL,CPL,USFS,NWC_11_16,NWC_11_16,Base,NWC16_11_TSS,P13,PSS,FL,ICP,Inland Coastal Plains,CPL-PRLH,CPL-PRLH,PROB,FWS_ST_2005,Florida,F12077,FL,Target,75,Southern Coastal Plain,75a,Gulf Coast Flatwoods,PSS,PEM,PRLH,FLATS,CPL_PSS,62108.80868,1051679.011,-759975.9907
8/24/2020,NWCA11-1243,3734,8/10/2011,1,NWC_FL-10011,PLNLOW,Plains and Lowlands,CPL,Coastal Plains,Miami-Dade,South East Coast Region,CSTL_PLAIN,Atlantic and Gulf Coastal Plain,LRR U,Region_04,Target_Sampled,H0309020211,Conservation Area 3A,H030902021100,INLAND,25.90924351,25.90924351,-80.65094744,-80.65094744,"Florida Subtropical Fruit, Truck Crop, and Range Region",U,South Atlantic Gulf Region,H03,267,Florida Everglades and Associated Areas,156A,Not_NEP,Not_NEP,FL,FL_OTH,CPL,CPL,State,NWC_11_NO,NWC_11_NO,Base,NWC16_11_TSN,P13,PEM,FL,ICP,Inland Coastal Plains,CPL-PRLH,CPL-PRLH,PROB,FWS_ST_2005,Florida,F12086,FL,Target,76,Southern Florida Coastal Plain,76a,Everglades,PEM,PEM,PRLH,FLATS,CPL_PEM,87209.06982,1545583.479,-1163927.73
8/24/2020,NWCA11-1245,4911,10/10/2011,1,NWC_FL-10013,PLNLOW,Plains and Lowlands,CPL,Coastal Plains,Sarasota,Gulf Coast Region,CSTL_PLAIN,Atlantic and Gulf Coastal Plain,LRR U,Region_04,Target_Sampled,H0310010203,Middle Myakka River,H031001020302,INLAND,27.1877121,27.1877121,-82.27582341,-82.27582341,"Florida Subtropical Fruit, Truck Crop, and Range Region",U,South Atlantic Gulf Region,H03,266,Southern Florida Flatwoods,155,Charlotte Harbor National Estuary Program,NEP,FL,FL_SCP,CPL,CPL,State,NWC_11_NO,NWC_11_NO,Base,NWC16_11_TSN,P13,PEM,FL,ICP,Inland Coastal Plains,CPL-PRLH,CPL-PRLH,PROB,FWS_ST_2005,Florida,F12115,FL,Target,75,Southern Coastal Plain,75b,Southwestern Florida Flatwoods,PEM,PEM,PRLH,DPRSS,CPL_PEM,87209.06982,1362939.48,-1049836.692
8/24/2020,NWCA11-1247,5382,6/21/2011,1,NWC_FL-10015,PLNLOW,Plains and Lowlands,CPL,Coastal Plains,Gulf,Gulf Coast Region,CSTL_PLAIN,Atlantic and Gulf Coastal Plain,"LRR T (MLRA 152A, 152B, 153A)",Region_04,Target_Sampled,H0313001108,East River-Apalachicola River Frontal,H031300110803,INLAND,29.94608904,29.94608904,-85.10447226,-85.10447226,Atlantic and Gulf Coast Lowland Forest and Crop Region,T,South Atlantic Gulf Region,H03,259,Eastern Gulf Coast Flatwoods,152A,Not_NEP,Not_NEP,FL,FL_SCP,CPL,CPL,Non-Federal,NWC_11_NO,NWC_11_NO,Base,NWC16_11_TSN,P13,PFO,FL,ICP,Inland Coastal Plains,CPL-PRLW,CPL-PRLW,PROB,FWS_ST_2005,Florida,F12045,FL,Target,75,Southern Coastal Plain,75a,Gulf Coast Flatwoods,PFO,PFO,PRLW,FLATS,CPL_PFO,196067.7775,1048526.317,-783221.2127
8/24/2020,NWCA11-1248,5383,6/3/2011,1,NWC_FL-10016,PLNLOW,Plains and Lowlands,CPL,Coastal Plains,St. Johns,South East Coast Region,CSTL_PLAIN,Atlantic and Gulf Coastal Plain,LRR U,Region_04,Target_Sampled,H0308020106,Tolomato River,H030802010601,TIDAL,30.03348608,30.03348608,-81.35494591,-81.35494591,"Florida Subtropical Fruit, Truck Crop, and Range Region",U,South Atlantic Gulf Region,H03,266,Southern Florida Flatwoods,155,Not_NEP,Not_NEP,FL,FL_SCP,CPL,CPL,State,NWC_11_NO,NWC_11_NO,Base,NWC16_11_TSN,P36,E2EM,FL,GFC,Gulf & Florida Coasts,ALL-EH,ALL-EH,PROB,FWS_ST_2005,Florida,F12109,FL,Target,75,Southern Coastal Plain,75d,Eastern Florida Flatwoods,E2EM,E2EM,EH,TIDAL,CPL_E2EM,9260.55838,1405380.085,-725192.8064
8/24/2020,NWCA11-1249,5384,7/12/2011,1,NWC_FL-10017,PLNLOW,Plains and Lowlands,CPL,Coastal Plains,Monroe,South East Coast Region,CSTL_PLAIN,Atlantic and Gulf Coastal Plain,LRR U,Region_04,Target_Sampled,H0309020302,Upper Florida Keys,H030902030200,TIDAL,25.19978,25.19978,-80.35067,-80.35067,"Florida Subtropical Fruit, Truck Crop, and Range Region",U,South Atlantic Gulf Region,H03,267,Florida Everglades and Associated Areas,156A,Not_NEP,Not_NEP,FL,FL_OTH,CPL,CPL,FWS,NWC_11_16,NWC_11_16,Base,NWC16_11_TSS,P36,E2SS,FL,GFC,Gulf & Florida Coasts,ALL-EW,ALL-EW,PROB,FWS_ST_2005,Florida,F12087,FL,Target,76,Southern Florida Coastal Plain,76d,Southern Coast and Islands,E2SS,E2SS,EW,TIDAL,CPL_E2SS,15934.01068,1588299.489,-1235725.258
8/24/2020,NWCA11-1256,5385,6/9/2011,1,NWC_FL-10024,PLNLOW,Plains and Lowlands,CPL,Coastal Plains,Wakulla,Gulf Coast Region,CSTL_PLAIN,Atlantic and Gulf Coastal Plain,"LRR T (MLRA 152A, 152B, 153A)",Region_04,Target_Sampled,H0312000109,Goose Creek-Dickerson Bay Frontal,H031200010903,TIDAL,29.99143729,29.99143729,-84.3778643,-84.3778643,Atlantic and Gulf Coast Lowland Forest and Crop Region,T,South Atlantic Gulf Region,H03,259,Eastern Gulf Coast Flatwoods,152A,Not_NEP,Not_NEP,FL,FL_SCP,CPL,CPL,Non-Federal,NWC_11_NO,NWC_11_NO,Base,NWC16_11_TSN,P13,E2EM,FL,GFC,Gulf & Florida Coasts,ALL-EH,ALL-EH,PROB,FWS_ST_2005,Florida,F12129,FL,Target,75,Southern Coastal Plain,75l,Big Bend Coastal Marsh,E2EM,E2EM,EH,TIDAL,CPL_E2EM,9260.55838,1117499.283,-769943.8633
8/24/2020,NWCA11-1258,5386,6/30/2011,1,NWC_FL-10026,PLNLOW,Plains and Lowlands,CPL,Coastal Plains,Polk,Gulf Coast Region,CSTL_PLAIN,Atlantic and Gulf Coastal Plain,LRR U,Region_04,Target_Sampled,H0310020802,Dobes Hole Lake-Withlacoochee River,H031002080201,INLAND,28.16305622,28.16305622,-81.90158063,-81.90158063,"Florida Subtropical Fruit, Truck Crop, and Range Region",U,South Atlantic Gulf Region,H03,266,Southern Florida Flatwoods,155,Not_NEP,Not_NEP,FL,FL_SCP,CPL,CPL,Non-Federal,NWC_11_NO,NWC_11_NO,Base,NWC16_11_TSN,P13,PUBPAB,FL,ICP,Inland Coastal Plains,CPL-PRLW,CPL-PRLW,PROB,FWS_ST_2005,Florida,F12105,FL,Target,75,Southern Coastal Plain,75b,Southwestern Florida Flatwoods,PUBPAB,PFO,PRLW,SLOPE,CPL_PUBPAB,10505.93872,1383930.606,-937971.6097
8/24/2020,NWCA11-1260,4008,9/14/2011,1,NWC_FL-10028,PLNLOW,Plains and Lowlands,CPL,Coastal Plains,Nassau,South East Coast Region,CSTL_PLAIN,Atlantic and Gulf Coastal Plain,LRR T (MLRA 153B),Region_04,Target_Sampled,H0307020409,Lower St. Marys River,H030702040907,TIDAL,30.69300131,30.69300131,-81.53846128,-81.53846128,Atlantic and Gulf Coast Lowland Forest and Crop Region,T,South Atlantic Gulf Region,H03,262,Tidewater Area,153B,Not_NEP,Not_NEP,FL,FL_SCP,CPL,CPL,State,NWC_11_NO,NWC_11_NO,Base,NWC16_11_TSN,P36,E2EM,FL,GFC,Gulf & Florida Coasts,ALL-EH,ALL-EH,PROB,FWS_ST_2005,Florida,F12089,FL,Target,75,Southern Coastal Plain,75j,Sea Islands/Coastal Marsh,E2EM,E2EM,EH,TIDAL,CPL_E2EM,9260.55838,1376803.384,-655490.6468
8/24/2020,NWCA11-1263,5387,5/23/2011,1,NWC_FL-10031,PLNLOW,Plains and Lowlands,CPL,Coastal Plains,Dixie,Gulf Coast Region,CSTL_PLAIN,Atlantic and Gulf Coastal Plain,"LRR T (MLRA 152A, 152B, 153A)",Region_04,Target_Sampled,H0311010209,Rocky Creek-Bumblebee Creek Frontal,H031101020905,TIDAL,29.55003994,29.55003994,-83.38609154,-83.38609154,Atlantic and Gulf Coast Lowland Forest and Crop Region,T,South Atlantic Gulf Region,H03,259,Eastern Gulf Coast Flatwoods,152A,Not_NEP,Not_NEP,FL,FL_SCP,CPL,CPL,Non-Federal,NWC_11_NO,NWC_11_NO,Base,NWC16_11_TSN,P36,E2EM,FL,GFC,Gulf & Florida Coasts,ALL-EH,ALL-EH,PROB,FWS_ST_2005,Florida,F12029,FL,Target,75,Southern Coastal Plain,75l,Big Bend Coastal Marsh,E2EM,E2EM,EH,TIDAL,CPL_E2EM,9260.55838,1218801.482,-806313.0269
8/24/2020,NWCA11-1266,2668,5/12/2011,1,NWC_FL-10034,PLNLOW,Plains and Lowlands,CPL,Coastal Plains,Brevard,South East Coast Region,CSTL_PLAIN,Atlantic and Gulf Coastal Plain,LRR U,Region_04,Target_Sampled,H0308020203,Indian River Lagoon,H030802020302,TIDAL,28.6982345,28.6982345,-80.741909,-80.741909,"Florida Subtropical Fruit, Truck Crop, and Range Region",U,South Atlantic Gulf Region,H03,266,Southern Florida Flatwoods,155,Indian River Lagoon,NEP,FL,FL_SCP,CPL,CPL,FWS,NWC_11_NO,NWC_11_NO,Base,NWC16_11_TSN,P36,PEM,FL,GFC,Gulf & Florida Coasts,ALL-EH,ALL-EH,PROB,FWS_ST_2005,Florida,F12009,FL,Target,75,Southern Coastal Plain,75d,Eastern Florida Flatwoods,PEM,E2EM,EH,TIDAL,CPL_PEM,38442.75645,1487365.818,-861991.2128
8/24/2020,NWCA11-1267,4011,8/28/2011,1,NWC_FL-10035,PLNLOW,Plains and Lowlands,CPL,Coastal Plains,Miami-Dade,Gulf Coast Region,CSTL_PLAIN,Atlantic and Gulf Coastal Plain,LRR U,Region_04,Target_Sampled,H0309020213,Everglades National Park,H030902021300,INLAND,25.60978697,25.60978697,-80.56948775,-80.56948775,"Florida Subtropical Fruit, Truck Crop, and Range Region",U,South Atlantic Gulf Region,H03,267,Florida Everglades and Associated Areas,156A,Not_NEP,Not_NEP,FL,FL_OTH,CPL,CPL,NPS,NWC_11_NO,NWC_11_NO,Base,NWC16_11_TSN,P13,PEM,FL,ICP,Inland Coastal Plains,CPL-PRLH,CPL-PRLH,PROB,FWS_ST_2005,Florida,F12086,FL,Target,76,Southern Florida Coastal Plain,76a,Everglades,PEM,PEM,PRLH,FLATS,CPL_PEM,87209.06982,1559024.837,-1195019.159
8/24/2020,NWCA11-1271,5389,6/13/2011,1,NWC_FL-10039,PLNLOW,Plains and Lowlands,CPL,Coastal Plains,Hendry,South East Coast Region,CSTL_PLAIN,Atlantic and Gulf Coastal Plain,LRR U,Region_04,Target_Sampled,H0309020409,Okaloacoochee Slough,H030902040901,INLAND,26.499084,26.499084,-81.241345,-81.241345,"Florida Subtropical Fruit, Truck Crop, and Range Region",U,South Atlantic Gulf Region,H03,266,Southern Florida Flatwoods,155,Not_NEP,Not_NEP,FL,FL_SCP,CPL,CPL,Regional,NWC_11_NO,NWC_11_NO,Base,NWC16_11_TSN,P13,PEM,FL,ICP,Inland Coastal Plains,CPL-PRLH,CPL-PRLH,PROB,FWS_ST_2005,Florida,F12051,FL,Target,75,Southern Coastal Plain,75b,Southwestern Florida Flatwoods,PEM,PEM,PRLH,FLATS,CPL_PEM,87209.06982,1476598.694,-1109328.643
8/24/2020,NWCA11-1275,5390,6/15/2011,1,NWC_FL-10043,PLNLOW,Plains and Lowlands,CPL,Coastal Plains,Martin,South East Coast Region,CSTL_PLAIN,Atlantic and Gulf Coastal Plain,LRR U,Region_04,Target_Sampled,H0309020605,South Fork of the St. Lucie River-Indian River,H030902060503,INLAND,27.14294375,27.14294375,-80.18286485,-80.18286485,"Florida Subtropical Fruit, Truck Crop, and Range Region",U,South Atlantic Gulf Region,H03,266,Southern Florida Flatwoods,155,Indian River Lagoon,NEP,FL,FL_SCP,CPL,CPL,State,NWC_11_NO,NWC_11_NO,Base,NWC16_11_TSN,P13,PSS,FL,ICP,Inland Coastal Plains,CPL-PRLW,CPL-PRLW,PROB,FWS_ST_2005,Florida,F12085,FL,Target,75,Southern Coastal Plain,75d,Eastern Florida Flatwoods,PSS,PFO,PRLW,SLOPE,CPL_PSS,62108.80868,1569812.845,-1022413.712
8/24/2020,NWCA11-1278,4912,5/16/2011,1,NWC_FL-10046,PLNLOW,Plains and Lowlands,CPL,Coastal Plains,Levy,Gulf Coast Region,CSTL_PLAIN,Atlantic and Gulf Coastal Plain,LRR U,Region_04,Target_Sampled,H0311010106,Turtle Creek-Vassey Creek Frontal,H031101010603,TIDAL,29.04275586,29.04275586,-82.73388372,-82.73388372,"Florida Subtropical Fruit, Truck Crop, and Range Region",U,South Atlantic Gulf Region,H03,265,South-Central Florida Ridge,154,Not_NEP,Not_NEP,FL,FL_SCP,CPL,CPL,State,NWC_11_NO,NWC_11_NO,Base,NWC16_11_TSN,P36,E2EM,FL,GFC,Gulf & Florida Coasts,ALL-EH,ALL-EH,PROB,FWS_ST_2005,Florida,F12075,FL,Target,75,Southern Coastal Plain,75l,Big Bend Coastal Marsh,E2EM,E2EM,EH,TIDAL,CPL_E2EM,9260.55838,1289240.5,-853388.9249
8/24/2020,NWCA11-1280,4913,6/24/2011,1,NWC_FL-10048,PLNLOW,Plains and Lowlands,CPL,Coastal Plains,Duval,South East Coast Region,CSTL_PLAIN,Atlantic and Gulf Coastal Plain,"LRR T (MLRA 152A, 152B, 153A)",Region_04,Target_Sampled,H0307020502,Thomas Creek,H030702050201,INLAND,30.48587654,30.48587654,-81.80580313,-81.80580313,Atlantic and Gulf Coast Lowland Forest and Crop Region,T,South Atlantic Gulf Region,H03,261,Atlantic Coast Flatwoods,153A,Not_NEP,Not_NEP,FL,FL_SCP,CPL,CPL,Regional,NWC_11_NO,NWC_11_NO,Base,NWC16_11_TSN,P13,PFO,FL,ICP,Inland Coastal Plains,CPL-PRLW,CPL-PRLW,PROB,FWS_ST_2005,Florida,F12031,FL,Target,75,Southern Coastal Plain,75f,Sea Island Flatwoods,PFO,PFO,PRLW,FLATS,CPL_PFO,196067.7775,1354967.268,-682086.4367
8/24/2020,NWCA11-1286,4914,5/17/2011,1,NWC_FL-10054,PLNLOW,Plains and Lowlands,CPL,Coastal Plains,Polk,Not Coast,CSTL_PLAIN,Atlantic and Gulf Coastal Plain,LRR U,Region_04,Target_Sampled,H0308010201,Palatlakaha River,H030801020101,INLAND,28.13211507,28.13211507,-81.64187413,-81.64187413,"Florida Subtropical Fruit, Truck Crop, and Range Region",U,South Atlantic Gulf Region,H03,265,South-Central Florida Ridge,154,Not_NEP,Not_NEP,FL,FL_SCP,CPL,CPL,Non-Federal,NWC_11_NO,NWC_11_NO,Base,NWC16_11_TSN,P13,PEM,FL,ICP,Inland Coastal Plains,CPL-PRLH,CPL-PRLH,PROB,FWS_ST_2005,Florida,F12105,FL,Target,75,Southern Coastal Plain,75c,Central Florida Ridges and Uplands,PEM,PEM,PRLH,DPRSS,CPL_PEM,87209.06982,1409745.9,-937534.1408
8/24/2020,NWCA11-1291,4915,7/27/2011,1,NWC_FL-10059,PLNLOW,Plains and Lowlands,CPL,Coastal Plains,Franklin,Gulf Coast Region,CSTL_PLAIN,Atlantic and Gulf Coastal Plain,"LRR T (MLRA 152A, 152B, 153A)",Region_04,Target_Sampled,H0313001402,Apalachicola Bay,H031300140201,TIDAL,29.7002526,29.7002526,-85.18880333,-85.18880333,Atlantic and Gulf Coast Lowland Forest and Crop Region,T,South Atlantic Gulf Region,H03,259,Eastern Gulf Coast Flatwoods,152A,Not_NEP,Not_NEP,FL,FL_SCP,CPL,CPL,Non-Federal,NWC_11_NO,NWC_11_NO,Base,NWC16_11_TSN,P13,E2EM,FL,GFC,Gulf & Florida Coasts,ALL-EH,ALL-EH,PROB,FWS_ST_2005,Florida,F12037,FL,Target,75,Southern Coastal Plain,75k,Gulf Barrier Islands and Coastal Marshes,E2EM,E2EM,EH,TIDAL,CPL_E2EM,9260.55838,1043541.533,-811241.719
8/24/2020,NWCA11-1292,4916,6/2/2011,1,NWC_FL-10060,PLNLOW,Plains and Lowlands,CPL,Coastal Plains,St. Johns,South East Coast Region,CSTL_PLAIN,Atlantic and Gulf Coastal Plain,LRR U,Region_04,Target_Sampled,H0308020105,Tolomato River-Moses Creek Frontal,H030802010503,TIDAL,29.90533872,29.90533872,-81.32656674,-81.32656674,"Florida Subtropical Fruit, Truck Crop, and Range Region",U,South Atlantic Gulf Region,H03,266,Southern Florida Flatwoods,155,Not_NEP,Not_NEP,FL,FL_SCP,CPL,CPL,Non-Federal,NWC_11_NO,NWC_11_NO,Base,NWC16_11_TSN,P36,E2EM,FL,GFC,Gulf & Florida Coasts,ALL-EH,ALL-EH,PROB,FWS_ST_2005,Florida,F12109,FL,Target,75,Southern Coastal Plain,75d,Eastern Florida Flatwoods,E2EM,E2EM,EH,TIDAL,CPL_E2EM,9260.55838,1410268.632,-738823.2843
8/24/2020,NWCA11-1299,2672,5/13/2011,1,NWC_FL-10067,PLNLOW,Plains and Lowlands,CPL,Coastal Plains,Brevard,South East Coast Region,CSTL_PLAIN,Atlantic and Gulf Coastal Plain,LRR U,Region_04,Target_Sampled,H0308010107,Lake Winder-St. Johns River,H030801010702,INLAND,28.27577,28.27577,-80.7264533,-80.7264533,"Florida Subtropical Fruit, Truck Crop, and Range Region",U,South Atlantic Gulf Region,H03,266,Southern Florida Flatwoods,155,Not_NEP,Not_NEP,FL,FL_SCP,CPL,CPL,Non-Federal,NWC_11_NO,NWC_11_NO,Base,NWC16_11_TSN,P13,PUBPAB,FL,ICP,Inland Coastal Plains,CPL-PRLH,CPL-PRLH,PROB,FWS_ST_2005,Florida,F12009,FL,Target,75,Southern Coastal Plain,75d,Eastern Florida Flatwoods,PUBPAB,PEM,PRLH,DPRSS,CPL_PUBPAB,10505.93872,1496334.433,-907857.9192
8/24/2020,NWCA11-1300,4917,6/6/2011,1,NWC_FL-10068,PLNLOW,Plains and Lowlands,CPL,Coastal Plains,Wakulla,Gulf Coast Region,CSTL_PLAIN,Atlantic and Gulf Coastal Plain,"LRR T (MLRA 152A, 152B, 153A)",Region_04,Target_Sampled,H0312000110,Lower St. Marks River,H031200011003,TIDAL,30.10445965,30.10445965,-84.17312447,-84.17312447,Atlantic and Gulf Coast Lowland Forest and Crop Region,T,South Atlantic Gulf Region,H03,259,Eastern Gulf Coast Flatwoods,152A,Not_NEP,Not_NEP,FL,FL_SCP,CPL,CPL,FWS,NWC_11_NO,NWC_11_NO,OverSamp,NWC16_11_TSN,P36,E2EM,FL,GFC,Gulf & Florida Coasts,ALL-EH,ALL-EH,PROB,FWS_ST_2005,Florida,F12129,FL,Target,75,Southern Coastal Plain,75l,Big Bend Coastal Marsh,E2EM,E2EM,EH,TIDAL,CPL_E2EM,9260.55838,1135527.688,-755068.6277
8/24/2020,NWCA11-1303,3733,8/17/2011,1,NWC_FL-10071,PLNLOW,Plains and Lowlands,CPL,Coastal Plains,Citrus,Gulf Coast Region,CSTL_PLAIN,Atlantic and Gulf Coastal Plain,LRR U,Region_04,Target_Sampled,H0310020701,Crystal River-Homosassa River Frontal,H031002070104,TIDAL,28.77637399,28.77637399,-82.65457927,-82.65457927,"Florida Subtropical Fruit, Truck Crop, and Range Region",U,South Atlantic Gulf Region,H03,265,South-Central Florida Ridge,154,Not_NEP,Not_NEP,FL,FL_SCP,CPL,CPL,FWS,NWC_11_NO,NWC_11_NO,OverSamp,NWC16_11_TSN,P36,E2EM,FL,GFC,Gulf & Florida Coasts,ALL-EH,ALL-EH,PROB,FWS_ST_2005,Florida,F12017,FL,Target,75,Southern Coastal Plain,75l,Big Bend Coastal Marsh,E2EM,E2EM,EH,TIDAL,CPL_E2EM,9260.55838,1301023.872,-881504.281
8/24/2020,NWCA11-1304,2669,4/29/2011,1,NWC_FL-10072,PLNLOW,Plains and Lowlands,CPL,Coastal Plains,Putnam,South East Coast Region,CSTL_PLAIN,Atlantic and Gulf Coastal Plain,LRR U,Region_04,Target_Sampled,H0308010306,Rice Creek-St. Johns River,H030801030602,INLAND,29.66114007,29.66114007,-81.76579873,-81.76579873,"Florida Subtropical Fruit, Truck Crop, and Range Region",U,South Atlantic Gulf Region,H03,265,South-Central Florida Ridge,154,Not_NEP,Not_NEP,FL,FL_SCP,CPL,CPL,Regional,NWC_11_16,NWC_11_16,OverSamp,NWC16_11_TSS,P13,PFO,FL,ICP,Inland Coastal Plains,CPL-PRLW,CPL-PRLW,PROB,FWS_ST_2005,Florida,F12107,FL,Target,75,Southern Coastal Plain,75d,Eastern Florida Flatwoods,PFO,PFO,PRLW,FLATS,CPL_PFO,196067.7775,1372416.78,-772027.0823
8/24/2020,NWCA11-1305,4918,5/11/2011,1,NWC_FL-10073,PLNLOW,Plains and Lowlands,CPL,Coastal Plains,Brevard,South East Coast Region,CSTL_PLAIN,Atlantic and Gulf Coastal Plain,LRR U,Region_04,Target_Sampled,H0308020203,Indian River Lagoon,H030802020302,TIDAL,28.71130308,28.71130308,-80.73938706,-80.73938706,"Florida Subtropical Fruit, Truck Crop, and Range Region",U,South Atlantic Gulf Region,H03,266,Southern Florida Flatwoods,155,Indian River Lagoon,NEP,FL,FL_SCP,CPL,CPL,FWS,NWC_11_16,NWC_11_16,OverSamp,NWC16_11_TSS,P36,PSS,FL,GFC,Gulf & Florida Coasts,ALL-EH,ALL-EH,PROB,FWS_ST_2005,Florida,F12009,FL,Target,75,Southern Coastal Plain,75d,Eastern Florida Flatwoods,PSS,E2EM,EH,TIDAL,CPL_PSS,27378.27396,1487378.375,-860524.5767
8/24/2020,NWCA11-1308,4922,6/7/2011,1,NWC_FL-10076,PLNLOW,Plains and Lowlands,CPL,Coastal Plains,Wakulla,Gulf Coast Region,CSTL_PLAIN,Atlantic and Gulf Coastal Plain,"LRR T (MLRA 152A, 152B, 153A)",Region_04,Target_Sampled,H0312000312,Ochlockonee Bay-Apalachee Bay,H031200031204,INLAND,29.98388512,29.98388512,-84.51672411,-84.51672411,Atlantic and Gulf Coast Lowland Forest and Crop Region,T,South Atlantic Gulf Region,H03,259,Eastern Gulf Coast Flatwoods,152A,Not_NEP,Not_NEP,FL,FL_SCP,CPL,CPL,Non-Federal,NWC_11_NO,NWC_11_NO,OverSamp,NWC16_11_TSN,P13,PSS,FL,ICP,Inland Coastal Plains,CPL-PRLW,CPL-PRLW,PROB,FWS_ST_2005,Florida,F12129,FL,Target,75,Southern Coastal Plain,75i,Floodplains and Low Terraces,PSS,PFO,PRLW,UND,CPL_PSS,62108.80868,1104314.004,-772398.9567
8/24/2020,NWCA11-1311,4920,4/25/2011,1,NWC_FL-10079,PLNLOW,Plains and Lowlands,CPL,Coastal Plains,Marion,Not Coast,CSTL_PLAIN,Atlantic and Gulf Coastal Plain,LRR U,Region_04,Target_Sampled,H0308010212,Orange Lake,H030801021204,INLAND,29.40563501,29.40563501,-82.15216436,-82.15216436,"Florida Subtropical Fruit, Truck Crop, and Range Region",U,South Atlantic Gulf Region,H03,265,South-Central Florida Ridge,154,Not_NEP,Not_NEP,FL,FL_SCP,CPL,CPL,Non-Federal,NWC_11_16,NWC_11_16,OverSamp,NWC16_11_TSS,P14,PUBPAB,FL,ICP,Inland Coastal Plains,CPL-PRLH,CPL-PRLH,PROB,FWS_ST_2005,Florida,F12083,FL,Target,75,Southern Coastal Plain,75c,Central Florida Ridges and Uplands,PUBPAB,PEM,PRLH,DPRSS,CPL_PUBPAB,10292.47288,1339544.958,-805554.8454
8/24/2020,NWCA11-1314,5927,6/23/2011,1,NWC_FL-10082,PLNLOW,Plains and Lowlands,CPL,Coastal Plains,Gadsden,Gulf Coast Region,CSTL_PLAIN,Atlantic and Gulf Coastal Plain,LRR P,Region_04,Target_Sampled,H0312000302,Attapulgus Creek,H031200030205,INLAND,30.65434759,30.65434759,-84.44626368,-84.44626368,"South Atlantic and Gulf Slope Cash Crops, Forest, and Livestock Region",P,South Atlantic Gulf Region,H03,234,Southern Coastal Plain,133A,Not_NEP,Not_NEP,FL,FL_CP,CPL,CPL,Non-Federal,NWC_11_NO,NWC_11_NO,OverSamp,NWC16_11_TSN,P14,PUBPAB,FL,ICP,Inland Coastal Plains,CPL-PRLH,CPL-PRLH,PROB,FWS_ST_2005,Florida,F12039,FL,Target,65,Southeastern Plains,65h,Tifton Upland,PUBPAB,PEM,PRLH,DPRSS,CPL_PUBPAB,10292.47288,1102027.113,-697672.9684
8/24/2020,NWCA11-1316,4921,6/14/2011,1,NWC_FL-10084,PLNLOW,Plains and Lowlands,CPL,Coastal Plains,Hendry,Gulf Coast Region,CSTL_PLAIN,Atlantic and Gulf Coastal Plain,LRR U,Region_04,Target_Sampled,H0309020409,Okaloacoochee Slough,H030902040901,INLAND,26.531564,26.531564,-81.299465,-81.299465,"Florida Subtropical Fruit, Truck Crop, and Range Region",U,South Atlantic Gulf Region,H03,266,Southern Florida Flatwoods,155,Not_NEP,Not_NEP,FL,FL_SCP,CPL,CPL,Regional,NWC_11_NO,NWC_11_NO,OverSamp,NWC16_11_TSN,P13,PEM,FL,ICP,Inland Coastal Plains,CPL-PRLH,CPL-PRLH,PROB,FWS_ST_2005,Florida,F12051,FL,Target,75,Southern Coastal Plain,75b,Southwestern Florida Flatwoods,PEM,PEM,PRLH,FLATS,CPL_PEM,87209.06982,1470280.083,-1106701.06
8/24/2020,NWCA11-1321,4923,5/18/2011,1,NWC_FL-10089,PLNLOW,Plains and Lowlands,CPL,Coastal Plains,Brevard,South East Coast Region,CSTL_PLAIN,Atlantic and Gulf Coastal Plain,LRR U,Region_04,Target_Sampled,H0308010106,Lake Washington-St. Johns River,H030801010603,INLAND,28.19877944,28.19877944,-80.80469078,-80.80469078,"Florida Subtropical Fruit, Truck Crop, and Range Region",U,South Atlantic Gulf Region,H03,268,Southern Florida Lowlands,156B,Not_NEP,Not_NEP,FL,FL_SCP,CPL,CPL,Regional,NWC_11_NO,NWC_11_NO,OverSamp,NWC16_11_TSN,P13,PEM,FL,ICP,Inland Coastal Plains,CPL-PRLH,CPL-PRLH,PROB,FWS_ST_2005,Florida,F12009,FL,Target,75,Southern Coastal Plain,75d,Eastern Florida Flatwoods,PEM,PEM,PRLH,FLATS,CPL_PEM,87209.06982,1490089.638,-917485.256
8/24/2020,NWCA11-1322,4924,6/22/2011,1,NWC_FL-10090,PLNLOW,Plains and Lowlands,CPL,Coastal Plains,Franklin,Gulf Coast Region,CSTL_PLAIN,Atlantic and Gulf Coastal Plain,"LRR T (MLRA 152A, 152B, 153A)",Region_04,Target_Sampled,H0313001305,Tates Hell Swamp-Cash Creek Frontal,H031300130502,INLAND,29.94516053,29.94516053,-84.84260169,-84.84260169,Atlantic and Gulf Coast Lowland Forest and Crop Region,T,South Atlantic Gulf Region,H03,259,Eastern Gulf Coast Flatwoods,152A,Not_NEP,Not_NEP,FL,FL_SCP,CPL,CPL,State,NWC_11_NO,NWC_11_NO,OverSamp,NWC16_11_TSN,P13,PFO,FL,ICP,Inland Coastal Plains,CPL-PRLW,CPL-PRLW,PROB,FWS_ST_2005,Florida,F12037,FL,Target,75,Southern Coastal Plain,75a,Gulf Coast Flatwoods,PFO,PFO,PRLW,FLATS,CPL_PFO,196067.7775,1073624.856,-780399.6764
8/24/2020,NWCA11-1324,4925,10/9/2011,1,NWC_FL-10092,PLNLOW,Plains and Lowlands,CPL,Coastal Plains,Collier,Gulf Coast Region,CSTL_PLAIN,Atlantic and Gulf Coastal Plain,LRR U,Region_04,Target_Sampled,H0309020410,Big Cypress Swamp,H030902041000,INLAND,25.843451,25.843451,-81.036043,-81.036043,"Florida Subtropical Fruit, Truck Crop, and Range Region",U,South Atlantic Gulf Region,H03,267,Florida Everglades and Associated Areas,156A,Not_NEP,Not_NEP,FL,FL_OTH,CPL,CPL,Non-Federal,NWC_11_NO,NWC_11_NO,OverSamp,NWC16_11_TSN,P13,PSS,FL,ICP,Inland Coastal Plains,CPL-PRLH,CPL-PRLH,PROB,FWS_ST_2005,Florida,F12021,FL,Target,76,Southern Florida Coastal Plain,76b,Big Cypress,PSS,PEM,PRLH,FLATS,CPL_PSS,62108.80868,1508263.442,-1177243.967
8/24/2020,NWCA11-1325,4926,7/7/2011,1,NWC_FL-10093,PLNLOW,Plains and Lowlands,CPL,Coastal Plains,Citrus,Gulf Coast Region,CSTL_PLAIN,Atlantic and Gulf Coastal Plain,LRR U,Region_04,Target_Sampled,H0310020701,Crystal River-Homosassa River Frontal,H031002070102,INLAND,28.92306584,28.92306584,-82.62173086,-82.62173086,"Florida Subtropical Fruit, Truck Crop, and Range Region",U,South Atlantic Gulf Region,H03,265,South-Central Florida Ridge,154,Not_NEP,Not_NEP,FL,FL_SCP,CPL,CPL,Non-Federal,NWC_11_NO,NWC_11_NO,OverSamp,NWC16_11_TSN,P13,PFO,FL,ICP,Inland Coastal Plains,CPL-PRLW,CPL-PRLW,PROB,FWS_ST_2005,Florida,F12017,FL,Target,75,Southern Coastal Plain,75a,Gulf Coast Flatwoods,PFO,PFO,PRLW,FLATS,CPL_PFO,196067.7775,1301927.222,-864980.354
8/24/2020,NWCA11-1326,3732,8/18/2011,1,NWC_FL-10094,PLNLOW,Plains and Lowlands,CPL,Coastal Plains,St. Johns,South East Coast Region,CSTL_PLAIN,Atlantic and Gulf Coastal Plain,LRR U,Region_04,Target_Sampled,H0308020106,Tolomato River,H030802010602,TIDAL,29.95155188,29.95155188,-81.31936542,-81.31936542,"Florida Subtropical Fruit, Truck Crop, and Range Region",U,South Atlantic Gulf Region,H03,266,Southern Florida Flatwoods,155,Not_NEP,Not_NEP,FL,FL_SCP,CPL,CPL,Non-Federal,NWC_11_NO,NWC_11_NO,OverSamp,NWC16_11_TSN,P36,E2EM,FL,GFC,Gulf & Florida Coasts,ALL-EH,ALL-EH,PROB,FWS_ST_2005,Florida,F12109,FL,Target,75,Southern Coastal Plain,75d,Eastern Florida Flatwoods,E2EM,E2EM,EH,TIDAL,CPL_E2EM,9260.55838,1410166.293,-733649.9337
8/24/2020,NWCA11-1329,4927,7/13/2011,1,NWC_FL-10097,PLNLOW,Plains and Lowlands,CPL,Coastal Plains,Monroe,South East Coast Region,CSTL_PLAIN,Atlantic and Gulf Coastal Plain,LRR U,Region_04,Target_Sampled,H0309020302,Upper Florida Keys,H030902030200,TIDAL,25.22157,25.22157,-80.4288,-80.4288,"Florida Subtropical Fruit, Truck Crop, and Range Region",U,South Atlantic Gulf Region,H03,267,Florida Everglades and Associated Areas,156A,Not_NEP,Not_NEP,FL,FL_OTH,CPL,CPL,Non-Federal,NWC_11_NO,NWC_11_NO,OverSamp,NWC16_11_TSN,P36,E2SS,FL,GFC,Gulf & Florida Coasts,ALL-EW,ALL-EW,PROB,FWS_ST_2005,Florida,F12087,FL,Target,76,Southern Florida Coastal Plain,76d,Southern Coast and Islands,E2SS,E2SS,EW,TIDAL,CPL_E2SS,15934.01068,1580051.859,-1234673.522
8/24/2020,NWCA11-1334,4010,9/14/2011,1,NWC_FL-10102,PLNLOW,Plains and Lowlands,CPL,Coastal Plains,Nassau,South East Coast Region,CSTL_PLAIN,Atlantic and Gulf Coastal Plain,LRR T (MLRA 153B),Region_04,Target_Sampled,H0307020409,Lower St. Marys River,H030702040907,TIDAL,30.71764038,30.71764038,-81.52691877,-81.52691877,Atlantic and Gulf Coast Lowland Forest and Crop Region,T,South Atlantic Gulf Region,H03,262,Tidewater Area,153B,Not_NEP,Not_NEP,FL,FL_SCP,CPL,CPL,Non-Federal,NWC_11_16,NWC_11_16,OverSamp,NWC16_11_TSS,P36,E2EM,FL,GFC,Gulf & Florida Coasts,ALL-EH,ALL-EH,PROB,FWS_ST_2005,Florida,F12089,FL,Target,75,Southern Coastal Plain,75j,Sea Islands/Coastal Marsh,E2EM,E2EM,EH,TIDAL,CPL_E2EM,9260.55838,1377478.342,-652616.6487
8/24/2020,NWCA11-1335,3731,8/12/2011,1,NWC_FL-10103,PLNLOW,Plains and Lowlands,CPL,Coastal Plains,Charlotte,Gulf Coast Region,CSTL_PLAIN,Atlantic and Gulf Coastal Plain,LRR U,Region_04,Target_Sampled,H0310010301,East Charlotte Harbor Frontal,H031001030102,TIDAL,26.91480934,26.91480934,-82.08730061,-82.08730061,"Florida Subtropical Fruit, Truck Crop, and Range Region",U,South Atlantic Gulf Region,H03,266,Southern Florida Flatwoods,155,Charlotte Harbor National Estuary Program,NEP,FL,FL_SCP,CPL,CPL,State,NWC_11_NO,NWC_11_NO,OverSamp,NWC16_11_TSN,P36,E2SS,FL,GFC,Gulf & Florida Coasts,ALL-EW,ALL-EW,PROB,FWS_ST_2005,Florida,F12015,FL,Target,75,Southern Coastal Plain,75b,Southwestern Florida Flatwoods,E2SS,E2SS,EW,TIDAL,CPL_E2SS,15934.01068,1385912.964,-1076848.886
8/24/2020,NWCA11-1336,4928,5/24/2011,1,NWC_FL-10104,PLNLOW,Plains and Lowlands,CPL,Coastal Plains,Dixie,Gulf Coast Region,CSTL_PLAIN,Atlantic and Gulf Coastal Plain,"LRR T (MLRA 152A, 152B, 153A)",Region_04,Target_Sampled,H0311010209,Rocky Creek-Bumblebee Creek Frontal,H031101020905,INLAND,29.60666232,29.60666232,-83.28401456,-83.28401456,Atlantic and Gulf Coast Lowland Forest and Crop Region,T,South Atlantic Gulf Region,H03,259,Eastern Gulf Coast Flatwoods,152A,Not_NEP,Not_NEP,FL,FL_SCP,CPL,CPL,Non-Federal,NWC_11_NO,NWC_11_NO,OverSamp,NWC16_11_TSN,P13,PSS,FL,ICP,Inland Coastal Plains,CPL-PRLW,CPL-PRLW,PROB,FWS_ST_2005,Florida,F12029,FL,Target,75,Southern Coastal Plain,75a,Gulf Coast Flatwoods,PSS,PSS,PRLW,FLATS,CPL_PSS,62108.80868,1227768.386,-798777.3268
8/24/2020,NWCA11-1337,4012,8/27/2011,1,NWC_FL-10105,PLNLOW,Plains and Lowlands,CPL,Coastal Plains,Miami-Dade,South East Coast Region,CSTL_PLAIN,Atlantic and Gulf Coastal Plain,LRR U,Region_04,Target_Sampled,H0309020616,Coral Gables,H030902061608,INLAND,25.28751,25.28751,-80.44654,-80.44654,"Florida Subtropical Fruit, Truck Crop, and Range Region",U,South Atlantic Gulf Region,H03,267,Florida Everglades and Associated Areas,156A,Not_NEP,Not_NEP,FL,FL_OTH,CPL,CPL,NPS,NWC_11_NO,NWC_11_NO,OverSamp,NWC16_11_TSN,P36,E2EM,FL,ICP,Inland Coastal Plains,CPL-PRLW,CPL-PRLW,PROB,FWS_ST_2005,Florida,F12086,FL,Target,76,Southern Florida Coastal Plain,76a,Everglades,E2EM,PSS,PRLW,FLATS,CPL_E2EM,9260.55838,1577091.097,-1227842.579
8/24/2020,NWCA11-1342,4929,6/8/2011,1,NWC_FL-10110,PLNLOW,Plains and Lowlands,CPL,Coastal Plains,Wakulla,Gulf Coast Region,CSTL_PLAIN,Atlantic and Gulf Coastal Plain,"LRR T (MLRA 152A, 152B, 153A)",Region_04,Target_Sampled,H0312000311,Lower Sopchoppy River,H031200031102,TIDAL,30.02559654,30.02559654,-84.45934041,-84.45934041,Atlantic and Gulf Coast Lowland Forest and Crop Region,T,South Atlantic Gulf Region,H03,259,Eastern Gulf Coast Flatwoods,152A,Not_NEP,Not_NEP,FL,FL_SCP,CPL,CPL,FWS,NWC_11_NO,NWC_11_NO,OverSamp,NWC16_11_TSN,P13,PFO,FL,GFC,Gulf & Florida Coasts,ALL-EH,ALL-EH,PROB,FWS_ST_2005,Florida,F12129,FL,Target,75,Southern Coastal Plain,75l,Big Bend Coastal Marsh,PFO,E2EM,EH,TIDAL,CPL_PFO,196067.7775,1109244.61,-767135.7444
8/24/2020,NWCA11-1345,4962,6/28/2011,1,NWC_FL-10113,PLNLOW,Plains and Lowlands,CPL,Coastal Plains,Sarasota,Gulf Coast Region,CSTL_PLAIN,Atlantic and Gulf Coastal Plain,LRR U,Region_04,Target_Sampled,H0310010202,Upper Myakka River,H031001020203,INLAND,27.33457726,27.33457726,-82.33693959,-82.33693959,"Florida Subtropical Fruit, Truck Crop, and Range Region",U,South Atlantic Gulf Region,H03,266,Southern Florida Flatwoods,155,Charlotte Harbor National Estuary Program,NEP,FL,FL_SCP,CPL,CPL,Non-Federal,NWC_11_NO,NWC_11_NO,OverSamp,NWC16_11_TSN,P13,PUBPAB,FL,ICP,Inland Coastal Plains,CPL-PRLW,CPL-PRLW,PROB,FWS_ST_2005,Florida,F12115,FL,Target,75,Southern Coastal Plain,75b,Southwestern Florida Flatwoods,PUBPAB,PSS,PRLW,DPRSS,CPL_PUBPAB,10505.93872,1354593.167,-1034693.655
8/24/2020,NWCA11-1346,4963,7/6/2011,1,NWC_FL-10114,PLNLOW,Plains and Lowlands,CPL,Coastal Plains,Dixie,Gulf Coast Region,CSTL_PLAIN,Atlantic and Gulf Coastal Plain,"LRR T (MLRA 152A, 152B, 153A)",Region_04,Target_Sampled,H0311010209,Rocky Creek-Bumblebee Creek Frontal,H031101020904,INLAND,29.66771905,29.66771905,-83.22142144,-83.22142144,Atlantic and Gulf Coast Lowland Forest and Crop Region,T,South Atlantic Gulf Region,H03,259,Eastern Gulf Coast Flatwoods,152A,Not_NEP,Not_NEP,FL,FL_SCP,CPL,CPL,Non-Federal,NWC_11_NO,NWC_11_NO,OverSamp,NWC16_11_TSN,P13,PEM,FL,ICP,Inland Coastal Plains,CPL-PRLW,CPL-PRLW,PROB,FWS_ST_2005,Florida,F12029,FL,Target,75,Southern Coastal Plain,75a,Gulf Coast Flatwoods,PEM,PFO,PRLW,FLATS,CPL_PEM,87209.06982,1232867.995,-791257.8478
8/24/2020,NWCA11-1348,4964,7/14/2011,1,NWC_FL-10116,PLNLOW,Plains and Lowlands,CPL,Coastal Plains,Miami-Dade,South East Coast Region,CSTL_PLAIN,Atlantic and Gulf Coastal Plain,LRR U,Region_04,Target_Sampled,H0309020617,South Biscayne Bay,H030902061701,TIDAL,25.66657931,25.66657931,-80.2660357,-80.2660357,"Florida Subtropical Fruit, Truck Crop, and Range Region",U,South Atlantic Gulf Region,H03,267,Florida Everglades and Associated Areas,156A,Not_NEP,Not_NEP,FL,FL_OTH,CPL,CPL,State,NWC_11_NO,NWC_11_NO,OverSamp,NWC16_11_TSN,P36,E2SS,FL,GFC,Gulf & Florida Coasts,ALL-EW,ALL-EW,PROB,FWS_ST_2005,Florida,F12086,FL,Target,76,Southern Florida Coastal Plain,76c,Miami Ridge/Atlantic Coastal Strip,E2SS,E2SS,EW,TIDAL,CPL_E2SS,15934.01068,1588379.844,-1183849.658
8/24/2020,NWCA11-1356,3730,8/9/2011,1,NWC_FL-10124,PLNLOW,Plains and Lowlands,CPL,Coastal Plains,Broward,South East Coast Region,CSTL_PLAIN,Atlantic and Gulf Coastal Plain,LRR U,Region_04,Target_Sampled,H0309020206,Conservation Area 2,H030902020600,INLAND,26.31844263,26.31844263,-80.39845136,-80.39845136,"Florida Subtropical Fruit, Truck Crop, and Range Region",U,South Atlantic Gulf Region,H03,267,Florida Everglades and Associated Areas,156A,Not_NEP,Not_NEP,FL,FL_OTH,CPL,CPL,State,NWC_11_16,NWC_11_16,OverSamp,NWC16_11_TSS,P13,PEM,FL,ICP,Inland Coastal Plains,CPL-PRLH,CPL-PRLH,PROB,FWS_ST_2005,Florida,F12011,FL,Target,76,Southern Florida Coastal Plain,76a,Everglades,PEM,PEM,PRLH,FLATS,CPL_PEM,87209.06982,1563436.989,-1115451.248
8/24/2020,NWCA11-1357,4965,6/29/2011,1,NWC_FL-10125,PLNLOW,Plains and Lowlands,CPL,Coastal Plains,Polk,Gulf Coast Region,CSTL_PLAIN,Atlantic and Gulf Coastal Plain,LRR U,Region_04,Target_Sampled,H0310010103,Bowlegs Creek,H031001010301,INLAND,27.807181,27.807181,-81.81480865,-81.81480865,"Florida Subtropical Fruit, Truck Crop, and Range Region",U,South Atlantic Gulf Region,H03,265,South-Central Florida Ridge,154,Charlotte Harbor National Estuary Program,NEP,FL,FL_SCP,CPL,CPL,State,NWC_11_NO,NWC_11_NO,OverSamp,NWC16_11_TSN,P13,PSS,FL,ICP,Inland Coastal Plains,CPL-PRLW,CPL-PRLW,PROB,FWS_ST_2005,Florida,F12105,FL,Target,75,Southern Coastal Plain,75b,Southwestern Florida Flatwoods,PSS,PSS,PRLW,SLOPE,CPL_PSS,62108.80868,1398228.978,-975563.3245
8/24/2020,NWCA11-1359,4966,9/24/2011,1,NWC_FL-10127,PLNLOW,Plains and Lowlands,CPL,Coastal Plains,Lee,Gulf Coast Region,CSTL_PLAIN,Atlantic and Gulf Coastal Plain,LRR U,Region_04,Target_Sampled,H0309020401,Estero Bay Frontal,H030902040105,TIDAL,26.33206053,26.33206053,-81.83801151,-81.83801151,"Florida Subtropical Fruit, Truck Crop, and Range Region",U,South Atlantic Gulf Region,H03,266,Southern Florida Flatwoods,155,Charlotte Harbor National Estuary Program,NEP,FL,FL_SCP,CPL,CPL,State,NWC_11_16,NWC_11_16,OverSamp,NWC16_11_TSS,P36,E2SS,FL,GFC,Gulf & Florida Coasts,ALL-EW,ALL-EW,PROB,FWS_ST_2005,Florida,F12071,FL,Target,75,Southern Coastal Plain,75b,Southwestern Florida Flatwoods,E2SS,E2SS,EW,TIDAL,CPL_E2SS,15934.01068,1420080.368,-1136570.495
8/24/2020,NWCA11-1363,4967,9/24/2011,1,NWC_FL-10131,PLNLOW,Plains and Lowlands,CPL,Coastal Plains,Collier,Gulf Coast Region,CSTL_PLAIN,Atlantic and Gulf Coastal Plain,LRR U,Region_04,Target_Sampled,H0309020408,Rooker Bay,H030902040800,TIDAL,25.89213773,25.89213773,-81.69721282,-81.69721282,"Florida Subtropical Fruit, Truck Crop, and Range Region",U,South Atlantic Gulf Region,H03,266,Southern Florida Flatwoods,155,Not_NEP,Not_NEP,FL,FL_OTH,CPL,CPL,State,NWC_11_NO,NWC_11_NO,OverSamp,NWC16_11_TSN,P36,E2SS,FL,GFC,Gulf & Florida Coasts,ALL-EW,ALL-EW,PROB,FWS_ST_2005,Florida,F12021,FL,Target,76,Southern Florida Coastal Plain,76d,Southern Coast and Islands,E2SS,E2SS,EW,TIDAL,CPL_E2SS,15934.01068,1441336.695,-1182224.753
8/24/2020,NWCA11-1364,4009,7/20/2011,1,NWC_FL-10132,PLNLOW,Plains and Lowlands,CPL,Coastal Plains,Palm Beach,South East Coast Region,CSTL_PLAIN,Atlantic and Gulf Coastal Plain,LRR U,Region_04,Target_Sampled,H0309020606,Lower Loxahatchee River,H030902060604,TIDAL,26.9558,26.9558,-80.07976,-80.07976,"Florida Subtropical Fruit, Truck Crop, and Range Region",U,South Atlantic Gulf Region,H03,266,Southern Florida Flatwoods,155,Not_NEP,Not_NEP,FL,FL_SCP,CPL,CPL,BLM,NWC_11_NO,NWC_11_NO,OverSamp,NWC16_11_TSN,P13,E2EM,FL,GFC,Gulf & Florida Coasts,ALL-EW,ALL-EW,PROB,FWS_ST_2005,Florida,F12099,FL,Target,75,Southern Coastal Plain,75d,Eastern Florida Flatwoods,E2EM,E2SS,EW,TIDAL,CPL_E2EM,9260.55838,1583386.818,-1041027.326
8/24/2020,NWCA11-1365,4968,8/1/2011,1,NWC_FL-10133,PLNLOW,Plains and Lowlands,CPL,Coastal Plains,Volusia,South East Coast Region,CSTL_PLAIN,Atlantic and Gulf Coastal Plain,LRR U,Region_04,Target_Sampled,H0308020102,Tomoka River,H030802010201,INLAND,29.08582293,29.08582293,-81.17646623,-81.17646623,"Florida Subtropical Fruit, Truck Crop, and Range Region",U,South Atlantic Gulf Region,H03,266,Southern Florida Flatwoods,155,Not_NEP,Not_NEP,FL,FL_SCP,CPL,CPL,State,NWC_11_NO,NWC_11_NO,OverSamp,NWC16_11_TSN,P13,PFO,FL,ICP,Inland Coastal Plains,CPL-PRLW,CPL-PRLW,PROB,FWS_ST_2005,Florida,F12127,FL,Target,75,Southern Coastal Plain,75d,Eastern Florida Flatwoods,PFO,PFO,PRLW,FLATS,CPL_PFO,196067.7775,1438689.858,-826318.6635
8/24/2020,NWCA11-1366,4969,7/26/2011,1,NWC_FL-10134,PLNLOW,Plains and Lowlands,CPL,Coastal Plains,Escambia,Gulf Coast Region,CSTL_PLAIN,Atlantic and Gulf Coastal Plain,"LRR T (MLRA 152A, 152B, 153A)",Region_04,Target_Sampled,H0314010701,Perdido Bay,H031401070104,INLAND,30.35580922,30.35580922,-87.42959022,-87.42959022,Atlantic and Gulf Coast Lowland Forest and Crop Region,T,South Atlantic Gulf Region,H03,259,Eastern Gulf Coast Flatwoods,152A,Not_NEP,Not_NEP,FL,FL_SCP,CPL,CPL,State,NWC_11_16,NWC_11_16,OverSamp,NWC16_11_TSS,P13,PFO,FL,ICP,Inland Coastal Plains,CPL-PRLW,CPL-PRLW,PROB,FWS_ST_2005,Florida,F12033,FL,Target,75,Southern Coastal Plain,75a,Gulf Coast Flatwoods,PFO,PFO,PRLW,FLATS,CPL_PFO,86428.92112,821363.0807,-760849.5437
8/24/2020,NWCA11-1368,4970,6/23/2011,1,NWC_GA-10002,PLNLOW,Plains and Lowlands,CPL,Coastal Plains,Liberty,South East Coast Region,CSTL_PLAIN,Atlantic and Gulf Coastal Plain,LRR T (MLRA 153B),Region_04,Target_Sampled,H0306020406,South Newport River,H030602040601,TIDAL,31.65831876,31.65831876,-81.38700135,-81.38700135,Atlantic and Gulf Coast Lowland Forest and Crop Region,T,South Atlantic Gulf Region,H03,262,Tidewater Area,153B,Not_NEP,Not_NEP,GA,GA_SCP,CPL,CPL,Non-Federal,NWC_11_16,NWC_11_16,Revisit,NWC16_11_TSS,P13,E2SS,GA,ATL,Atlantic Coast,ALL-EH,ALL-EH,PROB,FWS_ST_2005,Georgia,F13179,GA,Target,75,Southern Coastal Plain,75j,Sea Islands/Coastal Marsh,E2SS,E2EM,EH,TIDAL,CPL_E2SS,673.59449,1374662.16,-547164.7202
8/24/2020,NWCA11-1368,4971,8/23/2011,2,NWC_GA-10002,PLNLOW,Plains and Lowlands,CPL,Coastal Plains,Liberty,South East Coast Region,CSTL_PLAIN,Atlantic and Gulf Coastal Plain,LRR T (MLRA 153B),Region_04,Target_Sampled,H0306020406,South Newport River,H030602040601,TIDAL,31.65831876,31.65831876,-81.38700135,-81.38700135,Atlantic and Gulf Coast Lowland Forest and Crop Region,T,South Atlantic Gulf Region,H03,262,Tidewater Area,153B,Not_NEP,Not_NEP,GA,GA_SCP,CPL,CPL,Non-Federal,NWC_11_16,NWC_11_16,Revisit,NWC16_11_TSS,P13,E2SS,GA,ATL,Atlantic Coast,ALL-EH,ALL-EH,PROB,FWS_ST_2005,Georgia,F13179,GA,Target,75,Southern Coastal Plain,75j,Sea Islands/Coastal Marsh,E2SS,E2EM,EH,TIDAL,CPL_E2SS,673.59449,1374662.16,-547164.7202
8/24/2020,NWCA11-1369,4309,10/13/2011,2,NWC_GA-10003,PLNLOW,Plains and Lowlands,CPL,Coastal Plains,Chatham,South East Coast Region,CSTL_PLAIN,Atlantic and Gulf Coastal Plain,LRR T (MLRA 153B),Region_04,Target_Sampled,H0306020403,Ossabaw Sound-Atlantic Ocean,H030602040303,TIDAL,31.94268068,31.94268068,-81.08486736,-81.08486736,Atlantic and Gulf Coast Lowland Forest and Crop Region,T,South Atlantic Gulf Region,H03,262,Tidewater Area,153B,Not_NEP,Not_NEP,GA,GA_SCP,CPL,CPL,State,NWC_11_16,NWC_11_16,Base,NWC16_11_TSS,P36,E2EM,GA,ATL,Atlantic Coast,ALL-EH,ALL-EH,PROB,FWS_ST_2005,Georgia,F13051,GA,Target,75,Southern Coastal Plain,75j,Sea Islands/Coastal Marsh,E2EM,E2EM,EH,TIDAL,CPL_E2EM,23303.95648,1397902.52,-511467.0584
8/24/2020,NWCA11-1369,4972,8/18/2011,1,NWC_GA-10003,PLNLOW,Plains and Lowlands,CPL,Coastal Plains,Chatham,South East Coast Region,CSTL_PLAIN,Atlantic and Gulf Coastal Plain,LRR T (MLRA 153B),Region_04,Target_Sampled,H0306020403,Ossabaw Sound-Atlantic Ocean,H030602040303,TIDAL,31.94268068,31.94268068,-81.08486736,-81.08486736,Atlantic and Gulf Coast Lowland Forest and Crop Region,T,South Atlantic Gulf Region,H03,262,Tidewater Area,153B,Not_NEP,Not_NEP,GA,GA_SCP,CPL,CPL,State,NWC_11_16,NWC_11_16,Base,NWC16_11_TSS,P36,E2EM,GA,ATL,Atlantic Coast,ALL-EH,ALL-EH,PROB,FWS_ST_2005,Georgia,F13051,GA,Target,75,Southern Coastal Plain,75j,Sea Islands/Coastal Marsh,E2EM,E2EM,EH,TIDAL,CPL_E2EM,23303.95648,1397902.52,-511467.0584
8/24/2020,NWCA11-1370,4973,6/1/2011,1,NWC_GA-10004,PLNLOW,Plains and Lowlands,CPL,Coastal Plains,Glynn,South East Coast Region,CSTL_PLAIN,Atlantic and Gulf Coastal Plain,LRR T (MLRA 153B),Region_04,Target_Sampled,H0307020302,Brunswick River-Atlantic Ocean,H030702030201,TIDAL,31.14404427,31.14404427,-81.53083458,-81.53083458,Atlantic and Gulf Coast Lowland Forest and Crop Region,T,South Atlantic Gulf Region,H03,262,Tidewater Area,153B,Not_NEP,Not_NEP,GA,GA_SCP,CPL,CPL,County,NWC_11_NO,NWC_11_NO,Base,NWC16_11_TSN,P36,E2EM,GA,ATL,Atlantic Coast,ALL-EH,ALL-EH,PROB,FWS_ST_2005,Georgia,F13127,GA,Target,75,Southern Coastal Plain,75j,Sea Islands/Coastal Marsh,E2EM,E2EM,EH,TIDAL,CPL_E2EM,23303.95648,1369917.633,-605809.1831
8/24/2020,NWCA11-1371,5535,6/16/2011,1,NWC_GA-10005,PLNLOW,Plains and Lowlands,CPL,Coastal Plains,Worth,Not Coast,CSTL_PLAIN,Atlantic and Gulf Coastal Plain,LRR P,Region_04,Target_Sampled,H0313000608,Abrams Creek,H031300060804,INLAND,31.70016738,31.70016738,-83.92866742,-83.92866742,"South Atlantic and Gulf Slope Cash Crops, Forest, and Livestock Region",P,South Atlantic Gulf Region,H03,234,Southern Coastal Plain,133A,Not_NEP,Not_NEP,GA,GA_CP,CPL,CPL,Non-Federal,NWC_11_NO,NWC_11_NO,Base,NWC16_11_TSN,P14,PFO,GA,ICP,Inland Coastal Plains,CPL-PRLW,CPL-PRLW,PROB,FWS_ST_2005,Georgia,F13321,GA,Target,65,Southeastern Plains,65g,Dougherty Plain,PFO,PFO,PRLW,RIVERINE,CPL_PFO,746819.9574,1136398.355,-576131.3655
8/24/2020,NWCA11-1372,4974,8/30/2011,1,NWC_GA-10006,PLNLOW,Plains and Lowlands,CPL,Coastal Plains,Bryan,South East Coast Region,CSTL_PLAIN,Atlantic and Gulf Coastal Plain,LRR T (MLRA 153B),Region_04,Target_Sampled,H0306020405,Medway River-Atlantic Ocean,H030602040502,TIDAL,31.77555721,31.77555721,-81.21701651,-81.21701651,Atlantic and Gulf Coast Lowland Forest and Crop Region,T,South Atlantic Gulf Region,H03,262,Tidewater Area,153B,Not_NEP,Not_NEP,GA,GA_SCP,CPL,CPL,State,NWC_11_NO,NWC_11_NO,Base,NWC16_11_TSN,P36,E2SS,GA,ATL,Atlantic Coast,ALL-EW,ALL-EW,PROB,FWS_ST_2005,Georgia,F13029,GA,Target,75,Southern Coastal Plain,75j,Sea Islands/Coastal Marsh,E2SS,E2SS,EW,TIDAL,CPL_E2SS,673.59449,1388501.668,-531793.5084
8/24/2020,NWCA11-1373,4975,7/7/2011,1,NWC_GA-10007,PLNLOW,Plains and Lowlands,CPL,Coastal Plains,Chatham,South East Coast Region,CSTL_PLAIN,Atlantic and Gulf Coastal Plain,LRR T (MLRA 153B),Region_04,Target_Sampled,H0306020401,Wilmington River-Atlantic Ocean,H030602040101,TIDAL,32.02402977,32.02402977,-81.01548196,-81.01548196,Atlantic and Gulf Coast Lowland Forest and Crop Region,T,South Atlantic Gulf Region,H03,262,Tidewater Area,153B,Not_NEP,Not_NEP,GA,GA_SCP,CPL,CPL,Non-Federal,NWC_11_16,NWC_11_16,Base,NWC16_11_TSS,P36,E2SS,GA,ATL,Atlantic Coast,ALL-EW,ALL-EW,PROB,FWS_ST_2005,Georgia,F13051,GA,Target,75,Southern Coastal Plain,75j,Sea Islands/Coastal Marsh,E2SS,E2SS,EW,TIDAL,CPL_E2SS,673.59449,1402928.537,-501493.0031
8/24/2020,NWCA11-1374,4976,7/26/2011,1,NWC_GA-10008,PLNLOW,Plains and Lowlands,CPL,Coastal Plains,McIntosh,South East Coast Region,CSTL_PLAIN,Atlantic and Gulf Coastal Plain,LRR T (MLRA 153B),Region_04,Target_Sampled,H0306020408,Doboy Sound-Atlantic Ocean,H030602040801,TIDAL,31.45039809,31.45039809,-81.22811541,-81.22811541,Atlantic and Gulf Coast Lowland Forest and Crop Region,T,South Atlantic Gulf Region,H03,262,Tidewater Area,153B,Not_NEP,Not_NEP,GA,GA_SCP,CPL,CPL,FWS,NWC_11_NO,NWC_11_NO,Base,NWC16_11_TSN,P36,E2SS,GA,ATL,Atlantic Coast,ALL-EW,ALL-EW,PROB,FWS_ST_2005,Georgia,F13191,GA,Target,75,Southern Coastal Plain,75j,Sea Islands/Coastal Marsh,E2SS,E2SS,EW,TIDAL,CPL_E2SS,673.59449,1393072.361,-567722.264
8/24/2020,NWCA11-1376,4977,8/3/2011,1,NWC_GA-10010,PLNLOW,Plains and Lowlands,CPL,Coastal Plains,Liberty,South East Coast Region,CSTL_PLAIN,Atlantic and Gulf Coastal Plain,LRR T (MLRA 153B),Region_04,Target_Sampled,H0306020407,Sapelo River-Atlantic Ocean,H030602040703,TIDAL,31.57096409,31.57096409,-81.16434964,-81.16434964,Atlantic and Gulf Coast Lowland Forest and Crop Region,T,South Atlantic Gulf Region,H03,262,Tidewater Area,153B,Not_NEP,Not_NEP,GA,GA_SCP,CPL,CPL,Non-Federal,NWC_11_NO,NWC_11_NO,Base,NWC16_11_TSN,P36,E2SS,GA,ATL,Atlantic Coast,ALL-EW,ALL-EW,PROB,FWS_ST_2005,Georgia,F13179,GA,Target,75,Southern Coastal Plain,75j,Sea Islands/Coastal Marsh,E2SS,E2SS,EW,TIDAL,CPL_E2SS,673.59449,1396950.321,-553527.5196
8/24/2020,NWCA11-1377,4978,6/2/2011,1,NWC_GA-10011,PLNLOW,Plains and Lowlands,CPL,Coastal Plains,Camden,South East Coast Region,CSTL_PLAIN,Atlantic and Gulf Coastal Plain,LRR T (MLRA 153B),Region_04,Target_Sampled,H0307020304,Lower Satilla River-Atlantic Ocean,H030702030402,TIDAL,31.00795192,31.00795192,-81.62600485,-81.62600485,Atlantic and Gulf Coast Lowland Forest and Crop Region,T,South Atlantic Gulf Region,H03,262,Tidewater Area,153B,Not_NEP,Not_NEP,GA,GA_SCP,CPL,CPL,Non-Federal,NWC_11_NO,NWC_11_NO,Base,NWC16_11_TSN,P36,E2EM,GA,ATL,Atlantic Coast,ALL-EH,ALL-EH,PROB,FWS_ST_2005,Georgia,F13039,GA,Target,75,Southern Coastal Plain,75j,Sea Islands/Coastal Marsh,E2EM,E2EM,EH,RIVERINE,CPL_E2EM,23303.95648,1363256.871,-622140.6017
8/24/2020,NWCA11-1379,4979,7/19/2011,1,NWC_GA-10013,PLNLOW,Plains and Lowlands,CPL,Coastal Plains,McIntosh,South East Coast Region,CSTL_PLAIN,Atlantic and Gulf Coastal Plain,LRR T (MLRA 153B),Region_04,Target_Sampled,H0306020408,Doboy Sound-Atlantic Ocean,H030602040801,TIDAL,31.49198057,31.49198057,-81.26599112,-81.26599112,Atlantic and Gulf Coast Lowland Forest and Crop Region,T,South Atlantic Gulf Region,H03,262,Tidewater Area,153B,Not_NEP,Not_NEP,GA,GA_SCP,CPL,CPL,State,NWC_11_NO,NWC_11_NO,Base,NWC16_11_TSN,P36,E2EM,GA,ATL,Atlantic Coast,ALL-EH,ALL-EH,PROB,FWS_ST_2005,Georgia,F13191,GA,Target,75,Southern Coastal Plain,75j,Sea Islands/Coastal Marsh,E2EM,E2EM,EH,TIDAL,CPL_E2EM,23303.95648,1388814.428,-563703.7363
8/24/2020,NWCA11-1380,5277,5/3/2011,1,NWC_GA-10014,PLNLOW,Plains and Lowlands,CPL,Coastal Plains,Effingham,South East Coast Region,CSTL_PLAIN,Atlantic and Gulf Coastal Plain,"LRR T (MLRA 152A, 152B, 153A)",Region_04,Target_Sampled,H0306010903,Dasher Creek-Savannah River,H030601090307,INLAND,32.2540222,32.2540222,-81.20228255,-81.20228255,Atlantic and Gulf Coast Lowland Forest and Crop Region,T,South Atlantic Gulf Region,H03,261,Atlantic Coast Flatwoods,153A,Not_NEP,Not_NEP,GA,GA_SCP,CPL,CPL,Non-Federal,NWC_11_NO,NWC_11_NO,Base,NWC16_11_TSN,P13,PFO,GA,ICP,Inland Coastal Plains,CPL-PRLW,CPL-PRLW,PROB,FWS_ST_2005,Georgia,F13103,GA,Target,75,Southern Coastal Plain,75f,Sea Island Flatwoods,PFO,PFO,PRLW,SLOPE,CPL_PFO,282019.3727,1381606.763,-478912.1195
8/24/2020,NWCA11-1381,5411,6/29/2011,1,NWC_GA-10015,PLNLOW,Plains and Lowlands,CPL,Coastal Plains,Camden,South East Coast Region,CSTL_PLAIN,Atlantic and Gulf Coastal Plain,LRR T (MLRA 153B),Region_04,Target_Sampled,H0307020305,Crooked River-Atlantic Ocean,H030702030503,TIDAL,30.73733301,30.73733301,-81.47605383,-81.47605383,Atlantic and Gulf Coast Lowland Forest and Crop Region,T,South Atlantic Gulf Region,H03,262,Tidewater Area,153B,Not_NEP,Not_NEP,GA,GA_SCP,CPL,CPL,NPS,NWC_11_NO,NWC_11_NO,Base,NWC16_11_TSN,P36,E2EM,GA,ATL,Atlantic Coast,ALL-EH,ALL-EH,PROB,FWS_ST_2005,Georgia,F13039,GA,Target,75,Southern Coastal Plain,75j,Sea Islands/Coastal Marsh,E2EM,E2EM,EH,TIDAL,CPL_E2EM,23303.95648,1381948.533,-649714.8486
8/24/2020,NWCA11-1382,5412,4/20/2011,1,NWC_GA-10016,PLNLOW,Plains and Lowlands,CPL,Coastal Plains,Burke,Not Coast,CSTL_PLAIN,Atlantic and Gulf Coastal Plain,LRR P,Region_04,Target_Sampled,H0306010803,Middle Brier Creek,H030601080302,INLAND,33.13074048,33.13074048,-82.07447419,-82.07447419,"South Atlantic and Gulf Slope Cash Crops, Forest, and Livestock Region",P,South Atlantic Gulf Region,H03,234,Southern Coastal Plain,133A,Not_NEP,Not_NEP,GA,GA_CP,CPL,CPL,Non-Federal,NWC_11_NO,NWC_11_NO,Base,NWC16_11_TSN,P14,PF,GA,ICP,Inland Coastal Plains,CPL-PRLW,CPL-PRLW,PROB,FWS_ST_2005,Georgia,F13033,GA,Target,65,Southeastern Plains,65k,Coastal Plain Red Uplands,PF,PFO,PRLW,DPRSS,CPL_PF,599.96079,1286496.587,-394473.6259
8/24/2020,NWCA11-1383,5767,5/18/2011,1,NWC_GA-10017,PLNLOW,Plains and Lowlands,CPL,Coastal Plains,Jeff Davis,South East Coast Region,CSTL_PLAIN,Atlantic and Gulf Coastal Plain,LRR P,Region_04,Target_Sampled,H0307010601,Cobb Creek-Altamaha River,H030701060103,INLAND,31.96026285,31.96026285,-82.45207506,-82.45207506,"South Atlantic and Gulf Slope Cash Crops, Forest, and Livestock Region",P,South Atlantic Gulf Region,H03,234,Southern Coastal Plain,133A,Not_NEP,Not_NEP,GA,GA_CP,CPL,CPL,State,NWC_11_NO,NWC_11_NO,Base,NWC16_11_TSN,P14,PFO,GA,ICP,Inland Coastal Plains,CPL-PRLW,CPL-PRLW,PROB,FWS_ST_2005,Georgia,F13161,GA,Target,65,Southeastern Plains,65p,Southeastern Floodplains and Low Terraces,PFO,PFO,PRLW,RIVERINE,CPL_PFO,746819.9574,1270397.928,-528724.3859
8/24/2020,NWCA11-1384,5413,6/7/2011,1,NWC_GA-10018,PLNLOW,Plains and Lowlands,CPL,Coastal Plains,McIntosh,South East Coast Region,CSTL_PLAIN,Atlantic and Gulf Coastal Plain,LRR T (MLRA 153B),Region_04,Target_Sampled,H0306020406,South Newport River,H030602040601,TIDAL,31.64443622,31.64443622,-81.37801197,-81.37801197,Atlantic and Gulf Coast Lowland Forest and Crop Region,T,South Atlantic Gulf Region,H03,262,Tidewater Area,153B,Not_NEP,Not_NEP,GA,GA_SCP,CPL,CPL,Non-Federal,NWC_11_NO,NWC_11_NO,Base,NWC16_11_TSN,P36,E2SS,GA,ATL,Atlantic Coast,ALL-EH,ALL-EH,PROB,FWS_ST_2005,Georgia,F13191,GA,Target,75,Southern Coastal Plain,75j,Sea Islands/Coastal Marsh,E2SS,E2EM,EH,TIDAL,CPL_E2SS,673.59449,1375738.021,-548562.1778
8/24/2020,NWCA11-1385,5414,8/17/2011,1,NWC_GA-10019,PLNLOW,Plains and Lowlands,CPL,Coastal Plains,Chatham,South East Coast Region,CSTL_PLAIN,Atlantic and Gulf Coastal Plain,LRR T (MLRA 153B),Region_04,Target_Sampled,H0306020403,Ossabaw Sound-Atlantic Ocean,H030602040303,TIDAL,31.94762493,31.94762493,-81.05878563,-81.05878563,Atlantic and Gulf Coast Lowland Forest and Crop Region,T,South Atlantic Gulf Region,H03,262,Tidewater Area,153B,Not_NEP,Not_NEP,GA,GA_SCP,CPL,CPL,Non-Federal,NWC_11_NO,NWC_11_NO,Base,NWC16_11_TSN,P36,E2SS,GA,ATL,Atlantic Coast,ALL-EW,ALL-EW,PROB,FWS_ST_2005,Georgia,F13051,GA,Target,75,Southern Coastal Plain,75j,Sea Islands/Coastal Marsh,E2SS,E2SS,EW,TIDAL,CPL_E2SS,673.59449,1400240.597,-510539.0413
8/24/2020,NWCA11-1386,6144,6/29/2011,1,NWC_GA-10020,PLNLOW,Plains and Lowlands,CPL,Coastal Plains,Wayne,South East Coast Region,CSTL_PLAIN,Atlantic and Gulf Coastal Plain,"LRR T (MLRA 152A, 152B, 153A)",Region_04,Target_Sampled,H0307010604,Doctors Creek-Altamaha River,H030701060401,INLAND,31.44105441,31.44105441,-81.9359127,-81.9359127,Atlantic and Gulf Coast Lowland Forest and Crop Region,T,South Atlantic Gulf Region,H03,261,Atlantic Coast Flatwoods,153A,Not_NEP,Not_NEP,GA,GA_SCP,CPL,CPL,Non-Federal,NWC_11_NO,NWC_11_NO,Base,NWC16_11_TSN,P13,PEM,GA,ICP,Inland Coastal Plains,CPL-PRLW,CPL-PRLW,PROB,FWS_ST_2005,Georgia,F13305,GA,Target,75,Southern Coastal Plain,75f,Sea Island Flatwoods,PEM,PSS,PRLW,DPRSS,CPL_PEM,89512.12687,1326976.845,-578879.6883
8/24/2020,NWCA11-1387,5771,6/15/2011,1,NWC_GA-10021,PLNLOW,Plains and Lowlands,CPL,Coastal Plains,Colquitt,Not Coast,CSTL_PLAIN,Atlantic and Gulf Coastal Plain,LRR P,Region_04,Target_Sampled,H0311020404,Middle Little River,H031102040405,INLAND,31.12477901,31.12477901,-83.56765963,-83.56765963,"South Atlantic and Gulf Slope Cash Crops, Forest, and Livestock Region",P,South Atlantic Gulf Region,H03,234,Southern Coastal Plain,133A,Not_NEP,Not_NEP,GA,GA_CP,CPL,CPL,Non-Federal,NWC_11_NO,NWC_11_NO,Base,NWC16_11_TSN,P14,PSS,GA,ICP,Inland Coastal Plains,CPL-PRLW,CPL-PRLW,PROB,FWS_ST_2005,Georgia,F13071,GA,Target,65,Southeastern Plains,65h,Tifton Upland,PSS,PSS,PRLW,FLATS,CPL_PSS,186903.8587,1178546.26,-635242.2651
8/24/2020,NWCA11-1388,5415,6/9/2011,1,NWC_GA-10022,PLNLOW,Plains and Lowlands,CPL,Coastal Plains,Bryan,South East Coast Region,CSTL_PLAIN,Atlantic and Gulf Coastal Plain,LRR T (MLRA 153B),Region_04,Target_Sampled,H0306020405,Medway River-Atlantic Ocean,H030602040502,TIDAL,31.7724169,31.7724169,-81.25725505,-81.25725505,Atlantic and Gulf Coast Lowland Forest and Crop Region,T,South Atlantic Gulf Region,H03,262,Tidewater Area,153B,Not_NEP,Not_NEP,GA,GA_SCP,CPL,CPL,State,NWC_11_NO,NWC_11_NO,Base,NWC16_11_TSN,P36,E2SS,GA,ATL,Atlantic Coast,ALL-EW,ALL-EW,PROB,FWS_ST_2005,Georgia,F13029,GA,Target,75,Southern Coastal Plain,75j,Sea Islands/Coastal Marsh,E2SS,E2SS,EW,TIDAL,CPL_E2SS,673.59449,1384806.685,-532726.1734
8/24/2020,NWCA11-1389,5416,6/30/2011,1,NWC_GA-10023,PLNLOW,Plains and Lowlands,CPL,Coastal Plains,Chatham,South East Coast Region,CSTL_PLAIN,Atlantic and Gulf Coastal Plain,LRR T (MLRA 153B),Region_04,Target_Sampled,H0306020401,Wilmington River-Atlantic Ocean,H030602040101,TIDAL,32.03049759,32.03049759,-81.03174779,-81.03174779,Atlantic and Gulf Coast Lowland Forest and Crop Region,T,South Atlantic Gulf Region,H03,262,Tidewater Area,153B,Not_NEP,Not_NEP,GA,GA_SCP,CPL,CPL,Non-Federal,NWC_11_NO,NWC_11_NO,Base,NWC16_11_TSN,P36,E2EM,GA,ATL,Atlantic Coast,ALL-EW,ALL-EW,PROB,FWS_ST_2005,Georgia,F13051,GA,Target,75,Southern Coastal Plain,75j,Sea Islands/Coastal Marsh,E2EM,E2SS,EW,TIDAL,CPL_E2EM,23303.95648,1401305.226,-501021.2512
8/24/2020,NWCA11-1390,6265,11/2/2011,1,NWC_GA-10024,PLNLOW,Plains and Lowlands,CPL,Coastal Plains,Clinch,Not Coast,CSTL_PLAIN,Atlantic and Gulf Coastal Plain,"LRR T (MLRA 152A, 152B, 153A)",Region_04,Target_Sampled,H0311020104,Cypress Creek,H031102010402,INLAND,30.64611,30.64611,-82.44172,-82.44172,Atlantic and Gulf Coast Lowland Forest and Crop Region,T,South Atlantic Gulf Region,H03,261,Atlantic Coast Flatwoods,153A,Not_NEP,Not_NEP,GA,GA_SCP,CPL,CPL,FWS,NWC_11_NO,NWC_11_NO,Base,NWC16_11_TSN,P13,PSS,GA,ICP,Inland Coastal Plains,CPL-PRLW,CPL-PRLW,PROB,FWS_ST_2005,Georgia,F13065,GA,Target,75,Southern Coastal Plain,75g,Okefenokee Swamp,PSS,PSS,PRLW,DPRSS,CPL_PSS,70579.9416,1292153.956,-673329.1945
8/24/2020,NWCA11-1391,5534,6/28/2011,1,NWC_GA-10025,PLNLOW,Plains and Lowlands,CPL,Coastal Plains,Atkinson,South East Coast Region,CSTL_PLAIN,Atlantic and Gulf Coastal Plain,LRR P,Region_04,Target_Sampled,H0307020102,Pudding Creek-Satilla River,H030702010204,INLAND,31.348003,31.348003,-82.95840823,-82.95840823,"South Atlantic and Gulf Slope Cash Crops, Forest, and Livestock Region",P,South Atlantic Gulf Region,H03,234,Southern Coastal Plain,133A,Not_NEP,Not_NEP,GA,GA_CP,CPL,CPL,Non-Federal,NWC_11_NO,NWC_11_NO,Base,NWC16_11_TSN,P13,PFO,GA,ICP,Inland Coastal Plains,CPL-PRLW,CPL-PRLW,PROB,FWS_ST_2005,Georgia,F13003,GA,Target,65,Southeastern Plains,65l,Atlantic Southern Loam Plains,PFO,PFO,PRLW,RIVERINE,CPL_PFO,282019.3727,1232549.302,-602900.3082
8/24/2020,NWCA11-1392,5417,8/2/2011,1,NWC_GA-10026,PLNLOW,Plains and Lowlands,CPL,Coastal Plains,Liberty,South East Coast Region,CSTL_PLAIN,Atlantic and Gulf Coastal Plain,LRR T (MLRA 153B),Region_04,Target_Sampled,H0306020407,Sapelo River-Atlantic Ocean,H030602040703,TIDAL,31.58121264,31.58121264,-81.17939905,-81.17939905,Atlantic and Gulf Coast Lowland Forest and Crop Region,T,South Atlantic Gulf Region,H03,262,Tidewater Area,153B,Not_NEP,Not_NEP,GA,GA_SCP,CPL,CPL,Non-Federal,NWC_11_NO,NWC_11_NO,Base,NWC16_11_TSN,P36,E2SS,GA,ATL,Atlantic Coast,ALL-EW,ALL-EW,PROB,FWS_ST_2005,Georgia,F13179,GA,Target,75,Southern Coastal Plain,75j,Sea Islands/Coastal Marsh,E2SS,E2SS,EW,TIDAL,CPL_E2SS,673.59449,1395367.536,-552621.4822
8/24/2020,NWCA11-1393,5418,6/15/2011,1,NWC_GA-10027,PLNLOW,Plains and Lowlands,CPL,Coastal Plains,Camden,South East Coast Region,CSTL_PLAIN,Atlantic and Gulf Coastal Plain,LRR T (MLRA 153B),Region_04,Target_Sampled,H0307020305,Crooked River-Atlantic Ocean,H030702030502,TIDAL,30.86519408,30.86519408,-81.56447473,-81.56447473,Atlantic and Gulf Coast Lowland Forest and Crop Region,T,South Atlantic Gulf Region,H03,262,Tidewater Area,153B,Not_NEP,Not_NEP,GA,GA_SCP,CPL,CPL,Non-Federal,NWC_11_NO,NWC_11_NO,Base,NWC16_11_TSN,P36,E2EM,GA,ATL,Atlantic Coast,ALL-EH,ALL-EH,PROB,FWS_ST_2005,Georgia,F13039,GA,Target,75,Southern Coastal Plain,75j,Sea Islands/Coastal Marsh,E2EM,E2EM,EH,TIDAL,CPL_E2EM,23303.95648,1371449.604,-636947.0313
8/24/2020,NWCA11-1394,5143,5/4/2011,1,NWC_GA-10028,PLNLOW,Plains and Lowlands,CPL,Coastal Plains,Effingham,South East Coast Region,CSTL_PLAIN,Atlantic and Gulf Coastal Plain,"LRR T (MLRA 152A, 152B, 153A)",Region_04,Target_Sampled,H0306010902,Ebenezer Creek,H030601090202,INLAND,32.43378171,32.43378171,-81.41788748,-81.41788748,Atlantic and Gulf Coast Lowland Forest and Crop Region,T,South Atlantic Gulf Region,H03,261,Atlantic Coast Flatwoods,153A,Not_NEP,Not_NEP,GA,GA_SCP,CPL,CPL,Non-Federal,NWC_11_16,NWC_11_16,Base,NWC16_11_TSS,P13,PSS,GA,ICP,Inland Coastal Plains,CPL-PRLW,CPL-PRLW,PROB,FWS_ST_2005,Georgia,F13103,GA,Target,75,Southern Coastal Plain,75f,Sea Island Flatwoods,PSS,PSS,PRLW,DPRSS,CPL_PSS,70579.9416,1358572.974,-462219.0278
8/24/2020,NWCA11-1395,5419,7/21/2011,1,NWC_GA-10029,PLNLOW,Plains and Lowlands,CPL,Coastal Plains,McIntosh,South East Coast Region,CSTL_PLAIN,Atlantic and Gulf Coastal Plain,LRR T (MLRA 153B),Region_04,Target_Sampled,H0306020407,Sapelo River-Atlantic Ocean,H030602040703,TIDAL,31.50860266,31.50860266,-81.20986755,-81.20986755,Atlantic and Gulf Coast Lowland Forest and Crop Region,T,South Atlantic Gulf Region,H03,262,Tidewater Area,153B,Not_NEP,Not_NEP,GA,GA_SCP,CPL,CPL,FWS,NWC_11_NO,NWC_11_NO,Base,NWC16_11_TSN,P36,E2SS,GA,ATL,Atlantic Coast,ALL-EH,ALL-EH,PROB,FWS_ST_2005,Georgia,F13191,GA,Target,75,Southern Coastal Plain,75j,Sea Islands/Coastal Marsh,E2SS,E2EM,EH,TIDAL,CPL_E2SS,673.59449,1393775.083,-561054.0509
8/24/2020,NWCA11-1396,5420,7/13/2011,1,NWC_GA-10030,PLNLOW,Plains and Lowlands,CPL,Coastal Plains,Chatham,South East Coast Region,CSTL_PLAIN,Atlantic and Gulf Coastal Plain,LRR T (MLRA 153B),Region_04,Target_Sampled,H0306020403,Ossabaw Sound-Atlantic Ocean,H030602040304,TIDAL,31.90928513,31.90928513,-80.97698554,-80.97698554,Atlantic and Gulf Coast Lowland Forest and Crop Region,T,South Atlantic Gulf Region,H03,262,Tidewater Area,153B,Not_NEP,Not_NEP,GA,GA_SCP,CPL,CPL,FWS,NWC_11_NO,NWC_11_NO,Base,NWC16_11_TSN,P36,E2SS,GA,ATL,Atlantic Coast,ALL-EW,ALL-EW,PROB,FWS_ST_2005,Georgia,F13051,GA,Target,75,Southern Coastal Plain,75j,Sea Islands/Coastal Marsh,E2SS,E2SS,EW,TIDAL,CPL_E2SS,673.59449,1408515.231,-513548.4593
8/24/2020,NWCA11-1397,5421,6/28/2011,1,NWC_GA-10031,PLNLOW,Plains and Lowlands,CPL,Coastal Plains,Camden,South East Coast Region,CSTL_PLAIN,Atlantic and Gulf Coastal Plain,LRR T (MLRA 153B),Region_04,Target_Sampled,H0307020305,Crooked River-Atlantic Ocean,H030702030503,TIDAL,30.82546009,30.82546009,-81.52091961,-81.52091961,Atlantic and Gulf Coast Lowland Forest and Crop Region,T,South Atlantic Gulf Region,H03,262,Tidewater Area,153B,Not_NEP,Not_NEP,GA,GA_SCP,CPL,CPL,Non-Federal,NWC_11_NO,NWC_11_NO,Base,NWC16_11_TSN,P36,E2EM,GA,ATL,Atlantic Coast,ALL-EH,ALL-EH,PROB,FWS_ST_2005,Georgia,F13039,GA,Target,75,Southern Coastal Plain,75j,Sea Islands/Coastal Marsh,E2EM,E2EM,EH,TIDAL,CPL_E2EM,23303.95648,1376225.964,-640683.7039
8/24/2020,NWCA11-1398,5422,4/19/2011,1,NWC_GA-10032,PLNLOW,Plains and Lowlands,CPL,Coastal Plains,Burke,Not Coast,CSTL_PLAIN,Atlantic and Gulf Coastal Plain,LRR P,Region_04,Target_Sampled,H0306010803,Middle Brier Creek,H030601080302,INLAND,33.13294988,33.13294988,-82.07363687,-82.07363687,"South Atlantic and Gulf Slope Cash Crops, Forest, and Livestock Region",P,South Atlantic Gulf Region,H03,234,Southern Coastal Plain,133A,Not_NEP,Not_NEP,GA,GA_CP,CPL,CPL,Non-Federal,NWC_11_NO,NWC_11_NO,Base,NWC16_11_TSN,P14,PF,GA,ICP,Inland Coastal Plains,CPL-PRLW,CPL-PRLW,PROB,FWS_ST_2005,Georgia,F13033,GA,Target,65,Southeastern Plains,65k,Coastal Plain Red Uplands,PF,PFO,PRLW,DPRSS,CPL_PF,599.96079,1286537.376,-394218.3112
8/24/2020,NWCA11-1400,5431,6/8/2011,1,NWC_GA-10034,PLNLOW,Plains and Lowlands,CPL,Coastal Plains,McIntosh,South East Coast Region,CSTL_PLAIN,Atlantic and Gulf Coastal Plain,LRR T (MLRA 153B),Region_04,Target_Sampled,H0306020407,Sapelo River-Atlantic Ocean,H030602040702,TIDAL,31.55016453,31.55016453,-81.36283972,-81.36283972,Atlantic and Gulf Coast Lowland Forest and Crop Region,T,South Atlantic Gulf Region,H03,262,Tidewater Area,153B,Not_NEP,Not_NEP,GA,GA_SCP,CPL,CPL,Non-Federal,NWC_11_NO,NWC_11_NO,Base,NWC16_11_TSN,P36,E2EM,GA,ATL,Atlantic Coast,ALL-EH,ALL-EH,PROB,FWS_ST_2005,Georgia,F13191,GA,Target,75,Southern Coastal Plain,75j,Sea Islands/Coastal Marsh,E2EM,E2EM,EH,TIDAL,CPL_E2EM,23303.95648,1378764.44,-558714.0644
8/24/2020,NWCA11-1401,5432,6/14/2011,1,NWC_GA-10035,PLNLOW,Plains and Lowlands,CPL,Coastal Plains,Chatham,South East Coast Region,CSTL_PLAIN,Atlantic and Gulf Coastal Plain,LRR T (MLRA 153B),Region_04,Target_Sampled,H0306020401,Wilmington River-Atlantic Ocean,H030602040101,TIDAL,31.96825509,31.96825509,-81.0220202,-81.0220202,Atlantic and Gulf Coast Lowland Forest and Crop Region,T,South Atlantic Gulf Region,H03,262,Tidewater Area,153B,Not_NEP,Not_NEP,GA,GA_SCP,CPL,CPL,State,NWC_11_NO,NWC_11_NO,Base,NWC16_11_TSN,P36,E2EM,GA,ATL,Atlantic Coast,ALL-EH,ALL-EH,PROB,FWS_ST_2005,Georgia,F13051,GA,Target,75,Southern Coastal Plain,75j,Sea Islands/Coastal Marsh,E2EM,E2EM,EH,TIDAL,CPL_E2EM,23303.95648,1403296.84,-507726.7536
8/24/2020,NWCA11-1402,6142,6/30/2011,1,NWC_GA-10036,PLNLOW,Plains and Lowlands,CPL,Coastal Plains,McIntosh,South East Coast Region,CSTL_PLAIN,Atlantic and Gulf Coastal Plain,LRR T (MLRA 153B),Region_04,Target_Sampled,H0306020407,Sapelo River-Atlantic Ocean,H030602040703,INLAND,31.48072557,31.48072557,-81.38694858,-81.38694858,Atlantic and Gulf Coast Lowland Forest and Crop Region,T,South Atlantic Gulf Region,H03,262,Tidewater Area,153B,Not_NEP,Not_NEP,GA,GA_SCP,CPL,CPL,Non-Federal,NWC_11_NO,NWC_11_NO,Base,NWC16_11_TSN,P13,PSS,GA,ICP,Inland Coastal Plains,CPL-PRLW,CPL-PRLW,PROB,FWS_ST_2005,Georgia,F13191,GA,Target,75,Southern Coastal Plain,75j,Sea Islands/Coastal Marsh,PSS,PSS,PRLW,RIVERINE,CPL_PSS,70579.9416,1377695.352,-566702.2593
8/24/2020,NWCA11-1404,5433,7/27/2011,1,NWC_GA-10038,PLNLOW,Plains and Lowlands,CPL,Coastal Plains,Bryan,South East Coast Region,CSTL_PLAIN,Atlantic and Gulf Coastal Plain,LRR T (MLRA 153B),Region_04,Target_Sampled,H0306020405,Medway River-Atlantic Ocean,H030602040502,TIDAL,31.76373609,31.76373609,-81.20326647,-81.20326647,Atlantic and Gulf Coast Lowland Forest and Crop Region,T,South Atlantic Gulf Region,H03,262,Tidewater Area,153B,Not_NEP,Not_NEP,GA,GA_SCP,CPL,CPL,State,NWC_11_NO,NWC_11_NO,Base,NWC16_11_TSN,P36,E2EM,GA,ATL,Atlantic Coast,ALL-EH,ALL-EH,PROB,FWS_ST_2005,Georgia,F13029,GA,Target,75,Southern Coastal Plain,75j,Sea Islands/Coastal Marsh,E2EM,E2EM,EH,TIDAL,CPL_E2EM,23303.95648,1389986.861,-532893.1343
8/24/2020,NWCA11-1406,6145,6/14/2011,1,NWC_GA-10040,PLNLOW,Plains and Lowlands,CPL,Coastal Plains,Brooks,Gulf Coast Region,CSTL_PLAIN,Atlantic and Gulf Coastal Plain,LRR P,Region_04,Target_Sampled,H0311010301,Cat Creek-Aucilla River,H031101030104,INLAND,30.7031438,30.7031438,-83.6962251,-83.6962251,"South Atlantic and Gulf Slope Cash Crops, Forest, and Livestock Region",P,South Atlantic Gulf Region,H03,234,Southern Coastal Plain,133A,Not_NEP,Not_NEP,GA,GA_CP,CPL,CPL,Non-Federal,NWC_11_NO,NWC_11_NO,Base,NWC16_11_TSN,P14,PFO,GA,ICP,Inland Coastal Plains,CPL-PRLW,CPL-PRLW,PROB,FWS_ST_2005,Georgia,F13027,GA,Target,65,Southeastern Plains,65o,Tallahasee Hills/Valdosta Limesink,PFO,PFO,PRLW,RIVERINE,CPL_PFO,746819.9574,1172479.831,-683316.9571
8/24/2020,NWCA11-1407,5533,5/17/2011,1,NWC_GA-10041,PLNLOW,Plains and Lowlands,CPL,Coastal Plains,Bacon,Not Coast,CSTL_PLAIN,Atlantic and Gulf Coastal Plain,"LRR T (MLRA 152A, 152B, 153A)",Region_04,Target_Sampled,H0307020203,Lower Big Satilla Creek,H030702020301,INLAND,31.55847065,31.55847065,-82.29559375,-82.29559375,Atlantic and Gulf Coast Lowland Forest and Crop Region,T,South Atlantic Gulf Region,H03,261,Atlantic Coast Flatwoods,153A,Not_NEP,Not_NEP,GA,GA_SCP,CPL,CPL,Non-Federal,NWC_11_NO,NWC_11_NO,Base,NWC16_11_TSN,P14,PSS,GA,ICP,Inland Coastal Plains,CPL-PRLW,CPL-PRLW,PROB,FWS_ST_2005,Georgia,F13005,GA,Target,75,Southern Coastal Plain,75h,Bacon Terraces,PSS,PSS,PRLW,DPRSS,CPL_PSS,186903.8587,1291400.558,-570903.5985
8/24/2020,NWCA11-1408,5434,8/4/2011,1,NWC_GA-10042,PLNLOW,Plains and Lowlands,CPL,Coastal Plains,Liberty,South East Coast Region,CSTL_PLAIN,Atlantic and Gulf Coastal Plain,LRR T (MLRA 153B),Region_04,Target_Sampled,H0306020405,Medway River-Atlantic Ocean,H030602040502,TIDAL,31.63640369,31.63640369,-81.14963689,-81.14963689,Atlantic and Gulf Coast Lowland Forest and Crop Region,T,South Atlantic Gulf Region,H03,262,Tidewater Area,153B,Not_NEP,Not_NEP,GA,GA_SCP,CPL,CPL,Non-Federal,NWC_11_NO,NWC_11_NO,Base,NWC16_11_TSN,P36,E2EM,GA,ATL,Atlantic Coast,ALL-EH,ALL-EH,PROB,FWS_ST_2005,Georgia,F13179,GA,Target,75,Southern Coastal Plain,75j,Sea Islands/Coastal Marsh,E2EM,E2EM,EH,TIDAL,CPL_E2EM,23303.95648,1397190.506,-546114.0083
8/24/2020,NWCA11-1409,5435,6/21/2011,1,NWC_GA-10043,PLNLOW,Plains and Lowlands,CPL,Coastal Plains,Camden,South East Coast Region,CSTL_PLAIN,Atlantic and Gulf Coastal Plain,LRR T (MLRA 153B),Region_04,Target_Sampled,H0307020409,Lower St. Marys River,H030702040905,TIDAL,30.73673699,30.73673699,-81.61720128,-81.61720128,Atlantic and Gulf Coast Lowland Forest and Crop Region,T,South Atlantic Gulf Region,H03,262,Tidewater Area,153B,Not_NEP,Not_NEP,GA,GA_SCP,CPL,CPL,Non-Federal,NWC_11_NO,NWC_11_NO,Base,NWC16_11_TSN,P36,E2EM,GA,ATL,Atlantic Coast,ALL-EH,ALL-EH,PROB,FWS_ST_2005,Georgia,F13039,GA,Target,75,Southern Coastal Plain,75j,Sea Islands/Coastal Marsh,E2EM,E2EM,EH,TIDAL,CPL_E2EM,23303.95648,1368631.595,-651822.9715
8/24/2020,NWCA11-1410,5769,5/5/2011,1,NWC_GA-10044,PLNLOW,Plains and Lowlands,CPL,Coastal Plains,Bulloch,South East Coast Region,CSTL_PLAIN,Atlantic and Gulf Coastal Plain,LRR P,Region_04,Target_Sampled,H0306020205,Black Creek,H030602020501,INLAND,32.40162484,32.40162484,-81.71665591,-81.71665591,"South Atlantic and Gulf Slope Cash Crops, Forest, and Livestock Region",P,South Atlantic Gulf Region,H03,234,Southern Coastal Plain,133A,Not_NEP,Not_NEP,GA,GA_CP,CPL,CPL,Non-Federal,NWC_11_NO,NWC_11_NO,Base,NWC16_11_TSN,P14,PSS,GA,ICP,Inland Coastal Plains,CPL-PRLW,CPL-PRLW,PROB,FWS_ST_2005,Georgia,F13031,GA,Target,65,Southeastern Plains,65l,Atlantic Southern Loam Plains,PSS,PFO,PRLW,SLOPE,CPL_PSS,186903.8587,1331486.58,-469991.7514
8/24/2020,NWCA11-1411,5436,8/1/2011,1,NWC_GA-10045,PLNLOW,Plains and Lowlands,CPL,Coastal Plains,Liberty,South East Coast Region,CSTL_PLAIN,Atlantic and Gulf Coastal Plain,LRR T (MLRA 153B),Region_04,Target_Sampled,H0306020404,North Newport River,H030602040402,TIDAL,31.65483041,31.65483041,-81.23317,-81.23317,Atlantic and Gulf Coast Lowland Forest and Crop Region,T,South Atlantic Gulf Region,H03,262,Tidewater Area,153B,Not_NEP,Not_NEP,GA,GA_SCP,CPL,CPL,Non-Federal,NWC_11_NO,NWC_11_NO,Base,NWC16_11_TSN,P36,E2EM,GA,ATL,Atlantic Coast,ALL-EH,ALL-EH,PROB,FWS_ST_2005,Georgia,F13179,GA,Target,75,Southern Coastal Plain,75j,Sea Islands/Coastal Marsh,E2EM,E2EM,EH,TIDAL,CPL_E2EM,23303.95648,1389077.33,-545311.6638
8/24/2020,NWCA11-1412,5437,7/14/2011,1,NWC_GA-10046,PLNLOW,Plains and Lowlands,CPL,Coastal Plains,Chatham,South East Coast Region,CSTL_PLAIN,Atlantic and Gulf Coastal Plain,LRR T (MLRA 153B),Region_04,Target_Sampled,H0306020401,Wilmington River-Atlantic Ocean,H030602040102,TIDAL,31.90983309,31.90983309,-80.96533413,-80.96533413,Atlantic and Gulf Coast Lowland Forest and Crop Region,T,South Atlantic Gulf Region,H03,262,Tidewater Area,153B,Not_NEP,Not_NEP,GA,GA_SCP,CPL,CPL,FWS,NWC_11_NO,NWC_11_NO,Base,NWC16_11_TSN,P36,E2EM,GA,ATL,Atlantic Coast,ALL-EH,ALL-EH,PROB,FWS_ST_2005,Georgia,F13051,GA,Target,75,Southern Coastal Plain,75j,Sea Islands/Coastal Marsh,E2EM,E2EM,EH,TIDAL,CPL_E2EM,23303.95648,1409588.891,-513315.4234
8/24/2020,NWCA11-1413,4084,7/20/2011,1,NWC_GA-10047,PLNLOW,Plains and Lowlands,CPL,Coastal Plains,Glynn,South East Coast Region,CSTL_PLAIN,Atlantic and Gulf Coastal Plain,LRR T (MLRA 153B),Region_04,Target_Sampled,H0307020303,Little Satilla River,H030702030302,TIDAL,31.08207782,31.08207782,-81.52494284,-81.52494284,Atlantic and Gulf Coast Lowland Forest and Crop Region,T,South Atlantic Gulf Region,H03,262,Tidewater Area,153B,Not_NEP,Not_NEP,GA,GA_SCP,CPL,CPL,Non-Federal,NWC_11_NO,NWC_11_NO,Base,NWC16_11_TSN,P36,E2SS,GA,ATL,Atlantic Coast,ALL-EW,ALL-EW,PROB,FWS_ST_2005,Georgia,F13127,GA,Target,75,Southern Coastal Plain,75j,Sea Islands/Coastal Marsh,E2SS,E2SS,EW,TIDAL,CPL_E2SS,673.59449,1371516.947,-612537.1366
8/24/2020,NWCA11-1414,5438,4/21/2011,1,NWC_GA-10048,PLNLOW,Plains and Lowlands,CPL,Coastal Plains,Burke,Not Coast,CSTL_PLAIN,Atlantic and Gulf Coastal Plain,LRR P,Region_04,Target_Sampled,H0306010803,Middle Brier Creek,H030601080302,INLAND,33.13183009,33.13183009,-82.07321946,-82.07321946,"South Atlantic and Gulf Slope Cash Crops, Forest, and Livestock Region",P,South Atlantic Gulf Region,H03,234,Southern Coastal Plain,133A,Not_NEP,Not_NEP,GA,GA_CP,CPL,CPL,Non-Federal,NWC_11_NO,NWC_11_NO,Base,NWC16_11_TSN,P14,PF,GA,ICP,Inland Coastal Plains,CPL-PRLW,CPL-PRLW,PROB,FWS_ST_2005,Georgia,F13033,GA,Target,65,Southeastern Plains,65k,Coastal Plain Red Uplands,PF,PFO,PRLW,DPRSS,CPL_PF,599.96079,1286593.912,-394336.3163
8/24/2020,NWCA11-1415,5772,5/19/2011,1,NWC_GA-10049,PLNLOW,Plains and Lowlands,CPL,Coastal Plains,Tattnall,Not Coast,CSTL_PLAIN,Atlantic and Gulf Coastal Plain,LRR P,Region_04,Target_Sampled,H0306020304,Cedar Creek-Canoochee River,H030602030406,INLAND,32.2669152,32.2669152,-82.12465321,-82.12465321,"South Atlantic and Gulf Slope Cash Crops, Forest, and Livestock Region",P,South Atlantic Gulf Region,H03,234,Southern Coastal Plain,133A,Not_NEP,Not_NEP,GA,GA_CP,CPL,CPL,Non-Federal,NWC_11_NO,NWC_11_NO,Base,NWC16_11_TSN,P14,PFO,GA,ICP,Inland Coastal Plains,CPL-PRLW,CPL-PRLW,PROB,FWS_ST_2005,Georgia,F13267,GA,Target,65,Southeastern Plains,65l,Atlantic Southern Loam Plains,PFO,PSS,PRLW,FLATS,CPL_PFO,746819.9574,1295912.823,-490485.0598
8/24/2020,NWCA11-1416,4083,7/6/2011,1,NWC_GA-10050,PLNLOW,Plains and Lowlands,CPL,Coastal Plains,Chatham,South East Coast Region,CSTL_PLAIN,Atlantic and Gulf Coastal Plain,LRR T (MLRA 153B),Region_04,Target_Sampled,H0306020405,Medway River-Atlantic Ocean,H030602040502,TIDAL,31.76140467,31.76140467,-81.13848788,-81.13848788,Atlantic and Gulf Coast Lowland Forest and Crop Region,T,South Atlantic Gulf Region,H03,262,Tidewater Area,153B,Not_NEP,Not_NEP,GA,GA_SCP,CPL,CPL,State,NWC_11_16,NWC_11_16,OverSamp,NWC16_11_TSS,P36,E2EM,GA,ATL,Atlantic Coast,ALL-EW,ALL-EW,PROB,FWS_ST_2005,Georgia,F13051,GA,Target,75,Southern Coastal Plain,75j,Sea Islands/Coastal Marsh,E2EM,E2SS,EW,TIDAL,CPL_E2EM,23303.95648,1396062.944,-532200.0874
8/24/2020,NWCA11-1417,4082,7/12/2011,1,NWC_GA-10051,PLNLOW,Plains and Lowlands,CPL,Coastal Plains,Chatham,South East Coast Region,CSTL_PLAIN,Atlantic and Gulf Coastal Plain,LRR T (MLRA 153B),Region_04,Target_Sampled,H0306020401,Wilmington River-Atlantic Ocean,H030602040102,TIDAL,31.92492714,31.92492714,-80.99062468,-80.99062468,Atlantic and Gulf Coast Lowland Forest and Crop Region,T,South Atlantic Gulf Region,H03,262,Tidewater Area,153B,Not_NEP,Not_NEP,GA,GA_SCP,CPL,CPL,FWS,NWC_11_NO,NWC_11_NO,OverSamp,NWC16_11_TSN,P36,E2EM,GA,ATL,Atlantic Coast,ALL-EH,ALL-EH,PROB,FWS_ST_2005,Georgia,F13051,GA,Target,75,Southern Coastal Plain,75j,Sea Islands/Coastal Marsh,E2EM,E2EM,EH,TIDAL,CPL_E2EM,23303.95648,1406973.047,-512029.6588
8/24/2020,NWCA11-1418,4081,7/5/2011,1,NWC_GA-10052,PLNLOW,Plains and Lowlands,CPL,Coastal Plains,McIntosh,South East Coast Region,CSTL_PLAIN,Atlantic and Gulf Coastal Plain,LRR T (MLRA 153B),Region_04,Target_Sampled,H0306020408,Doboy Sound-Atlantic Ocean,H030602040801,TIDAL,31.44216271,31.44216271,-81.35898368,-81.35898368,Atlantic and Gulf Coast Lowland Forest and Crop Region,T,South Atlantic Gulf Region,H03,262,Tidewater Area,153B,Not_NEP,Not_NEP,GA,GA_SCP,CPL,CPL,Non-Federal,NWC_11_NO,NWC_11_NO,OverSamp,NWC16_11_TSN,P36,E2EM,GA,ATL,Atlantic Coast,ALL-EH,ALL-EH,PROB,FWS_ST_2005,Georgia,F13191,GA,Target,75,Southern Coastal Plain,75j,Sea Islands/Coastal Marsh,E2EM,E2EM,EH,TIDAL,CPL_E2EM,23303.95648,1380969.644,-570537.9869
8/24/2020,NWCA11-1420,4080,8/3/2011,1,NWC_GA-10054,PLNLOW,Plains and Lowlands,CPL,Coastal Plains,Liberty,South East Coast Region,CSTL_PLAIN,Atlantic and Gulf Coastal Plain,LRR T (MLRA 153B),Region_04,Target_Sampled,H0306020407,Sapelo River-Atlantic Ocean,H030602040703,TIDAL,31.56867645,31.56867645,-81.16598085,-81.16598085,Atlantic and Gulf Coast Lowland Forest and Crop Region,T,South Atlantic Gulf Region,H03,262,Tidewater Area,153B,Not_NEP,Not_NEP,GA,GA_SCP,CPL,CPL,Non-Federal,NWC_11_NO,NWC_11_NO,OverSamp,NWC16_11_TSN,P36,E2SS,GA,ATL,Atlantic Coast,ALL-EW,ALL-EW,PROB,FWS_ST_2005,Georgia,F13179,GA,Target,75,Southern Coastal Plain,75j,Sea Islands/Coastal Marsh,E2SS,E2SS,EW,TIDAL,CPL_E2SS,673.59449,1396837.567,-553803.085
8/24/2020,NWCA11-1421,6143,7/26/2011,1,NWC_GA-10055,PLNLOW,Plains and Lowlands,CPL,Coastal Plains,Bryan,Not Coast,CSTL_PLAIN,Atlantic and Gulf Coastal Plain,"LRR T (MLRA 152A, 152B, 153A)",Region_04,Target_Sampled,H0306020306,Savage Creek-Canoochee River,H030602030604,INLAND,32.09868523,32.09868523,-81.60983124,-81.60983124,Atlantic and Gulf Coast Lowland Forest and Crop Region,T,South Atlantic Gulf Region,H03,261,Atlantic Coast Flatwoods,153A,Not_NEP,Not_NEP,GA,GA_SCP,CPL,CPL,Non-Federal,NWC_11_NO,NWC_11_NO,OverSamp,NWC16_11_TSN,P13,PFO,GA,ICP,Inland Coastal Plains,CPL-PRLW,CPL-PRLW,PROB,FWS_ST_2005,Georgia,F13029,GA,Target,75,Southern Coastal Plain,75f,Sea Island Flatwoods,PFO,PFO,PRLW,RIVERINE,CPL_PFO,282019.3727,1346462.453,-501870.7797
8/24/2020,NWCA11-1423,6146,7/27/2011,1,NWC_GA-10057,PLNLOW,Plains and Lowlands,CPL,Coastal Plains,Long,South East Coast Region,CSTL_PLAIN,Atlantic and Gulf Coastal Plain,"LRR T (MLRA 152A, 152B, 153A)",Region_04,Target_Sampled,H0307010604,Doctors Creek-Altamaha River,H030701060405,INLAND,31.55758645,31.55758645,-81.67412416,-81.67412416,Atlantic and Gulf Coast Lowland Forest and Crop Region,T,South Atlantic Gulf Region,H03,261,Atlantic Coast Flatwoods,153A,Not_NEP,Not_NEP,GA,GA_SCP,CPL,CPL,State,NWC_11_16,NWC_11_16,OverSamp,NWC16_11_TSS,P13,PFO,GA,ICP,Inland Coastal Plains,CPL-PRLW,CPL-PRLW,PROB,FWS_ST_2005,Georgia,F13183,GA,Target,75,Southern Coastal Plain,75i,Floodplains and Low Terraces,PFO,PFO,PRLW,DPRSS,CPL_PFO,282019.3727,1349543.44,-562365.71
8/24/2020,NWCA11-1465,4815,8/18/2011,2,NWC_IA-10001,PLNLOW,Plains and Lowlands,TPL,Temporate Plains,Louisa,Not Coast,MIDWEST,Midwest,LRR M,Region_07,Target_Sampled,H0708010107,Muscatine Slough-Mississippi River,H070801010705,INLAND,41.22888254,41.22888254,-91.1271625,-91.1271625,Central Feed Grains and Livestock Region,M,Upper Mississippi Region,H07,204,"Central Mississippi Valley Wooded Slopes, Northern Part",115C,Not_NEP,Not_NEP,IA,IA,IPL,IPL,Non-Federal,NWC_11_16,NWC_11_16,Revisit,NWC16_11_TSS,P21,PFO,IA,TPL,Temperate Plains,IPL-PRLW,IPL-PRLW,PROB,FWS_ST_2005,Iowa,F19115,IA,Target,72,Interior River Valleys and Hills,72d,Upper Mississippi Alluvial Plain,PFO,PFO,PRLW,RIVERINE,IPL_PFO,34534.82114,405117.2653,428219.536
8/24/2020,NWCA11-1465,4816,7/20/2011,1,NWC_IA-10001,PLNLOW,Plains and Lowlands,TPL,Temporate Plains,Louisa,Not Coast,MIDWEST,Midwest,LRR M,Region_07,Target_Sampled,H0708010107,Muscatine Slough-Mississippi River,H070801010705,INLAND,41.22888254,41.22888254,-91.1271625,-91.1271625,Central Feed Grains and Livestock Region,M,Upper Mississippi Region,H07,204,"Central Mississippi Valley Wooded Slopes, Northern Part",115C,Not_NEP,Not_NEP,IA,IA,IPL,IPL,Non-Federal,NWC_11_16,NWC_11_16,Revisit,NWC16_11_TSS,P21,PFO,IA,TPL,Temperate Plains,IPL-PRLW,IPL-PRLW,PROB,FWS_ST_2005,Iowa,F19115,IA,Target,72,Interior River Valleys and Hills,72d,Upper Mississippi Alluvial Plain,PFO,PFO,PRLW,RIVERINE,IPL_PFO,34534.82114,405117.2653,428219.536
8/24/2020,NWCA11-1473,4814,7/22/2011,1,NWC_IA-10009,PLNLOW,Plains and Lowlands,TPL,Temporate Plains,Louisa,Not Coast,MIDWEST,Midwest,LRR M,Region_07,Target_Sampled,H0708010107,Muscatine Slough-Mississippi River,H070801010705,INLAND,41.21570751,41.21570751,-91.09937466,-91.09937466,Central Feed Grains and Livestock Region,M,Upper Mississippi Region,H07,204,"Central Mississippi Valley Wooded Slopes, Northern Part",115C,Not_NEP,Not_NEP,IA,IA,IPL,IPL,Non-Federal,NWC_11_16,NWC_11_16,Base,NWC16_11_TSS,P21,PEM,IA,TPL,Temperate Plains,IPL-PRLH,IPL-PRLH,PROB,FWS_ST_2005,Iowa,F19115,IA,Target,72,Interior River Valleys and Hills,72d,Upper Mississippi Alluvial Plain,PEM,PEM,PRLH,RIVERINE,IPL_PEM,23387.33069,407501.4717,426865.3135
8/24/2020,NWCA11-1473,4812,8/18/2011,2,NWC_IA-10009,PLNLOW,Plains and Lowlands,TPL,Temporate Plains,Louisa,Not Coast,MIDWEST,Midwest,LRR M,Region_07,Target_Sampled,H0708010107,Muscatine Slough-Mississippi River,H070801010705,INLAND,41.21570751,41.21570751,-91.09937466,-91.09937466,Central Feed Grains and Livestock Region,M,Upper Mississippi Region,H07,204,"Central Mississippi Valley Wooded Slopes, Northern Part",115C,Not_NEP,Not_NEP,IA,IA,IPL,IPL,Non-Federal,NWC_11_16,NWC_11_16,Base,NWC16_11_TSS,P21,PEM,IA,TPL,Temperate Plains,IPL-PRLH,IPL-PRLH,PROB,FWS_ST_2005,Iowa,F19115,IA,Target,72,Interior River Valleys and Hills,72d,Upper Mississippi Alluvial Plain,PEM,PEM,PRLH,RIVERINE,IPL_PEM,23387.33069,407501.4717,426865.3135
8/24/2020,NWCA11-1477,4818,7/19/2011,1,NWC_IA-10013,PLNLOW,Plains and Lowlands,TPL,Temporate Plains,Louisa,Not Coast,MIDWEST,Midwest,LRR M,Region_07,Target_Sampled,H0708010107,Muscatine Slough-Mississippi River,H070801010705,INLAND,41.21210497,41.21210497,-91.11000687,-91.11000687,Central Feed Grains and Livestock Region,M,Upper Mississippi Region,H07,204,"Central Mississippi Valley Wooded Slopes, Northern Part",115C,Not_NEP,Not_NEP,IA,IA,IPL,IPL,Non-Federal,NWC_11_16,NWC_11_16,OverSamp,NWC16_11_TSS,P21,PEM,IA,TPL,Temperate Plains,IPL-PRLH,IPL-PRLH,PROB,FWS_ST_2005,Iowa,F19115,IA,Target,72,Interior River Valleys and Hills,72d,Upper Mississippi Alluvial Plain,PEM,PEM,PRLH,RIVERINE,IPL_PEM,23387.33069,406638.897,426416.9895
8/24/2020,NWCA11-1478,4802,8/9/2011,1,NWC_IA-10014,PLNLOW,Plains and Lowlands,TPL,Temporate Plains,Palo Alto,Not Coast,MIDWEST,Midwest,LRR M,Region_07,Target_Sampled,H0710000204,Drainage Ditch 132-Des Moines River,H071000020403,INLAND,43.18306,43.18306,-94.76797,-94.76797,Central Feed Grains and Livestock Region,M,Upper Mississippi Region,H07,176,Central Iowa and Minnesota Till Prairies,103,Not_NEP,Not_NEP,IA,IA,IPL,IPL,Non-Federal,NWC_11_16,NWC_11_16,OverSamp,NWC16_11_TSS,P23,PF,IA,TPL,Temperate Plains,IPL-PRLH,IPL-PRLH,PROB,FWS_ST_2005,Iowa,F19147,IA,Target,47,Western Corn Belt Plains,47b,Des Moines Lobe,PF,PEM,PRLH,DPRSS,IPL_PF,60.90784,99637.34633,637008.8321
8/24/2020,NWCA11-1481,4803,7/29/2011,1,NWC_IA-10017,PLNLOW,Plains and Lowlands,TPL,Temporate Plains,Louisa,Not Coast,MIDWEST,Midwest,LRR M,Region_07,Target_Sampled,H0708010107,Muscatine Slough-Mississippi River,H070801010705,INLAND,41.21746,41.21746,-91.09985,-91.09985,Central Feed Grains and Livestock Region,M,Upper Mississippi Region,H07,204,"Central Mississippi Valley Wooded Slopes, Northern Part",115C,Not_NEP,Not_NEP,IA,IA,IPL,IPL,Non-Federal,NWC_11_NO,NWC_11_NO,OverSamp,NWC16_11_TSN,P21,PEM,IA,TPL,Temperate Plains,IPL-PRLH,IPL-PRLH,PROB,FWS_ST_2005,Iowa,F19115,IA,Target,72,Interior River Valleys and Hills,72d,Upper Mississippi Alluvial Plain,PEM,PEM,PRLH,RIVERINE,IPL_PEM,23387.33069,407451.8689,427059.2112
8/24/2020,NWCA11-1489,4704,8/25/2011,2,NWC_ID-10001,WMTNS,West,WMT,Western Mountains,Valley,Not Coast,W_MTNS,"Western Mountains, Valleys, and Coast",LRR E,Region_10,Target_Sampled,H1705012004,Upper Deadwood River,H170501200401,INLAND,44.39774766,44.39774766,-115.6205595,-115.6205595,Rocky Mountain Range and Forest Region,E,Pacific Northwest Region,H17,60,Central Rocky Mountains,43B,Not_NEP,Not_NEP,ID,ID,W,WMT,USFS,NWC_11_16,NWC_11_16,Revisit,NWC16_11_TSS,P24,PFO,ID,WVM,Western Valleys & Mountains,W-PRLW,WMT-PRLW,PROB,FWS_ST_2005,Idaho,F16085,ID,Target,16,Idaho Batholith,16k,Southern Forested Mountains,PFO,PSS,PRLW,RIVERINE,WMT_PFO,13027.13486,-1547780.287,932218.6293
8/24/2020,NWCA11-1489,4697,7/25/2011,1,NWC_ID-10001,WMTNS,West,WMT,Western Mountains,Valley,Not Coast,W_MTNS,"Western Mountains, Valleys, and Coast",LRR E,Region_10,Target_Sampled,H1705012004,Upper Deadwood River,H170501200401,INLAND,44.39774766,44.39774766,-115.6205595,-115.6205595,Rocky Mountain Range and Forest Region,E,Pacific Northwest Region,H17,60,Central Rocky Mountains,43B,Not_NEP,Not_NEP,ID,ID,W,WMT,USFS,NWC_11_16,NWC_11_16,Revisit,NWC16_11_TSS,P24,PFO,ID,WVM,Western Valleys & Mountains,W-PRLW,WMT-PRLW,PROB,FWS_ST_2005,Idaho,F16085,ID,Target,16,Idaho Batholith,16k,Southern Forested Mountains,PFO,PSS,PRLW,RIVERINE,WMT_PFO,13027.13486,-1547780.287,932218.6293
8/24/2020,NWCA11-1501,4695,7/6/2011,1,NWC_ID-10013,WMTNS,West,WMT,Western Mountains,Valley,Not Coast,W_MTNS,"Western Mountains, Valleys, and Coast",LRR E,Region_10,Target_Sampled,H1705012302,Lake Fork Creek-North Fork Payette River,H170501230204,INLAND,44.87343265,44.87343265,-116.1375376,-116.1375376,Rocky Mountain Range and Forest Region,E,Pacific Northwest Region,H17,60,Central Rocky Mountains,43B,Not_NEP,Not_NEP,ID,ID,W,WMT,Non-Federal,NWC_11_16,NWC_11_16,Base,NWC16_11_TSS,P24,PFO,ID,WVM,Western Valleys & Mountains,W-PRLW,WMT-PRLW,PROB,FWS_ST_2005,Idaho,F16085,ID,Target,16,Idaho Batholith,16g,High Glacial Drift-Filled Valleys,PFO,PFO,PRLW,RIVERINE,WMT_PFO,13027.13486,-1576816.232,992539.8313
8/24/2020,NWCA11-1501,4696,8/11/2011,2,NWC_ID-10013,WMTNS,West,WMT,Western Mountains,Valley,Not Coast,W_MTNS,"Western Mountains, Valleys, and Coast",LRR E,Region_10,Target_Sampled,H1705012302,Lake Fork Creek-North Fork Payette River,H170501230204,INLAND,44.87343265,44.87343265,-116.1375376,-116.1375376,Rocky Mountain Range and Forest Region,E,Pacific Northwest Region,H17,60,Central Rocky Mountains,43B,Not_NEP,Not_NEP,ID,ID,W,WMT,Non-Federal,NWC_11_16,NWC_11_16,Base,NWC16_11_TSS,P24,PFO,ID,WVM,Western Valleys & Mountains,W-PRLW,WMT-PRLW,PROB,FWS_ST_2005,Idaho,F16085,ID,Target,16,Idaho Batholith,16g,High Glacial Drift-Filled Valleys,PFO,PFO,PRLW,RIVERINE,WMT_PFO,13027.13486,-1576816.232,992539.8313
8/24/2020,NWCA11-1504,4703,8/23/2011,1,NWC_ID-10016,WMTNS,West,WMT,Western Mountains,Valley,Not Coast,W_MTNS,"Western Mountains, Valleys, and Coast",LRR E,Region_10,Target_Sampled,H1706020801,Johnson Creek,H170602080105,INLAND,44.72402886,44.72402886,-115.4345795,-115.4345795,Rocky Mountain Range and Forest Region,E,Pacific Northwest Region,H17,60,Central Rocky Mountains,43B,Not_NEP,Not_NEP,ID,ID,W,WMT,USFS,NWC_11_NO,NWC_11_NO,OverSamp,NWC16_11_TSN,P24,PEM,ID,WVM,Western Valleys & Mountains,W-PRLW,WMT-PRLW,PROB,FWS_ST_2005,Idaho,F16085,ID,Target,16,Idaho Batholith,16k,Southern Forested Mountains,PEM,PFO,PRLW,SLOPE,WMT_PEM,51118.56175,-1525934.498,964790.3103
8/24/2020,NWCA11-1511,4715,7/12/2011,1,NWC_ID-10023,WMTNS,West,WMT,Western Mountains,Boundary,Not Coast,W_MTNS,"Western Mountains, Valleys, and Coast",LRR E,Region_10,Target_Sampled,H1701010503,Lower Moyie River,H170101050301,INLAND,48.95096174,48.95096174,-116.1947926,-116.1947926,Rocky Mountain Range and Forest Region,E,Pacific Northwest Region,H17,59,Northern Rocky Mountains,43A,Not_NEP,Not_NEP,ID,ID,W,WMT,Non-Federal,NWC_11_16,NWC_11_16,OverSamp,NWC16_11_TSS,P24,PFO,ID,WVM,Western Valleys & Mountains,W-PRLW,WMT-PRLW,PROB,FWS_ST_2005,Idaho,F16021,ID,Target,15,Northern Rockies,15q,Purcell-Cabinet-North Bitterroot Mountains,PFO,PSS,PRLW,RIVERINE,WMT_PFO,13027.13486,-1486070.517,1434542.835
8/24/2020,NWCA11-1514,4702,8/22/2011,1,NWC_ID-10026,WMTNS,West,WMT,Western Mountains,Valley,Not Coast,W_MTNS,"Western Mountains, Valleys, and Coast",LRR E,Region_10,Target_Sampled,H1706020801,Johnson Creek,H170602080105,INLAND,44.7361461,44.7361461,-115.4457216,-115.4457216,Rocky Mountain Range and Forest Region,E,Pacific Northwest Region,H17,60,Central Rocky Mountains,43B,Not_NEP,Not_NEP,ID,ID,W,WMT,USFS,NWC_11_NO,NWC_11_NO,OverSamp,NWC16_11_TSN,P24,PFO,ID,WVM,Western Valleys & Mountains,W-PRLW,WMT-PRLW,PROB,FWS_ST_2005,Idaho,F16085,ID,Target,16,Idaho Batholith,16k,Southern Forested Mountains,PFO,PFO,PRLW,SLOPE,WMT_PFO,13027.13486,-1526522.947,966290.3394
8/24/2020,NWCA11-1515,4682,7/13/2011,1,NWC_IL-10001,PLNLOW,Plains and Lowlands,UMW,Upper Midwest,Jo Daviess,Not Coast,MIDWEST,Midwest,LRR M,Region_05,Target_Sampled,H0706000503,Galena River,H070600050307,INLAND,42.41573653,42.41573653,-90.4115948,-90.4115948,Central Feed Grains and Livestock Region,M,Upper Mississippi Region,H07,178,Northern Mississippi Valley Loess Hills,105,Not_NEP,Not_NEP,IL,IL,EMU,EMU,Non-Federal,NWC_11_16,NWC_11_16,Revisit,NWC16_11_TSS,P30,PSS,IL,NCE,North Central East,EMU-PRLH,EMU-PRLH,PROB,FWS_ST_2005,Illinois,F17085,IL,Target,52,Driftless Area,52b,Blufflands and Coulees,PSS,PEM,PRLH,RIVERINE,EMU_PSS,4404.09284,456739.7376,564052.7191
8/24/2020,NWCA11-1515,4724,9/7/2011,2,NWC_IL-10001,PLNLOW,Plains and Lowlands,UMW,Upper Midwest,Jo Daviess,Not Coast,MIDWEST,Midwest,LRR M,Region_05,Target_Sampled,H0706000503,Galena River,H070600050307,INLAND,42.41573653,42.41573653,-90.4115948,-90.4115948,Central Feed Grains and Livestock Region,M,Upper Mississippi Region,H07,178,Northern Mississippi Valley Loess Hills,105,Not_NEP,Not_NEP,IL,IL,EMU,EMU,Non-Federal,NWC_11_16,NWC_11_16,Revisit,NWC16_11_TSS,P30,PSS,IL,NCE,North Central East,EMU-PRLH,EMU-PRLH,PROB,FWS_ST_2005,Illinois,F17085,IL,Target,52,Driftless Area,52b,Blufflands and Coulees,PSS,PEM,PRLH,RIVERINE,EMU_PSS,4404.09284,456739.7376,564052.7191
8/24/2020,NWCA11-1516,4761,9/9/2011,2,NWC_IL-10002,PLNLOW,Plains and Lowlands,TPL,Temporate Plains,Lake,Not Coast,MIDWEST,Midwest,LRR M,Region_05,Target_Sampled,H0712000402,Mill Creek,H071200040201,INLAND,42.4351739,42.4351739,-88.03015882,-88.03015882,Central Feed Grains and Livestock Region,M,Upper Mississippi Region,H07,189,Northern Illinois and Indiana Heavy Till Plain,110,Not_NEP,Not_NEP,IL,IL,IPL,IPL,Non-Federal,NWC_11_16,NWC_11_16,Revisit,NWC16_11_TSS,P11,PEM,IL,TPL,Temperate Plains,IPL-PRLH,IPL-PRLH,PROB,FWS_ST_2005,Illinois,F17097,IL,Target,53,Southeastern Wisconsin Till Plains,53b,Kettle Moraines,PEM,PEM,PRLH,DPRSS,IPL_PEM,29960.02657,650804.0563,580098.208
8/24/2020,NWCA11-1516,5439,6/30/2011,1,NWC_IL-10002,PLNLOW,Plains and Lowlands,TPL,Temporate Plains,Lake,Not Coast,MIDWEST,Midwest,LRR M,Region_05,Target_Sampled,H0712000402,Mill Creek,H071200040201,INLAND,42.4351739,42.4351739,-88.03015882,-88.03015882,Central Feed Grains and Livestock Region,M,Upper Mississippi Region,H07,189,Northern Illinois and Indiana Heavy Till Plain,110,Not_NEP,Not_NEP,IL,IL,IPL,IPL,Non-Federal,NWC_11_16,NWC_11_16,Revisit,NWC16_11_TSS,P11,PEM,IL,TPL,Temperate Plains,IPL-PRLH,IPL-PRLH,PROB,FWS_ST_2005,Illinois,F17097,IL,Target,53,Southeastern Wisconsin Till Plains,53b,Kettle Moraines,PEM,PEM,PRLH,DPRSS,IPL_PEM,29960.02657,650804.0563,580098.208
8/24/2020,NWCA11-1528,4793,8/22/2011,1,NWC_IL-10014,PLNLOW,Plains and Lowlands,TPL,Temporate Plains,Iroquois,Not Coast,MIDWEST,Midwest,LRR M,Region_05,Target_Sampled,H0712000206,Mud Creek,H071200020604,INLAND,40.58531967,40.58531967,-87.86488718,-87.86488718,Central Feed Grains and Livestock Region,M,Upper Mississippi Region,H07,189,Northern Illinois and Indiana Heavy Till Plain,110,Not_NEP,Not_NEP,IL,IL,IPL,IPL,Non-Federal,NWC_11_NO,NWC_11_NO,OverSamp,NWC16_11_TSN,P11,PF,IL,TPL,Temperate Plains,IPL-PRLW,IPL-PRLW,PROB,FWS_ST_2005,Illinois,F17075,IL,Target,54,Central Corn Belt Plains,54a,Illinois/Indiana Prairies,PF,PFO,PRLW,RIVERINE,IPL_PF,1524.62238,681967.8466,374970.9126
8/24/2020,NWCA11-1529,4760,9/12/2011,1,NWC_IL-10015,PLNLOW,Plains and Lowlands,CPL,Coastal Plains,Alexander,Not Coast,CSTL_PLAIN,Atlantic and Gulf Coastal Plain,LRR O,Region_05,Target_Sampled,H0714010508,Hobbs Creek-Mississippi River,H071401050804,INLAND,37.06372763,37.06372763,-89.24442424,-89.24442424,Mississippi Delta Cotton and Feed Grains Region,O,Upper Mississippi Region,H07,230,Southern Mississippi River Alluvium,131A,Not_NEP,Not_NEP,IL,IL,CPL,CPL,Non-Federal,NWC_11_NO,NWC_11_NO,OverSamp,NWC16_11_TSN,P17,PF,IL,ICP,Inland Coastal Plains,CPL-PRLW,CPL-PRLW,PROB,FWS_ST_2005,Illinois,F17003,IL,Target,73,Mississippi Alluvial Plain,73a,Northern Holocene Meander Belts,PF,PFO,PRLW,RIVERINE,CPL_PF,187.97565,594566.7347,-27747.64127
8/24/2020,NWCA11-1531,5440,6/28/2011,1,NWC_IL-10017,PLNLOW,Plains and Lowlands,TPL,Temporate Plains,LaSalle,Not Coast,MIDWEST,Midwest,LRR M,Region_05,Target_Sampled,H0712000705,Indian Creek,H071200070510,INLAND,41.50748943,41.50748943,-88.77094203,-88.77094203,Central Feed Grains and Livestock Region,M,Upper Mississippi Region,H07,184,"Illinois and Iowa Deep Loess and Drift, Eastern Part",108A,Not_NEP,Not_NEP,IL,IL,IPL,IPL,Non-Federal,NWC_11_NO,NWC_11_NO,OverSamp,NWC16_11_TSN,P11,PFO,IL,TPL,Temperate Plains,IPL-PRLW,IPL-PRLW,PROB,FWS_ST_2005,Illinois,F17099,IL,Target,54,Central Corn Belt Plains,54a,Illinois/Indiana Prairies,PFO,PFO,PRLW,RIVERINE,IPL_PFO,71817.94494,598322.0851,471785.3395
8/24/2020,NWCA11-1532,5441,7/6/2011,1,NWC_IL-10018,PLNLOW,Plains and Lowlands,TPL,Temporate Plains,Lake,Not Coast,MIDWEST,Midwest,LRR M,Region_05,Target_Sampled,H0712000610,Squaw Creek-Fox River,H071200061004,INLAND,42.45971295,42.45971295,-88.07762428,-88.07762428,Central Feed Grains and Livestock Region,M,Upper Mississippi Region,H07,189,Northern Illinois and Indiana Heavy Till Plain,110,Not_NEP,Not_NEP,IL,IL,IPL,IPL,County,NWC_11_NO,NWC_11_NO,OverSamp,NWC16_11_TSN,P11,PSS,IL,TPL,Temperate Plains,IPL-PRLH,IPL-PRLH,PROB,FWS_ST_2005,Illinois,F17097,IL,Target,53,Southeastern Wisconsin Till Plains,53b,Kettle Moraines,PSS,PEM,PRLH,FRINGE,IPL_PSS,8603.08053,646708.6737,582508.0519
8/24/2020,NWCA11-1533,4759,9/13/2011,1,NWC_IL-10019,PLNLOW,Plains and Lowlands,CPL,Coastal Plains,Alexander,Not Coast,CSTL_PLAIN,Atlantic and Gulf Coastal Plain,LRR O,Region_05,Target_Sampled,H0714010508,Hobbs Creek-Mississippi River,H071401050804,INLAND,37.03124664,37.03124664,-89.19729079,-89.19729079,Mississippi Delta Cotton and Feed Grains Region,O,Upper Mississippi Region,H07,230,Southern Mississippi River Alluvium,131A,Not_NEP,Not_NEP,IL,IL,CPL,CPL,Non-Federal,NWC_11_NO,NWC_11_NO,OverSamp,NWC16_11_TSN,P17,PEM,IL,ICP,Inland Coastal Plains,CPL-PRLH,CPL-PRLH,PROB,FWS_ST_2005,Illinois,F17003,IL,Target,73,Mississippi Alluvial Plain,73a,Northern Holocene Meander Belts,PEM,PEM,PRLH,RIVERINE,CPL_PEM,3693.86906,598968.2506,-31081.94672
8/24/2020,NWCA11-1535,5442,7/7/2011,1,NWC_IL-10021,PLNLOW,Plains and Lowlands,TPL,Temporate Plains,Lake,Not Coast,MIDWEST,Midwest,LRR M,Region_05,Target_Sampled,H0712000403,Bull Creek-Des Plaines River,H071200040302,INLAND,42.34520955,42.34520955,-87.93741584,-87.93741584,Central Feed Grains and Livestock Region,M,Upper Mississippi Region,H07,189,Northern Illinois and Indiana Heavy Till Plain,110,Not_NEP,Not_NEP,IL,IL,IPL,IPL,Non-Federal,NWC_11_NO,NWC_11_NO,OverSamp,NWC16_11_TSN,P23,PFO,IL,TPL,Temperate Plains,IPL-PRLW,IPL-PRLW,PROB,FWS_ST_2005,Illinois,F17097,IL,Target,53,Southeastern Wisconsin Till Plains,53b,Kettle Moraines,PFO,PFO,PRLW,RIVERINE,IPL_PFO,6662.08748,659211.578,570714.4466
8/24/2020,NWCA11-1539,4723,9/22/2011,2,NWC_IN-10001,PLNLOW,Plains and Lowlands,UMW,Upper Midwest,LaPorte,Great Lakes Region,MIDWEST,Midwest,LRR M,Region_05,Target_Sampled,H0404000102,Galien River,H040400010205,INLAND,41.69066085,41.69066085,-86.71858024,-86.71858024,Central Feed Grains and Livestock Region,M,Great Lakes Region,H04,189,Northern Illinois and Indiana Heavy Till Plain,110,Not_NEP,Not_NEP,IN,IN,EMU,EMU,State,NWC_11_16,NWC_11_16,Revisit,NWC16_11_TSS,P23,PSS,IN,NCE,North Central East,EMU-PRLH,EMU-PRLH,PROB,FWS_ST_2005,Indiana,F18091,IN,Target,56,Southern Michigan/Northern Indiana Drift Plains,56b,Battle Creek/Elkhart Outwash Plain,PSS,PEM,PRLH,DPRSS,EMU_PSS,4410.6917,765709.0649,506937.8448
8/24/2020,NWCA11-1539,4722,7/28/2011,1,NWC_IN-10001,PLNLOW,Plains and Lowlands,UMW,Upper Midwest,LaPorte,Great Lakes Region,MIDWEST,Midwest,LRR M,Region_05,Target_Sampled,H0404000102,Galien River,H040400010205,INLAND,41.69066085,41.69066085,-86.71858024,-86.71858024,Central Feed Grains and Livestock Region,M,Great Lakes Region,H04,189,Northern Illinois and Indiana Heavy Till Plain,110,Not_NEP,Not_NEP,IN,IN,EMU,EMU,State,NWC_11_16,NWC_11_16,Revisit,NWC16_11_TSS,P23,PSS,IN,NCE,North Central East,EMU-PRLH,EMU-PRLH,PROB,FWS_ST_2005,Indiana,F18091,IN,Target,56,Southern Michigan/Northern Indiana Drift Plains,56b,Battle Creek/Elkhart Outwash Plain,PSS,PEM,PRLH,DPRSS,EMU_PSS,4410.6917,765709.0649,506937.8448
8/24/2020,NWCA11-1542,4681,8/18/2011,1,NWC_IN-10004,PLNLOW,Plains and Lowlands,TPL,Temporate Plains,Allen,Not Coast,MIDWEST,Midwest,LRR M,Region_05,Target_Sampled,H0410000308,Saint Joseph River,H041000030805,INLAND,41.17568487,41.17568487,-85.03710826,-85.03710826,Central Feed Grains and Livestock Region,M,Great Lakes Region,H04,192,"Indiana and Ohio Till Plain, Northeastern Part",111B,Not_NEP,Not_NEP,IN,IN,IPL,IPL,Non-Federal,NWC_11_16,NWC_11_16,Base,NWC16_11_TSS,P11,PFO,IN,TPL,Temperate Plains,IPL-PRLW,IPL-PRLW,PROB,FWS_ST_2005,Indiana,F18003,IN,Target,55,Eastern Corn Belt Plains,55a,Clayey High Lime Till Plains,PFO,PFO,PRLW,DPRSS,IPL_PFO,60186.15159,910495.3099,464450.3502
8/24/2020,NWCA11-1542,4545,9/29/2011,2,NWC_IN-10004,PLNLOW,Plains and Lowlands,TPL,Temporate Plains,Allen,Not Coast,MIDWEST,Midwest,LRR M,Region_05,Target_Sampled,H0410000308,Saint Joseph River,H041000030805,INLAND,41.17568487,41.17568487,-85.03710826,-85.03710826,Central Feed Grains and Livestock Region,M,Great Lakes Region,H04,192,"Indiana and Ohio Till Plain, Northeastern Part",111B,Not_NEP,Not_NEP,IN,IN,IPL,IPL,Non-Federal,NWC_11_16,NWC_11_16,Base,NWC16_11_TSS,P11,PFO,IN,TPL,Temperate Plains,IPL-PRLW,IPL-PRLW,PROB,FWS_ST_2005,Indiana,F18003,IN,Target,55,Eastern Corn Belt Plains,55a,Clayey High Lime Till Plains,PFO,PFO,PRLW,DPRSS,IPL_PFO,60186.15159,910495.3099,464450.3502
8/24/2020,NWCA11-1543,4552,7/26/2011,1,NWC_IN-10005,PLNLOW,Plains and Lowlands,UMW,Upper Midwest,LaPorte,Great Lakes Region,MIDWEST,Midwest,LRR M,Region_05,Target_Sampled,H0404000102,Galien River,H040400010205,INLAND,41.70866669,41.70866669,-86.69418454,-86.69418454,Central Feed Grains and Livestock Region,M,Great Lakes Region,H04,189,Northern Illinois and Indiana Heavy Till Plain,110,Not_NEP,Not_NEP,IN,IN,EMU,EMU,Non-Federal,NWC_11_16,NWC_11_16,Base,NWC16_11_TSS,P23,PEM,IN,NCE,North Central East,EMU-PRLW,EMU-PRLW,PROB,FWS_ST_2005,Indiana,F18091,IN,Target,56,Southern Michigan/Northern Indiana Drift Plains,56b,Battle Creek/Elkhart Outwash Plain,PEM,PSS,PRLW,DPRSS,EMU_PEM,13345.03392,767518.2775,509139.8682
8/24/2020,NWCA11-1546,4721,9/27/2011,1,NWC_IN-10008,PLNLOW,Plains and Lowlands,TPL,Temporate Plains,Wabash,Not Coast,MIDWEST,Midwest,LRR M,Region_05,Target_Sampled,H0512010405,Paw Paw Creek-Eel River,H051201040508,INLAND,40.89379243,40.89379243,-85.90468916,-85.90468916,Central Feed Grains and Livestock Region,M,Ohio-Tennessee Region,H05_H06,192,"Indiana and Ohio Till Plain, Northeastern Part",111B,Not_NEP,Not_NEP,IN,IN,IPL,IPL,Non-Federal,NWC_11_NO,NWC_11_NO,Base,NWC16_11_TSN,P11,PFO,IN,TPL,Temperate Plains,IPL-PRLW,IPL-PRLW,PROB,FWS_ST_2005,Indiana,F18169,IN,Target,55,Eastern Corn Belt Plains,55a,Clayey High Lime Till Plains,PFO,PFO,PRLW,RIVERINE,IPL_PFO,60186.15159,842070.2125,425080.0594
8/24/2020,NWCA11-1547,4720,8/16/2011,1,NWC_IN-10009,PLNLOW,Plains and Lowlands,UMW,Upper Midwest,St. Joseph,Great Lakes Region,MIDWEST,Midwest,LRR M,Region_05,Target_Sampled,H0405000122,Brandywine Creek-Saint Joseph River,H040500012205,INLAND,41.60897451,41.60897451,-86.27730918,-86.27730918,Central Feed Grains and Livestock Region,M,Great Lakes Region,H04,193,"Indiana and Ohio Till Plain, Northwestern Part",111C,Not_NEP,Not_NEP,IN,IN,EMU,EMU,Non-Federal,NWC_11_NO,NWC_11_NO,Base,NWC16_11_TSN,P23,PUBPAB,IN,NCE,North Central East,EMU-PRLW,EMU-PRLW,PROB,FWS_ST_2005,Indiana,F18141,IN,Target,56,Southern Michigan/Northern Indiana Drift Plains,56b,Battle Creek/Elkhart Outwash Plain,PUBPAB,PFO,PRLW,DPRSS,EMU_PUBPAB,4335.06536,802922.9272,501484.1355
8/24/2020,NWCA11-1552,4719,9/20/2011,1,NWC_IN-10014,PLNLOW,Plains and Lowlands,TPL,Temporate Plains,Newton,Not Coast,NE,Northcentral and Northeast,LRR L,Region_05,Target_Sampled,H0712000213,Beaver Creek,H071200021304,INLAND,40.98379725,40.98379725,-87.51026305,-87.51026305,"Lake State Fruit, Truck Crop, and Dairy Region",L,Upper Mississippi Region,H07,169,Southern Michigan and Northern Indiana Drift Plain,98,Not_NEP,Not_NEP,IN,IN,IPL,IPL,State,NWC_11_16,NWC_11_16,OverSamp,NWC16_11_TSS,P11,PSS,IN,TPL,Temperate Plains,IPL-PRLW,IPL-PRLW,PROB,FWS_ST_2005,Indiana,F18111,IN,Target,54,Central Corn Belt Plains,54d,Sand Area,PSS,PFO,PRLW,FRINGE,IPL_PSS,12809.30193,707637.1973,422019.5905
8/24/2020,NWCA11-1554,4758,8/17/2011,1,NWC_IN-10016,PLNLOW,Plains and Lowlands,UMW,Upper Midwest,Steuben,Great Lakes Region,MIDWEST,Midwest,LRR M,Region_05,Target_Sampled,H0405000110,Pigeon Creek,H040500011003,INLAND,41.53469288,41.53469288,-85.00992253,-85.00992253,Central Feed Grains and Livestock Region,M,Great Lakes Region,H04,192,"Indiana and Ohio Till Plain, Northeastern Part",111B,Not_NEP,Not_NEP,IN,IN,EMU,EMU,Non-Federal,NWC_11_NO,NWC_11_NO,OverSamp,NWC16_11_TSN,P23,PFO,IN,NCE,North Central East,EMU-PRLW,EMU-PRLW,PROB,FWS_ST_2005,Indiana,F18151,IN,Target,56,Southern Michigan/Northern Indiana Drift Plains,56a,Northern Indiana Lake Country,PFO,PFO,PRLW,DPRSS,EMU_PFO,20724.20188,908106.0492,504629.5632
8/24/2020,NWCA11-1555,4792,9/28/2011,1,NWC_IN-10017,PLNLOW,Plains and Lowlands,UMW,Upper Midwest,Marshall,Not Coast,MIDWEST,Midwest,LRR M,Region_05,Target_Sampled,H0512010606,Bruce Lake Outlet-Tippecanoe River,H051201060601,INLAND,41.21831566,41.21831566,-86.38280115,-86.38280115,Central Feed Grains and Livestock Region,M,Ohio-Tennessee Region,H05_H06,193,"Indiana and Ohio Till Plain, Northwestern Part",111C,Not_NEP,Not_NEP,IN,IN,EMU,EMU,Non-Federal,NWC_11_16,NWC_11_16,OverSamp,NWC16_11_TSS,P11,PSS,IN,NCE,North Central East,EMU-PRLH,EMU-PRLH,PROB,FWS_ST_2005,Indiana,F18099,IN,Target,56,Southern Michigan/Northern Indiana Drift Plains,56c,Middle Tippecanoe Plains,PSS,PEM,PRLH,DPRSS,EMU_PSS,12809.30193,798658.6579,457094.0321
8/24/2020,NWCA11-1559,4718,9/21/2011,1,NWC_IN-10021,PLNLOW,Plains and Lowlands,TPL,Temporate Plains,Newton,Not Coast,NE,Northcentral and Northeast,LRR L,Region_05,Target_Sampled,H0712000213,Beaver Creek,H071200021304,INLAND,40.98717339,40.98717339,-87.50802324,-87.50802324,"Lake State Fruit, Truck Crop, and Dairy Region",L,Upper Mississippi Region,H07,169,Southern Michigan and Northern Indiana Drift Plain,98,Not_NEP,Not_NEP,IN,IN,IPL,IPL,State,NWC_11_NO,NWC_11_NO,OverSamp,NWC16_11_TSN,P11,PFO,IN,TPL,Temperate Plains,IPL-PRLW,IPL-PRLW,PROB,FWS_ST_2005,Indiana,F18111,IN,Target,54,Central Corn Belt Plains,54d,Sand Area,PFO,PFO,PRLW,DPRSS,IPL_PFO,60186.15159,707789.6567,422412.8064
8/24/2020,NWCA11-1570,5443,7/7/2011,1,NWC_KS-10010,PLNLOW,Plains and Lowlands,SPL,Southern Plains,Marion,Not Coast,GT_PLAINS,Great Plains,"LRR H (Excluding MLRA 72, 73)",Region_07,Target_Sampled,H1107020201,Marion Reservoir-Headwaters Cottonwood River,H110702020103,INLAND,38.56861974,38.56861974,-97.25426491,-97.25426491,Central Great Plains Winter Wheat and Range Region,H,Arkansas-White-Red Region,H11,107,Central Kansas Sandstone Hills,74,Not_NEP,Not_NEP,KS,KS,IPL,IPL,Non-Federal,NWC_11_16,NWC_11_16,Base,NWC16_11_TSS,P19,PUBPAB,KS,GPL,Great Plains,IPL-PRLH,IPL-PRLH,PROB,FWS_ST_2005,Kansas,F20115,KS,Target,27,Central Great Plains,27a,Smoky Hills,PUBPAB,PEM,PRLH,DPRSS,IPL_PUBPAB,7482.82828,-108253.2885,120486.9611
8/24/2020,NWCA11-1570,5323,7/21/2011,2,NWC_KS-10010,PLNLOW,Plains and Lowlands,SPL,Southern Plains,Marion,Not Coast,GT_PLAINS,Great Plains,"LRR H (Excluding MLRA 72, 73)",Region_07,Target_Sampled,H1107020201,Marion Reservoir-Headwaters Cottonwood River,H110702020103,INLAND,38.56861974,38.56861974,-97.25426491,-97.25426491,Central Great Plains Winter Wheat and Range Region,H,Arkansas-White-Red Region,H11,107,Central Kansas Sandstone Hills,74,Not_NEP,Not_NEP,KS,KS,IPL,IPL,Non-Federal,NWC_11_16,NWC_11_16,Base,NWC16_11_TSS,P19,PUBPAB,KS,GPL,Great Plains,IPL-PRLH,IPL-PRLH,PROB,FWS_ST_2005,Kansas,F20115,KS,Target,27,Central Great Plains,27a,Smoky Hills,PUBPAB,PEM,PRLH,DPRSS,IPL_PUBPAB,7482.82828,-108253.2885,120486.9611
8/24/2020,NWCA11-1574,5322,7/19/2011,2,NWC_KS-10014,PLNLOW,Plains and Lowlands,SPL,Southern Plains,Marion,Not Coast,GT_PLAINS,Great Plains,"LRR H (Excluding MLRA 72, 73)",Region_07,Target_Sampled,H1107020201,Marion Reservoir-Headwaters Cottonwood River,H110702020102,INLAND,38.55743554,38.55743554,-97.27295779,-97.27295779,Central Great Plains Winter Wheat and Range Region,H,Arkansas-White-Red Region,H11,107,Central Kansas Sandstone Hills,74,Not_NEP,Not_NEP,KS,KS,IPL,IPL,Non-Federal,NWC_11_16,NWC_11_16,OverSamp,NWC16_11_TSS,P19,PEM,KS,GPL,Great Plains,IPL-PRLH,IPL-PRLH,PROB,FWS_ST_2005,Kansas,F20115,KS,Target,27,Central Great Plains,27a,Smoky Hills,PEM,PEM,PRLH,RIVERINE,IPL_PEM,4336.95366,-109883.332,119254.9253
8/24/2020,NWCA11-1574,5408,7/5/2011,1,NWC_KS-10014,PLNLOW,Plains and Lowlands,SPL,Southern Plains,Marion,Not Coast,GT_PLAINS,Great Plains,"LRR H (Excluding MLRA 72, 73)",Region_07,Target_Sampled,H1107020201,Marion Reservoir-Headwaters Cottonwood River,H110702020102,INLAND,38.55743554,38.55743554,-97.27295779,-97.27295779,Central Great Plains Winter Wheat and Range Region,H,Arkansas-White-Red Region,H11,107,Central Kansas Sandstone Hills,74,Not_NEP,Not_NEP,KS,KS,IPL,IPL,Non-Federal,NWC_11_16,NWC_11_16,OverSamp,NWC16_11_TSS,P19,PEM,KS,GPL,Great Plains,IPL-PRLH,IPL-PRLH,PROB,FWS_ST_2005,Kansas,F20115,KS,Target,27,Central Great Plains,27a,Smoky Hills,PEM,PEM,PRLH,RIVERINE,IPL_PEM,4336.95366,-109883.332,119254.9253
8/24/2020,NWCA11-1581,5410,6/28/2011,1,NWC_KY-10001,EHIGH,Eastern Highlands,SAP,Southern Appalachians,Trigg,Not Coast,E_MTNS,Eastern Mountains and Piedmont,LRR N (MLRA 122),Region_04,Target_Sampled,H0604000509,Jonathan Creek-Kentucky Lake,H060400050907,INLAND,36.69767488,36.69767488,-88.05810092,-88.05810092,East and Central Farming and Forest Region,N,Ohio-Tennessee Region,H05_H06,218,Highland Rim and Pennyroyal,122,Not_NEP,Not_NEP,KY,KY_ILP,EMU,EMU,USFS,NWC_11_16,NWC_11_16,Revisit,NWC16_11_TSS,P12,PEM,KY,SAP,Southern Appalachians,EMU-PRLW,EMU-PRLW,PROB,FWS_ST_2005,Kentucky,F21221,KY,Target,71,Interior Plateau,71f,Western Highland Rim,PEM,PFO,PRLW,FRINGE,EMU_PEM,18360.60875,702175.0823,-60545.5086
8/24/2020,NWCA11-1581,5321,9/6/2011,2,NWC_KY-10001,EHIGH,Eastern Highlands,SAP,Southern Appalachians,Trigg,Not Coast,E_MTNS,Eastern Mountains and Piedmont,LRR N (MLRA 122),Region_04,Target_Sampled,H0604000509,Jonathan Creek-Kentucky Lake,H060400050907,INLAND,36.69767488,36.69767488,-88.05810092,-88.05810092,East and Central Farming and Forest Region,N,Ohio-Tennessee Region,H05_H06,218,Highland Rim and Pennyroyal,122,Not_NEP,Not_NEP,KY,KY_ILP,EMU,EMU,USFS,NWC_11_16,NWC_11_16,Revisit,NWC16_11_TSS,P12,PEM,KY,SAP,Southern Appalachians,EMU-PRLW,EMU-PRLW,PROB,FWS_ST_2005,Kentucky,F21221,KY,Target,71,Interior Plateau,71f,Western Highland Rim,PEM,PFO,PRLW,FRINGE,EMU_PEM,18360.60875,702175.0823,-60545.5086
8/24/2020,NWCA11-1582,5320,9/7/2011,2,NWC_KY-10002,PLNLOW,Plains and Lowlands,CPL,Coastal Plains,Carlisle,Not Coast,CSTL_PLAIN,Atlantic and Gulf Coastal Plain,LRR O,Region_04,Target_Sampled,H0801010002,Brewer Lake-Mississippi River,H080101000201,INLAND,36.81669722,36.81669722,-89.09285213,-89.09285213,Mississippi Delta Cotton and Feed Grains Region,O,Lower Mississippi Region,H08,230,Southern Mississippi River Alluvium,131A,Not_NEP,Not_NEP,KY,KY_OTH,CPL,CPL,Non-Federal,NWC_11_16,NWC_11_16,Revisit,NWC16_11_TSS,P17,PEM,KY,ICP,Inland Coastal Plains,CPL-PRLW,CPL-PRLW,PROB,FWS_ST_2005,Kentucky,F21039,KY,Target,73,Mississippi Alluvial Plain,73a,Northern Holocene Meander Belts,PEM,PFO,PRLW,RIVERINE,CPL_PEM,858.4652,609893.5067,-54394.38998
8/24/2020,NWCA11-1582,5444,8/10/2011,1,NWC_KY-10002,PLNLOW,Plains and Lowlands,CPL,Coastal Plains,Carlisle,Not Coast,CSTL_PLAIN,Atlantic and Gulf Coastal Plain,LRR O,Region_04,Target_Sampled,H0801010002,Brewer Lake-Mississippi River,H080101000201,INLAND,36.81669722,36.81669722,-89.09285213,-89.09285213,Mississippi Delta Cotton and Feed Grains Region,O,Lower Mississippi Region,H08,230,Southern Mississippi River Alluvium,131A,Not_NEP,Not_NEP,KY,KY_OTH,CPL,CPL,Non-Federal,NWC_11_16,NWC_11_16,Revisit,NWC16_11_TSS,P17,PEM,KY,ICP,Inland Coastal Plains,CPL-PRLW,CPL-PRLW,PROB,FWS_ST_2005,Kentucky,F21039,KY,Target,73,Mississippi Alluvial Plain,73a,Northern Holocene Meander Belts,PEM,PFO,PRLW,RIVERINE,CPL_PEM,858.4652,609893.5067,-54394.38998
8/24/2020,NWCA11-1583,5445,7/13/2011,1,NWC_KY-10003,PLNLOW,Plains and Lowlands,CPL,Coastal Plains,Carlisle,Not Coast,CSTL_PLAIN,Atlantic and Gulf Coastal Plain,LRR O,Region_04,Target_Sampled,H0801010002,Brewer Lake-Mississippi River,H080101000201,INLAND,36.81896242,36.81896242,-89.1222819,-89.1222819,Mississippi Delta Cotton and Feed Grains Region,O,Lower Mississippi Region,H08,230,Southern Mississippi River Alluvium,131A,Not_NEP,Not_NEP,KY,KY_OTH,CPL,CPL,State,NWC_11_NO,NWC_11_NO,Base,NWC16_11_TSN,P17,PUBPAB,KY,ICP,Inland Coastal Plains,CPL-PRLW,CPL-PRLW,PROB,FWS_ST_2005,Kentucky,F21039,KY,Target,73,Mississippi Alluvial Plain,73a,Northern Holocene Meander Belts,PUBPAB,PSS,PRLW,DPRSS,CPL_PUBPAB,2037.96967,607281.0875,-54329.73222
8/24/2020,NWCA11-1586,5446,7/14/2011,1,NWC_KY-10006,PLNLOW,Plains and Lowlands,CPL,Coastal Plains,Carlisle,Not Coast,CSTL_PLAIN,Atlantic and Gulf Coastal Plain,LRR O,Region_04,Target_Sampled,H0801010002,Brewer Lake-Mississippi River,H080101000201,INLAND,36.81685273,36.81685273,-89.10403117,-89.10403117,Mississippi Delta Cotton and Feed Grains Region,O,Lower Mississippi Region,H08,230,Southern Mississippi River Alluvium,131A,Not_NEP,Not_NEP,KY,KY_OTH,CPL,CPL,State,NWC_11_NO,NWC_11_NO,Base,NWC16_11_TSN,P17,PFO,KY,ICP,Inland Coastal Plains,CPL-PRLH,CPL-PRLH,PROB,FWS_ST_2005,Kentucky,F21039,KY,Target,73,Mississippi Alluvial Plain,73a,Northern Holocene Meander Belts,PFO,PF,PRLH,RIVERINE,CPL_PFO,10567.01283,608906.8812,-54448.69825
8/24/2020,NWCA11-1587,4944,7/13/2011,1,NWC_KY-10007,PLNLOW,Plains and Lowlands,CPL,Coastal Plains,Carlisle,Not Coast,CSTL_PLAIN,Atlantic and Gulf Coastal Plain,LRR O,Region_04,Target_Sampled,H0801010002,Brewer Lake-Mississippi River,H080101000201,INLAND,36.82249737,36.82249737,-89.1180479,-89.1180479,Mississippi Delta Cotton and Feed Grains Region,O,Lower Mississippi Region,H08,230,Southern Mississippi River Alluvium,131A,Not_NEP,Not_NEP,KY,KY_OTH,CPL,CPL,State,NWC_11_16,NWC_11_16,Base,NWC16_11_TSS,P17,PEM,KY,ICP,Inland Coastal Plains,CPL-PRLH,CPL-PRLH,PROB,FWS_ST_2005,Kentucky,F21039,KY,Target,73,Mississippi Alluvial Plain,73a,Northern Holocene Meander Belts,PEM,PF,PRLH,RIVERINE,CPL_PEM,858.4652,607625.6273,-53907.65172
8/24/2020,NWCA11-1589,4945,9/27/2011,1,NWC_KY-10009,PLNLOW,Plains and Lowlands,TPL,Temporate Plains,McCracken,Not Coast,CSTL_PLAIN,Atlantic and Gulf Coastal Plain,LRR P,Region_04,Target_Sampled,H0604000604,Lower Clarks River,H060400060405,INLAND,37.01375158,37.01375158,-88.54393733,-88.54393733,"South Atlantic and Gulf Slope Cash Crops, Forest, and Livestock Region",P,Ohio-Tennessee Region,H05_H06,236,Southern Mississippi Valley Loess,134,Not_NEP,Not_NEP,KY,KY_ILP,IPL,IPL,Non-Federal,NWC_11_16,NWC_11_16,Base,NWC16_11_TSS,P14,PFO,KY,TPL,Temperate Plains,IPL-PRLW,IPL-PRLW,PROB,FWS_ST_2005,Kentucky,F21145,KY,Target,72,Interior River Valleys and Hills,72a,Wabash-Ohio Bottomlands,PFO,PFO,PRLW,RIVERINE,IPL_PFO,33869.35144,656535.7803,-28720.95498
8/24/2020,NWCA11-1591,4946,6/30/2011,1,NWC_KY-10011,PLNLOW,Plains and Lowlands,TPL,Temporate Plains,Webster,Not Coast,E_MTNS,Eastern Mountains and Piedmont,LRR N (Excluding MLRA 122),Region_04,Target_Sampled,H0511000504,Groves Creek-Green River,H051100050401,INLAND,37.63916175,37.63916175,-87.53406827,-87.53406827,East and Central Farming and Forest Region,N,Ohio-Tennessee Region,H05_H06,214,"Kentucky and Indiana Sandstone and Shale Hills and Valleys, Southern Part",120A,Not_NEP,Not_NEP,KY,KY_ILP,IPL,IPL,Non-Federal,NWC_11_NO,NWC_11_NO,Base,NWC16_11_TSN,P21,PEM,KY,TPL,Temperate Plains,IPL-PRLW,IPL-PRLW,PROB,FWS_ST_2005,Kentucky,F21233,KY,Target,72,Interior River Valleys and Hills,72c,Green River-Southern Wabash Lowlands,PEM,PFO,PRLW,DPRSS,IPL_PEM,4688.89318,739002.242,48534.56613
8/24/2020,NWCA11-1599,4947,9/8/2011,1,NWC_KY-10019,PLNLOW,Plains and Lowlands,CPL,Coastal Plains,Carlisle,Not Coast,CSTL_PLAIN,Atlantic and Gulf Coastal Plain,LRR O,Region_04,Target_Sampled,H0801010002,Brewer Lake-Mississippi River,H080101000201,INLAND,36.837293,36.837293,-89.11744103,-89.11744103,Mississippi Delta Cotton and Feed Grains Region,O,Lower Mississippi Region,H08,230,Southern Mississippi River Alluvium,131A,Not_NEP,Not_NEP,KY,KY_OTH,CPL,CPL,State,NWC_11_NO,NWC_11_NO,OverSamp,NWC16_11_TSN,P17,PEM,KY,ICP,Inland Coastal Plains,CPL-PRLW,CPL-PRLW,PROB,FWS_ST_2005,Kentucky,F21039,KY,Target,73,Mississippi Alluvial Plain,73a,Northern Holocene Meander Belts,PEM,PFO,PRLW,RIVERINE,CPL_PEM,858.4652,607559.1654,-52250.41393
8/24/2020,NWCA11-1602,4949,8/9/2011,1,NWC_KY-10022,PLNLOW,Plains and Lowlands,CPL,Coastal Plains,Hickman,Not Coast,CSTL_PLAIN,Atlantic and Gulf Coastal Plain,LRR O,Region_04,Target_Sampled,H0801010002,Brewer Lake-Mississippi River,H080101000202,INLAND,36.71432,36.71432,-89.17856964,-89.17856964,Mississippi Delta Cotton and Feed Grains Region,O,Lower Mississippi Region,H08,230,Southern Mississippi River Alluvium,131A,Not_NEP,Not_NEP,KY,KY_OTH,CPL,CPL,Non-Federal,NWC_11_16,NWC_11_16,OverSamp,NWC16_11_TSS,P17,PFO,KY,ICP,Inland Coastal Plains,CPL-PRLW,CPL-PRLW,PROB,FWS_ST_2005,Kentucky,F21105,KY,Target,73,Mississippi Alluvial Plain,73a,Northern Holocene Meander Belts,PFO,PFO,PRLW,RIVERINE,CPL_PFO,10567.01283,603160.4321,-66381.52741
8/24/2020,NWCA11-1608,4951,6/21/2011,2,NWC_LA-10004,PLNLOW,Plains and Lowlands,CPL,Coastal Plains,Vermilion,Gulf Coast Region,CSTL_PLAIN,Atlantic and Gulf Coastal Plain,LRR T (MLRA 151),Region_06,Target_Sampled,H0808020207,Schooner Bayou Canal-Intracoastal Waterway,H080802020702,INLAND,29.85467208,29.85467208,-92.49117013,-92.49117013,Atlantic and Gulf Coast Lowland Forest and Crop Region,T,Lower Mississippi Region,H08,258,Gulf Coast Marsh,151,Not_NEP,Not_NEP,LA,LA,CPL,CPL,State,NWC_11_16,NWC_11_16,Base,NWC16_11_TSS,P13,PEM,LA,ICP,Inland Coastal Plains,CPL-PRLH,CPL-PRLH,PROB,FWS_ST_2005,Louisiana,F22113,LA,Target,34,Western Gulf Coastal Plain,34g,Texas-Louisiana Coastal Marshes,PEM,PEM,PRLH,FLATS,CPL_PEM,178923.0577,338709.0991,-847282.5079
8/24/2020,NWCA11-1608,4950,5/7/2011,1,NWC_LA-10004,PLNLOW,Plains and Lowlands,CPL,Coastal Plains,Vermilion,Gulf Coast Region,CSTL_PLAIN,Atlantic and Gulf Coastal Plain,LRR T (MLRA 151),Region_06,Target_Sampled,H0808020207,Schooner Bayou Canal-Intracoastal Waterway,H080802020702,INLAND,29.85467208,29.85467208,-92.49117013,-92.49117013,Atlantic and Gulf Coast Lowland Forest and Crop Region,T,Lower Mississippi Region,H08,258,Gulf Coast Marsh,151,Not_NEP,Not_NEP,LA,LA,CPL,CPL,State,NWC_11_16,NWC_11_16,Base,NWC16_11_TSS,P13,PEM,LA,ICP,Inland Coastal Plains,CPL-PRLH,CPL-PRLH,PROB,FWS_ST_2005,Louisiana,F22113,LA,Target,34,Western Gulf Coastal Plain,34g,Texas-Louisiana Coastal Marshes,PEM,PEM,PRLH,FLATS,CPL_PEM,178923.0577,338709.0991,-847282.5079
8/24/2020,NWCA11-1610,4952,6/6/2011,1,NWC_LA-10006,PLNLOW,Plains and Lowlands,CPL,Coastal Plains,Lafourche,Gulf Coast Region,CSTL_PLAIN,Atlantic and Gulf Coastal Plain,LRR T (MLRA 151),Region_06,Target_Sampled,H0809030104,Bayou Perot-Little Lake,H080903010406,INLAND,29.49422502,29.49422502,-90.30135447,-90.30135447,Atlantic and Gulf Coast Lowland Forest and Crop Region,T,Lower Mississippi Region,H08,258,Gulf Coast Marsh,151,Barataria-Terrebonne National Estuary Program,NEP,LA,LA,CPL,CPL,Non-Federal,NWC_11_NO,NWC_11_NO,Base,NWC16_11_TSN,P17,PEM,LA,ICP,Inland Coastal Plains,CPL-PRLW,CPL-PRLW,PROB,FWS_ST_2005,Louisiana,F22057,LA,Target,73,Mississippi Alluvial Plain,73k,Southern Holocene Meander Belts,PEM,PFO,PRLW,FLATS,CPL_PEM,160663.4528,552283.7541,-876942.0454
8/24/2020,NWCA11-1611,4880,6/27/2011,1,NWC_LA-10007,PLNLOW,Plains and Lowlands,CPL,Coastal Plains,Avoyelles,Not Coast,CSTL_PLAIN,Atlantic and Gulf Coastal Plain,LRR O,Region_06,Target_Sampled,H0804030103,Petite Riviere,H080403010303,INLAND,31.14895887,31.14895887,-91.95034881,-91.95034881,Mississippi Delta Cotton and Feed Grains Region,O,Lower Mississippi Region,H08,230,Southern Mississippi River Alluvium,131A,Not_NEP,Not_NEP,LA,LA,CPL,CPL,Non-Federal,NWC_11_16,NWC_11_16,Base,NWC16_11_TSS,P17,PSS,LA,ICP,Inland Coastal Plains,CPL-PRLW,CPL-PRLW,PROB,FWS_ST_2005,Louisiana,F22009,LA,Target,73,Mississippi Alluvial Plain,73m,Southern Backswamps,PSS,PFO,PRLW,RIVERINE,CPL_PSS,45529.52839,384760.137,-701552.8537
8/24/2020,NWCA11-1611,4879,7/13/2011,2,NWC_LA-10007,PLNLOW,Plains and Lowlands,CPL,Coastal Plains,Avoyelles,Not Coast,CSTL_PLAIN,Atlantic and Gulf Coastal Plain,LRR O,Region_06,Target_Sampled,H0804030103,Petite Riviere,H080403010303,INLAND,31.14895887,31.14895887,-91.95034881,-91.95034881,Mississippi Delta Cotton and Feed Grains Region,O,Lower Mississippi Region,H08,230,Southern Mississippi River Alluvium,131A,Not_NEP,Not_NEP,LA,LA,CPL,CPL,Non-Federal,NWC_11_16,NWC_11_16,Base,NWC16_11_TSS,P17,PSS,LA,ICP,Inland Coastal Plains,CPL-PRLW,CPL-PRLW,PROB,FWS_ST_2005,Louisiana,F22009,LA,Target,73,Mississippi Alluvial Plain,73m,Southern Backswamps,PSS,PFO,PRLW,RIVERINE,CPL_PSS,45529.52839,384760.137,-701552.8537
8/24/2020,NWCA11-1612,4953,5/11/2011,1,NWC_LA-10008,PLNLOW,Plains and Lowlands,CPL,Coastal Plains,Cameron,Gulf Coast Region,CSTL_PLAIN,Atlantic and Gulf Coastal Plain,LRR T (MLRA 151),Region_06,Target_Sampled,H0808020211,Mermentau River-Frontal Gulf of Mexico,H080802021105,INLAND,29.76771116,29.76771116,-92.91980103,-92.91980103,Atlantic and Gulf Coast Lowland Forest and Crop Region,T,Lower Mississippi Region,H08,258,Gulf Coast Marsh,151,Not_NEP,Not_NEP,LA,LA,CPL,CPL,Non-Federal,NWC_11_NO,NWC_11_NO,Base,NWC16_11_TSN,P36,PEM,LA,ICP,Inland Coastal Plains,CPL-PRLW,CPL-PRLW,PROB,FWS_ST_2005,Louisiana,F22023,LA,Target,34,Western Gulf Coastal Plain,34g,Texas-Louisiana Coastal Marshes,PEM,PSS,PRLW,FLATS,CPL_PEM,71733.27911,297661.2346,-858357.9196
8/24/2020,NWCA11-1613,4954,6/5/2011,1,NWC_LA-10009,PLNLOW,Plains and Lowlands,CPL,Coastal Plains,St. Bernard,Gulf Coast Region,CSTL_PLAIN,Atlantic and Gulf Coastal Plain,LRR T (MLRA 151),Region_06,Target_Sampled,H0809020306,Bayou La Loutre-Frontal Chandeleur Sound,H080902030607,TIDAL,29.8318008,29.8318008,-89.3316423,-89.3316423,Atlantic and Gulf Coast Lowland Forest and Crop Region,T,Lower Mississippi Region,H08,258,Gulf Coast Marsh,151,Not_NEP,Not_NEP,LA,LA,CPL,CPL,Non-Federal,NWC_11_NO,NWC_11_NO,Base,NWC16_11_TSN,P36,E2EM,LA,GFC,Gulf & Florida Coasts,ALL-EH,ALL-EH,PROB,FWS_ST_2005,Louisiana,F22087,LA,Target,73,Mississippi Alluvial Plain,73o,Deltaic Coastal Marshes and Barrier Islands,E2EM,E2EM,EH,TIDAL,CPL_E2EM,84598.44866,643495.8425,-833487.407
8/24/2020,NWCA11-1614,3888,8/2/2011,1,NWC_LA-10010,PLNLOW,Plains and Lowlands,CPL,Coastal Plains,Terrebonne,Gulf Coast Region,CSTL_PLAIN,Atlantic and Gulf Coastal Plain,LRR T (MLRA 151),Region_06,Target_Sampled,H0809030202,Bayou Penchant,H080903020209,TIDAL,29.34714547,29.34714547,-90.9175639,-90.9175639,Atlantic and Gulf Coast Lowland Forest and Crop Region,T,Lower Mississippi Region,H08,258,Gulf Coast Marsh,151,Barataria-Terrebonne National Estuary Program,NEP,LA,LA,CPL,CPL,Non-Federal,NWC_11_NO,NWC_11_NO,Base,NWC16_11_TSN,P36,E2EM,LA,GFC,Gulf & Florida Coasts,ALL-EH,ALL-EH,PROB,FWS_ST_2005,Louisiana,F22109,LA,Target,73,Mississippi Alluvial Plain,73o,Deltaic Coastal Marshes and Barrier Islands,E2EM,E2EM,EH,TIDAL,CPL_E2EM,84598.44866,493495.5837,-896606.2574
8/24/2020,NWCA11-1617,3880,6/25/2011,1,NWC_LA-10013,PLNLOW,Plains and Lowlands,CPL,Coastal Plains,Plaquemines,Gulf Coast Region,CSTL_PLAIN,Atlantic and Gulf Coastal Plain,LRR O,Region_06,Target_Sampled,H0809030104,Bayou Perot-Little Lake,H080903010404,INLAND,29.55963203,29.55963203,-89.81877106,-89.81877106,Mississippi Delta Cotton and Feed Grains Region,O,Lower Mississippi Region,H08,230,Southern Mississippi River Alluvium,131A,Barataria-Terrebonne National Estuary Program,NEP,LA,LA,CPL,CPL,Non-Federal,NWC_11_NO,NWC_11_NO,Base,NWC16_11_TSN,P36,PUBPAB,LA,ICP,Inland Coastal Plains,CPL-PRLH,CPL-PRLH,PROB,FWS_ST_2005,Louisiana,F22075,LA,Target,73,Mississippi Alluvial Plain,73o,Deltaic Coastal Marshes and Barrier Islands,PUBPAB,PUBPAB,PRLH,DPRSS,CPL_PUBPAB,7815.43854,598518.6357,-866783.8201
8/24/2020,NWCA11-1618,4055,9/10/2011,1,NWC_LA-10014,PLNLOW,Plains and Lowlands,CPL,Coastal Plains,Vermilion,Gulf Coast Region,CSTL_PLAIN,Atlantic and Gulf Coastal Plain,LRR T (MLRA 151),Region_06,Target_Sampled,H0808010305,Marsh Island-Frontal Gulf of Mexico,H080801030501,TIDAL,29.71348873,29.71348873,-92.228321,-92.228321,Atlantic and Gulf Coast Lowland Forest and Crop Region,T,Lower Mississippi Region,H08,258,Gulf Coast Marsh,151,Not_NEP,Not_NEP,LA,LA,CPL,CPL,Non-Federal,NWC_11_NO,NWC_11_NO,Base,NWC16_11_TSN,P36,E2EM,LA,GFC,Gulf & Florida Coasts,ALL-EH,ALL-EH,PROB,FWS_ST_2005,Louisiana,F22113,LA,Target,34,Western Gulf Coastal Plain,34g,Texas-Louisiana Coastal Marshes,E2EM,E2EM,EH,TIDAL,CPL_E2EM,84598.44866,364690.5358,-861957.9422
8/24/2020,NWCA11-1622,3654,7/8/2011,1,NWC_LA-10018,PLNLOW,Plains and Lowlands,CPL,Coastal Plains,Terrebonne,Gulf Coast Region,CSTL_PLAIN,Atlantic and Gulf Coastal Plain,LRR T (MLRA 151),Region_06,Target_Sampled,H0809030207,Terrebonne Bay-Frontal Gulf of Mexico,H080903020706,TIDAL,29.07365539,29.07365539,-90.51422848,-90.51422848,Atlantic and Gulf Coast Lowland Forest and Crop Region,T,Lower Mississippi Region,H08,258,Gulf Coast Marsh,151,Barataria-Terrebonne National Estuary Program,NEP,LA,LA,CPL,CPL,Non-Federal,NWC_11_NO,NWC_11_NO,Base,NWC16_11_TSN,P36,E2SS,LA,GFC,Gulf & Florida Coasts,ALL-EH,ALL-EH,PROB,FWS_ST_2005,Louisiana,F22109,LA,Target,73,Mississippi Alluvial Plain,73o,Deltaic Coastal Marshes and Barrier Islands,E2SS,E2EM,EH,TIDAL,CPL_E2SS,622.86267,534364.5658,-924672.0879
8/24/2020,NWCA11-1626,4955,6/18/2011,1,NWC_LA-10022,PLNLOW,Plains and Lowlands,CPL,Coastal Plains,Terrebonne,Gulf Coast Region,CSTL_PLAIN,Atlantic and Gulf Coastal Plain,LRR T (MLRA 151),Region_06,Target_Sampled,H0809030206,Bayou Grand Caillou-Frontal Caillou Bay,H080903020607,TIDAL,29.18063149,29.18063149,-90.67905464,-90.67905464,Atlantic and Gulf Coast Lowland Forest and Crop Region,T,Lower Mississippi Region,H08,258,Gulf Coast Marsh,151,Barataria-Terrebonne National Estuary Program,NEP,LA,LA,CPL,CPL,Non-Federal,NWC_11_NO,NWC_11_NO,Base,NWC16_11_TSN,P36,E2SS,LA,GFC,Gulf & Florida Coasts,ALL-EH,ALL-EH,PROB,FWS_ST_2005,Louisiana,F22109,LA,Target,73,Mississippi Alluvial Plain,73o,Deltaic Coastal Marshes and Barrier Islands,E2SS,E2EM,EH,TIDAL,CPL_E2SS,622.86267,517663.0487,-913756.4761
8/24/2020,NWCA11-1627,4878,6/1/2011,1,NWC_LA-10023,PLNLOW,Plains and Lowlands,CPL,Coastal Plains,Concordia,Not Coast,CSTL_PLAIN,Atlantic and Gulf Coastal Plain,LRR O,Region_06,Target_Sampled,H0804030602,Lower Bayou Cocodrie,H080403060205,INLAND,31.33840576,31.33840576,-91.68173246,-91.68173246,Mississippi Delta Cotton and Feed Grains Region,O,Lower Mississippi Region,H08,230,Southern Mississippi River Alluvium,131A,Not_NEP,Not_NEP,LA,LA,CPL,CPL,State,NWC_11_NO,NWC_11_NO,Base,NWC16_11_TSN,P17,PSS,LA,ICP,Inland Coastal Plains,CPL-PRLW,CPL-PRLW,PROB,FWS_ST_2005,Louisiana,F22029,LA,Target,73,Mississippi Alluvial Plain,73m,Southern Backswamps,PSS,PFO,PRLW,RIVERINE,CPL_PSS,45529.52839,409307.0888,-679372.8999
8/24/2020,NWCA11-1629,4956,7/1/2011,1,NWC_LA-10025,PLNLOW,Plains and Lowlands,CPL,Coastal Plains,Plaquemines,Gulf Coast Region,CSTL_PLAIN,Atlantic and Gulf Coastal Plain,LRR T (MLRA 151),Region_06,Target_Sampled,H0809020307,Bayou Terre Aux Boeufs-Frontal Breton Sound,H080902030705,TIDAL,29.41303551,29.41303551,-89.52153929,-89.52153929,Atlantic and Gulf Coast Lowland Forest and Crop Region,T,Lower Mississippi Region,H08,258,Gulf Coast Marsh,151,Not_NEP,Not_NEP,LA,LA,CPL,CPL,Non-Federal,NWC_11_NO,NWC_11_NO,Base,NWC16_11_TSN,P36,E2EM,LA,GFC,Gulf & Florida Coasts,ALL-EH,ALL-EH,PROB,FWS_ST_2005,Louisiana,F22075,LA,Target,73,Mississippi Alluvial Plain,73o,Deltaic Coastal Marshes and Barrier Islands,E2EM,E2EM,EH,TIDAL,CPL_E2EM,84598.44866,628362.3798,-881078.0003
8/24/2020,NWCA11-1630,3886,8/3/2011,1,NWC_LA-10026,PLNLOW,Plains and Lowlands,CPL,Coastal Plains,Terrebonne,Gulf Coast Region,CSTL_PLAIN,Atlantic and Gulf Coastal Plain,LRR T (MLRA 151),Region_06,Target_Sampled,H0809030204,Fourleague Bay-Frontal Gulf of Mexico,H080903020401,TIDAL,29.38430095,29.38430095,-91.09851424,-91.09851424,Atlantic and Gulf Coast Lowland Forest and Crop Region,T,Lower Mississippi Region,H08,258,Gulf Coast Marsh,151,Barataria-Terrebonne National Estuary Program,NEP,LA,LA,CPL,CPL,Non-Federal,NWC_11_NO,NWC_11_NO,Base,NWC16_11_TSN,P36,E2EM,LA,GFC,Gulf & Florida Coasts,ALL-EH,ALL-EH,PROB,FWS_ST_2005,Louisiana,F22109,LA,Target,73,Mississippi Alluvial Plain,73o,Deltaic Coastal Marshes and Barrier Islands,E2EM,E2EM,EH,TIDAL,CPL_E2EM,84598.44866,475729.2405,-893417.5192
8/24/2020,NWCA11-1631,4957,4/29/2011,1,NWC_LA-10027,PLNLOW,Plains and Lowlands,CPL,Coastal Plains,St. James,Gulf Coast Region,CSTL_PLAIN,Atlantic and Gulf Coastal Plain,LRR O,Region_06,Target_Sampled,H0807010001,Middle Mississippi River,H080701000105,INLAND,30.09142044,30.09142044,-90.91489301,-90.91489301,Mississippi Delta Cotton and Feed Grains Region,O,Lower Mississippi Region,H08,230,Southern Mississippi River Alluvium,131A,Barataria-Terrebonne National Estuary Program,NEP,LA,LA,CPL,CPL,Non-Federal,NWC_11_NO,NWC_11_NO,Base,NWC16_11_TSN,P17,PFO,LA,ICP,Inland Coastal Plains,CPL-PRLW,CPL-PRLW,PROB,FWS_ST_2005,Louisiana,F22093,LA,Target,73,Mississippi Alluvial Plain,73k,Southern Holocene Meander Belts,PFO,PFO,PRLW,RIVERINE,CPL_PFO,261564.4157,489340.16,-814170.3212
8/24/2020,NWCA11-1632,4877,5/22/2011,1,NWC_LA-10028,PLNLOW,Plains and Lowlands,CPL,Coastal Plains,West Carroll,Not Coast,CSTL_PLAIN,Atlantic and Gulf Coastal Plain,LRR P,Region_06,Target_Sampled,H0805000107,Camp Bayou-Boeuf River,H080500010701,INLAND,32.96491957,32.96491957,-91.39140555,-91.39140555,"South Atlantic and Gulf Slope Cash Crops, Forest, and Livestock Region",P,Lower Mississippi Region,H08,236,Southern Mississippi Valley Loess,134,Not_NEP,Not_NEP,LA,LA,CPL,CPL,Non-Federal,NWC_11_NO,NWC_11_NO,Base,NWC16_11_TSN,P17,PUBPAB,LA,ICP,Inland Coastal Plains,CPL-PRLH,CPL-PRLH,PROB,FWS_ST_2005,Louisiana,F22123,LA,Target,73,Mississippi Alluvial Plain,73j,Macon Ridge,PUBPAB,PEM,PRLH,DPRSS,CPL_PUBPAB,17504.50218,428017.8328,-497026.9142
8/24/2020,NWCA11-1633,3864,6/26/2011,1,NWC_LA-10029,PLNLOW,Plains and Lowlands,CPL,Coastal Plains,Lafourche,Gulf Coast Region,CSTL_PLAIN,Atlantic and Gulf Coastal Plain,LRR T (MLRA 151),Region_06,Target_Sampled,H0809030208,Bayou Pointe Au Chien-Frontal Timbalier Bay,H080903020810,TIDAL,29.1463012,29.1463012,-90.22509565,-90.22509565,Atlantic and Gulf Coast Lowland Forest and Crop Region,T,Lower Mississippi Region,H08,258,Gulf Coast Marsh,151,Barataria-Terrebonne National Estuary Program,NEP,LA,LA,CPL,CPL,Non-Federal,NWC_11_16,NWC_11_16,Base,NWC16_11_TSS,P36,E2SS,LA,GFC,Gulf & Florida Coasts,ALL-EH,ALL-EH,PROB,FWS_ST_2005,Louisiana,F22057,LA,Target,73,Mississippi Alluvial Plain,73o,Deltaic Coastal Marshes and Barrier Islands,E2SS,E2EM,EH,TIDAL,CPL_E2SS,622.86267,562006.3939,-914973.5433
8/24/2020,NWCA11-1634,4054,9/10/2011,1,NWC_LA-10030,PLNLOW,Plains and Lowlands,CPL,Coastal Plains,Vermilion,Gulf Coast Region,CSTL_PLAIN,Atlantic and Gulf Coastal Plain,LRR T (MLRA 151),Region_06,Target_Sampled,H0808010305,Marsh Island-Frontal Gulf of Mexico,H080801030501,TIDAL,29.60551886,29.60551886,-92.17851056,-92.17851056,Atlantic and Gulf Coast Lowland Forest and Crop Region,T,Lower Mississippi Region,H08,258,Gulf Coast Marsh,151,Not_NEP,Not_NEP,LA,LA,CPL,CPL,Non-Federal,NWC_11_NO,NWC_11_NO,Base,NWC16_11_TSN,P36,E2EM,LA,GFC,Gulf & Florida Coasts,ALL-EH,ALL-EH,PROB,FWS_ST_2005,Louisiana,F22113,LA,Target,34,Western Gulf Coastal Plain,34g,Texas-Louisiana Coastal Marshes,E2EM,E2EM,EH,TIDAL,CPL_E2EM,84598.44866,369985.5203,-873728.1332
8/24/2020,NWCA11-1635,3931,8/13/2011,1,NWC_LA-10031,PLNLOW,Plains and Lowlands,CPL,Coastal Plains,Vermilion,Gulf Coast Region,CSTL_PLAIN,Atlantic and Gulf Coastal Plain,LRR T (MLRA 151),Region_06,Target_Sampled,H0808010302,Lower Vermilion River-Frontal Vermilion Bay,H080801030206,TIDAL,29.78149733,29.78149733,-92.15204207,-92.15204207,Atlantic and Gulf Coast Lowland Forest and Crop Region,T,Lower Mississippi Region,H08,258,Gulf Coast Marsh,151,Not_NEP,Not_NEP,LA,LA,CPL,CPL,Non-Federal,NWC_11_NO,NWC_11_NO,Base,NWC16_11_TSN,P36,E2SS,LA,GFC,Gulf & Florida Coasts,ALL-EH,ALL-EH,PROB,FWS_ST_2005,Louisiana,F22113,LA,Target,34,Western Gulf Coastal Plain,34g,Texas-Louisiana Coastal Marshes,E2SS,E2EM,EH,TIDAL,CPL_E2SS,622.86267,371756.7686,-854125.7539
8/24/2020,NWCA11-1636,4871,6/11/2011,1,NWC_LA-10032,PLNLOW,Plains and Lowlands,CPL,Coastal Plains,Webster,Not Coast,CSTL_PLAIN,Atlantic and Gulf Coastal Plain,LRR P,Region_06,Target_Sampled,H1114020901,Headwaters Black Lake Bayou,H111402090106,INLAND,32.47018683,32.47018683,-93.17131231,-93.17131231,"South Atlantic and Gulf Slope Cash Crops, Forest, and Livestock Region",P,Arkansas-White-Red Region,H11,235,Western Coastal Plain,133B,Not_NEP,Not_NEP,LA,LA,CPL,CPL,Non-Federal,NWC_11_NO,NWC_11_NO,Base,NWC16_11_TSN,P14,PFO,LA,ICP,Inland Coastal Plains,CPL-PRLW,CPL-PRLW,PROB,FWS_ST_2005,Louisiana,F22119,LA,Target,35,South Central Plains,35a,Tertiary Uplands,PFO,PFO,PRLW,RIVERINE,CPL_PFO,508310.4473,264417.7265,-558660.4331
8/24/2020,NWCA11-1637,4958,5/25/2011,1,NWC_LA-10033,PLNLOW,Plains and Lowlands,CPL,Coastal Plains,St. Bernard,Gulf Coast Region,CSTL_PLAIN,Atlantic and Gulf Coastal Plain,LRR T (MLRA 151),Region_06,Target_Sampled,H0809020307,Bayou Terre Aux Boeufs-Frontal Breton Sound,H080902030702,TIDAL,29.74652906,29.74652906,-89.67261177,-89.67261177,Atlantic and Gulf Coast Lowland Forest and Crop Region,T,Lower Mississippi Region,H08,258,Gulf Coast Marsh,151,Not_NEP,Not_NEP,LA,LA,CPL,CPL,Non-Federal,NWC_11_NO,NWC_11_NO,Base,NWC16_11_TSN,P36,E2EM,LA,GFC,Gulf & Florida Coasts,ALL-EH,ALL-EH,PROB,FWS_ST_2005,Louisiana,F22087,LA,Target,73,Mississippi Alluvial Plain,73o,Deltaic Coastal Marshes and Barrier Islands,E2EM,E2EM,EH,TIDAL,CPL_E2EM,84598.44866,611271.5418,-845174.5269
8/24/2020,NWCA11-1638,3655,7/24/2011,1,NWC_LA-10034,PLNLOW,Plains and Lowlands,CPL,Coastal Plains,Terrebonne,Gulf Coast Region,CSTL_PLAIN,Atlantic and Gulf Coastal Plain,LRR T (MLRA 151),Region_06,Target_Sampled,H0809030207,Terrebonne Bay-Frontal Gulf of Mexico,H080903020706,TIDAL,29.08072265,29.08072265,-90.52187456,-90.52187456,Atlantic and Gulf Coast Lowland Forest and Crop Region,T,Lower Mississippi Region,H08,258,Gulf Coast Marsh,151,Barataria-Terrebonne National Estuary Program,NEP,LA,LA,CPL,CPL,Non-Federal,NWC_11_NO,NWC_11_NO,Base,NWC16_11_TSN,P36,E2SS,LA,GFC,Gulf & Florida Coasts,ALL-EH,ALL-EH,PROB,FWS_ST_2005,Louisiana,F22109,LA,Target,73,Mississippi Alluvial Plain,73o,Deltaic Coastal Marshes and Barrier Islands,E2SS,E2EM,EH,TIDAL,CPL_E2SS,622.86267,533575.5074,-923933.7825
8/24/2020,NWCA11-1639,4870,5/11/2011,1,NWC_LA-10035,PLNLOW,Plains and Lowlands,CPL,Coastal Plains,Catahoula,Not Coast,CSTL_PLAIN,Atlantic and Gulf Coastal Plain,LRR O,Region_06,Target_Sampled,H0804030101,Hibbs Bayou-Big Bayou,H080403010102,INLAND,31.55388236,31.55388236,-91.87051004,-91.87051004,Mississippi Delta Cotton and Feed Grains Region,O,Lower Mississippi Region,H08,230,Southern Mississippi River Alluvium,131A,Not_NEP,Not_NEP,LA,LA,CPL,CPL,Non-Federal,NWC_11_NO,NWC_11_NO,Base,NWC16_11_TSN,P17,PF,LA,ICP,Inland Coastal Plains,CPL-PRLW,CPL-PRLW,PROB,FWS_ST_2005,Louisiana,F22025,LA,Target,73,Mississippi Alluvial Plain,73m,Southern Backswamps,PF,PFO,PRLW,DPRSS,CPL_PF,134451.2212,390383.4888,-656207.2608
8/24/2020,NWCA11-1642,5118,6/19/2011,1,NWC_LA-10038,PLNLOW,Plains and Lowlands,CPL,Coastal Plains,Terrebonne,Gulf Coast Region,CSTL_PLAIN,Atlantic and Gulf Coastal Plain,LRR O,Region_06,Target_Sampled,H0809030206,Bayou Grand Caillou-Frontal Caillou Bay,H080903020604,TIDAL,29.31989493,29.31989493,-90.71314006,-90.71314006,Mississippi Delta Cotton and Feed Grains Region,O,Lower Mississippi Region,H08,230,Southern Mississippi River Alluvium,131A,Barataria-Terrebonne National Estuary Program,NEP,LA,LA,CPL,CPL,Non-Federal,NWC_11_NO,NWC_11_NO,Base,NWC16_11_TSN,P36,E2EM,LA,GFC,Gulf & Florida Coasts,ALL-EH,ALL-EH,PROB,FWS_ST_2005,Louisiana,F22109,LA,Target,73,Mississippi Alluvial Plain,73o,Deltaic Coastal Marshes and Barrier Islands,E2EM,E2EM,EH,TIDAL,CPL_E2EM,84598.44866,513492.5793,-898538.0786
8/24/2020,NWCA11-1643,3885,8/13/2011,1,NWC_LA-10039,PLNLOW,Plains and Lowlands,CPL,Coastal Plains,Iberia,Gulf Coast Region,CSTL_PLAIN,Atlantic and Gulf Coastal Plain,LRR T (MLRA 151),Region_06,Target_Sampled,H0808010302,Lower Vermilion River-Frontal Vermilion Bay,H080801030206,TIDAL,29.83884169,29.83884169,-91.95578192,-91.95578192,Atlantic and Gulf Coast Lowland Forest and Crop Region,T,Lower Mississippi Region,H08,258,Gulf Coast Marsh,151,Not_NEP,Not_NEP,LA,LA,CPL,CPL,Non-Federal,NWC_11_NO,NWC_11_NO,Base,NWC16_11_TSN,P36,E2SS,LA,GFC,Gulf & Florida Coasts,ALL-EW,ALL-EW,PROB,FWS_ST_2005,Louisiana,F22045,LA,Target,73,Mississippi Alluvial Plain,73o,Deltaic Coastal Marshes and Barrier Islands,E2SS,E2SS,EW,TIDAL,CPL_E2SS,622.86267,390435.9655,-846983.3461
8/24/2020,NWCA11-1645,3887,7/2/2011,1,NWC_LA-10041,PLNLOW,Plains and Lowlands,CPL,Coastal Plains,Plaquemines,Gulf Coast Region,CSTL_PLAIN,Atlantic and Gulf Coastal Plain,LRR T (MLRA 151),Region_06,Target_Sampled,H0809010002,Mississippi River Delta-Frontal Gulf of Mexico,H080901000205,TIDAL,29.11917005,29.11917005,-89.28403726,-89.28403726,Atlantic and Gulf Coast Lowland Forest and Crop Region,T,Lower Mississippi Region,H08,258,Gulf Coast Marsh,151,Barataria-Terrebonne National Estuary Program,NEP,LA,LA,CPL,CPL,Non-Federal,NWC_11_NO,NWC_11_NO,Base,NWC16_11_TSN,P36,PEM,LA,GFC,Gulf & Florida Coasts,ALL-EH,ALL-EH,PROB,FWS_ST_2005,Louisiana,F22075,LA,Target,73,Mississippi Alluvial Plain,73o,Deltaic Coastal Marshes and Barrier Islands,PEM,E2EM,EH,TIDAL,CPL_PEM,71733.27911,653659.3656,-911952.7118
8/24/2020,NWCA11-1646,3656,8/4/2011,1,NWC_LA-10042,PLNLOW,Plains and Lowlands,CPL,Coastal Plains,Terrebonne,Gulf Coast Region,CSTL_PLAIN,Atlantic and Gulf Coastal Plain,LRR T (MLRA 151),Region_06,Target_Sampled,H0809030204,Fourleague Bay-Frontal Gulf of Mexico,H080903020403,TIDAL,29.45236832,29.45236832,-91.20148504,-91.20148504,Atlantic and Gulf Coast Lowland Forest and Crop Region,T,Lower Mississippi Region,H08,258,Gulf Coast Marsh,151,Barataria-Terrebonne National Estuary Program,NEP,LA,LA,CPL,CPL,Non-Federal,NWC_11_NO,NWC_11_NO,Base,NWC16_11_TSN,P17,PEM,LA,GFC,Gulf & Florida Coasts,ALL-EH,ALL-EH,PROB,FWS_ST_2005,Louisiana,F22109,LA,Target,73,Mississippi Alluvial Plain,73o,Deltaic Coastal Marshes and Barrier Islands,PEM,E2EM,EH,TIDAL,CPL_PEM,160663.4528,465362.9416,-886393.7809
8/24/2020,NWCA11-1648,4869,6/25/2011,1,NWC_LA-10044,PLNLOW,Plains and Lowlands,CPL,Coastal Plains,Madison,Not Coast,CSTL_PLAIN,Atlantic and Gulf Coastal Plain,LRR O,Region_06,Target_Sampled,H0805000301,Tensas Bayou,H080500030106,INLAND,32.53542915,32.53542915,-91.26783898,-91.26783898,Mississippi Delta Cotton and Feed Grains Region,O,Lower Mississippi Region,H08,230,Southern Mississippi River Alluvium,131A,Not_NEP,Not_NEP,LA,LA,CPL,CPL,Non-Federal,NWC_11_NO,NWC_11_NO,Base,NWC16_11_TSN,P17,PF,LA,ICP,Inland Coastal Plains,CPL-PRLH,CPL-PRLH,PROB,FWS_ST_2005,Louisiana,F22065,LA,Target,73,Mississippi Alluvial Plain,73d,Northern Backswamps,PF,PF,PRLH,FLATS,CPL_PF,134451.2212,441869.4195,-544316.8413
8/24/2020,NWCA11-1649,5270,7/3/2011,1,NWC_LA-10045,PLNLOW,Plains and Lowlands,CPL,Coastal Plains,Plaquemines,Gulf Coast Region,CSTL_PLAIN,Atlantic and Gulf Coastal Plain,LRR T (MLRA 151),Region_06,Target_Sampled,H0809030106,Grand Bayou-Frontal Gulf of Mexico,H080903010602,TIDAL,29.31450724,29.31450724,-89.73978895,-89.73978895,Atlantic and Gulf Coast Lowland Forest and Crop Region,T,Lower Mississippi Region,H08,258,Gulf Coast Marsh,151,Barataria-Terrebonne National Estuary Program,NEP,LA,LA,CPL,CPL,Non-Federal,NWC_11_NO,NWC_11_NO,Base,NWC16_11_TSN,P36,E2SS,LA,GFC,Gulf & Florida Coasts,ALL-EH,ALL-EH,PROB,FWS_ST_2005,Louisiana,F22075,LA,Target,73,Mississippi Alluvial Plain,73o,Deltaic Coastal Marshes and Barrier Islands,E2SS,E2EM,EH,TIDAL,CPL_E2SS,622.86267,607943.6285,-893390.87
8/24/2020,NWCA11-1651,5110,5/2/2011,1,NWC_LA-10047,PLNLOW,Plains and Lowlands,CPL,Coastal Plains,Vermilion,Gulf Coast Region,CSTL_PLAIN,Atlantic and Gulf Coastal Plain,LRR P,Region_06,Target_Sampled,H0808020201,Bayou Queue De Tortue,H080802020101,INLAND,30.13764414,30.13764414,-92.23337143,-92.23337143,"South Atlantic and Gulf Slope Cash Crops, Forest, and Livestock Region",P,Lower Mississippi Region,H08,236,Southern Mississippi Valley Loess,134,Not_NEP,Not_NEP,LA,LA,CPL,CPL,Non-Federal,NWC_11_16,NWC_11_16,Base,NWC16_11_TSS,P13,PF,LA,ICP,Inland Coastal Plains,CPL-PRLW,CPL-PRLW,PROB,FWS_ST_2005,Louisiana,F22113,LA,Target,34,Western Gulf Coastal Plain,34j,Lafayette Loess Plains,PF,PSS,PRLW,FLATS,CPL_PF,149731.7728,362337.68,-814953.0677
8/24/2020,NWCA11-1653,5111,5/26/2011,1,NWC_LA-10049,PLNLOW,Plains and Lowlands,CPL,Coastal Plains,Plaquemines,Gulf Coast Region,CSTL_PLAIN,Atlantic and Gulf Coastal Plain,LRR T (MLRA 151),Region_06,Target_Sampled,H0809020305,Bayou Gentilly-Bayou Terre aux Boeufs,H080902030508,TIDAL,29.63270597,29.63270597,-89.78440641,-89.78440641,Atlantic and Gulf Coast Lowland Forest and Crop Region,T,Lower Mississippi Region,H08,258,Gulf Coast Marsh,151,Not_NEP,Not_NEP,LA,LA,CPL,CPL,Non-Federal,NWC_11_NO,NWC_11_NO,Base,NWC16_11_TSN,P36,E2EM,LA,GFC,Gulf & Florida Coasts,ALL-EH,ALL-EH,PROB,FWS_ST_2005,Louisiana,F22075,LA,Target,73,Mississippi Alluvial Plain,73o,Deltaic Coastal Marshes and Barrier Islands,E2EM,E2EM,EH,TIDAL,CPL_E2EM,84598.44866,601311.8722,-858482.4754
8/24/2020,NWCA11-1654,5112,6/17/2011,1,NWC_LA-10050,PLNLOW,Plains and Lowlands,CPL,Coastal Plains,Terrebonne,Gulf Coast Region,CSTL_PLAIN,Atlantic and Gulf Coastal Plain,LRR T (MLRA 151),Region_06,Target_Sampled,H0809030208,Bayou Pointe Au Chien-Frontal Timbalier Bay,H080903020801,TIDAL,29.40255295,29.40255295,-90.59965048,-90.59965048,Atlantic and Gulf Coast Lowland Forest and Crop Region,T,Lower Mississippi Region,H08,258,Gulf Coast Marsh,151,Barataria-Terrebonne National Estuary Program,NEP,LA,LA,CPL,CPL,Non-Federal,NWC_11_NO,NWC_11_NO,Base,NWC16_11_TSN,P36,E2SS,LA,GFC,Gulf & Florida Coasts,ALL-EH,ALL-EH,PROB,FWS_ST_2005,Louisiana,F22109,LA,Target,73,Mississippi Alluvial Plain,73o,Deltaic Coastal Marshes and Barrier Islands,E2SS,E2EM,EH,FLATS,CPL_E2SS,622.86267,523983.4513,-888773.9335
8/24/2020,NWCA11-1658,4757,9/10/2011,1,NWC_LA-10054,PLNLOW,Plains and Lowlands,CPL,Coastal Plains,Vermilion,Gulf Coast Region,CSTL_PLAIN,Atlantic and Gulf Coastal Plain,LRR T (MLRA 151),Region_06,Target_Sampled,H0808010305,Marsh Island-Frontal Gulf of Mexico,H080801030501,TIDAL,29.58902313,29.58902313,-92.04680168,-92.04680168,Atlantic and Gulf Coast Lowland Forest and Crop Region,T,Lower Mississippi Region,H08,258,Gulf Coast Marsh,151,Not_NEP,Not_NEP,LA,LA,CPL,CPL,Non-Federal,NWC_11_NO,NWC_11_NO,Base,NWC16_11_TSN,P36,E2EM,LA,GFC,Gulf & Florida Coasts,ALL-EH,ALL-EH,PROB,FWS_ST_2005,Louisiana,F22113,LA,Target,73,Mississippi Alluvial Plain,73o,Deltaic Coastal Marshes and Barrier Islands,E2EM,E2EM,EH,TIDAL,CPL_E2EM,84598.44866,382806.0141,-875033.818
8/24/2020,NWCA11-1659,5113,5/1/2011,1,NWC_LA-10055,PLNLOW,Plains and Lowlands,CPL,Coastal Plains,Iberia,Gulf Coast Region,CSTL_PLAIN,Atlantic and Gulf Coastal Plain,LRR O,Region_06,Target_Sampled,H0808010208,Middle Bayou Teche,H080801020801,INLAND,30.09094467,30.09094467,-91.65381966,-91.65381966,Mississippi Delta Cotton and Feed Grains Region,O,Lower Mississippi Region,H08,230,Southern Mississippi River Alluvium,131A,Not_NEP,Not_NEP,LA,LA,CPL,CPL,Non-Federal,NWC_11_NO,NWC_11_NO,Base,NWC16_11_TSN,P17,PFO,LA,ICP,Inland Coastal Plains,CPL-PRLW,CPL-PRLW,PROB,FWS_ST_2005,Louisiana,F22045,LA,Target,73,Mississippi Alluvial Plain,73n,Inland Swamps,PFO,PFO,PRLW,FRINGE,CPL_PFO,261564.4157,418289.4178,-817751.6998
8/24/2020,NWCA11-1660,4868,5/18/2011,1,NWC_LA-10056,PLNLOW,Plains and Lowlands,CPL,Coastal Plains,Jefferson Davis,Not Coast,CSTL_PLAIN,Atlantic and Gulf Coastal Plain,LRR T (MLRA 150A),Region_06,Target_Sampled,H0808020306,Bayou Serpent,H080802030602,INLAND,30.37595821,30.37595821,-92.71348866,-92.71348866,Atlantic and Gulf Coast Lowland Forest and Crop Region,T,Lower Mississippi Region,H08,256,Gulf Coast Prairies,150A,Not_NEP,Not_NEP,LA,LA,CPL,CPL,Non-Federal,NWC_11_NO,NWC_11_NO,Base,NWC16_11_TSN,P13,PF,LA,ICP,Inland Coastal Plains,CPL-PRLH,CPL-PRLH,PROB,FWS_ST_2005,Louisiana,F22053,LA,Target,34,Western Gulf Coastal Plain,34a,Northern Humid Gulf Coastal Prairies,PF,PF,PRLH,FLATS,CPL_PF,149731.7728,315256.775,-790221.7583
8/24/2020,NWCA11-1661,3657,6/12/2011,1,NWC_LA-10057,PLNLOW,Plains and Lowlands,CPL,Coastal Plains,Plaquemines,Gulf Coast Region,CSTL_PLAIN,Atlantic and Gulf Coastal Plain,LRR T (MLRA 151),Region_06,Target_Sampled,H0809020307,Bayou Terre Aux Boeufs-Frontal Breton Sound,H080902030704,TIDAL,29.5673375,29.5673375,-89.71517282,-89.71517282,Atlantic and Gulf Coast Lowland Forest and Crop Region,T,Lower Mississippi Region,H08,258,Gulf Coast Marsh,151,Not_NEP,Not_NEP,LA,LA,CPL,CPL,Non-Federal,NWC_11_NO,NWC_11_NO,Base,NWC16_11_TSN,P36,E2EM,LA,GFC,Gulf & Florida Coasts,ALL-EH,ALL-EH,PROB,FWS_ST_2005,Louisiana,F22075,LA,Target,73,Mississippi Alluvial Plain,73o,Deltaic Coastal Marshes and Barrier Islands,E2EM,E2EM,EH,TIDAL,CPL_E2EM,84598.44866,608478.9303,-865273.5335
8/24/2020,NWCA11-1662,5114,5/10/2011,1,NWC_LA-10058,PLNLOW,Plains and Lowlands,CPL,Coastal Plains,Cameron,Gulf Coast Region,CSTL_PLAIN,Atlantic and Gulf Coastal Plain,LRR T (MLRA 151),Region_06,Target_Sampled,H0808020210,Constance Bayou-Frontal Gulf of Mexico,H080802021001,INLAND,29.74409828,29.74409828,-92.8194581,-92.8194581,Atlantic and Gulf Coast Lowland Forest and Crop Region,T,Lower Mississippi Region,H08,258,Gulf Coast Marsh,151,Not_NEP,Not_NEP,LA,LA,CPL,CPL,Non-Federal,NWC_11_NO,NWC_11_NO,Base,NWC16_11_TSN,P36,PF,LA,ICP,Inland Coastal Plains,CPL-PRLH,CPL-PRLH,PROB,FWS_ST_2005,Louisiana,F22023,LA,Target,34,Western Gulf Coastal Plain,34g,Texas-Louisiana Coastal Marshes,PF,PEM,PRLH,DPRSS,CPL_PF,60029.99941,307442.1446,-860655.949
8/24/2020,NWCA11-1663,4867,6/3/2011,1,NWC_LA-10059,PLNLOW,Plains and Lowlands,CPL,Coastal Plains,St. Landry,Gulf Coast Region,CSTL_PLAIN,Atlantic and Gulf Coastal Plain,LRR O,Region_06,Target_Sampled,H0808010204,Bayou Des Glaises-Bayou Rouge,H080801020404,INLAND,30.7684237,30.7684237,-91.92560408,-91.92560408,Mississippi Delta Cotton and Feed Grains Region,O,Lower Mississippi Region,H08,230,Southern Mississippi River Alluvium,131A,Not_NEP,Not_NEP,LA,LA,CPL,CPL,Non-Federal,NWC_11_NO,NWC_11_NO,Base,NWC16_11_TSN,P17,PFO,LA,ICP,Inland Coastal Plains,CPL-PRLW,CPL-PRLW,PROB,FWS_ST_2005,Louisiana,F22097,LA,Target,73,Mississippi Alluvial Plain,73k,Southern Holocene Meander Belts,PFO,PFO,PRLW,FLATS,CPL_PFO,261564.4157,388923.3405,-743728.3422
8/24/2020,NWCA11-1664,4866,6/24/2011,1,NWC_LA-10060,PLNLOW,Plains and Lowlands,CPL,Coastal Plains,Madison,Not Coast,CSTL_PLAIN,Atlantic and Gulf Coastal Plain,LRR O,Region_06,Target_Sampled,H0805000303,Tensas Bayou-Tensas River,H080500030305,INLAND,32.24855801,32.24855801,-91.43918287,-91.43918287,Mississippi Delta Cotton and Feed Grains Region,O,Lower Mississippi Region,H08,230,Southern Mississippi River Alluvium,131A,Not_NEP,Not_NEP,LA,LA,CPL,CPL,Non-Federal,NWC_11_NO,NWC_11_NO,Base,NWC16_11_TSN,P17,PSS,LA,ICP,Inland Coastal Plains,CPL-PRLW,CPL-PRLW,PROB,FWS_ST_2005,Louisiana,F22065,LA,Target,73,Mississippi Alluvial Plain,73d,Northern Backswamps,PSS,PSS,PRLW,FLATS,CPL_PSS,45529.52839,427416.9527,-577046.5364
8/24/2020,NWCA11-1665,3930,8/27/2011,1,NWC_LA-10061,PLNLOW,Plains and Lowlands,CPL,Coastal Plains,Jefferson,Gulf Coast Region,CSTL_PLAIN,Atlantic and Gulf Coastal Plain,LRR T (MLRA 151),Region_06,Target_Sampled,H0809030104,Bayou Perot-Little Lake,H080903010410,TIDAL,29.46787522,29.46787522,-90.04913792,-90.04913792,Atlantic and Gulf Coast Lowland Forest and Crop Region,T,Lower Mississippi Region,H08,258,Gulf Coast Marsh,151,Barataria-Terrebonne National Estuary Program,NEP,LA,LA,CPL,CPL,Non-Federal,NWC_11_NO,NWC_11_NO,Base,NWC16_11_TSN,P36,E2EM,LA,GFC,Gulf & Florida Coasts,ALL-EH,ALL-EH,PROB,FWS_ST_2005,Louisiana,F22051,LA,Target,73,Mississippi Alluvial Plain,73o,Deltaic Coastal Marshes and Barrier Islands,E2EM,E2EM,EH,TIDAL,CPL_E2EM,84598.44866,576878.7855,-878358.7618
8/24/2020,NWCA11-1666,5115,5/3/2011,1,NWC_LA-10062,PLNLOW,Plains and Lowlands,CPL,Coastal Plains,Cameron,Gulf Coast Region,CSTL_PLAIN,Atlantic and Gulf Coastal Plain,LRR T (MLRA 151),Region_06,Target_Sampled,H0808020606,Old North Bayou-Starks South Canal,H080802060602,TIDAL,29.77454868,29.77454868,-93.53254947,-93.53254947,Atlantic and Gulf Coast Lowland Forest and Crop Region,T,Lower Mississippi Region,H08,258,Gulf Coast Marsh,151,Not_NEP,Not_NEP,LA,LA,CPL,CPL,Non-Federal,NWC_11_NO,NWC_11_NO,Base,NWC16_11_TSN,P36,E2EM,LA,GFC,Gulf & Florida Coasts,ALL-EH,ALL-EH,PROB,FWS_ST_2005,Louisiana,F22023,LA,Target,34,Western Gulf Coastal Plain,34g,Texas-Louisiana Coastal Marshes,E2EM,E2EM,EH,FLATS,CPL_E2EM,84598.44866,238442.3256,-859328.194
8/24/2020,NWCA11-1667,5451,5/5/2011,1,NWC_LA-10063,PLNLOW,Plains and Lowlands,CPL,Coastal Plains,Vermilion,Gulf Coast Region,CSTL_PLAIN,Atlantic and Gulf Coastal Plain,LRR T (MLRA 150A),Region_06,Target_Sampled,H0808020206,Gueydan Canal-Frontal Intercoastal Waterway,H080802020602,INLAND,30.00210286,30.00210286,-92.5854714,-92.5854714,Atlantic and Gulf Coast Lowland Forest and Crop Region,T,Lower Mississippi Region,H08,256,Gulf Coast Prairies,150A,Not_NEP,Not_NEP,LA,LA,CPL,CPL,Non-Federal,NWC_11_NO,NWC_11_NO,Base,NWC16_11_TSN,P13,PSS,LA,ICP,Inland Coastal Plains,CPL-PRLW,CPL-PRLW,PROB,FWS_ST_2005,Louisiana,F22113,LA,Target,34,Western Gulf Coastal Plain,34a,Northern Humid Gulf Coastal Prairies,PSS,PFO,PRLW,DPRSS,CPL_PSS,50704.01697,329022.5089,-831266.6751
8/24/2020,NWCA11-1668,4865,5/13/2011,1,NWC_LA-10064,PLNLOW,Plains and Lowlands,CPL,Coastal Plains,Union,Not Coast,CSTL_PLAIN,Atlantic and Gulf Coastal Plain,LRR P,Region_06,Target_Sampled,H0804020203,Cecil Creek,H080402020302,INLAND,32.98987303,32.98987303,-92.25489106,-92.25489106,"South Atlantic and Gulf Slope Cash Crops, Forest, and Livestock Region",P,Lower Mississippi Region,H08,235,Western Coastal Plain,133B,Not_NEP,Not_NEP,LA,LA,CPL,CPL,Non-Federal,NWC_11_NO,NWC_11_NO,Base,NWC16_11_TSN,P14,PFO,LA,ICP,Inland Coastal Plains,CPL-PRLW,CPL-PRLW,PROB,FWS_ST_2005,Louisiana,F22111,LA,Target,35,South Central Plains,35a,Tertiary Uplands,PFO,PFO,PRLW,RIVERINE,CPL_PFO,508310.4473,347759.2189,-497769.2492
8/24/2020,NWCA11-1669,3881,7/9/2011,1,NWC_LA-10065,PLNLOW,Plains and Lowlands,CPL,Coastal Plains,Terrebonne,Gulf Coast Region,CSTL_PLAIN,Atlantic and Gulf Coastal Plain,LRR T (MLRA 151),Region_06,Target_Sampled,H0809030207,Terrebonne Bay-Frontal Gulf of Mexico,H080903020706,TIDAL,29.07830843,29.07830843,-90.51525074,-90.51525074,Atlantic and Gulf Coast Lowland Forest and Crop Region,T,Lower Mississippi Region,H08,258,Gulf Coast Marsh,151,Barataria-Terrebonne National Estuary Program,NEP,LA,LA,CPL,CPL,Non-Federal,NWC_11_16,NWC_11_16,Base,NWC16_11_TSS,P36,E2SS,LA,GFC,Gulf & Florida Coasts,ALL-EW,ALL-EW,PROB,FWS_ST_2005,Louisiana,F22109,LA,Target,73,Mississippi Alluvial Plain,73o,Deltaic Coastal Marshes and Barrier Islands,E2SS,E2SS,EW,TIDAL,CPL_E2SS,622.86267,534235.379,-924163.4565
8/24/2020,NWCA11-1670,5452,5/6/2011,1,NWC_LA-10066,PLNLOW,Plains and Lowlands,CPL,Coastal Plains,Cameron,Gulf Coast Region,CSTL_PLAIN,Atlantic and Gulf Coastal Plain,LRR T (MLRA 151),Region_06,Target_Sampled,H0808020605,Intracoastal Waterway-Frontal Calcasieu Lake,H080802060503,TIDAL,30.0365473,30.0365473,-93.27993183,-93.27993183,Atlantic and Gulf Coast Lowland Forest and Crop Region,T,Lower Mississippi Region,H08,258,Gulf Coast Marsh,151,Not_NEP,Not_NEP,LA,LA,CPL,CPL,Non-Federal,NWC_11_NO,NWC_11_NO,Base,NWC16_11_TSN,P36,E2EM,LA,GFC,Gulf & Florida Coasts,ALL-EH,ALL-EH,PROB,FWS_ST_2005,Louisiana,F22023,LA,Target,34,Western Gulf Coastal Plain,34g,Texas-Louisiana Coastal Marshes,E2EM,E2EM,EH,TIDAL,CPL_E2EM,84598.44866,262015.8148,-829605.6563
8/24/2020,NWCA11-1673,3890,8/2/2011,1,NWC_LA-10069,PLNLOW,Plains and Lowlands,CPL,Coastal Plains,Terrebonne,Gulf Coast Region,CSTL_PLAIN,Atlantic and Gulf Coastal Plain,LRR T (MLRA 151),Region_06,Target_Sampled,H0809030204,Fourleague Bay-Frontal Gulf of Mexico,H080903020402,TIDAL,29.2969591,29.2969591,-91.05079265,-91.05079265,Atlantic and Gulf Coast Lowland Forest and Crop Region,T,Lower Mississippi Region,H08,258,Gulf Coast Marsh,151,Barataria-Terrebonne National Estuary Program,NEP,LA,LA,CPL,CPL,Non-Federal,NWC_11_NO,NWC_11_NO,Base,NWC16_11_TSN,P36,E2SS,LA,GFC,Gulf & Florida Coasts,ALL-EH,ALL-EH,PROB,FWS_ST_2005,Louisiana,F22109,LA,Target,73,Mississippi Alluvial Plain,73o,Deltaic Coastal Marshes and Barrier Islands,E2SS,E2EM,EH,TIDAL,CPL_E2SS,622.86267,480860.6154,-902842.0102
8/24/2020,NWCA11-1674,4864,5/19/2011,1,NWC_LA-10070,PLNLOW,Plains and Lowlands,CPL,Coastal Plains,Allen,Not Coast,CSTL_PLAIN,Atlantic and Gulf Coastal Plain,"LRR T (MLRA 152A, 152B, 153A)",Region_06,Target_Sampled,H0808020404,Whisky Chitto Creek,H080802040407,INLAND,30.59677441,30.59677441,-92.95073731,-92.95073731,Atlantic and Gulf Coast Lowland Forest and Crop Region,T,Lower Mississippi Region,H08,260,Western Gulf Coast Flatwoods,152B,Not_NEP,Not_NEP,LA,LA,CPL,CPL,Non-Federal,NWC_11_NO,NWC_11_NO,OverSamp,NWC16_11_TSN,P13,PSS,LA,ICP,Inland Coastal Plains,CPL-PRLW,CPL-PRLW,PROB,FWS_ST_2005,Louisiana,F22003,LA,Target,35,South Central Plains,35f,Flatwoods,PSS,PFO,PRLW,RIVERINE,CPL_PSS,50704.01697,291719.9915,-766462.6634
8/24/2020,NWCA11-1675,5453,8/12/2011,1,NWC_LA-10071,PLNLOW,Plains and Lowlands,CPL,Coastal Plains,Plaquemines,Gulf Coast Region,CSTL_PLAIN,Atlantic and Gulf Coastal Plain,LRR T (MLRA 151),Region_06,Target_Sampled,H0809020307,Bayou Terre Aux Boeufs-Frontal Breton Sound,H080902030704,TIDAL,29.58630055,29.58630055,-89.79107357,-89.79107357,Atlantic and Gulf Coast Lowland Forest and Crop Region,T,Lower Mississippi Region,H08,258,Gulf Coast Marsh,151,Not_NEP,Not_NEP,LA,LA,CPL,CPL,Non-Federal,NWC_11_NO,NWC_11_NO,OverSamp,NWC16_11_TSN,P36,E2SS,LA,GFC,Gulf & Florida Coasts,ALL-EH,ALL-EH,PROB,FWS_ST_2005,Louisiana,F22075,LA,Target,73,Mississippi Alluvial Plain,73o,Deltaic Coastal Marshes and Barrier Islands,E2SS,E2EM,EH,TIDAL,CPL_E2SS,622.86267,601003.7045,-863658.7459
8/24/2020,NWCA11-1676,5454,6/8/2011,1,NWC_LA-10072,PLNLOW,Plains and Lowlands,CPL,Coastal Plains,Iberville,Not Coast,CSTL_PLAIN,Atlantic and Gulf Coastal Plain,LRR O,Region_06,Target_Sampled,H0807030003,Bayou Grosse Tete,H080703000304,INLAND,30.2932541,30.2932541,-91.49044713,-91.49044713,Mississippi Delta Cotton and Feed Grains Region,O,Lower Mississippi Region,H08,230,Southern Mississippi River Alluvium,131A,Barataria-Terrebonne National Estuary Program,NEP,LA,LA,CPL,CPL,Non-Federal,NWC_11_NO,NWC_11_NO,OverSamp,NWC16_11_TSN,P17,PFO,LA,ICP,Inland Coastal Plains,CPL-PRLW,CPL-PRLW,PROB,FWS_ST_2005,Louisiana,F22047,LA,Target,73,Mississippi Alluvial Plain,73n,Inland Swamps,PFO,PFO,PRLW,FLATS,CPL_PFO,261564.4157,432935.9024,-794584.2445
8/24/2020,NWCA11-1677,3659,7/23/2011,1,NWC_LA-10073,PLNLOW,Plains and Lowlands,CPL,Coastal Plains,Terrebonne,Gulf Coast Region,CSTL_PLAIN,Atlantic and Gulf Coastal Plain,LRR T (MLRA 151),Region_06,Target_Sampled,H0809030207,Terrebonne Bay-Frontal Gulf of Mexico,H080903020706,TIDAL,29.0852585,29.0852585,-90.52969067,-90.52969067,Atlantic and Gulf Coast Lowland Forest and Crop Region,T,Lower Mississippi Region,H08,258,Gulf Coast Marsh,151,Barataria-Terrebonne National Estuary Program,NEP,LA,LA,CPL,CPL,Non-Federal,NWC_11_NO,NWC_11_NO,OverSamp,NWC16_11_TSN,P36,E2SS,LA,GFC,Gulf & Florida Coasts,ALL-EW,ALL-EW,PROB,FWS_ST_2005,Louisiana,F22109,LA,Target,73,Mississippi Alluvial Plain,73o,Deltaic Coastal Marshes and Barrier Islands,E2SS,E2SS,EW,TIDAL,CPL_E2SS,622.86267,532786.1555,-923476.1988
8/24/2020,NWCA11-1678,5455,6/10/2011,1,NWC_LA-10074,PLNLOW,Plains and Lowlands,CPL,Coastal Plains,Cameron,Gulf Coast Region,CSTL_PLAIN,Atlantic and Gulf Coastal Plain,LRR T (MLRA 150A),Region_06,Target_Sampled,H0808020605,Intracoastal Waterway-Frontal Calcasieu Lake,H080802060503,TIDAL,30.02893495,30.02893495,-93.25151433,-93.25151433,Atlantic and Gulf Coast Lowland Forest and Crop Region,T,Lower Mississippi Region,H08,256,Gulf Coast Prairies,150A,Not_NEP,Not_NEP,LA,LA,CPL,CPL,Non-Federal,NWC_11_16,NWC_11_16,OverSamp,NWC16_11_TSS,P36,E2SS,LA,GFC,Gulf & Florida Coasts,ALL-EH,ALL-EH,PROB,FWS_ST_2005,Louisiana,F22023,LA,Target,34,Western Gulf Coastal Plain,34g,Texas-Louisiana Coastal Marshes,E2SS,E2EM,EH,FLATS,CPL_E2SS,622.86267,264776.8558,-830371.3598
8/24/2020,NWCA11-1680,5456,9/10/2011,1,NWC_LA-10076,PLNLOW,Plains and Lowlands,CPL,Coastal Plains,Iberia,Gulf Coast Region,CSTL_PLAIN,Atlantic and Gulf Coastal Plain,LRR O,Region_06,Target_Sampled,H0808010304,Weeks Bayou-Frontal Vermilion Bay,H080801030401,TIDAL,29.85488679,29.85488679,-91.82539677,-91.82539677,Mississippi Delta Cotton and Feed Grains Region,O,Lower Mississippi Region,H08,230,Southern Mississippi River Alluvium,131A,Not_NEP,Not_NEP,LA,LA,CPL,CPL,Non-Federal,NWC_11_NO,NWC_11_NO,OverSamp,NWC16_11_TSN,P36,E2EM,LA,GFC,Gulf & Florida Coasts,ALL-EH,ALL-EH,PROB,FWS_ST_2005,Louisiana,F22045,LA,Target,73,Mississippi Alluvial Plain,73o,Deltaic Coastal Marshes and Barrier Islands,E2EM,E2EM,EH,TIDAL,CPL_E2EM,84598.44866,402937.4439,-844660.824
8/24/2020,NWCA11-1681,5457,9/11/2011,1,NWC_LA-10077,PLNLOW,Plains and Lowlands,CPL,Coastal Plains,St. Mary,Gulf Coast Region,CSTL_PLAIN,Atlantic and Gulf Coastal Plain,LRR O,Region_06,Target_Sampled,H0808010105,Lower Atchafalaya River,H080801010502,INLAND,29.65827699,29.65827699,-91.28661889,-91.28661889,Mississippi Delta Cotton and Feed Grains Region,O,Lower Mississippi Region,H08,230,Southern Mississippi River Alluvium,131A,Not_NEP,Not_NEP,LA,LA,CPL,CPL,Non-Federal,NWC_11_NO,NWC_11_NO,OverSamp,NWC16_11_TSN,P17,PSS,LA,ICP,Inland Coastal Plains,CPL-PRLW,CPL-PRLW,PROB,FWS_ST_2005,Louisiana,F22101,LA,Target,73,Mississippi Alluvial Plain,73k,Southern Holocene Meander Belts,PSS,PFO,PRLW,FLATS,CPL_PSS,45529.52839,455981.7636,-864008.3334
8/24/2020,NWCA11-1683,3932,8/28/2011,1,NWC_LA-10079,PLNLOW,Plains and Lowlands,CPL,Coastal Plains,Vermilion,Gulf Coast Region,CSTL_PLAIN,Atlantic and Gulf Coastal Plain,LRR T (MLRA 151),Region_06,Target_Sampled,H0808020207,Schooner Bayou Canal-Intracoastal Waterway,H080802020703,TIDAL,29.67650479,29.67650479,-92.39512435,-92.39512435,Atlantic and Gulf Coast Lowland Forest and Crop Region,T,Lower Mississippi Region,H08,258,Gulf Coast Marsh,151,Not_NEP,Not_NEP,LA,LA,CPL,CPL,Non-Federal,NWC_11_NO,NWC_11_NO,OverSamp,NWC16_11_TSN,P13,PEM,LA,GFC,Gulf & Florida Coasts,ALL-EH,ALL-EH,PROB,FWS_ST_2005,Louisiana,F22113,LA,Target,34,Western Gulf Coastal Plain,34g,Texas-Louisiana Coastal Marshes,PEM,E2EM,EH,TIDAL,CPL_PEM,178923.0577,348725.4677,-866682.2686
8/24/2020,NWCA11-1685,3660,7/22/2011,1,NWC_LA-10081,PLNLOW,Plains and Lowlands,CPL,Coastal Plains,Terrebonne,Gulf Coast Region,CSTL_PLAIN,Atlantic and Gulf Coastal Plain,LRR T (MLRA 151),Region_06,Target_Sampled,H0809030207,Terrebonne Bay-Frontal Gulf of Mexico,H080903020706,TIDAL,29.07400902,29.07400902,-90.51074903,-90.51074903,Atlantic and Gulf Coast Lowland Forest and Crop Region,T,Lower Mississippi Region,H08,258,Gulf Coast Marsh,151,Barataria-Terrebonne National Estuary Program,NEP,LA,LA,CPL,CPL,Non-Federal,NWC_11_NO,NWC_11_NO,OverSamp,NWC16_11_TSN,P36,E2SS,LA,GFC,Gulf & Florida Coasts,ALL-EH,ALL-EH,PROB,FWS_ST_2005,Louisiana,F22109,LA,Target,73,Mississippi Alluvial Plain,73o,Deltaic Coastal Marshes and Barrier Islands,E2SS,E2EM,EH,TIDAL,CPL_E2SS,622.86267,534700.8588,-924613.4246
8/24/2020,NWCA11-1690,5458,6/13/2011,1,NWC_LA-10086,PLNLOW,Plains and Lowlands,CPL,Coastal Plains,Iberville,Not Coast,CSTL_PLAIN,Atlantic and Gulf Coastal Plain,LRR O,Region_06,Target_Sampled,H0807030004,Wilbert Canal-Choctaw Bayou,H080703000403,INLAND,30.05862805,30.05862805,-91.23079954,-91.23079954,Mississippi Delta Cotton and Feed Grains Region,O,Lower Mississippi Region,H08,230,Southern Mississippi River Alluvium,131A,Barataria-Terrebonne National Estuary Program,NEP,LA,LA,CPL,CPL,Non-Federal,NWC_11_NO,NWC_11_NO,OverSamp,NWC16_11_TSN,P17,PUBPAB,LA,ICP,Inland Coastal Plains,CPL-PRLH,CPL-PRLH,PROB,FWS_ST_2005,Louisiana,F22047,LA,Target,73,Mississippi Alluvial Plain,73n,Inland Swamps,PUBPAB,PEM,PRLH,FLATS,CPL_PUBPAB,17504.50218,459149.4029,-819381.5377
8/24/2020,NWCA11-1691,5459,6/20/2011,1,NWC_LA-10087,PLNLOW,Plains and Lowlands,CPL,Coastal Plains,Cameron,Gulf Coast Region,CSTL_PLAIN,Atlantic and Gulf Coastal Plain,LRR T (MLRA 151),Region_06,Target_Sampled,H0808020604,Black Lake Bayou-Starks North Canal,H080802060406,TIDAL,30.03509159,30.03509159,-93.43244595,-93.43244595,Atlantic and Gulf Coast Lowland Forest and Crop Region,T,Lower Mississippi Region,H08,258,Gulf Coast Marsh,151,Not_NEP,Not_NEP,LA,LA,CPL,CPL,Non-Federal,NWC_11_NO,NWC_11_NO,OverSamp,NWC16_11_TSN,P36,E2SS,LA,GFC,Gulf & Florida Coasts,ALL-EH,ALL-EH,PROB,FWS_ST_2005,Louisiana,F22023,LA,Target,34,Western Gulf Coastal Plain,34g,Texas-Louisiana Coastal Marshes,E2SS,E2EM,EH,FLATS,CPL_E2SS,622.86267,247332.6432,-830175.8634
8/24/2020,NWCA11-1694,5460,6/15/2011,1,NWC_LA-10090,PLNLOW,Plains and Lowlands,CPL,Coastal Plains,Lafourche,Gulf Coast Region,CSTL_PLAIN,Atlantic and Gulf Coastal Plain,LRR T (MLRA 151),Region_06,Target_Sampled,H0809030208,Bayou Pointe Au Chien-Frontal Timbalier Bay,H080903020802,TIDAL,29.4844005,29.4844005,-90.47139143,-90.47139143,Atlantic and Gulf Coast Lowland Forest and Crop Region,T,Lower Mississippi Region,H08,258,Gulf Coast Marsh,151,Barataria-Terrebonne National Estuary Program,NEP,LA,LA,CPL,CPL,State,NWC_11_NO,NWC_11_NO,OverSamp,NWC16_11_TSN,P17,PEM,LA,GFC,Gulf & Florida Coasts,ALL-EH,ALL-EH,PROB,FWS_ST_2005,Louisiana,F22057,LA,Target,73,Mississippi Alluvial Plain,73o,Deltaic Coastal Marshes and Barrier Islands,PEM,E2EM,EH,FLATS,CPL_PEM,160663.4528,535886.8328,-879002.6068
8/24/2020,NWCA11-1695,4863,7/7/2011,1,NWC_LA-10091,PLNLOW,Plains and Lowlands,CPL,Coastal Plains,Avoyelles,Gulf Coast Region,CSTL_PLAIN,Atlantic and Gulf Coastal Plain,LRR O,Region_06,Target_Sampled,H0808010101,Upper Atchafalaya River,H080801010103,INLAND,30.89875323,30.89875323,-91.80656309,-91.80656309,Mississippi Delta Cotton and Feed Grains Region,O,Lower Mississippi Region,H08,230,Southern Mississippi River Alluvium,131A,Not_NEP,Not_NEP,LA,LA,CPL,CPL,Non-Federal,NWC_11_NO,NWC_11_NO,OverSamp,NWC16_11_TSN,P17,PUBPAB,LA,ICP,Inland Coastal Plains,CPL-PRLH,CPL-PRLH,PROB,FWS_ST_2005,Louisiana,F22009,LA,Target,73,Mississippi Alluvial Plain,73m,Southern Backswamps,PUBPAB,PUBPAB,PRLH,RIVERINE,CPL_PUBPAB,17504.50218,399640.0584,-728759.4062
8/24/2020,NWCA11-1696,4862,8/9/2011,1,NWC_LA-10092,PLNLOW,Plains and Lowlands,CPL,Coastal Plains,Cameron,Gulf Coast Region,CSTL_PLAIN,Atlantic and Gulf Coastal Plain,LRR T (MLRA 151),Region_06,Target_Sampled,H0808020211,Mermentau River-Frontal Gulf of Mexico,H080802021105,TIDAL,29.80036487,29.80036487,-92.96307768,-92.96307768,Atlantic and Gulf Coast Lowland Forest and Crop Region,T,Lower Mississippi Region,H08,258,Gulf Coast Marsh,151,Not_NEP,Not_NEP,LA,LA,CPL,CPL,Non-Federal,NWC_11_NO,NWC_11_NO,OverSamp,NWC16_11_TSN,P36,E2EM,LA,GFC,Gulf & Florida Coasts,ALL-EH,ALL-EH,PROB,FWS_ST_2005,Louisiana,F22023,LA,Target,34,Western Gulf Coastal Plain,34g,Texas-Louisiana Coastal Marshes,E2EM,E2EM,EH,TIDAL,CPL_E2EM,84598.44866,293364.8202,-854872.5088
8/24/2020,NWCA11-1697,3661,8/2/2011,1,NWC_LA-10093,PLNLOW,Plains and Lowlands,CPL,Coastal Plains,Terrebonne,Gulf Coast Region,CSTL_PLAIN,Atlantic and Gulf Coastal Plain,LRR T (MLRA 151),Region_06,Target_Sampled,H0809030204,Fourleague Bay-Frontal Gulf of Mexico,H080903020406,TIDAL,29.2731563,29.2731563,-91.03690266,-91.03690266,Atlantic and Gulf Coast Lowland Forest and Crop Region,T,Lower Mississippi Region,H08,258,Gulf Coast Marsh,151,Barataria-Terrebonne National Estuary Program,NEP,LA,LA,CPL,CPL,Non-Federal,NWC_11_NO,NWC_11_NO,OverSamp,NWC16_11_TSN,P36,E2EM,LA,GFC,Gulf & Florida Coasts,ALL-EH,ALL-EH,PROB,FWS_ST_2005,Louisiana,F22109,LA,Target,73,Mississippi Alluvial Plain,73o,Deltaic Coastal Marshes and Barrier Islands,E2EM,E2EM,EH,TIDAL,CPL_E2EM,84598.44866,482346.5861,-905405.0843
8/24/2020,NWCA11-1698,4861,7/10/2011,1,NWC_LA-10094,PLNLOW,Plains and Lowlands,CPL,Coastal Plains,Acadia,Not Coast,CSTL_PLAIN,Atlantic and Gulf Coastal Plain,LRR T (MLRA 150A),Region_06,Target_Sampled,H0808020103,Bayou Des Cannes,H080802010305,INLAND,30.42509382,30.42509382,-92.44879736,-92.44879736,Atlantic and Gulf Coast Lowland Forest and Crop Region,T,Lower Mississippi Region,H08,256,Gulf Coast Prairies,150A,Not_NEP,Not_NEP,LA,LA,CPL,CPL,Non-Federal,NWC_11_NO,NWC_11_NO,OverSamp,NWC16_11_TSN,P13,PFO,LA,ICP,Inland Coastal Plains,CPL-PRLW,CPL-PRLW,PROB,FWS_ST_2005,Louisiana,F22001,LA,Target,34,Western Gulf Coastal Plain,34c,Floodplains and Low Terraces,PFO,PFO,PRLW,FLATS,CPL_PFO,291291.5429,340431.8759,-783854.7056
8/24/2020,NWCA11-1700,4860,7/11/2011,1,NWC_LA-10096,PLNLOW,Plains and Lowlands,CPL,Coastal Plains,St. Landry,Gulf Coast Region,CSTL_PLAIN,Atlantic and Gulf Coastal Plain,LRR O,Region_06,Target_Sampled,H0808010101,Upper Atchafalaya River,H080801010112,INLAND,30.65068369,30.65068369,-91.79949036,-91.79949036,Mississippi Delta Cotton and Feed Grains Region,O,Lower Mississippi Region,H08,232,Red River Alluvium,131C,Not_NEP,Not_NEP,LA,LA,CPL,CPL,Non-Federal,NWC_11_NO,NWC_11_NO,OverSamp,NWC16_11_TSN,P17,PFO,LA,ICP,Inland Coastal Plains,CPL-PRLW,CPL-PRLW,PROB,FWS_ST_2005,Louisiana,F22097,LA,Target,73,Mississippi Alluvial Plain,73m,Southern Backswamps,PFO,PFO,PRLW,RIVERINE,CPL_PFO,261564.4157,401532.0719,-756277.2823
8/24/2020,NWCA11-1701,5461,6/17/2011,1,NWC_LA-10097,PLNLOW,Plains and Lowlands,CPL,Coastal Plains,Calcasieu,Gulf Coast Region,CSTL_PLAIN,Atlantic and Gulf Coastal Plain,LRR T (MLRA 150A),Region_06,Target_Sampled,H0808020601,Sabine Canal-Bayou Choupique,H080802060103,INLAND,30.15516758,30.15516758,-93.58239756,-93.58239756,Atlantic and Gulf Coast Lowland Forest and Crop Region,T,Lower Mississippi Region,H08,256,Gulf Coast Prairies,150A,Not_NEP,Not_NEP,LA,LA,CPL,CPL,Non-Federal,NWC_11_NO,NWC_11_NO,OverSamp,NWC16_11_TSN,P13,PSS,LA,ICP,Inland Coastal Plains,CPL-PRLW,CPL-PRLW,PROB,FWS_ST_2005,Louisiana,F22019,LA,Target,34,Western Gulf Coastal Plain,34a,Northern Humid Gulf Coastal Prairies,PSS,PSS,PRLW,FLATS,CPL_PSS,50704.01697,232551.9903,-817231.2062
8/24/2020,NWCA11-1703,5489,8/14/2011,1,NWC_LA-10099,PLNLOW,Plains and Lowlands,CPL,Coastal Plains,St. Charles,Gulf Coast Region,CSTL_PLAIN,Atlantic and Gulf Coastal Plain,LRR T (MLRA 151),Region_06,Target_Sampled,H0809030103,Bayou Des Allemands-Lake Salvador,H080903010306,INLAND,29.75699176,29.75699176,-90.36213565,-90.36213565,Atlantic and Gulf Coast Lowland Forest and Crop Region,T,Lower Mississippi Region,H08,258,Gulf Coast Marsh,151,Barataria-Terrebonne National Estuary Program,NEP,LA,LA,CPL,CPL,State,NWC_11_NO,NWC_11_NO,OverSamp,NWC16_11_TSN,P17,PFO,LA,ICP,Inland Coastal Plains,CPL-PRLH,CPL-PRLH,PROB,FWS_ST_2005,Louisiana,F22089,LA,Target,73,Mississippi Alluvial Plain,73o,Deltaic Coastal Marshes and Barrier Islands,PFO,PEM,PRLH,TIDAL,CPL_PFO,261564.4157,544672.6936,-848209.9693
8/24/2020,NWCA11-1704,4856,7/14/2011,1,NWC_LA-10100,PLNLOW,Plains and Lowlands,CPL,Coastal Plains,Avoyelles,Gulf Coast Region,CSTL_PLAIN,Atlantic and Gulf Coastal Plain,LRR O,Region_06,Target_Sampled,H0808010205,Lower Bayou Boeuf,H080801020506,INLAND,30.91235272,30.91235272,-92.25005443,-92.25005443,Mississippi Delta Cotton and Feed Grains Region,O,Lower Mississippi Region,H08,232,Red River Alluvium,131C,Not_NEP,Not_NEP,LA,LA,CPL,CPL,Non-Federal,NWC_11_NO,NWC_11_NO,OverSamp,NWC16_11_TSN,P17,PSS,LA,ICP,Inland Coastal Plains,CPL-PRLW,CPL-PRLW,PROB,FWS_ST_2005,Louisiana,F22009,LA,Target,35,South Central Plains,35g,Red River Bottomlands,PSS,PFO,PRLW,RIVERINE,CPL_PSS,45529.52839,357338.3365,-729014.9414
8/24/2020,NWCA11-1705,3933,8/27/2011,1,NWC_LA-10101,PLNLOW,Plains and Lowlands,CPL,Coastal Plains,Lafourche,Gulf Coast Region,CSTL_PLAIN,Atlantic and Gulf Coastal Plain,LRR T (MLRA 151),Region_06,Target_Sampled,H0809030208,Bayou Pointe Au Chien-Frontal Timbalier Bay,H080903020805,TIDAL,29.39034927,29.39034927,-90.27952709,-90.27952709,Atlantic and Gulf Coast Lowland Forest and Crop Region,T,Lower Mississippi Region,H08,258,Gulf Coast Marsh,151,Barataria-Terrebonne National Estuary Program,NEP,LA,LA,CPL,CPL,Non-Federal,NWC_11_NO,NWC_11_NO,OverSamp,NWC16_11_TSN,P36,E2SS,LA,GFC,Gulf & Florida Coasts,ALL-EH,ALL-EH,PROB,FWS_ST_2005,Louisiana,F22057,LA,Target,73,Mississippi Alluvial Plain,73o,Deltaic Coastal Marshes and Barrier Islands,E2SS,E2EM,EH,TIDAL,CPL_E2SS,622.86267,555089.1689,-888306.5424
8/24/2020,NWCA11-1707,4756,9/24/2011,1,NWC_LA-10103,PLNLOW,Plains and Lowlands,CPL,Coastal Plains,St. Bernard,Gulf Coast Region,CSTL_PLAIN,Atlantic and Gulf Coastal Plain,LRR T (MLRA 151),Region_06,Target_Sampled,H0809020306,Bayou La Loutre-Frontal Chandeleur Sound,H080902030604,TIDAL,29.8741344,29.8741344,-89.38586531,-89.38586531,Atlantic and Gulf Coast Lowland Forest and Crop Region,T,Lower Mississippi Region,H08,258,Gulf Coast Marsh,151,Not_NEP,Not_NEP,LA,LA,CPL,CPL,Non-Federal,NWC_11_NO,NWC_11_NO,OverSamp,NWC16_11_TSN,P36,E2EM,LA,GFC,Gulf & Florida Coasts,ALL-EH,ALL-EH,PROB,FWS_ST_2005,Louisiana,F22087,LA,Target,73,Mississippi Alluvial Plain,73o,Deltaic Coastal Marshes and Barrier Islands,E2EM,E2EM,EH,TIDAL,CPL_E2EM,84598.44866,637945.2262,-829168.1815
8/24/2020,NWCA11-1708,4755,9/18/2011,1,NWC_LA-10104,PLNLOW,Plains and Lowlands,CPL,Coastal Plains,Livingston,Gulf Coast Region,CSTL_PLAIN,Atlantic and Gulf Coastal Plain,LRR P,Region_06,Target_Sampled,H0807020207,Colyell Creek-Amite River,H080702020704,INLAND,30.43835,30.43835,-90.812272,-90.812272,"South Atlantic and Gulf Slope Cash Crops, Forest, and Livestock Region",P,Lower Mississippi Region,H08,236,Southern Mississippi Valley Loess,134,Not_NEP,Not_NEP,LA,LA,CPL,CPL,Non-Federal,NWC_11_NO,NWC_11_NO,OverSamp,NWC16_11_TSN,P17,PSS,LA,ICP,Inland Coastal Plains,CPL-PRLW,CPL-PRLW,PROB,FWS_ST_2005,Louisiana,F22063,LA,Target,74,Mississippi Valley Loess Plains,74d,Baton Rouge Terrace,PSS,PFO,PRLW,FLATS,CPL_PSS,45529.52839,497103.8655,-775172.1588
8/24/2020,NWCA11-1709,4754,9/10/2011,1,NWC_LA-10105,PLNLOW,Plains and Lowlands,CPL,Coastal Plains,Vermilion,Gulf Coast Region,CSTL_PLAIN,Atlantic and Gulf Coastal Plain,LRR T (MLRA 151),Region_06,Target_Sampled,H0808020209,Freshwater Bayou-Frontal Gulf of Mexico,H080802020902,TIDAL,29.708784,29.708784,-92.276143,-92.276143,Atlantic and Gulf Coast Lowland Forest and Crop Region,T,Lower Mississippi Region,H08,258,Gulf Coast Marsh,151,Not_NEP,Not_NEP,LA,LA,CPL,CPL,Non-Federal,NWC_11_NO,NWC_11_NO,OverSamp,NWC16_11_TSN,P36,E2EM,LA,GFC,Gulf & Florida Coasts,ALL-EH,ALL-EH,PROB,FWS_ST_2005,Louisiana,F22113,LA,Target,34,Western Gulf Coastal Plain,34g,Texas-Louisiana Coastal Marshes,E2EM,E2EM,EH,TIDAL,CPL_E2EM,84598.44866,360089.3606,-862661.6442
8/24/2020,NWCA11-1743,4355,7/6/2011,1,NWC_MA-10001,EHIGH,Eastern Highlands,NAP,Northern Appalachians,Essex,North East Coast Region,NE,Northcentral and Northeast,LRR R (Excluding MLRA 143),Region_01,Target_Sampled,H0109000102,Ipswich River,H010900010203,INLAND,42.67507644,42.67507644,-71.05507509,-71.05507509,Northeastern Forage and Forest Region,R,New England Region,H01,248,"New England and Eastern New York Upland, Southern Part",144A,Not_NEP,Not_NEP,MA,MA_NCZ,EMU,EMU,City,NWC_11_16,NWC_11_16,Revisit,NWC16_11_TSS,P18,PEM,MA,NCE,North Central East,EMU-PRLH,EMU-PRLH,PROB,FWS_ST_2005,Massachusetts,F25009,MA,Target,59,Northeastern Coastal Zone,59h,Gulf of Maine Coastal Plain,PEM,PEM,PRLH,DPRSS,EMU_PEM,31374.86914,2009054.724,844809.0567
8/24/2020,NWCA11-1743,4356,8/5/2011,2,NWC_MA-10001,EHIGH,Eastern Highlands,NAP,Northern Appalachians,Essex,North East Coast Region,NE,Northcentral and Northeast,LRR R (Excluding MLRA 143),Region_01,Target_Sampled,H0109000102,Ipswich River,H010900010203,INLAND,42.67507644,42.67507644,-71.05507509,-71.05507509,Northeastern Forage and Forest Region,R,New England Region,H01,248,"New England and Eastern New York Upland, Southern Part",144A,Not_NEP,Not_NEP,MA,MA_NCZ,EMU,EMU,City,NWC_11_16,NWC_11_16,Revisit,NWC16_11_TSS,P18,PEM,MA,NCE,North Central East,EMU-PRLH,EMU-PRLH,PROB,FWS_ST_2005,Massachusetts,F25009,MA,Target,59,Northeastern Coastal Zone,59h,Gulf of Maine Coastal Plain,PEM,PEM,PRLH,DPRSS,EMU_PEM,31374.86914,2009054.724,844809.0567
8/24/2020,NWCA11-1744,4358,8/6/2011,2,NWC_MA-10002,EHIGH,Eastern Highlands,NAP,Northern Appalachians,Bristol,North East Coast Region,NE,Northcentral and Northeast,LRR R (Excluding MLRA 143),Region_01,Target_Sampled,H0109000409,Narragansett Bay,H010900040905,INLAND,41.7988138,41.7988138,-71.1873914,-71.1873914,Northeastern Forage and Forest Region,R,New England Region,H01,248,"New England and Eastern New York Upland, Southern Part",144A,Narragansett Bay,NEP,MA,MA_NCZ,EMU,EMU,Non-Federal,NWC_11_16,NWC_11_16,Revisit,NWC16_11_TSS,P18,PUBPAB,MA,NCE,North Central East,EMU-PRLH,EMU-PRLH,PROB,FWS_ST_2005,Massachusetts,F25005,MA,Target,59,Northeastern Coastal Zone,59e,Narragansett/Bristol Lowland,PUBPAB,PUBPAB,PRLH,RIVERINE,EMU_PUBPAB,6329.22314,2023937.258,747348.6723
8/24/2020,NWCA11-1744,4357,7/10/2011,1,NWC_MA-10002,EHIGH,Eastern Highlands,NAP,Northern Appalachians,Bristol,North East Coast Region,NE,Northcentral and Northeast,LRR R (Excluding MLRA 143),Region_01,Target_Sampled,H0109000409,Narragansett Bay,H010900040905,INLAND,41.7988138,41.7988138,-71.1873914,-71.1873914,Northeastern Forage and Forest Region,R,New England Region,H01,248,"New England and Eastern New York Upland, Southern Part",144A,Narragansett Bay,NEP,MA,MA_NCZ,EMU,EMU,Non-Federal,NWC_11_16,NWC_11_16,Revisit,NWC16_11_TSS,P18,PUBPAB,MA,NCE,North Central East,EMU-PRLH,EMU-PRLH,PROB,FWS_ST_2005,Massachusetts,F25005,MA,Target,59,Northeastern Coastal Zone,59e,Narragansett/Bristol Lowland,PUBPAB,PUBPAB,PRLH,RIVERINE,EMU_PUBPAB,6329.22314,2023937.258,747348.6723
8/24/2020,NWCA11-1745,4359,7/13/2011,1,NWC_MA-10003,EHIGH,Eastern Highlands,NAP,Northern Appalachians,Plymouth,North East Coast Region,NE,Northcentral and Northeast,LRR R (Excluding MLRA 143),Region_01,Target_Sampled,H0109000402,Middle Taunton River,H010900040201,INLAND,41.96955635,41.96955635,-70.94920514,-70.94920514,Northeastern Forage and Forest Region,R,New England Region,H01,248,"New England and Eastern New York Upland, Southern Part",144A,Narragansett Bay,NEP,MA,MA_NCZ,EMU,EMU,Non-Federal,NWC_11_NO,NWC_11_NO,Base,NWC16_11_TSN,P18,PFO,MA,NCE,North Central East,EMU-PRLW,EMU-PRLW,PROB,FWS_ST_2005,Massachusetts,F25023,MA,Target,59,Northeastern Coastal Zone,59e,Narragansett/Bristol Lowland,PFO,PFO,PRLW,DPRSS,EMU_PFO,264301.2433,2037938.727,770887.5488
8/24/2020,NWCA11-1746,4360,7/15/2011,1,NWC_MA-10004,PLNLOW,Plains and Lowlands,CPL,Coastal Plains,Barnstable,North East Coast Region,NE,Northcentral and Northeast,LRR S (MLRA 149B),Region_01,Target_Sampled,H0109000202,Cape Cod,H010900020201,TIDAL,42.06379805,42.06379805,-70.13497749,-70.13497749,Northern Atlantic Slope Diversified Farming Region,S,New England Region,H01,255,Long Island-Cape Cod Coastal Lowland,149B,Massachusetts Bays,NEP,MA,MA_ACPB,CPL,CPL,NOAA,NWC_11_NO,NWC_11_NO,Base,NWC16_11_TSN,P36,E2SS,MA,ATL,Atlantic Coast,ALL-EW,ALL-EW,PROB,FWS_ST_2005,Massachusetts,F25001,MA,Target,84,Atlantic Coastal Pine Barrens,84a,Cape Cod/Long Island,E2SS,E2SS,EW,TIDAL,CPL_E2SS,117.06237,2099727.143,798779.0495
8/24/2020,NWCA11-1747,4361,7/7/2011,1,NWC_MA-10005,EHIGH,Eastern Highlands,NAP,Northern Appalachians,Essex,North East Coast Region,NE,Northcentral and Northeast,LRR R (Excluding MLRA 143),Region_01,Target_Sampled,H0109000102,Ipswich River,H010900010203,INLAND,42.67268652,42.67268652,-71.07183995,-71.07183995,Northeastern Forage and Forest Region,R,New England Region,H01,248,"New England and Eastern New York Upland, Southern Part",144A,Not_NEP,Not_NEP,MA,MA_NCZ,EMU,EMU,Non-Federal,NWC_11_NO,NWC_11_NO,Base,NWC16_11_TSN,P18,PSS,MA,NCE,North Central East,EMU-PRLW,EMU-PRLW,PROB,FWS_ST_2005,Massachusetts,F25009,MA,Target,59,Northeastern Coastal Zone,59h,Gulf of Maine Coastal Plain,PSS,PSS,PRLW,DPRSS,EMU_PSS,119417.295,2007804.875,844196.7827
8/24/2020,NWCA11-1748,4362,7/8/2011,1,NWC_MA-10006,EHIGH,Eastern Highlands,NAP,Northern Appalachians,Essex,North East Coast Region,NE,Northcentral and Northeast,LRR R (Excluding MLRA 143),Region_01,Target_Sampled,H0109000104,Saugus River-Frontal Broad Sound,H010900010402,INLAND,42.42337382,42.42337382,-70.92910413,-70.92910413,Northeastern Forage and Forest Region,R,New England Region,H01,248,"New England and Eastern New York Upland, Southern Part",144A,Massachusetts Bays,NEP,MA,MA_NCZ,EMU,EMU,Non-Federal,NWC_11_NO,NWC_11_NO,Base,NWC16_11_TSN,P36,PEM,MA,NCE,North Central East,EMU-PRLH,EMU-PRLH,PROB,FWS_ST_2005,Massachusetts,F25009,MA,Target,59,Northeastern Coastal Zone,59d,Boston Basin,PEM,PEM,PRLH,DPRSS,EMU_PEM,3773.21225,2026301.43,820315.8009
8/24/2020,NWCA11-1749,4363,7/12/2011,1,NWC_MA-10007,EHIGH,Eastern Highlands,NAP,Northern Appalachians,Plymouth,North East Coast Region,NE,Northcentral and Northeast,LRR R (Excluding MLRA 143),Region_01,Target_Sampled,H0109000402,Middle Taunton River,H010900040204,INLAND,41.94503744,41.94503744,-70.96320907,-70.96320907,Northeastern Forage and Forest Region,R,New England Region,H01,248,"New England and Eastern New York Upland, Southern Part",144A,Narragansett Bay,NEP,MA,MA_NCZ,EMU,EMU,Non-Federal,NWC_11_NO,NWC_11_NO,Base,NWC16_11_TSN,P18,PFO,MA,NCE,North Central East,EMU-PRLW,EMU-PRLW,PROB,FWS_ST_2005,Massachusetts,F25023,MA,Target,59,Northeastern Coastal Zone,59e,Narragansett/Bristol Lowland,PFO,PFO,PRLW,DPRSS,EMU_PFO,264301.2433,2037540.254,767939.0801
8/24/2020,NWCA11-1750,4364,7/16/2011,1,NWC_MA-10008,PLNLOW,Plains and Lowlands,CPL,Coastal Plains,Barnstable,North East Coast Region,NE,Northcentral and Northeast,LRR S (MLRA 149B),Region_01,Target_Sampled,H0109000202,Cape Cod,H010900020201,TIDAL,42.0635797,42.0635797,-70.13356378,-70.13356378,Northern Atlantic Slope Diversified Farming Region,S,New England Region,H01,255,Long Island-Cape Cod Coastal Lowland,149B,Massachusetts Bays,NEP,MA,MA_ACPB,CPL,CPL,NOAA,NWC_11_NO,NWC_11_NO,Base,NWC16_11_TSN,P18,E2SS,MA,ATL,Atlantic Coast,ALL-EW,ALL-EW,PROB,FWS_ST_2005,Massachusetts,F25001,MA,Target,84,Atlantic Coastal Pine Barrens,84a,Cape Cod/Long Island,E2SS,E2SS,EW,TIDAL,CPL_E2SS,117.06237,2099845.626,798786.7616
8/24/2020,NWCA11-1751,4365,7/9/2011,1,NWC_MA-10009,EHIGH,Eastern Highlands,NAP,Northern Appalachians,Essex,North East Coast Region,NE,Northcentral and Northeast,LRR R (Excluding MLRA 143),Region_01,Target_Sampled,H0109000102,Ipswich River,H010900010202,INLAND,42.65538157,42.65538157,-71.08372933,-71.08372933,Northeastern Forage and Forest Region,R,New England Region,H01,248,"New England and Eastern New York Upland, Southern Part",144A,Not_NEP,Not_NEP,MA,MA_NCZ,EMU,EMU,Non-Federal,NWC_11_NO,NWC_11_NO,Base,NWC16_11_TSN,P18,PUBPAB,MA,NCE,North Central East,EMU-PRLH,EMU-PRLH,PROB,FWS_ST_2005,Massachusetts,F25009,MA,Target,59,Northeastern Coastal Zone,59h,Gulf of Maine Coastal Plain,PUBPAB,PUBPAB,PRLH,DPRSS,EMU_PUBPAB,6329.22314,2007370.615,842077.6357
8/24/2020,NWCA11-1752,4366,7/18/2011,1,NWC_MA-10010,PLNLOW,Plains and Lowlands,CPL,Coastal Plains,Dukes,North East Coast Region,NE,Northcentral and Northeast,LRR S (MLRA 149B),Region_01,Target_Sampled,H0109000206,Elizabeth Islands-Marthas Vineyard,H010900020601,TIDAL,41.42134193,41.42134193,-70.57003017,-70.57003017,Northern Atlantic Slope Diversified Farming Region,S,New England Region,H01,255,Long Island-Cape Cod Coastal Lowland,149B,Not_NEP,Not_NEP,MA,MA_ACPB,CPL,CPL,NOAA,NWC_11_16,NWC_11_16,Base,NWC16_11_TSS,P36,E2SS,MA,ATL,Atlantic Coast,ALL-EW,ALL-EW,PROB,FWS_ST_2005,Massachusetts,F25007,MA,Target,84,Atlantic Coastal Pine Barrens,84a,Cape Cod/Long Island,E2SS,E2SS,EW,TIDAL,CPL_E2SS,117.06237,2084271.564,719916.8288
8/24/2020,NWCA11-1753,4367,7/11/2011,1,NWC_MA-10011,EHIGH,Eastern Highlands,NAP,Northern Appalachians,Plymouth,North East Coast Region,NE,Northcentral and Northeast,LRR R (Excluding MLRA 143),Region_01,Target_Sampled,H0109000201,North River-Frontal Massachusetts Bay,H010900020103,TIDAL,42.16868626,42.16868626,-70.71744636,-70.71744636,Northeastern Forage and Forest Region,R,New England Region,H01,248,"New England and Eastern New York Upland, Southern Part",144A,Massachusetts Bays,NEP,MA,MA_NCZ,EMU,EMU,City,NWC_11_NO,NWC_11_NO,Base,NWC16_11_TSN,P18,E2EM,MA,ATL,Atlantic Coast,ALL-EH,ALL-EH,PROB,FWS_ST_2005,Massachusetts,F25023,MA,Target,59,Northeastern Coastal Zone,59f,Gulf of Maine Coastal Lowland,E2EM,E2EM,EH,TIDAL,EMU_E2EM,9200.9474,2050492.093,797369.6939
8/24/2020,NWCA11-1754,4368,7/14/2011,1,NWC_MA-10012,PLNLOW,Plains and Lowlands,CPL,Coastal Plains,Barnstable,North East Coast Region,NE,Northcentral and Northeast,LRR S (MLRA 149B),Region_01,Target_Sampled,H0109000202,Cape Cod,H010900020204,TIDAL,41.87374397,41.87374397,-69.99976417,-69.99976417,Northern Atlantic Slope Diversified Farming Region,S,New England Region,H01,255,Long Island-Cape Cod Coastal Lowland,149B,Massachusetts Bays,NEP,MA,MA_ACPB,CPL,CPL,Non-Federal,NWC_11_NO,NWC_11_NO,Base,NWC16_11_TSN,P18,E2SS,MA,ATL,Atlantic Coast,ALL-EW,ALL-EW,PROB,FWS_ST_2005,Massachusetts,F25001,MA,Target,84,Atlantic Coastal Pine Barrens,84a,Cape Cod/Long Island,E2SS,E2SS,EW,TIDAL,CPL_E2SS,117.06237,2116173.713,781304.2251
8/24/2020,NWCA11-1773,5491,6/16/2011,1,NWC_MD-10007,PLNLOW,Plains and Lowlands,CPL,Coastal Plains,Somerset,North East Coast Region,CSTL_PLAIN,Atlantic and Gulf Coastal Plain,LRR T (MLRA 153D),Region_03,Target_Sampled,H0208011003,Wicomico River,H020801100306,TIDAL,38.23903386,38.23903386,-75.80804183,-75.80804183,Atlantic and Gulf Coast Lowland Forest and Crop Region,T,Mid Atlantic Region,H02,264,Northern Tidewater Area,153D,Chesapeake Bay Watershed Initiative,Not_NEP,MD,MD_CP,CPL,CPL,Non-Federal,NWC_11_NO,NWC_11_NO,Base,NWC16_11_TSN,P13,E2SS,MD,ATL,Atlantic Coast,ALL-EH,ALL-EH,PROB,FWS_ST_2005,Maryland,F24039,MD,Target,63,Middle Atlantic Coastal Plain,63b,Chesapeake-Pamlico Lowlands and Tidal Marshes,E2SS,E2EM,EH,TIDAL,CPL_E2SS,70.00131,1737488.188,268112.3946
8/24/2020,NWCA11-1776,5492,6/9/2011,1,NWC_MD-10010,PLNLOW,Plains and Lowlands,CPL,Coastal Plains,Dorchester,North East Coast Region,CSTL_PLAIN,Atlantic and Gulf Coastal Plain,LRR T (MLRA 153D),Region_03,Target_Sampled,H0208011001,Transquaking River,H020801100103,TIDAL,38.45221899,38.45221899,-75.98236761,-75.98236761,Atlantic and Gulf Coast Lowland Forest and Crop Region,T,Mid Atlantic Region,H02,264,Northern Tidewater Area,153D,Chesapeake Bay Watershed Initiative,Not_NEP,MD,MD_CP,CPL,CPL,Non-Federal,NWC_11_16,NWC_11_16,Base,NWC16_11_TSS,P13,PSS,MD,ATL,Atlantic Coast,ALL-EH,ALL-EH,PROB,FWS_ST_2005,Maryland,F24019,MD,Target,63,Middle Atlantic Coastal Plain,63b,Chesapeake-Pamlico Lowlands and Tidal Marshes,PSS,E2EM,EH,TIDAL,CPL_PSS,20165.49039,1717715.114,288305.7621
8/24/2020,NWCA11-1776,4308,8/18/2011,2,NWC_MD-10010,PLNLOW,Plains and Lowlands,CPL,Coastal Plains,Dorchester,North East Coast Region,CSTL_PLAIN,Atlantic and Gulf Coastal Plain,LRR T (MLRA 153D),Region_03,Target_Sampled,H0208011001,Transquaking River,H020801100103,TIDAL,38.45221899,38.45221899,-75.98236761,-75.98236761,Atlantic and Gulf Coast Lowland Forest and Crop Region,T,Mid Atlantic Region,H02,264,Northern Tidewater Area,153D,Chesapeake Bay Watershed Initiative,Not_NEP,MD,MD_CP,CPL,CPL,Non-Federal,NWC_11_16,NWC_11_16,Base,NWC16_11_TSS,P13,PSS,MD,ATL,Atlantic Coast,ALL-EH,ALL-EH,PROB,FWS_ST_2005,Maryland,F24019,MD,Target,63,Middle Atlantic Coastal Plain,63b,Chesapeake-Pamlico Lowlands and Tidal Marshes,PSS,E2EM,EH,TIDAL,CPL_PSS,20165.49039,1717715.114,288305.7621
8/24/2020,NWCA11-1777,5493,6/3/2011,1,NWC_MD-10011,PLNLOW,Plains and Lowlands,CPL,Coastal Plains,Somerset,North East Coast Region,CSTL_PLAIN,Atlantic and Gulf Coastal Plain,LRR T (MLRA 153D),Region_03,Target_Sampled,H0208011003,Wicomico River,H020801100306,TIDAL,38.24219291,38.24219291,-75.80924667,-75.80924667,Atlantic and Gulf Coast Lowland Forest and Crop Region,T,Mid Atlantic Region,H02,264,Northern Tidewater Area,153D,Chesapeake Bay Watershed Initiative,Not_NEP,MD,MD_CP,CPL,CPL,Non-Federal,NWC_11_16,NWC_11_16,Base,NWC16_11_TSS,P13,E2SS,MD,ATL,Atlantic Coast,ALL-EH,ALL-EH,PROB,FWS_ST_2005,Maryland,F24039,MD,Target,63,Middle Atlantic Coastal Plain,63b,Chesapeake-Pamlico Lowlands and Tidal Marshes,E2SS,E2EM,EH,TIDAL,CPL_E2SS,70.00131,1737311.414,268436.49
8/24/2020,NWCA11-1777,5395,8/23/2011,2,NWC_MD-10011,PLNLOW,Plains and Lowlands,CPL,Coastal Plains,Somerset,North East Coast Region,CSTL_PLAIN,Atlantic and Gulf Coastal Plain,LRR T (MLRA 153D),Region_03,Target_Sampled,H0208011003,Wicomico River,H020801100306,TIDAL,38.24219291,38.24219291,-75.80924667,-75.80924667,Atlantic and Gulf Coast Lowland Forest and Crop Region,T,Mid Atlantic Region,H02,264,Northern Tidewater Area,153D,Chesapeake Bay Watershed Initiative,Not_NEP,MD,MD_CP,CPL,CPL,Non-Federal,NWC_11_16,NWC_11_16,Base,NWC16_11_TSS,P13,E2SS,MD,ATL,Atlantic Coast,ALL-EH,ALL-EH,PROB,FWS_ST_2005,Maryland,F24039,MD,Target,63,Middle Atlantic Coastal Plain,63b,Chesapeake-Pamlico Lowlands and Tidal Marshes,E2SS,E2EM,EH,TIDAL,CPL_E2SS,70.00131,1737311.414,268436.49
8/24/2020,NWCA11-1778,5494,9/22/2011,1,NWC_MD-10012,PLNLOW,Plains and Lowlands,CPL,Coastal Plains,Worcester,North East Coast Region,CSTL_PLAIN,Atlantic and Gulf Coastal Plain,LRR T (MLRA 153D),Region_03,Target_Sampled,H0204030304,Upper Chincoteague Bay,H020403030403,TIDAL,38.17116646,38.17116646,-75.18664037,-75.18664037,Atlantic and Gulf Coast Lowland Forest and Crop Region,T,Mid Atlantic Region,H02,264,Northern Tidewater Area,153D,Maryland Coastal Bays,NEP,MD,MD_CP,CPL,CPL,NOAA,NWC_11_NO,NWC_11_NO,Base,NWC16_11_TSN,P36,E2EM,MD,ATL,Atlantic Coast,ALL-EH,ALL-EH,PROB,FWS_ST_2005,Maryland,F24047,MD,Target,63,Middle Atlantic Coastal Plain,63d,Virginian Barrier Islands and Coastal Marshes,E2EM,E2EM,EH,TIDAL,CPL_E2EM,5800.13635,1791766.998,272220.3159
8/24/2020,NWCA11-1779,4307,7/27/2011,1,NWC_MD-10013,PLNLOW,Plains and Lowlands,CPL,Coastal Plains,Dorchester,North East Coast Region,CSTL_PLAIN,Atlantic and Gulf Coastal Plain,LRR T (MLRA 153D),Region_03,Target_Sampled,H0206000504,Little Choptank River,H020600050402,TIDAL,38.4498007,38.4498007,-76.28090162,-76.28090162,Atlantic and Gulf Coast Lowland Forest and Crop Region,T,Mid Atlantic Region,H02,264,Northern Tidewater Area,153D,Chesapeake Bay Watershed Initiative,Not_NEP,MD,MD_CP,CPL,CPL,Non-Federal,NWC_11_NO,NWC_11_NO,Base,NWC16_11_TSN,P13,E2SS,MD,ATL,Atlantic Coast,ALL-EH,ALL-EH,PROB,FWS_ST_2005,Maryland,F24019,MD,Target,63,Middle Atlantic Coastal Plain,63b,Chesapeake-Pamlico Lowlands and Tidal Marshes,E2SS,E2EM,EH,TIDAL,CPL_E2SS,70.00131,1692525.278,282684.1957
8/24/2020,NWCA11-1788,5495,6/2/2011,1,NWC_MD-10022,PLNLOW,Plains and Lowlands,CPL,Coastal Plains,Somerset,North East Coast Region,CSTL_PLAIN,Atlantic and Gulf Coastal Plain,LRR T (MLRA 153D),Region_03,Target_Sampled,H0208011105,Marumsco Creek-Pocomoke Sound,H020801110501,TIDAL,37.97752948,37.97752948,-75.66425872,-75.66425872,Atlantic and Gulf Coast Lowland Forest and Crop Region,T,Mid Atlantic Region,H02,264,Northern Tidewater Area,153D,Chesapeake Bay Watershed Initiative,Not_NEP,MD,MD_CP,CPL,CPL,Non-Federal,NWC_11_NO,NWC_11_NO,Base,NWC16_11_TSN,P13,E2EM,MD,ATL,Atlantic Coast,ALL-EH,ALL-EH,PROB,FWS_ST_2005,Maryland,F24039,MD,Target,63,Middle Atlantic Coastal Plain,63b,Chesapeake-Pamlico Lowlands and Tidal Marshes,E2EM,E2EM,EH,TIDAL,CPL_E2EM,5800.13635,1755896.044,242108.3994
8/24/2020,NWCA11-1789,5496,7/14/2011,1,NWC_MD-10023,PLNLOW,Plains and Lowlands,CPL,Coastal Plains,Dorchester,North East Coast Region,CSTL_PLAIN,Atlantic and Gulf Coastal Plain,LRR T (MLRA 153D),Region_03,Target_Sampled,H0206000504,Little Choptank River,H020600050402,TIDAL,38.43940441,38.43940441,-76.27668251,-76.27668251,Atlantic and Gulf Coast Lowland Forest and Crop Region,T,Mid Atlantic Region,H02,264,Northern Tidewater Area,153D,Chesapeake Bay Watershed Initiative,Not_NEP,MD,MD_CP,CPL,CPL,NGO,NWC_11_NO,NWC_11_NO,Base,NWC16_11_TSN,P13,E2SS,MD,ATL,Atlantic Coast,ALL-EH,ALL-EH,PROB,FWS_ST_2005,Maryland,F24019,MD,Target,63,Middle Atlantic Coastal Plain,63b,Chesapeake-Pamlico Lowlands and Tidal Marshes,E2SS,E2EM,EH,TIDAL,CPL_E2SS,70.00131,1693122.31,281619.0653
8/24/2020,NWCA11-1790,4306,8/19/2011,1,NWC_MD-10024,PLNLOW,Plains and Lowlands,CPL,Coastal Plains,Dorchester,North East Coast Region,CSTL_PLAIN,Atlantic and Gulf Coastal Plain,LRR T (MLRA 153D),Region_03,Target_Sampled,H0208011001,Transquaking River,H020801100103,INLAND,38.45178489,38.45178489,-75.98146163,-75.98146163,Atlantic and Gulf Coast Lowland Forest and Crop Region,T,Mid Atlantic Region,H02,264,Northern Tidewater Area,153D,Chesapeake Bay Watershed Initiative,Not_NEP,MD,MD_CP,CPL,CPL,Non-Federal,NWC_11_16,NWC_11_16,Base,NWC16_11_TSS,P13,PFO,MD,ICP,Inland Coastal Plains,CPL-PRLH,CPL-PRLH,PROB,FWS_ST_2005,Maryland,F24019,MD,Target,63,Middle Atlantic Coastal Plain,63b,Chesapeake-Pamlico Lowlands and Tidal Marshes,PFO,PUBPAB,PRLH,DPRSS,CPL_PFO,80359.11496,1717801.876,288274.5566
8/24/2020,NWCA11-1792,4299,9/21/2011,1,NWC_MD-10026,PLNLOW,Plains and Lowlands,CPL,Coastal Plains,Worcester,North East Coast Region,CSTL_PLAIN,Atlantic and Gulf Coastal Plain,LRR T (MLRA 153D),Region_03,Target_Sampled,H0204030304,Upper Chincoteague Bay,H020403030403,TIDAL,38.16516446,38.16516446,-75.17979787,-75.17979787,Atlantic and Gulf Coast Lowland Forest and Crop Region,T,Mid Atlantic Region,H02,264,Northern Tidewater Area,153D,Maryland Coastal Bays,NEP,MD,MD_CP,CPL,CPL,NPS,NWC_11_16,NWC_11_16,Base,NWC16_11_TSS,P36,E2SS,MD,ATL,Atlantic Coast,ALL-EW,ALL-EW,PROB,FWS_ST_2005,Maryland,F24047,MD,Target,63,Middle Atlantic Coastal Plain,63d,Virginian Barrier Islands and Coastal Marshes,E2SS,E2SS,EW,TIDAL,CPL_E2SS,70.00131,1792492.806,271692.6923
8/24/2020,NWCA11-1793,4305,7/28/2011,1,NWC_MD-10027,PLNLOW,Plains and Lowlands,CPL,Coastal Plains,Dorchester,North East Coast Region,CSTL_PLAIN,Atlantic and Gulf Coastal Plain,LRR T (MLRA 153D),Region_03,Target_Sampled,H0208011002,Blackwater River,H020801100203,TIDAL,38.40964554,38.40964554,-76.08284009,-76.08284009,Atlantic and Gulf Coast Lowland Forest and Crop Region,T,Mid Atlantic Region,H02,264,Northern Tidewater Area,153D,Chesapeake Bay Watershed Initiative,Not_NEP,MD,MD_CP,CPL,CPL,FWS,NWC_11_16,NWC_11_16,Base,NWC16_11_TSS,P36,E2EM,MD,ATL,Atlantic Coast,ALL-EH,ALL-EH,PROB,FWS_ST_2005,Maryland,F24019,MD,Target,63,Middle Atlantic Coastal Plain,63b,Chesapeake-Pamlico Lowlands and Tidal Marshes,E2EM,E2EM,EH,TIDAL,CPL_E2EM,5800.13635,1710213.287,281826.7224
8/24/2020,NWCA11-1798,5497,8/24/2011,1,NWC_MD-10032,PLNLOW,Plains and Lowlands,CPL,Coastal Plains,Somerset,North East Coast Region,CSTL_PLAIN,Atlantic and Gulf Coastal Plain,LRR T (MLRA 153D),Region_03,Target_Sampled,H0208011005,Upper Tangier Sound,H020801100501,TIDAL,38.14848341,38.14848341,-75.94279674,-75.94279674,Atlantic and Gulf Coast Lowland Forest and Crop Region,T,Mid Atlantic Region,H02,264,Northern Tidewater Area,153D,Chesapeake Bay Watershed Initiative,Not_NEP,MD,MD_CP,CPL,CPL,Non-Federal,NWC_11_NO,NWC_11_NO,OverSamp,NWC16_11_TSN,P36,E2EM,MD,ATL,Atlantic Coast,ALL-EH,ALL-EH,PROB,FWS_ST_2005,Maryland,F24039,MD,Target,63,Middle Atlantic Coastal Plain,63b,Chesapeake-Pamlico Lowlands and Tidal Marshes,E2EM,E2EM,EH,TIDAL,CPL_E2EM,5800.13635,1728192.207,255732.6136
8/24/2020,NWCA11-1801,5498,6/8/2011,1,NWC_MD-10035,PLNLOW,Plains and Lowlands,CPL,Coastal Plains,Somerset,North East Coast Region,CSTL_PLAIN,Atlantic and Gulf Coastal Plain,LRR T (MLRA 153D),Region_03,Target_Sampled,H0208011003,Wicomico River,H020801100306,TIDAL,38.24386084,38.24386084,-75.81298705,-75.81298705,Atlantic and Gulf Coast Lowland Forest and Crop Region,T,Mid Atlantic Region,H02,264,Northern Tidewater Area,153D,Chesapeake Bay Watershed Initiative,Not_NEP,MD,MD_CP,CPL,CPL,Non-Federal,NWC_11_NO,NWC_11_NO,OverSamp,NWC16_11_TSN,P13,E2SS,MD,ATL,Atlantic Coast,ALL-EH,ALL-EH,PROB,FWS_ST_2005,Maryland,F24039,MD,Target,63,Middle Atlantic Coastal Plain,63b,Chesapeake-Pamlico Lowlands and Tidal Marshes,E2SS,E2EM,EH,TIDAL,CPL_E2SS,70.00131,1736955.015,268550.8671
8/24/2020,NWCA11-1803,4304,8/6/2011,1,NWC_MD-10037,PLNLOW,Plains and Lowlands,CPL,Coastal Plains,Dorchester,North East Coast Region,CSTL_PLAIN,Atlantic and Gulf Coastal Plain,LRR T (MLRA 153D),Region_03,Target_Sampled,H0206000504,Little Choptank River,H020600050402,TIDAL,38.4492246,38.4492246,-76.28777538,-76.28777538,Atlantic and Gulf Coast Lowland Forest and Crop Region,T,Mid Atlantic Region,H02,264,Northern Tidewater Area,153D,Chesapeake Bay Watershed Initiative,Not_NEP,MD,MD_CP,CPL,CPL,Non-Federal,NWC_11_NO,NWC_11_NO,OverSamp,NWC16_11_TSN,P13,PFO,MD,ATL,Atlantic Coast,ALL-EH,ALL-EH,PROB,FWS_ST_2005,Maryland,F24019,MD,Target,63,Middle Atlantic Coastal Plain,63b,Chesapeake-Pamlico Lowlands and Tidal Marshes,PFO,E2EM,EH,TIDAL,CPL_PFO,6040.84148,1691957.076,282498.6072
8/24/2020,NWCA11-1805,4303,7/29/2011,1,NWC_MD-10039,PLNLOW,Plains and Lowlands,CPL,Coastal Plains,Dorchester,North East Coast Region,CSTL_PLAIN,Atlantic and Gulf Coastal Plain,LRR T (MLRA 153D),Region_03,Target_Sampled,H0206000504,Little Choptank River,H020600050402,TIDAL,38.45040918,38.45040918,-76.28160913,-76.28160913,Atlantic and Gulf Coast Lowland Forest and Crop Region,T,Mid Atlantic Region,H02,264,Northern Tidewater Area,153D,Chesapeake Bay Watershed Initiative,Not_NEP,MD,MD_CP,CPL,CPL,Non-Federal,NWC_11_NO,NWC_11_NO,OverSamp,NWC16_11_TSN,P13,E2SS,MD,ATL,Atlantic Coast,ALL-EH,ALL-EH,PROB,FWS_ST_2005,Maryland,F24019,MD,Target,63,Middle Atlantic Coastal Plain,63b,Chesapeake-Pamlico Lowlands and Tidal Marshes,E2SS,E2EM,EH,TIDAL,CPL_E2SS,70.00131,1692451.375,282738.335
8/24/2020,NWCA11-1810,5499,6/18/2011,1,NWC_MD-10044,PLNLOW,Plains and Lowlands,CPL,Coastal Plains,Somerset,North East Coast Region,CSTL_PLAIN,Atlantic and Gulf Coastal Plain,LRR T (MLRA 153D),Region_03,Target_Sampled,H0208011003,Wicomico River,H020801100306,TIDAL,38.24048616,38.24048616,-75.80352281,-75.80352281,Atlantic and Gulf Coast Lowland Forest and Crop Region,T,Mid Atlantic Region,H02,264,Northern Tidewater Area,153D,Chesapeake Bay Watershed Initiative,Not_NEP,MD,MD_CP,CPL,CPL,Non-Federal,NWC_11_NO,NWC_11_NO,OverSamp,NWC16_11_TSN,P13,E2SS,MD,ATL,Atlantic Coast,ALL-EH,ALL-EH,PROB,FWS_ST_2005,Maryland,F24039,MD,Target,63,Middle Atlantic Coastal Plain,63b,Chesapeake-Pamlico Lowlands and Tidal Marshes,E2SS,E2EM,EH,TIDAL,CPL_E2SS,70.00131,1737836.837,268354.1446
8/24/2020,NWCA11-1813,4302,8/4/2011,1,NWC_MD-10047,PLNLOW,Plains and Lowlands,CPL,Coastal Plains,Dorchester,North East Coast Region,CSTL_PLAIN,Atlantic and Gulf Coastal Plain,LRR T (MLRA 153D),Region_03,Target_Sampled,H0206000504,Little Choptank River,H020600050402,TIDAL,38.45235702,38.45235702,-76.28225203,-76.28225203,Atlantic and Gulf Coast Lowland Forest and Crop Region,T,Mid Atlantic Region,H02,264,Northern Tidewater Area,153D,Chesapeake Bay Watershed Initiative,Not_NEP,MD,MD_CP,CPL,CPL,Non-Federal,NWC_11_NO,NWC_11_NO,OverSamp,NWC16_11_TSN,P13,E2SS,MD,ATL,Atlantic Coast,ALL-EH,ALL-EH,PROB,FWS_ST_2005,Maryland,F24019,MD,Target,63,Middle Atlantic Coastal Plain,63b,Chesapeake-Pamlico Lowlands and Tidal Marshes,E2SS,E2EM,EH,TIDAL,CPL_E2SS,70.00131,1692352.013,282940.5303
8/24/2020,NWCA11-1814,4300,8/17/2011,1,NWC_MD-10048,PLNLOW,Plains and Lowlands,CPL,Coastal Plains,Dorchester,North East Coast Region,CSTL_PLAIN,Atlantic and Gulf Coastal Plain,LRR T (MLRA 153D),Region_03,Target_Sampled,H0208011001,Transquaking River,H020801100103,INLAND,38.45930727,38.45930727,-75.99730922,-75.99730922,Atlantic and Gulf Coast Lowland Forest and Crop Region,T,Mid Atlantic Region,H02,264,Northern Tidewater Area,153D,Chesapeake Bay Watershed Initiative,Not_NEP,MD,MD_CP,CPL,CPL,Non-Federal,NWC_11_NO,NWC_11_NO,OverSamp,NWC16_11_TSN,P13,PF,MD,ICP,Inland Coastal Plains,CPL-PRLH,CPL-PRLH,PROB,FWS_ST_2005,Maryland,F24019,MD,Target,63,Middle Atlantic Coastal Plain,63b,Chesapeake-Pamlico Lowlands and Tidal Marshes,PF,PUBPAB,PRLH,DPRSS,CPL_PF,382.68723,1716285.974,288812.7615
8/24/2020,NWCA11-1816,5500,9/23/2011,1,NWC_MD-10050,PLNLOW,Plains and Lowlands,CPL,Coastal Plains,Worcester,North East Coast Region,CSTL_PLAIN,Atlantic and Gulf Coastal Plain,LRR T (MLRA 153D),Region_03,Target_Sampled,H0204030304,Upper Chincoteague Bay,H020403030401,TIDAL,38.2506266,38.2506266,-75.2049727,-75.2049727,Atlantic and Gulf Coast Lowland Forest and Crop Region,T,Mid Atlantic Region,H02,264,Northern Tidewater Area,153D,Maryland Coastal Bays,NEP,MD,MD_CP,CPL,CPL,Non-Federal,NWC_11_NO,NWC_11_NO,OverSamp,NWC16_11_TSN,P36,E2EM,MD,ATL,Atlantic Coast,ALL-EH,ALL-EH,PROB,FWS_ST_2005,Maryland,F24047,MD,Target,63,Middle Atlantic Coastal Plain,63d,Virginian Barrier Islands and Coastal Marshes,E2EM,E2EM,EH,TIDAL,CPL_E2EM,5800.13635,1788280.743,280568.7741
8/24/2020,NWCA11-1817,5501,6/4/2011,1,NWC_MD-10051,PLNLOW,Plains and Lowlands,CPL,Coastal Plains,Dorchester,North East Coast Region,CSTL_PLAIN,Atlantic and Gulf Coastal Plain,LRR T (MLRA 153D),Region_03,Target_Sampled,H0206000506,Honga River-Chesapeake Bay,H020600050601,TIDAL,38.44380367,38.44380367,-76.29582741,-76.29582741,Atlantic and Gulf Coast Lowland Forest and Crop Region,T,Mid Atlantic Region,H02,264,Northern Tidewater Area,153D,Chesapeake Bay Watershed Initiative,Not_NEP,MD,MD_CP,CPL,CPL,Non-Federal,NWC_11_NO,NWC_11_NO,OverSamp,NWC16_11_TSN,P13,E2SS,MD,ATL,Atlantic Coast,ALL-EH,ALL-EH,PROB,FWS_ST_2005,Maryland,F24019,MD,Target,63,Middle Atlantic Coastal Plain,63b,Chesapeake-Pamlico Lowlands and Tidal Marshes,E2SS,E2EM,EH,TIDAL,CPL_E2SS,70.00131,1691400.964,281760.6783
8/24/2020,NWCA11-1819,5502,9/14/2011,1,NWC_MD-10053,PLNLOW,Plains and Lowlands,CPL,Coastal Plains,Dorchester,North East Coast Region,CSTL_PLAIN,Atlantic and Gulf Coastal Plain,LRR T (MLRA 153D),Region_03,Target_Sampled,H0206000506,Honga River-Chesapeake Bay,H020600050603,TIDAL,38.27447021,38.27447021,-76.18154457,-76.18154457,Atlantic and Gulf Coast Lowland Forest and Crop Region,T,Mid Atlantic Region,H02,264,Northern Tidewater Area,153D,Chesapeake Bay Watershed Initiative,Not_NEP,MD,MD_CP,CPL,CPL,Non-Federal,NWC_11_NO,NWC_11_NO,OverSamp,NWC16_11_TSN,P36,E2EM,MD,ATL,Atlantic Coast,ALL-EH,ALL-EH,PROB,FWS_ST_2005,Maryland,F24019,MD,Target,63,Middle Atlantic Coastal Plain,63b,Chesapeake-Pamlico Lowlands and Tidal Marshes,E2EM,E2EM,EH,TIDAL,CPL_E2EM,5800.13635,1704998.271,265231.7372
8/24/2020,NWCA11-1821,3484,7/13/2011,1,NWC_ME-10001,EHIGH,Eastern Highlands,NAP,Northern Appalachians,Somerset,Not Coast,NE,Northcentral and Northeast,LRR R (MLRA 143),Region_01,Target_Sampled,H0102000101,North Branch Penobscot River,H010200010104,INLAND,45.97830697,45.97830697,-70.14913136,-70.14913136,Northeastern Forage and Forest Region,R,New England Region,H01,247,Northeastern Mountains,143,Not_NEP,Not_NEP,ME,ME_NAAMH,EMU,EMU,Non-Federal,NWC_11_16,NWC_11_16,Revisit,NWC16_11_TSS,P01,PSS,ME,NCE,North Central East,EMU-PRLW,EMU-PRLW,PROB,FWS_ST_2005,Maine,F23025,ME,Target,58,Northeastern Highlands,58v,St. John Uplands,PSS,PSS,PRLW,FLATS,EMU_PSS,153100.2143,1981354.951,1218823.672
8/24/2020,NWCA11-1821,3531,8/2/2011,2,NWC_ME-10001,EHIGH,Eastern Highlands,NAP,Northern Appalachians,Somerset,Not Coast,NE,Northcentral and Northeast,LRR R (MLRA 143),Region_01,Target_Sampled,H0102000101,North Branch Penobscot River,H010200010104,INLAND,45.97830697,45.97830697,-70.14913136,-70.14913136,Northeastern Forage and Forest Region,R,New England Region,H01,247,Northeastern Mountains,143,Not_NEP,Not_NEP,ME,ME_NAAMH,EMU,EMU,Non-Federal,NWC_11_16,NWC_11_16,Revisit,NWC16_11_TSS,P01,PSS,ME,NCE,North Central East,EMU-PRLW,EMU-PRLW,PROB,FWS_ST_2005,Maine,F23025,ME,Target,58,Northeastern Highlands,58v,St. John Uplands,PSS,PSS,PRLW,FLATS,EMU_PSS,153100.2143,1981354.951,1218823.672
8/24/2020,NWCA11-1822,3884,8/9/2011,2,NWC_ME-10002,EHIGH,Eastern Highlands,NAP,Northern Appalachians,Aroostook,Not Coast,NE,Northcentral and Northeast,LRR R (MLRA 143),Region_01,Target_Sampled,H0102000301,West Branch Mattawamkeag River,H010200030108,INLAND,45.96976598,45.96976598,-68.23679906,-68.23679906,Northeastern Forage and Forest Region,R,New England Region,H01,247,Northeastern Mountains,143,Not_NEP,Not_NEP,ME,ME_NBPH,EMU,EMU,Non-Federal,NWC_11_16,NWC_11_16,Revisit,NWC16_11_TSS,P18,PFO,ME,NCE,North Central East,EMU-PRLW,EMU-PRLW,PROB,FWS_ST_2005,Maine,F23003,ME,Target,82,Acadian Plains and Hills,82c,Eastern Maine-Southern New Brunswick Plains,PFO,PFO,PRLW,FLATS,EMU_PFO,238421.8949,2124155.909,1259221.577
8/24/2020,NWCA11-1822,5503,6/30/2011,1,NWC_ME-10002,EHIGH,Eastern Highlands,NAP,Northern Appalachians,Aroostook,Not Coast,NE,Northcentral and Northeast,LRR R (MLRA 143),Region_01,Target_Sampled,H0102000301,West Branch Mattawamkeag River,H010200030108,INLAND,45.96976598,45.96976598,-68.23679906,-68.23679906,Northeastern Forage and Forest Region,R,New England Region,H01,247,Northeastern Mountains,143,Not_NEP,Not_NEP,ME,ME_NBPH,EMU,EMU,Non-Federal,NWC_11_16,NWC_11_16,Revisit,NWC16_11_TSS,P18,PFO,ME,NCE,North Central East,EMU-PRLW,EMU-PRLW,PROB,FWS_ST_2005,Maine,F23003,ME,Target,82,Acadian Plains and Hills,82c,Eastern Maine-Southern New Brunswick Plains,PFO,PFO,PRLW,FLATS,EMU_PFO,238421.8949,2124155.909,1259221.577
8/24/2020,NWCA11-1823,3483,7/20/2011,1,NWC_ME-10003,EHIGH,Eastern Highlands,NAP,Northern Appalachians,Washington,North East Coast Region,NE,Northcentral and Northeast,LRR R (Excluding MLRA 143),Region_01,Target_Sampled,H0105000208,Roque Bluffs Frontal Drainages,H010500020803,TIDAL,44.53967282,44.53967282,-67.62811434,-67.62811434,Northeastern Forage and Forest Region,R,New England Region,H01,249,"New England and Eastern New York Upland, Northern Part",144B,Not_NEP,Not_NEP,ME,ME_NBPH,EMU,EMU,Non-Federal,NWC_11_NO,NWC_11_NO,Base,NWC16_11_TSN,P18,E2EM,ME,ATL,Atlantic Coast,ALL-EH,ALL-EH,PROB,FWS_ST_2005,Maine,F23029,ME,Target,82,Acadian Plains and Hills,82g,Downeast Coast,E2EM,E2EM,EH,TIDAL,EMU_E2EM,1428.5239,2216127.111,1120971.531
8/24/2020,NWCA11-1824,3532,7/26/2011,1,NWC_ME-10004,EHIGH,Eastern Highlands,NAP,Northern Appalachians,Waldo,North East Coast Region,NE,Northcentral and Northeast,LRR R (Excluding MLRA 143),Region_01,Target_Sampled,H0103000320,Twentyfive Mile Stream,H010300032002,INLAND,44.69158468,44.69158468,-69.29320804,-69.29320804,Northeastern Forage and Forest Region,R,New England Region,H01,249,"New England and Eastern New York Upland, Northern Part",144B,Not_NEP,Not_NEP,ME,ME_NBPH,EMU,EMU,Non-Federal,NWC_11_NO,NWC_11_NO,Base,NWC16_11_TSN,P18,PSS,ME,NCE,North Central East,EMU-PRLW,EMU-PRLW,PROB,FWS_ST_2005,Maine,F23027,ME,Target,82,Acadian Plains and Hills,82e,Central Maine Embayment,PSS,PSS,PRLW,FLATS,EMU_PSS,87242.93546,2084927.866,1099505.158
8/24/2020,NWCA11-1825,3873,8/3/2011,1,NWC_ME-10005,EHIGH,Eastern Highlands,NAP,Northern Appalachians,Piscataquis,Not Coast,NE,Northcentral and Northeast,LRR R (MLRA 143),Region_01,Target_Sampled,H0102000103,Upper West Branch Penobscot River,H010200010308,INLAND,45.92052579,45.92052579,-69.53039821,-69.53039821,Northeastern Forage and Forest Region,R,New England Region,H01,247,Northeastern Mountains,143,Not_NEP,Not_NEP,ME,ME_NAAMH,EMU,EMU,Non-Federal,NWC_11_NO,NWC_11_NO,Base,NWC16_11_TSN,P18,PFO,ME,NCE,North Central East,EMU-PRLW,EMU-PRLW,PROB,FWS_ST_2005,Maine,F23021,ME,Target,58,Northeastern Highlands,58u,Moosehead-Churchill Lakes,PFO,PFO,PRLW,FLATS,EMU_PFO,238421.8949,2029323.84,1225707.137
8/24/2020,NWCA11-1827,3869,7/15/2011,1,NWC_ME-10007,EHIGH,Eastern Highlands,NAP,Northern Appalachians,Piscataquis,Not Coast,NE,Northcentral and Northeast,LRR R (MLRA 143),Region_01,Target_Sampled,H0102000404,Pleasant River,H010200040403,INLAND,45.48409746,45.48409746,-69.20219337,-69.20219337,Northeastern Forage and Forest Region,R,New England Region,H01,247,Northeastern Mountains,143,Not_NEP,Not_NEP,ME,ME_NAAMH,EMU,EMU,Non-Federal,NWC_11_16,NWC_11_16,Base,NWC16_11_TSS,P01,PFO,ME,NCE,North Central East,EMU-PRLW,EMU-PRLW,PROB,FWS_ST_2005,Maine,F23021,ME,Target,58,Northeastern Highlands,58m,Quebec/New England Boundary Mountains,PFO,PFO,PRLW,RIVERINE,EMU_PFO,238421.8949,2067309.83,1186192.983
8/24/2020,NWCA11-1828,3874,7/27/2011,1,NWC_ME-10008,EHIGH,Eastern Highlands,NAP,Northern Appalachians,Waldo,North East Coast Region,NE,Northcentral and Northeast,LRR R (Excluding MLRA 143),Region_01,Target_Sampled,H0103000319,Middle Sebasticook River,H010300031904,INLAND,44.71538398,44.71538398,-69.31762345,-69.31762345,Northeastern Forage and Forest Region,R,New England Region,H01,249,"New England and Eastern New York Upland, Northern Part",144B,Not_NEP,Not_NEP,ME,ME_NBPH,EMU,EMU,Non-Federal,NWC_11_NO,NWC_11_NO,Base,NWC16_11_TSN,P18,PFO,ME,NCE,North Central East,EMU-PRLW,EMU-PRLW,PROB,FWS_ST_2005,Maine,F23027,ME,Target,82,Acadian Plains and Hills,82e,Central Maine Embayment,PFO,PFO,PRLW,FLATS,EMU_PFO,238421.8949,2082337.857,1101516.111
8/24/2020,NWCA11-1829,5504,6/29/2011,1,NWC_ME-10009,EHIGH,Eastern Highlands,NAP,Northern Appalachians,Aroostook,Not Coast,NE,Northcentral and Northeast,LRR R (Excluding MLRA 143),Region_01,Target_Sampled,H0101000411,Little Madawaska River-Aroostook River,H010100041108,INLAND,46.9444575,46.9444575,-68.08143818,-68.08143818,Northeastern Forage and Forest Region,R,New England Region,H01,251,Aroostook Area,146,Not_NEP,Not_NEP,ME,ME_NBPH,EMU,EMU,Non-Federal,NWC_11_NO,NWC_11_NO,Base,NWC16_11_TSN,P18,PFO,ME,NCE,North Central East,EMU-PRLW,EMU-PRLW,PROB,FWS_ST_2005,Maine,F23003,ME,Target,82,Acadian Plains and Hills,82a,Aroostook Lowlands,PFO,PFO,PRLW,FLATS,EMU_PFO,238421.8949,2104414.65,1366114.375
8/24/2020,NWCA11-1830,3883,8/10/2011,1,NWC_ME-10010,EHIGH,Eastern Highlands,NAP,Northern Appalachians,Hancock,North East Coast Region,NE,Northcentral and Northeast,LRR R (Excluding MLRA 143),Region_01,Target_Sampled,H0105000210,Narraguagus River-Narraguagus Bay,H010500021001,INLAND,44.96018641,44.96018641,-68.14359722,-68.14359722,Northeastern Forage and Forest Region,R,New England Region,H01,249,"New England and Eastern New York Upland, Northern Part",144B,Not_NEP,Not_NEP,ME,ME_NBPH,EMU,EMU,Non-Federal,NWC_11_NO,NWC_11_NO,Base,NWC16_11_TSN,P18,PSS,ME,NCE,North Central East,EMU-PRLW,EMU-PRLW,PROB,FWS_ST_2005,Maine,F23009,ME,Target,82,Acadian Plains and Hills,82c,Eastern Maine-Southern New Brunswick Plains,PSS,PSS,PRLW,FLATS,EMU_PSS,87242.93546,2163505.259,1153880.314
8/24/2020,NWCA11-1832,5505,6/21/2011,1,NWC_ME-10012,EHIGH,Eastern Highlands,NAP,Northern Appalachians,Lincoln,North East Coast Region,NE,Northcentral and Northeast,LRR R (Excluding MLRA 143),Region_01,Target_Sampled,H0105000304,Sheepscot River,H010500030405,TIDAL,44.03080145,44.03080145,-69.58496731,-69.58496731,Northeastern Forage and Forest Region,R,New England Region,H01,249,"New England and Eastern New York Upland, Northern Part",144B,Not_NEP,Not_NEP,ME,ME_NBPH,EMU,EMU,NOAA,NWC_11_NO,NWC_11_NO,Base,NWC16_11_TSN,P18,E2EM,ME,ATL,Atlantic Coast,ALL-EH,ALL-EH,PROB,FWS_ST_2005,Maine,F23015,ME,Target,82,Acadian Plains and Hills,82f,Midcoast,E2EM,E2EM,EH,RIVERINE,EMU_E2EM,3928.02999,2082948.536,1022330.269
8/24/2020,NWCA11-1833,5506,7/1/2011,1,NWC_ME-10013,EHIGH,Eastern Highlands,NAP,Northern Appalachians,Washington,Not Coast,NE,Northcentral and Northeast,LRR R (MLRA 143),Region_01,Target_Sampled,H0102000304,Baskahegan Stream,H010200030404,INLAND,45.66447735,45.66447735,-67.86926854,-67.86926854,Northeastern Forage and Forest Region,R,New England Region,H01,247,Northeastern Mountains,143,Not_NEP,Not_NEP,ME,ME_NBPH,EMU,EMU,Non-Federal,NWC_11_16,NWC_11_16,Base,NWC16_11_TSS,P18,PSS,ME,NCE,North Central East,EMU-PRLH,EMU-PRLH,PROB,FWS_ST_2005,Maine,F23029,ME,Target,82,Acadian Plains and Hills,82c,Eastern Maine-Southern New Brunswick Plains,PSS,PEM,PRLH,DPRSS,EMU_PSS,87242.93546,2161344.432,1235061.889
8/24/2020,NWCA11-1835,5507,6/23/2011,1,NWC_ME-10015,EHIGH,Eastern Highlands,NAP,Northern Appalachians,York,North East Coast Region,NE,Northcentral and Northeast,LRR R (Excluding MLRA 143),Region_01,Target_Sampled,H0106000211,Outlet Saco River,H010600021105,INLAND,43.48743399,43.48743399,-70.42695642,-70.42695642,Northeastern Forage and Forest Region,R,New England Region,H01,249,"New England and Eastern New York Upland, Northern Part",144B,Not_NEP,Not_NEP,ME,ME_NCZ,EMU,EMU,Non-Federal,NWC_11_NO,NWC_11_NO,OverSamp,NWC16_11_TSN,P18,PFO,ME,NCE,North Central East,EMU-PRLW,EMU-PRLW,PROB,FWS_ST_2005,Maine,F23031,ME,Target,59,Northeastern Coastal Zone,59f,Gulf of Maine Coastal Lowland,PFO,PFO,PRLW,FLATS,EMU_PFO,238421.8949,2034308.499,945722.1506
8/24/2020,NWCA11-1836,3548,7/21/2011,1,NWC_ME-10016,EHIGH,Eastern Highlands,NAP,Northern Appalachians,Hancock,North East Coast Region,NE,Northcentral and Northeast,LRR R (Excluding MLRA 143),Region_01,Target_Sampled,H0105000211,Schoodic Point-Petit-Manan Point Frontal Drainages,H010500021103,TIDAL,44.4298757,44.4298757,-68.01252575,-68.01252575,Northeastern Forage and Forest Region,R,New England Region,H01,249,"New England and Eastern New York Upland, Northern Part",144B,Not_NEP,Not_NEP,ME,ME_NBPH,EMU,EMU,Non-Federal,NWC_11_16,NWC_11_16,OverSamp,NWC16_11_TSS,P18,E2EM,ME,ATL,Atlantic Coast,ALL-EH,ALL-EH,PROB,FWS_ST_2005,Maine,F23009,ME,Target,82,Acadian Plains and Hills,82g,Downeast Coast,E2EM,E2EM,EH,TIDAL,EMU_E2EM,3928.02999,2190530.667,1100360.696
8/24/2020,NWCA11-1837,3486,7/14/2011,1,NWC_ME-10017,EHIGH,Eastern Highlands,NAP,Northern Appalachians,Somerset,Not Coast,NE,Northcentral and Northeast,LRR R (MLRA 143),Region_01,Target_Sampled,H0101000601,Baker Branch St. John River,H010100060104,INLAND,46.17506001,46.17506001,-69.86529855,-69.86529855,Northeastern Forage and Forest Region,R,New England Region,H01,247,Northeastern Mountains,143,Not_NEP,Not_NEP,ME,ME_NAAMH,EMU,EMU,Non-Federal,NWC_11_NO,NWC_11_NO,OverSamp,NWC16_11_TSN,P01,PEM,ME,NCE,North Central East,EMU-PRLH,EMU-PRLH,PROB,FWS_ST_2005,Maine,F23025,ME,Target,58,Northeastern Highlands,58v,St. John Uplands,PEM,PEM,PRLH,DPRSS,EMU_PEM,86443.28878,1996632.421,1245786.103
8/24/2020,NWCA11-1849,4410,7/26/2011,1,NWC_MI-10001,PLNLOW,Plains and Lowlands,UMW,Upper Midwest,St. Joseph,Great Lakes Region,NE,Northcentral and Northeast,LRR L,Region_05,Target_Sampled,H0405000111,Pigeon River,H040500011107,INLAND,41.79047249,41.79047249,-85.69157579,-85.69157579,"Lake State Fruit, Truck Crop, and Dairy Region",L,Great Lakes Region,H04,169,Southern Michigan and Northern Indiana Drift Plain,98,Not_NEP,Not_NEP,MI,MI,EMU,EMU,Non-Federal,NWC_11_16,NWC_11_16,Revisit,NWC16_11_TSS,P11,PFO,MI,NCE,North Central East,EMU-PRLW,EMU-PRLW,PROB,FWS_ST_2005,Michigan,F26149,MI,Target,56,Southern Michigan/Northern Indiana Drift Plains,56b,Battle Creek/Elkhart Outwash Plain,PFO,PFO,PRLW,DPRSS,EMU_PFO,785765.438,848911.0373,526771.6981
8/24/2020,NWCA11-1849,4013,8/24/2011,2,NWC_MI-10001,PLNLOW,Plains and Lowlands,UMW,Upper Midwest,St. Joseph,Great Lakes Region,NE,Northcentral and Northeast,LRR L,Region_05,Target_Sampled,H0405000111,Pigeon River,H040500011107,INLAND,41.79047249,41.79047249,-85.69157579,-85.69157579,"Lake State Fruit, Truck Crop, and Dairy Region",L,Great Lakes Region,H04,169,Southern Michigan and Northern Indiana Drift Plain,98,Not_NEP,Not_NEP,MI,MI,EMU,EMU,Non-Federal,NWC_11_16,NWC_11_16,Revisit,NWC16_11_TSS,P11,PFO,MI,NCE,North Central East,EMU-PRLW,EMU-PRLW,PROB,FWS_ST_2005,Michigan,F26149,MI,Target,56,Southern Michigan/Northern Indiana Drift Plains,56b,Battle Creek/Elkhart Outwash Plain,PFO,PFO,PRLW,DPRSS,EMU_PFO,785765.438,848911.0373,526771.6981
8/24/2020,NWCA11-1852,5396,9/15/2011,2,NWC_MI-10004,PLNLOW,Plains and Lowlands,UMW,Upper Midwest,Delta,Great Lakes Region,NE,Northcentral and Northeast,LRR K,Region_05,Target_Sampled,H0403011201,Fishdam River-Frontal Big Bay De Noc,H040301120108,INLAND,45.9069735,45.9069735,-86.56505255,-86.56505255,Northern Lake States Forest and Forage Region,K,Great Lakes Region,H04,162,Michigan Eastern Upper Peninsula Sandy Drift,94B,Not_NEP,Not_NEP,MI,MI,EMU,EMU,Non-Federal,NWC_11_16,NWC_11_16,Base,NWC16_11_TSS,P23,PSS,MI,NCE,North Central East,EMU-PRLW,EMU-PRLW,PROB,FWS_ST_2005,Michigan,F26041,MI,Target,50,Northern Lakes and Forests,50aa,Menominee-Drummond Lakeshore,PSS,PFO,PRLW,RIVERINE,EMU_PSS,252555.2149,731725.5537,976100.2918
8/24/2020,NWCA11-1852,4014,7/22/2011,1,NWC_MI-10004,PLNLOW,Plains and Lowlands,UMW,Upper Midwest,Delta,Great Lakes Region,NE,Northcentral and Northeast,LRR K,Region_05,Target_Sampled,H0403011201,Fishdam River-Frontal Big Bay De Noc,H040301120108,INLAND,45.9069735,45.9069735,-86.56505255,-86.56505255,Northern Lake States Forest and Forage Region,K,Great Lakes Region,H04,162,Michigan Eastern Upper Peninsula Sandy Drift,94B,Not_NEP,Not_NEP,MI,MI,EMU,EMU,Non-Federal,NWC_11_16,NWC_11_16,Base,NWC16_11_TSS,P23,PSS,MI,NCE,North Central East,EMU-PRLW,EMU-PRLW,PROB,FWS_ST_2005,Michigan,F26041,MI,Target,50,Northern Lakes and Forests,50aa,Menominee-Drummond Lakeshore,PSS,PFO,PRLW,RIVERINE,EMU_PSS,252555.2149,731725.5537,976100.2918
8/24/2020,NWCA11-1854,4015,8/25/2011,1,NWC_MI-10006,PLNLOW,Plains and Lowlands,UMW,Upper Midwest,Kent,Great Lakes Region,NE,Northcentral and Northeast,LRR L,Region_05,Target_Sampled,H0405000605,Rush Creek-Grand River,H040500060507,INLAND,42.96801332,42.96801332,-85.59834787,-85.59834787,"Lake State Fruit, Truck Crop, and Dairy Region",L,Great Lakes Region,H04,168,Southwestern Michigan Fruit and Truck Crop Belt,97,Not_NEP,Not_NEP,MI,MI,EMU,EMU,Non-Federal,NWC_11_16,NWC_11_16,Base,NWC16_11_TSS,P23,PEM,MI,NCE,North Central East,EMU-PRLH,EMU-PRLH,PROB,FWS_ST_2005,Michigan,F26081,MI,Target,56,Southern Michigan/Northern Indiana Drift Plains,56g,Lansing Loamy Plain,PEM,PEM,PRLH,FRINGE,EMU_PEM,290315.0026,842176.3642,658478.1611
8/24/2020,NWCA11-1855,5508,9/9/2011,1,NWC_MI-10007,PLNLOW,Plains and Lowlands,TPL,Temporate Plains,Sanilac,Not Coast,NE,Northcentral and Northeast,LRR L,Region_05,Target_Sampled,H0408020501,South Branch Cass River,H040802050109,INLAND,43.64558715,43.64558715,-83.06389796,-83.06389796,"Lake State Fruit, Truck Crop, and Dairy Region",L,Great Lakes Region,H04,170,Erie-Huron Lake Plain,99,Not_NEP,Not_NEP,MI,MI,IPL,IPL,State,NWC_11_NO,NWC_11_NO,Base,NWC16_11_TSN,P11,PFO,MI,TPL,Temperate Plains,IPL-PRLW,IPL-PRLW,PROB,FWS_ST_2005,Michigan,F26151,MI,Target,57,Huron/Erie Lake Plains,57e,Saginaw Lake Plain,PFO,PFO,PRLW,RIVERINE,IPL_PFO,785765.438,1035969.458,758615.3801
8/24/2020,NWCA11-1857,4018,8/29/2011,1,NWC_MI-10009,PLNLOW,Plains and Lowlands,UMW,Upper Midwest,Kalkaska,Great Lakes Region,NE,Northcentral and Northeast,LRR K,Region_05,Target_Sampled,H0406010202,Butterfield Creek-Muskegon River,H040601020201,INLAND,44.51120705,44.51120705,-84.91907776,-84.91907776,Northern Lake States Forest and Forage Region,K,Great Lakes Region,H04,161,Northern Michigan and Wisconsin Sandy Drift,94A,Not_NEP,Not_NEP,MI,MI,EMU,EMU,State,NWC_11_16,NWC_11_16,Base,NWC16_11_TSS,P23,PSS,MI,NCE,North Central East,EMU-PRLH,EMU-PRLH,PROB,FWS_ST_2005,Michigan,F26079,MI,Target,50,Northern Lakes and Forests,50ae,Mio Plateau,PSS,PEM,PRLH,FRINGE,EMU_PSS,252555.2149,876902.538,835693.8385
8/24/2020,NWCA11-1858,5509,9/8/2011,1,NWC_MI-10010,PLNLOW,Plains and Lowlands,TPL,Temporate Plains,St. Clair,Great Lakes Region,NE,Northcentral and Northeast,LRR L,Region_05,Target_Sampled,H0409000103,Pine River-Frontal Saint Clair River,H040900010302,INLAND,42.96205704,42.96205704,-82.65149303,-82.65149303,"Lake State Fruit, Truck Crop, and Dairy Region",L,Great Lakes Region,H04,170,Erie-Huron Lake Plain,99,Not_NEP,Not_NEP,MI,MI,IPL,IPL,Non-Federal,NWC_11_16,NWC_11_16,Base,NWC16_11_TSS,P11,PFO,MI,TPL,Temperate Plains,IPL-PRLW,IPL-PRLW,PROB,FWS_ST_2005,Michigan,F26147,MI,Target,57,Huron/Erie Lake Plains,57a,Maumee Lake Plain,PFO,PFO,PRLW,DPRSS,IPL_PFO,785765.438,1079467.012,687614.0615
8/24/2020,NWCA11-1859,5510,7/12/2011,1,NWC_MI-10011,PLNLOW,Plains and Lowlands,UMW,Upper Midwest,Mackinac,Great Lakes Region,NE,Northcentral and Northeast,LRR K,Region_05,Target_Sampled,H0407000203,McKay Creek-Frontal Lake Huron,H040700020303,INLAND,46.04641945,46.04641945,-84.34377855,-84.34377855,Northern Lake States Forest and Forage Region,K,Great Lakes Region,H04,162,Michigan Eastern Upper Peninsula Sandy Drift,94B,Not_NEP,Not_NEP,MI,MI,EMU,EMU,Non-Federal,NWC_11_NO,NWC_11_NO,Base,NWC16_11_TSN,P23,PSS,MI,NCE,North Central East,EMU-PRLW,EMU-PRLW,PROB,FWS_ST_2005,Michigan,F26097,MI,Target,50,Northern Lakes and Forests,50aa,Menominee-Drummond Lakeshore,PSS,PFO,PRLW,UND,EMU_PSS,252555.2149,901320.4045,1010570.682
8/24/2020,NWCA11-1860,5490,9/12/2011,1,NWC_MI-10012,PLNLOW,Plains and Lowlands,UMW,Upper Midwest,Montmorency,Great Lakes Region,NE,Northcentral and Northeast,LRR K,Region_05,Target_Sampled,H0407000501,Rainy River,H040700050101,INLAND,45.18187596,45.18187596,-84.06174178,-84.06174178,Northern Lake States Forest and Forage Region,K,Great Lakes Region,H04,163,Michigan Northern Lower Peninsula Sandy Drift,94C,Not_NEP,Not_NEP,MI,MI,EMU,EMU,State,NWC_11_NO,NWC_11_NO,Base,NWC16_11_TSN,P23,PSS,MI,NCE,North Central East,EMU-PRLW,EMU-PRLW,PROB,FWS_ST_2005,Michigan,F26119,MI,Target,50,Northern Lakes and Forests,50ac,Onaway Moraines,PSS,PSS,PRLW,FRINGE,EMU_PSS,252555.2149,935050.6601,917977.6893
8/24/2020,NWCA11-1861,4019,7/28/2011,1,NWC_MI-10013,PLNLOW,Plains and Lowlands,UMW,Upper Midwest,Van Buren,Great Lakes Region,NE,Northcentral and Northeast,LRR L,Region_05,Target_Sampled,H0405000124,North Branch Paw Paw River,H040500012403,INLAND,42.30241506,42.30241506,-85.80076576,-85.80076576,"Lake State Fruit, Truck Crop, and Dairy Region",L,Great Lakes Region,H04,168,Southwestern Michigan Fruit and Truck Crop Belt,97,Not_NEP,Not_NEP,MI,MI,EMU,EMU,Non-Federal,NWC_11_NO,NWC_11_NO,Base,NWC16_11_TSN,P23,PFO,MI,NCE,North Central East,EMU-PRLW,EMU-PRLW,PROB,FWS_ST_2005,Michigan,F26159,MI,Target,56,Southern Michigan/Northern Indiana Drift Plains,56b,Battle Creek/Elkhart Outwash Plain,PFO,PFO,PRLW,DPRSS,EMU_PFO,775409.059,833819.9264,582735.7961
8/24/2020,NWCA11-1862,5511,9/7/2011,1,NWC_MI-10014,PLNLOW,Plains and Lowlands,UMW,Upper Midwest,Livingston,Great Lakes Region,NE,Northcentral and Northeast,LRR L,Region_05,Target_Sampled,H0409000501,Woodruff Creek-Huron River,H040900050111,INLAND,42.58796595,42.58796595,-83.7792863,-83.7792863,"Lake State Fruit, Truck Crop, and Dairy Region",L,Great Lakes Region,H04,169,Southern Michigan and Northern Indiana Drift Plain,98,Not_NEP,Not_NEP,MI,MI,EMU,EMU,Non-Federal,NWC_11_16,NWC_11_16,Base,NWC16_11_TSS,P23,PF,MI,NCE,North Central East,EMU-PRLH,EMU-PRLH,PROB,FWS_ST_2005,Michigan,F26093,MI,Target,56,Southern Michigan/Northern Indiana Drift Plains,56h,Interlobate Dead Ice Moraines,PF,PEM,PRLH,DPRSS,EMU_PF,4206.1336,994152.2723,633882.6962
8/24/2020,NWCA11-1863,5512,9/14/2011,1,NWC_MI-10015,PLNLOW,Plains and Lowlands,UMW,Upper Midwest,Dickinson,Great Lakes Region,NE,Northcentral and Northeast,LRR K,Region_05,Target_Sampled,H0403010901,West Branch Ford River-Ford River,H040301090105,INLAND,46.07282407,46.07282407,-87.66325735,-87.66325735,Northern Lake States Forest and Forage Region,K,Great Lakes Region,H04,162,Michigan Eastern Upper Peninsula Sandy Drift,94B,Not_NEP,Not_NEP,MI,MI,EMU,EMU,State,NWC_11_NO,NWC_11_NO,Base,NWC16_11_TSN,P23,PFO,MI,NCE,North Central East,EMU-PRLW,EMU-PRLW,PROB,FWS_ST_2005,Michigan,F26043,MI,Target,50,Northern Lakes and Forests,50l,Menominee Drumlins and Ground Moraine,PFO,PFO,PRLW,DPRSS,EMU_PFO,775409.059,645174.7075,986473.1408
8/24/2020,NWCA11-1864,4020,7/20/2011,1,NWC_MI-10016,PLNLOW,Plains and Lowlands,UMW,Upper Midwest,Baraga,Not Coast,NE,Northcentral and Northeast,LRR K,Region_05,Target_Sampled,H0403010602,Net River,H040301060204,INLAND,46.42732457,46.42732457,-88.58720121,-88.58720121,Northern Lake States Forest and Forage Region,K,Great Lakes Region,H04,160,"Superior Stony and Rocky Loamy Plains and Hills, Eastern Part",93B,Not_NEP,Not_NEP,MI,MI,EMU,EMU,Non-Federal,NWC_11_NO,NWC_11_NO,OverSamp,NWC16_11_TSN,P23,PSS,MI,NCE,North Central East,EMU-PRLW,EMU-PRLW,PROB,FWS_ST_2005,Michigan,F26013,MI,Target,50,Northern Lakes and Forests,50v,Winegar Dead Ice Moraine,PSS,PSS,PRLW,DPRSS,EMU_PSS,252555.2149,570761.6144,1019746.882
8/24/2020,NWCA11-1865,4021,8/26/2011,1,NWC_MI-10017,PLNLOW,Plains and Lowlands,UMW,Upper Midwest,Mecosta,Great Lakes Region,NE,Northcentral and Northeast,LRR L,Region_05,Target_Sampled,H0406010207,Hardy Dam Pond-Muskegon River,H040601020704,INLAND,43.70000868,43.70000868,-85.5267486,-85.5267486,"Lake State Fruit, Truck Crop, and Dairy Region",L,Great Lakes Region,H04,169,Southern Michigan and Northern Indiana Drift Plain,98,Not_NEP,Not_NEP,MI,MI,EMU,EMU,Non-Federal,NWC_11_NO,NWC_11_NO,OverSamp,NWC16_11_TSN,P23,PSS,MI,NCE,North Central East,EMU-PRLH,EMU-PRLH,PROB,FWS_ST_2005,Michigan,F26107,MI,Target,50,Northern Lakes and Forests,50af,Cadillac Hummocky Moraines,PSS,PEM,PRLH,SLOPE,EMU_PSS,252555.2149,838961.4281,740346.0819
8/24/2020,NWCA11-1866,5513,9/13/2011,1,NWC_MI-10018,PLNLOW,Plains and Lowlands,UMW,Upper Midwest,Schoolcraft,Great Lakes Region,NE,Northcentral and Northeast,LRR K,Region_05,Target_Sampled,H0406010603,Driggs River-Manistique River,H040601060308,INLAND,46.26335328,46.26335328,-85.93147845,-85.93147845,Northern Lake States Forest and Forage Region,K,Great Lakes Region,H04,162,Michigan Eastern Upper Peninsula Sandy Drift,94B,Not_NEP,Not_NEP,MI,MI,EMU,EMU,FWS,NWC_11_16,NWC_11_16,OverSamp,NWC16_11_TSS,P23,PEM,MI,NCE,North Central East,EMU-PRLH,EMU-PRLH,PROB,FWS_ST_2005,Michigan,F26153,MI,Target,50,Northern Lakes and Forests,50y,Seney-Tahquamenon Sand Plain,PEM,PEM,PRLH,RIVERINE,EMU_PEM,290315.0026,776502.12,1020466.266
8/24/2020,NWCA11-1867,5514,9/6/2011,1,NWC_MI-10019,PLNLOW,Plains and Lowlands,UMW,Upper Midwest,Clare,Great Lakes Region,NE,Northcentral and Northeast,LRR K,Region_05,Target_Sampled,H0406010204,Town Line Creek-Muskegon River,H040601020405,INLAND,44.10458187,44.10458187,-84.90982227,-84.90982227,Northern Lake States Forest and Forage Region,K,Great Lakes Region,H04,161,Northern Michigan and Wisconsin Sandy Drift,94A,Not_NEP,Not_NEP,MI,MI,EMU,EMU,State,NWC_11_NO,NWC_11_NO,OverSamp,NWC16_11_TSN,P23,PEM,MI,NCE,North Central East,EMU-PRLH,EMU-PRLH,PROB,FWS_ST_2005,Michigan,F26035,MI,Target,50,Northern Lakes and Forests,50ae,Mio Plateau,PEM,PEM,PRLH,RIVERINE,EMU_PEM,290315.0026,882908.1089,790770.0929
8/24/2020,NWCA11-1930,5116,8/25/2011,2,NWC_MO-10008,PLNLOW,Plains and Lowlands,TPL,Temporate Plains,Monroe,Not Coast,MIDWEST,Midwest,LRR M,Region_07,Target_Sampled,H0711000605,South Fork Salt River,H071100060509,INLAND,39.40972863,39.40972863,-91.813096,-91.813096,Central Feed Grains and Livestock Region,M,Upper Mississippi Region,H07,204,"Central Mississippi Valley Wooded Slopes, Northern Part",115C,Not_NEP,Not_NEP,MO,MO,IPL,IPL,Non-Federal,NWC_11_16,NWC_11_16,Base,NWC16_11_TSS,P21,PEM,MO,TPL,Temperate Plains,IPL-PRLH,IPL-PRLH,PROB,FWS_ST_2005,Missouri,F29137,MO,Target,72,Interior River Valleys and Hills,72f,River Hills,PEM,PEM,PRLH,FRINGE,IPL_PEM,4362.46024,357105.494,221913.1024
8/24/2020,NWCA11-1930,3855,7/12/2011,1,NWC_MO-10008,PLNLOW,Plains and Lowlands,TPL,Temporate Plains,Monroe,Not Coast,MIDWEST,Midwest,LRR M,Region_07,Target_Sampled,H0711000605,South Fork Salt River,H071100060509,INLAND,39.40972863,39.40972863,-91.813096,-91.813096,Central Feed Grains and Livestock Region,M,Upper Mississippi Region,H07,204,"Central Mississippi Valley Wooded Slopes, Northern Part",115C,Not_NEP,Not_NEP,MO,MO,IPL,IPL,Non-Federal,NWC_11_16,NWC_11_16,Base,NWC16_11_TSS,P21,PEM,MO,TPL,Temperate Plains,IPL-PRLH,IPL-PRLH,PROB,FWS_ST_2005,Missouri,F29137,MO,Target,72,Interior River Valleys and Hills,72f,River Hills,PEM,PEM,PRLH,FRINGE,IPL_PEM,4362.46024,357105.494,221913.1024
8/24/2020,NWCA11-1935,5117,7/7/2011,1,NWC_MO-10013,PLNLOW,Plains and Lowlands,TPL,Temporate Plains,Buchanan,Not Coast,MIDWEST,Midwest,LRR M,Region_07,Target_Sampled,H1024001101,Contrary Creek-Missouri River,H102400110107,INLAND,39.68629287,39.68629287,-94.88945689,-94.88945689,Central Feed Grains and Livestock Region,M,Missouri Region,H10,182,Iowa and Missouri Deep Loess Hills,107B,Not_NEP,Not_NEP,MO,MO,IPL,IPL,Non-Federal,NWC_11_16,NWC_11_16,OverSamp,NWC16_11_TSS,P34,PEM,MO,TPL,Temperate Plains,IPL-PRLW,IPL-PRLW,PROB,FWS_ST_2005,Missouri,F29021,MO,Target,47,Western Corn Belt Plains,47d,Missouri Alluvial Plain,PEM,PFO,PRLW,RIVERINE,IPL_PEM,30765.86063,94385.71567,245590.5259
8/24/2020,NWCA11-1935,5271,8/18/2011,2,NWC_MO-10013,PLNLOW,Plains and Lowlands,TPL,Temporate Plains,Buchanan,Not Coast,MIDWEST,Midwest,LRR M,Region_07,Target_Sampled,H1024001101,Contrary Creek-Missouri River,H102400110107,INLAND,39.68629287,39.68629287,-94.88945689,-94.88945689,Central Feed Grains and Livestock Region,M,Missouri Region,H10,182,Iowa and Missouri Deep Loess Hills,107B,Not_NEP,Not_NEP,MO,MO,IPL,IPL,Non-Federal,NWC_11_16,NWC_11_16,OverSamp,NWC16_11_TSS,P34,PEM,MO,TPL,Temperate Plains,IPL-PRLW,IPL-PRLW,PROB,FWS_ST_2005,Missouri,F29021,MO,Target,47,Western Corn Belt Plains,47d,Missouri Alluvial Plain,PEM,PFO,PRLW,RIVERINE,IPL_PEM,30765.86063,94385.71567,245590.5259
8/24/2020,NWCA11-1938,5272,7/14/2011,1,NWC_MO-10016,PLNLOW,Plains and Lowlands,CPL,Coastal Plains,Stoddard,Not Coast,CSTL_PLAIN,Atlantic and Gulf Coastal Plain,LRR P,Region_07,Target_Sampled,H0802020402,Castor River,H080202040201,INLAND,37.03762983,37.03762983,-89.91186801,-89.91186801,"South Atlantic and Gulf Slope Cash Crops, Forest, and Livestock Region",P,Lower Mississippi Region,H08,236,Southern Mississippi Valley Loess,134,Not_NEP,Not_NEP,MO,MO,CPL,CPL,Non-Federal,NWC_11_NO,NWC_11_NO,OverSamp,NWC16_11_TSN,P17,PFO,MO,ICP,Inland Coastal Plains,CPL-PRLW,CPL-PRLW,PROB,FWS_ST_2005,Missouri,F29207,MO,Target,74,Mississippi Valley Loess Plains,74a,Bluff Hills,PFO,PSS,PRLW,RIVERINE,CPL_PFO,29247.82577,536096.1786,-34635.77471
8/24/2020,NWCA11-1940,5273,8/11/2011,1,NWC_MO-10018,PLNLOW,Plains and Lowlands,TPL,Temporate Plains,Shelby,Not Coast,MIDWEST,Midwest,LRR M,Region_07,Target_Sampled,H0711000401,North River,H071100040104,INLAND,39.83687623,39.83687623,-91.88847243,-91.88847243,Central Feed Grains and Livestock Region,M,Upper Mississippi Region,H07,204,"Central Mississippi Valley Wooded Slopes, Northern Part",115C,Not_NEP,Not_NEP,MO,MO,IPL,IPL,Non-Federal,NWC_11_NO,NWC_11_NO,OverSamp,NWC16_11_TSN,P21,PFO,MO,TPL,Temperate Plains,IPL-PRLW,IPL-PRLW,PROB,FWS_ST_2005,Missouri,F29205,MO,Target,72,Interior River Valleys and Hills,72f,River Hills,PFO,PFO,PRLW,RIVERINE,IPL_PFO,24232.31085,348610.2913,269455.4892
8/24/2020,NWCA11-1942,5109,7/5/2011,1,NWC_MO-10020,PLNLOW,Plains and Lowlands,TPL,Temporate Plains,Henry,Not Coast,MIDWEST,Midwest,LRR M,Region_07,Target_Sampled,H1029010808,Tebo Creek,H102901080801,INLAND,38.50860074,38.50860074,-93.61546574,-93.61546574,Central Feed Grains and Livestock Region,M,Missouri Region,H10,196,Cherokee Prairies,112,Not_NEP,Not_NEP,MO,MO,IPL,IPL,Non-Federal,NWC_11_NO,NWC_11_NO,OverSamp,NWC16_11_TSN,P19,PSS,MO,TPL,Temperate Plains,IPL-PRLW,IPL-PRLW,PROB,FWS_ST_2005,Missouri,F29083,MO,Target,40,Central Irregular Plains,40d,Cherokee Plains,PSS,PFO,PRLW,RIVERINE,IPL_PSS,39374.0899,205957.9108,115629.2843
8/24/2020,NWCA11-1946,5100,5/7/2011,1,NWC_MS-10002,PLNLOW,Plains and Lowlands,CPL,Coastal Plains,Jackson,Gulf Coast Region,CSTL_PLAIN,Atlantic and Gulf Coastal Plain,"LRR T (MLRA 152A, 152B, 153A)",Region_04,Target_Sampled,H0317000603,West Pascagoula River-Pascagoula River,H031700060303,TIDAL,30.41902926,30.41902926,-88.56129586,-88.56129586,Atlantic and Gulf Coast Lowland Forest and Crop Region,T,South Atlantic Gulf Region,H03,259,Eastern Gulf Coast Flatwoods,152A,Not_NEP,Not_NEP,MS,MS_SCP,CPL,CPL,Non-Federal,NWC_11_16,NWC_11_16,Revisit,NWC16_11_TSS,P13,E2SS,MS,GFC,Gulf & Florida Coasts,ALL-EH,ALL-EH,PROB,FWS_ST_2005,Mississippi,F28059,MS,Target,75,Southern Coastal Plain,75k,Gulf Barrier Islands and Coastal Marshes,E2SS,E2EM,EH,FLATS,CPL_E2SS,88.1628,712593.1707,-762986.4051
8/24/2020,NWCA11-1946,5099,5/20/2011,2,NWC_MS-10002,PLNLOW,Plains and Lowlands,CPL,Coastal Plains,Jackson,Gulf Coast Region,CSTL_PLAIN,Atlantic and Gulf Coastal Plain,"LRR T (MLRA 152A, 152B, 153A)",Region_04,Target_Sampled,H0317000603,West Pascagoula River-Pascagoula River,H031700060303,TIDAL,30.41902926,30.41902926,-88.56129586,-88.56129586,Atlantic and Gulf Coast Lowland Forest and Crop Region,T,South Atlantic Gulf Region,H03,259,Eastern Gulf Coast Flatwoods,152A,Not_NEP,Not_NEP,MS,MS_SCP,CPL,CPL,Non-Federal,NWC_11_16,NWC_11_16,Revisit,NWC16_11_TSS,P13,E2SS,MS,GFC,Gulf & Florida Coasts,ALL-EH,ALL-EH,PROB,FWS_ST_2005,Mississippi,F28059,MS,Target,75,Southern Coastal Plain,75k,Gulf Barrier Islands and Coastal Marshes,E2SS,E2EM,EH,FLATS,CPL_E2SS,88.1628,712593.1707,-762986.4051
8/24/2020,NWCA11-1948,5770,8/28/2011,2,NWC_MS-10004,PLNLOW,Plains and Lowlands,CPL,Coastal Plains,Sharkey,Not Coast,CSTL_PLAIN,Atlantic and Gulf Coastal Plain,LRR O,Region_04,Target_Sampled,H0803020719,Big Sunflower River-Little Sunflower River,H080302071900,INLAND,32.82524106,32.82524106,-90.8742596,-90.8742596,Mississippi Delta Cotton and Feed Grains Region,O,Lower Mississippi Region,H08,230,Southern Mississippi River Alluvium,131A,Not_NEP,Not_NEP,MS,MS_OTH,CPL,CPL,DOD,NWC_11_16,NWC_11_16,Base,NWC16_11_TSS,P17,PFO,MS,ICP,Inland Coastal Plains,CPL-PRLW,CPL-PRLW,PROB,FWS_ST_2005,Mississippi,F28125,MS,Target,73,Mississippi Alluvial Plain,73d,Northern Backswamps,PFO,PFO,PRLW,RIVERINE,CPL_PFO,158514.4367,476843.167,-510130.4124
8/24/2020,NWCA11-1948,5097,8/7/2011,1,NWC_MS-10004,PLNLOW,Plains and Lowlands,CPL,Coastal Plains,Sharkey,Not Coast,CSTL_PLAIN,Atlantic and Gulf Coastal Plain,LRR O,Region_04,Target_Sampled,H0803020719,Big Sunflower River-Little Sunflower River,H080302071900,INLAND,32.82524106,32.82524106,-90.8742596,-90.8742596,Mississippi Delta Cotton and Feed Grains Region,O,Lower Mississippi Region,H08,230,Southern Mississippi River Alluvium,131A,Not_NEP,Not_NEP,MS,MS_OTH,CPL,CPL,DOD,NWC_11_16,NWC_11_16,Base,NWC16_11_TSS,P17,PFO,MS,ICP,Inland Coastal Plains,CPL-PRLW,CPL-PRLW,PROB,FWS_ST_2005,Mississippi,F28125,MS,Target,73,Mississippi Alluvial Plain,73d,Northern Backswamps,PFO,PFO,PRLW,RIVERINE,CPL_PFO,158514.4367,476843.167,-510130.4124
8/24/2020,NWCA11-1951,5928,8/20/2011,1,NWC_MS-10007,PLNLOW,Plains and Lowlands,CPL,Coastal Plains,Tate,Not Coast,CSTL_PLAIN,Atlantic and Gulf Coastal Plain,LRR O,Region_04,Target_Sampled,H0803020407,Lake Cormorant Bayou-Coldwater River,H080302040701,INLAND,34.73458095,34.73458095,-90.17840332,-90.17840332,Mississippi Delta Cotton and Feed Grains Region,O,Lower Mississippi Region,H08,230,Southern Mississippi River Alluvium,131A,Not_NEP,Not_NEP,MS,MS_OTH,CPL,CPL,Non-Federal,NWC_11_NO,NWC_11_NO,Base,NWC16_11_TSN,P17,PF,MS,ICP,Inland Coastal Plains,CPL-PRLW,CPL-PRLW,PROB,FWS_ST_2005,Mississippi,F28137,MS,Target,73,Mississippi Alluvial Plain,73d,Northern Backswamps,PF,PFO,PRLW,RIVERINE,CPL_PF,1616.07878,528442.7168,-293487.0772
8/24/2020,NWCA11-1953,5098,5/24/2011,1,NWC_MS-10009,PLNLOW,Plains and Lowlands,CPL,Coastal Plains,Harrison,Gulf Coast Region,CSTL_PLAIN,Atlantic and Gulf Coastal Plain,"LRR T (MLRA 152A, 152B, 153A)",Region_04,Target_Sampled,H0317000908,Ship Island Pass-Mississippi Sound,H031700090803,TIDAL,30.37253218,30.37253218,-88.83512847,-88.83512847,Atlantic and Gulf Coast Lowland Forest and Crop Region,T,South Atlantic Gulf Region,H03,259,Eastern Gulf Coast Flatwoods,152A,Not_NEP,Not_NEP,MS,MS_SCP,CPL,CPL,State,NWC_11_NO,NWC_11_NO,Base,NWC16_11_TSN,P36,E2SS,MS,GFC,Gulf & Florida Coasts,ALL-EH,ALL-EH,PROB,FWS_ST_2005,Mississippi,F28047,MS,Target,75,Southern Coastal Plain,75k,Gulf Barrier Islands and Coastal Marshes,E2SS,E2EM,EH,TIDAL,CPL_E2SS,88.1628,686800.9451,-770151.6492
8/24/2020,NWCA11-1954,5768,5/8/2011,1,NWC_MS-10010,PLNLOW,Plains and Lowlands,CPL,Coastal Plains,Harrison,Gulf Coast Region,CSTL_PLAIN,Atlantic and Gulf Coastal Plain,"LRR T (MLRA 152A, 152B, 153A)",Region_04,Target_Sampled,H0317000906,Back Bay of Biloxi-Biloxi Bay,H031700090603,INLAND,30.33303905,30.33303905,-89.23238799,-89.23238799,Atlantic and Gulf Coast Lowland Forest and Crop Region,T,South Atlantic Gulf Region,H03,259,Eastern Gulf Coast Flatwoods,152A,Not_NEP,Not_NEP,MS,MS_SCP,CPL,CPL,Non-Federal,NWC_11_NO,NWC_11_NO,Base,NWC16_11_TSN,P13,E2SS,MS,ICP,Inland Coastal Plains,CPL-PRLW,CPL-PRLW,PROB,FWS_ST_2005,Mississippi,F28047,MS,Target,75,Southern Coastal Plain,75a,Gulf Coast Flatwoods,E2SS,PSS,PRLW,DPRSS,CPL_E2SS,677.32167,649099.3245,-777318.078
8/24/2020,NWCA11-1955,5292,8/17/2011,1,NWC_MS-10011,PLNLOW,Plains and Lowlands,CPL,Coastal Plains,Tate,Not Coast,CSTL_PLAIN,Atlantic and Gulf Coastal Plain,LRR O,Region_04,Target_Sampled,H0803020407,Lake Cormorant Bayou-Coldwater River,H080302040701,INLAND,34.73753479,34.73753479,-90.17872879,-90.17872879,Mississippi Delta Cotton and Feed Grains Region,O,Lower Mississippi Region,H08,230,Southern Mississippi River Alluvium,131A,Not_NEP,Not_NEP,MS,MS_OTH,CPL,CPL,Non-Federal,NWC_11_NO,NWC_11_NO,Base,NWC16_11_TSN,P17,PF,MS,ICP,Inland Coastal Plains,CPL-PRLH,CPL-PRLH,PROB,FWS_ST_2005,Mississippi,F28137,MS,Target,73,Mississippi Alluvial Plain,73d,Northern Backswamps,PF,PF,PRLH,RIVERINE,CPL_PF,1616.07878,528392.9838,-293159.1055
8/24/2020,NWCA11-1956,5293,8/13/2011,1,NWC_MS-10012,PLNLOW,Plains and Lowlands,CPL,Coastal Plains,Issaquena,Not Coast,CSTL_PLAIN,Atlantic and Gulf Coastal Plain,LRR O,Region_04,Target_Sampled,H0803020906,Lower Deer Creek-Steele Bayou,H080302090600,INLAND,32.69248513,32.69248513,-91.04674304,-91.04674304,Mississippi Delta Cotton and Feed Grains Region,O,Lower Mississippi Region,H08,230,Southern Mississippi River Alluvium,131A,Not_NEP,Not_NEP,MS,MS_OTH,CPL,CPL,Non-Federal,NWC_11_NO,NWC_11_NO,Base,NWC16_11_TSN,P17,PFO,MS,ICP,Inland Coastal Plains,CPL-PRLW,CPL-PRLW,PROB,FWS_ST_2005,Mississippi,F28055,MS,Target,73,Mississippi Alluvial Plain,73a,Northern Holocene Meander Belts,PFO,PSS,PRLW,RIVERINE,CPL_PFO,158514.4367,461583.5511,-525771.4927
8/24/2020,NWCA11-1957,5291,5/16/2011,1,NWC_MS-10013,PLNLOW,Plains and Lowlands,CPL,Coastal Plains,Jackson,Gulf Coast Region,CSTL_PLAIN,Atlantic and Gulf Coastal Plain,"LRR T (MLRA 152A, 152B, 153A)",Region_04,Target_Sampled,H0317000603,West Pascagoula River-Pascagoula River,H031700060303,TIDAL,30.40786002,30.40786002,-88.57392306,-88.57392306,Atlantic and Gulf Coast Lowland Forest and Crop Region,T,South Atlantic Gulf Region,H03,259,Eastern Gulf Coast Flatwoods,152A,Not_NEP,Not_NEP,MS,MS_SCP,CPL,CPL,State,NWC_11_NO,NWC_11_NO,Base,NWC16_11_TSN,P36,E2EM,MS,GFC,Gulf & Florida Coasts,ALL-EH,ALL-EH,PROB,FWS_ST_2005,Mississippi,F28059,MS,Target,75,Southern Coastal Plain,75k,Gulf Barrier Islands and Coastal Marshes,E2EM,E2EM,EH,TIDAL,CPL_E2EM,5329.38469,711482.8526,-764317.8147
8/24/2020,NWCA11-1958,5290,4/30/2011,1,NWC_MS-10014,PLNLOW,Plains and Lowlands,CPL,Coastal Plains,Hancock,Gulf Coast Region,CSTL_PLAIN,Atlantic and Gulf Coastal Plain,LRR T (MLRA 151),Region_04,Target_Sampled,H0317000914,Pass Marianne-Mississippi Sound,H031700091401,TIDAL,30.26946711,30.26946711,-89.39634719,-89.39634719,Atlantic and Gulf Coast Lowland Forest and Crop Region,T,South Atlantic Gulf Region,H03,258,Gulf Coast Marsh,151,Not_NEP,Not_NEP,MS,MS_SCP,CPL,CPL,State,NWC_11_NO,NWC_11_NO,Base,NWC16_11_TSN,P13,E2EM,MS,GFC,Gulf & Florida Coasts,ALL-EH,ALL-EH,PROB,FWS_ST_2005,Mississippi,F28045,MS,Target,75,Southern Coastal Plain,75k,Gulf Barrier Islands and Coastal Marshes,E2EM,E2EM,EH,FLATS,CPL_E2EM,5329.38469,633889.3495,-785466.7438
8/24/2020,NWCA11-1959,5289,8/23/2011,1,NWC_MS-10015,PLNLOW,Plains and Lowlands,CPL,Coastal Plains,Sunflower,Not Coast,CSTL_PLAIN,Atlantic and Gulf Coastal Plain,LRR O,Region_04,Target_Sampled,H0803020706,Parks Bayou-Quiver River,H080302070600,INLAND,33.97296594,33.97296594,-90.48970067,-90.48970067,Mississippi Delta Cotton and Feed Grains Region,O,Lower Mississippi Region,H08,230,Southern Mississippi River Alluvium,131A,Not_NEP,Not_NEP,MS,MS_OTH,CPL,CPL,Non-Federal,NWC_11_NO,NWC_11_NO,Base,NWC16_11_TSN,P17,PFO,MS,ICP,Inland Coastal Plains,CPL-PRLW,CPL-PRLW,PROB,FWS_ST_2005,Mississippi,F28133,MS,Target,73,Mississippi Alluvial Plain,73a,Northern Holocene Meander Belts,PFO,PFO,PRLW,RIVERINE,CPL_PFO,158514.4367,505152.6042,-380181.8029
8/24/2020,NWCA11-1961,3891,5/23/2011,1,NWC_MS-10017,PLNLOW,Plains and Lowlands,CPL,Coastal Plains,Jackson,Gulf Coast Region,CSTL_PLAIN,Atlantic and Gulf Coastal Plain,"LRR T (MLRA 152A, 152B, 153A)",Region_04,Target_Sampled,H0317000907,Biloxi Bay-Mississippi Sound,H031700090702,INLAND,30.29608597,30.29608597,-88.58696249,-88.58696249,Atlantic and Gulf Coast Lowland Forest and Crop Region,T,South Atlantic Gulf Region,H03,259,Eastern Gulf Coast Flatwoods,152A,Not_NEP,Not_NEP,MS,MS_SCP,CPL,CPL,State,NWC_11_NO,NWC_11_NO,Base,NWC16_11_TSN,P36,E2SS,MS,ICP,Inland Coastal Plains,CPL-PRLW,CPL-PRLW,PROB,FWS_ST_2005,Mississippi,F28059,MS,Target,75,Southern Coastal Plain,75k,Gulf Barrier Islands and Coastal Marshes,E2SS,PSS,PRLW,TIDAL,CPL_E2SS,88.1628,711203.4166,-776790.9506
8/24/2020,NWCA11-1963,5288,8/22/2011,1,NWC_MS-10019,PLNLOW,Plains and Lowlands,CPL,Coastal Plains,Tate,Not Coast,CSTL_PLAIN,Atlantic and Gulf Coastal Plain,LRR O,Region_04,Target_Sampled,H0803020407,Lake Cormorant Bayou-Coldwater River,H080302040701,INLAND,34.73473627,34.73473627,-90.17909476,-90.17909476,Mississippi Delta Cotton and Feed Grains Region,O,Lower Mississippi Region,H08,230,Southern Mississippi River Alluvium,131A,Not_NEP,Not_NEP,MS,MS_OTH,CPL,CPL,Non-Federal,NWC_11_NO,NWC_11_NO,Base,NWC16_11_TSN,P17,PF,MS,ICP,Inland Coastal Plains,CPL-PRLH,CPL-PRLH,PROB,FWS_ST_2005,Mississippi,F28137,MS,Target,73,Mississippi Alluvial Plain,73d,Northern Backswamps,PF,PF,PRLH,RIVERINE,CPL_PF,1616.07878,528378.9679,-293473.5811
8/24/2020,NWCA11-1965,5287,5/15/2011,1,NWC_MS-10021,PLNLOW,Plains and Lowlands,CPL,Coastal Plains,Jackson,Gulf Coast Region,CSTL_PLAIN,Atlantic and Gulf Coastal Plain,"LRR T (MLRA 152A, 152B, 153A)",Region_04,Target_Sampled,H0317000603,West Pascagoula River-Pascagoula River,H031700060303,TIDAL,30.4012768,30.4012768,-88.56434579,-88.56434579,Atlantic and Gulf Coast Lowland Forest and Crop Region,T,South Atlantic Gulf Region,H03,259,Eastern Gulf Coast Flatwoods,152A,Not_NEP,Not_NEP,MS,MS_SCP,CPL,CPL,State,NWC_11_NO,NWC_11_NO,Base,NWC16_11_TSN,P36,E2EM,MS,GFC,Gulf & Florida Coasts,ALL-EH,ALL-EH,PROB,FWS_ST_2005,Mississippi,F28059,MS,Target,75,Southern Coastal Plain,75k,Gulf Barrier Islands and Coastal Marshes,E2EM,E2EM,EH,TIDAL,CPL_E2EM,5329.38469,712455.7191,-764975.0285
8/24/2020,NWCA11-1966,5516,5/1/2011,1,NWC_MS-10022,PLNLOW,Plains and Lowlands,CPL,Coastal Plains,Hancock,Gulf Coast Region,CSTL_PLAIN,Atlantic and Gulf Coastal Plain,LRR T (MLRA 151),Region_04,Target_Sampled,H0317000914,Pass Marianne-Mississippi Sound,H031700091401,TIDAL,30.27883595,30.27883595,-89.39841246,-89.39841246,Atlantic and Gulf Coast Lowland Forest and Crop Region,T,South Atlantic Gulf Region,H03,258,Gulf Coast Marsh,151,Not_NEP,Not_NEP,MS,MS_SCP,CPL,CPL,Non-Federal,NWC_11_NO,NWC_11_NO,Base,NWC16_11_TSN,P36,E2SS,MS,GFC,Gulf & Florida Coasts,ALL-EH,ALL-EH,PROB,FWS_ST_2005,Mississippi,F28045,MS,Target,75,Southern Coastal Plain,75k,Gulf Barrier Islands and Coastal Marshes,E2SS,E2EM,EH,DPRSS,CPL_E2SS,88.1628,633619.214,-784442.722
8/24/2020,NWCA11-1969,5517,5/18/2011,1,NWC_MS-10025,PLNLOW,Plains and Lowlands,CPL,Coastal Plains,Jackson,Gulf Coast Region,CSTL_PLAIN,Atlantic and Gulf Coastal Plain,"LRR T (MLRA 152A, 152B, 153A)",Region_04,Target_Sampled,H0317000907,Biloxi Bay-Mississippi Sound,H031700090702,TIDAL,30.29468933,30.29468933,-88.58721892,-88.58721892,Atlantic and Gulf Coast Lowland Forest and Crop Region,T,South Atlantic Gulf Region,H03,259,Eastern Gulf Coast Flatwoods,152A,Not_NEP,Not_NEP,MS,MS_SCP,CPL,CPL,State,NWC_11_NO,NWC_11_NO,Base,NWC16_11_TSN,P36,E2SS,MS,GFC,Gulf & Florida Coasts,ALL-EW,ALL-EW,PROB,FWS_ST_2005,Mississippi,F28059,MS,Target,75,Southern Coastal Plain,75k,Gulf Barrier Islands and Coastal Marshes,E2SS,E2SS,EW,TIDAL,CPL_E2SS,88.1628,711190.9496,-776947.4863
8/24/2020,NWCA11-1970,5518,5/17/2011,1,NWC_MS-10026,PLNLOW,Plains and Lowlands,CPL,Coastal Plains,Jackson,Gulf Coast Region,CSTL_PLAIN,Atlantic and Gulf Coastal Plain,"LRR T (MLRA 152A, 152B, 153A)",Region_04,Target_Sampled,H0317000603,West Pascagoula River-Pascagoula River,H031700060303,TIDAL,30.42130625,30.42130625,-88.57771898,-88.57771898,Atlantic and Gulf Coast Lowland Forest and Crop Region,T,South Atlantic Gulf Region,H03,259,Eastern Gulf Coast Flatwoods,152A,Not_NEP,Not_NEP,MS,MS_SCP,CPL,CPL,State,NWC_11_NO,NWC_11_NO,Base,NWC16_11_TSN,P36,E2EM,MS,GFC,Gulf & Florida Coasts,ALL-EH,ALL-EH,PROB,FWS_ST_2005,Mississippi,F28059,MS,Target,75,Southern Coastal Plain,75k,Gulf Barrier Islands and Coastal Marshes,E2EM,E2EM,EH,TIDAL,CPL_E2EM,5329.38469,711003.3831,-762857.273
8/24/2020,NWCA11-1971,5519,8/24/2011,1,NWC_MS-10027,PLNLOW,Plains and Lowlands,CPL,Coastal Plains,Lowndes,Not Coast,CSTL_PLAIN,Atlantic and Gulf Coastal Plain,LRR P,Region_04,Target_Sampled,H0316010306,Lower Buttahatchee River,H031601030604,INLAND,33.67180096,33.67180096,-88.42365256,-88.42365256,"South Atlantic and Gulf Slope Cash Crops, Forest, and Livestock Region",P,South Atlantic Gulf Region,H03,238,Alabama and Mississippi Blackland Prairie,135A,Not_NEP,Not_NEP,MS,MS_CP,CPL,CPL,State,NWC_11_16,NWC_11_16,Base,NWC16_11_TSS,P14,PSS,MS,ICP,Inland Coastal Plains,CPL-PRLW,CPL-PRLW,PROB,FWS_ST_2005,Mississippi,F28087,MS,Target,65,Southeastern Plains,65b,Flatwoods/Blackland Prairie Margins,PSS,PFO,PRLW,RIVERINE,CPL_PSS,170351.4811,696889.2854,-400687.0759
8/24/2020,NWCA11-1972,5520,8/27/2011,1,NWC_MS-10028,PLNLOW,Plains and Lowlands,CPL,Coastal Plains,Warren,Not Coast,CSTL_PLAIN,Atlantic and Gulf Coastal Plain,LRR O,Region_04,Target_Sampled,H0803020801,Collins Creek-Yazoo River,H080302080103,INLAND,32.60791462,32.60791462,-90.71233571,-90.71233571,Mississippi Delta Cotton and Feed Grains Region,O,Lower Mississippi Region,H08,230,Southern Mississippi River Alluvium,131A,Not_NEP,Not_NEP,MS,MS_OTH,CPL,CPL,Non-Federal,NWC_11_NO,NWC_11_NO,Base,NWC16_11_TSN,P17,PFO,MS,ICP,Inland Coastal Plains,CPL-PRLW,CPL-PRLW,PROB,FWS_ST_2005,Mississippi,F28149,MS,Target,73,Mississippi Alluvial Plain,73a,Northern Holocene Meander Belts,PFO,PFO,PRLW,RIVERINE,CPL_PFO,158514.4367,493239.7041,-533510.9437
8/24/2020,NWCA11-1973,5521,6/4/2011,1,NWC_MS-10029,PLNLOW,Plains and Lowlands,CPL,Coastal Plains,Harrison,Gulf Coast Region,CSTL_PLAIN,Atlantic and Gulf Coastal Plain,"LRR T (MLRA 152A, 152B, 153A)",Region_04,Target_Sampled,H0317000908,Ship Island Pass-Mississippi Sound,H031700090803,TIDAL,30.36752679,30.36752679,-88.8271054,-88.8271054,Atlantic and Gulf Coast Lowland Forest and Crop Region,T,South Atlantic Gulf Region,H03,259,Eastern Gulf Coast Flatwoods,152A,Not_NEP,Not_NEP,MS,MS_SCP,CPL,CPL,State,NWC_11_NO,NWC_11_NO,OverSamp,NWC16_11_TSN,P36,E2SS,MS,GFC,Gulf & Florida Coasts,ALL-EH,ALL-EH,PROB,FWS_ST_2005,Mississippi,F28047,MS,Target,75,Southern Coastal Plain,75k,Gulf Barrier Islands and Coastal Marshes,E2SS,E2EM,EH,TIDAL,CPL_E2SS,88.1628,687610.4688,-770647.9595
8/24/2020,NWCA11-1974,5522,8/25/2011,1,NWC_MS-10030,PLNLOW,Plains and Lowlands,CPL,Coastal Plains,Jasper,Not Coast,CSTL_PLAIN,Atlantic and Gulf Coastal Plain,LRR P,Region_04,Target_Sampled,H0317000402,Quarterliah Creek-West Tallahala Creek,H031700040203,INLAND,32.11340899,32.11340899,-89.28729015,-89.28729015,"South Atlantic and Gulf Slope Cash Crops, Forest, and Livestock Region",P,South Atlantic Gulf Region,H03,234,Southern Coastal Plain,133A,Not_NEP,Not_NEP,MS,MS_CP,CPL,CPL,USFS,NWC_11_NO,NWC_11_NO,OverSamp,NWC16_11_TSN,P14,PSS,MS,ICP,Inland Coastal Plains,CPL-PRLW,CPL-PRLW,PROB,FWS_ST_2005,Mississippi,F28061,MS,Target,65,Southeastern Plains,65d,Southern Hilly Gulf Coastal Plain,PSS,PFO,PRLW,RIVERINE,CPL_PSS,170351.4811,629863.0124,-580113.0222
8/24/2020,NWCA11-1975,5525,8/16/2011,1,NWC_MS-10031,PLNLOW,Plains and Lowlands,CPL,Coastal Plains,Tate,Not Coast,CSTL_PLAIN,Atlantic and Gulf Coastal Plain,LRR O,Region_04,Target_Sampled,H0803020407,Lake Cormorant Bayou-Coldwater River,H080302040701,INLAND,34.73663196,34.73663196,-90.17889147,-90.17889147,Mississippi Delta Cotton and Feed Grains Region,O,Lower Mississippi Region,H08,230,Southern Mississippi River Alluvium,131A,Not_NEP,Not_NEP,MS,MS_OTH,CPL,CPL,Non-Federal,NWC_11_NO,NWC_11_NO,OverSamp,NWC16_11_TSN,P17,PF,MS,ICP,Inland Coastal Plains,CPL-PRLH,CPL-PRLH,PROB,FWS_ST_2005,Mississippi,F28137,MS,Target,73,Mississippi Alluvial Plain,73d,Northern Backswamps,PF,PF,PRLH,RIVERINE,CPL_PF,1616.07878,528384.4178,-293260.8066
8/24/2020,NWCA11-1977,5532,8/31/2011,1,NWC_MS-10033,PLNLOW,Plains and Lowlands,CPL,Coastal Plains,Jackson,Gulf Coast Region,CSTL_PLAIN,Atlantic and Gulf Coastal Plain,"LRR T (MLRA 152A, 152B, 153A)",Region_04,Target_Sampled,H0317000603,West Pascagoula River-Pascagoula River,H031700060303,TIDAL,30.40184253,30.40184253,-88.57791788,-88.57791788,Atlantic and Gulf Coast Lowland Forest and Crop Region,T,South Atlantic Gulf Region,H03,259,Eastern Gulf Coast Flatwoods,152A,Not_NEP,Not_NEP,MS,MS_SCP,CPL,CPL,State,NWC_11_NO,NWC_11_NO,OverSamp,NWC16_11_TSN,P36,E2EM,MS,GFC,Gulf & Florida Coasts,ALL-EH,ALL-EH,PROB,FWS_ST_2005,Mississippi,F28059,MS,Target,75,Southern Coastal Plain,75k,Gulf Barrier Islands and Coastal Marshes,E2EM,E2EM,EH,TIDAL,CPL_E2EM,5329.38469,711153.0388,-765014.0409
8/24/2020,NWCA11-1978,5536,8/30/2011,1,NWC_MS-10034,PLNLOW,Plains and Lowlands,CPL,Coastal Plains,Harrison,Gulf Coast Region,CSTL_PLAIN,Atlantic and Gulf Coastal Plain,"LRR T (MLRA 152A, 152B, 153A)",Region_04,Target_Sampled,H0317000906,Back Bay of Biloxi-Biloxi Bay,H031700090603,TIDAL,30.33284695,30.33284695,-89.23264601,-89.23264601,Atlantic and Gulf Coast Lowland Forest and Crop Region,T,South Atlantic Gulf Region,H03,259,Eastern Gulf Coast Flatwoods,152A,Not_NEP,Not_NEP,MS,MS_SCP,CPL,CPL,Non-Federal,NWC_11_NO,NWC_11_NO,OverSamp,NWC16_11_TSN,P13,E2SS,MS,GFC,Gulf & Florida Coasts,ALL-EW,ALL-EW,PROB,FWS_ST_2005,Mississippi,F28047,MS,Target,75,Southern Coastal Plain,75a,Gulf Coast Flatwoods,E2SS,E2SS,EW,TIDAL,CPL_E2SS,677.32167,649076.1369,-777341.1195
8/24/2020,NWCA11-1979,5537,8/18/2011,1,NWC_MS-10035,PLNLOW,Plains and Lowlands,CPL,Coastal Plains,Quitman,Not Coast,CSTL_PLAIN,Atlantic and Gulf Coastal Plain,LRR O,Region_04,Target_Sampled,H0803020204,Opposum Bayou,H080302020400,INLAND,34.08541877,34.08541877,-90.23096184,-90.23096184,Mississippi Delta Cotton and Feed Grains Region,O,Lower Mississippi Region,H08,230,Southern Mississippi River Alluvium,131A,Not_NEP,Not_NEP,MS,MS_OTH,CPL,CPL,Non-Federal,NWC_11_NO,NWC_11_NO,OverSamp,NWC16_11_TSN,P17,PFO,MS,ICP,Inland Coastal Plains,CPL-PRLW,CPL-PRLW,PROB,FWS_ST_2005,Mississippi,F28119,MS,Target,73,Mississippi Alluvial Plain,73b,Northern Pleistocene Valley Trains,PFO,PFO,PRLW,RIVERINE,CPL_PFO,158514.4367,528081.3274,-366229.3758
8/24/2020,NWCA11-1980,5538,8/14/2011,1,NWC_MS-10036,PLNLOW,Plains and Lowlands,CPL,Coastal Plains,Issaquena,Not Coast,CSTL_PLAIN,Atlantic and Gulf Coastal Plain,LRR O,Region_04,Target_Sampled,H0803020906,Lower Deer Creek-Steele Bayou,H080302090600,INLAND,32.67376315,32.67376315,-91.04130449,-91.04130449,Mississippi Delta Cotton and Feed Grains Region,O,Lower Mississippi Region,H08,230,Southern Mississippi River Alluvium,131A,Not_NEP,Not_NEP,MS,MS_OTH,CPL,CPL,Non-Federal,NWC_11_NO,NWC_11_NO,OverSamp,NWC16_11_TSN,P17,PSS,MS,ICP,Inland Coastal Plains,CPL-PRLW,CPL-PRLW,PROB,FWS_ST_2005,Mississippi,F28055,MS,Target,73,Mississippi Alluvial Plain,73a,Northern Holocene Meander Belts,PSS,PFO,PRLW,RIVERINE,CPL_PSS,21875.03376,462198.8173,-527830.5967
8/24/2020,NWCA11-1990,5540,9/1/2011,1,NWC_MS-10046,PLNLOW,Plains and Lowlands,CPL,Coastal Plains,Hancock,Gulf Coast Region,CSTL_PLAIN,Atlantic and Gulf Coastal Plain,"LRR T (MLRA 152A, 152B, 153A)",Region_04,Target_Sampled,H0318000410,Mikes River-Pearl River,H031800041003,INLAND,30.38567155,30.38567155,-89.64208441,-89.64208441,Atlantic and Gulf Coast Lowland Forest and Crop Region,T,South Atlantic Gulf Region,H03,259,Eastern Gulf Coast Flatwoods,152A,Not_NEP,Not_NEP,MS,MS_SCP,CPL,CPL,Non-Federal,NWC_11_NO,NWC_11_NO,OverSamp,NWC16_11_TSN,P13,PFO,MS,ICP,Inland Coastal Plains,CPL-PRLW,CPL-PRLW,PROB,FWS_ST_2005,Mississippi,F28045,MS,Target,75,Southern Coastal Plain,75i,Floodplains and Low Terraces,PFO,PFO,PRLW,RIVERINE,CPL_PFO,430453.9088,609474.0372,-774199.5835
8/24/2020,NWCA11-1991,5541,8/19/2011,1,NWC_MS-10047,PLNLOW,Plains and Lowlands,CPL,Coastal Plains,Tate,Not Coast,CSTL_PLAIN,Atlantic and Gulf Coastal Plain,LRR O,Region_04,Target_Sampled,H0803020407,Lake Cormorant Bayou-Coldwater River,H080302040701,INLAND,34.7354618,34.7354618,-90.17949857,-90.17949857,Mississippi Delta Cotton and Feed Grains Region,O,Lower Mississippi Region,H08,230,Southern Mississippi River Alluvium,131A,Not_NEP,Not_NEP,MS,MS_OTH,CPL,CPL,Non-Federal,NWC_11_NO,NWC_11_NO,OverSamp,NWC16_11_TSN,P17,PF,MS,ICP,Inland Coastal Plains,CPL-PRLH,CPL-PRLH,PROB,FWS_ST_2005,Mississippi,F28137,MS,Target,73,Mississippi Alluvial Plain,73d,Northern Backswamps,PF,PF,PRLH,RIVERINE,CPL_PF,1616.07878,528337.3915,-293394.8244
8/24/2020,NWCA11-1993,5542,8/31/2011,1,NWC_MS-10049,PLNLOW,Plains and Lowlands,CPL,Coastal Plains,Jackson,Gulf Coast Region,CSTL_PLAIN,Atlantic and Gulf Coastal Plain,"LRR T (MLRA 152A, 152B, 153A)",Region_04,Target_Sampled,H0317000603,West Pascagoula River-Pascagoula River,H031700060303,TIDAL,30.394537,30.394537,-88.58911839,-88.58911839,Atlantic and Gulf Coast Lowland Forest and Crop Region,T,South Atlantic Gulf Region,H03,259,Eastern Gulf Coast Flatwoods,152A,Not_NEP,Not_NEP,MS,MS_SCP,CPL,CPL,State,NWC_11_16,NWC_11_16,OverSamp,NWC16_11_TSS,P36,E2EM,MS,GFC,Gulf & Florida Coasts,ALL-EH,ALL-EH,PROB,FWS_ST_2005,Mississippi,F28059,MS,Target,75,Southern Coastal Plain,75k,Gulf Barrier Islands and Coastal Marshes,E2EM,E2EM,EH,TIDAL,CPL_E2EM,5329.38469,710145.2421,-765906.7424
8/24/2020,NWCA11-2006,5543,7/5/2011,1,NWC_MT-10006,PLNLOW,Plains and Lowlands,NPL,Northern Plains,Meagher,Not Coast,W_MTNS,"Western Mountains, Valleys, and Coast",LRR E,Region_08,Target_Sampled,H1003010305,Smith River-Camas Creek,H100301030506,INLAND,46.75391868,46.75391868,-111.2957833,-111.2957833,Rocky Mountain Range and Forest Region,E,Missouri Region,H10,60,Central Rocky Mountains,43B,Not_NEP,Not_NEP,MT,MT,IPL,IPL,State,NWC_11_16,NWC_11_16,Base,NWC16_11_TSS,P24,PSS,MT,GPL,Great Plains,IPL-PRLW,IPL-PRLW,PROB,FWS_ST_2005,Montana,F30059,MT,Target,43,Northwestern Great Plains,43t,Shield-Smith Valleys,PSS,PSS,PRLW,RIVERINE,IPL_PSS,13520.72849,-1168038.34,1127865.002
8/24/2020,NWCA11-2006,3668,8/10/2011,2,NWC_MT-10006,PLNLOW,Plains and Lowlands,NPL,Northern Plains,Meagher,Not Coast,W_MTNS,"Western Mountains, Valleys, and Coast",LRR E,Region_08,Target_Sampled,H1003010305,Smith River-Camas Creek,H100301030506,INLAND,46.75391868,46.75391868,-111.2957833,-111.2957833,Rocky Mountain Range and Forest Region,E,Missouri Region,H10,60,Central Rocky Mountains,43B,Not_NEP,Not_NEP,MT,MT,IPL,IPL,State,NWC_11_16,NWC_11_16,Base,NWC16_11_TSS,P24,PSS,MT,GPL,Great Plains,IPL-PRLW,IPL-PRLW,PROB,FWS_ST_2005,Montana,F30059,MT,Target,43,Northwestern Great Plains,43t,Shield-Smith Valleys,PSS,PSS,PRLW,RIVERINE,IPL_PSS,13520.72849,-1168038.34,1127865.002
8/24/2020,NWCA11-2011,5544,7/6/2011,1,NWC_MT-10011,WMTNS,West,WMT,Western Mountains,Gallatin,Not Coast,W_MTNS,"Western Mountains, Valleys, and Coast",LRR E,Region_08,Target_Sampled,H1002000813,Lower East Gallatin River,H100200081303,INLAND,45.82648784,45.82648784,-111.2095777,-111.2095777,Rocky Mountain Range and Forest Region,E,Missouri Region,H10,62,Northern Rocky Mountain Valleys,44,Not_NEP,Not_NEP,MT,MT,W,WMT,Non-Federal,NWC_11_16,NWC_11_16,Base,NWC16_11_TSS,P24,PEM,MT,WVM,Western Valleys & Mountains,W-PRLH,WMT-PRLH,PROB,FWS_ST_2005,Montana,F30031,MT,Target,17,Middle Rockies,17w,Townsend Basin,PEM,PEM,PRLH,DPRSS,WMT_PEM,14012.98118,-1177902.563,1025271.095
8/24/2020,NWCA11-2011,3669,8/11/2011,2,NWC_MT-10011,WMTNS,West,WMT,Western Mountains,Gallatin,Not Coast,W_MTNS,"Western Mountains, Valleys, and Coast",LRR E,Region_08,Target_Sampled,H1002000813,Lower East Gallatin River,H100200081303,INLAND,45.82648784,45.82648784,-111.2095777,-111.2095777,Rocky Mountain Range and Forest Region,E,Missouri Region,H10,62,Northern Rocky Mountain Valleys,44,Not_NEP,Not_NEP,MT,MT,W,WMT,Non-Federal,NWC_11_16,NWC_11_16,Base,NWC16_11_TSS,P24,PEM,MT,WVM,Western Valleys & Mountains,W-PRLH,WMT-PRLH,PROB,FWS_ST_2005,Montana,F30031,MT,Target,17,Middle Rockies,17w,Townsend Basin,PEM,PEM,PRLH,DPRSS,WMT_PEM,14012.98118,-1177902.563,1025271.095
8/24/2020,NWCA11-2012,3670,8/13/2011,1,NWC_MT-10012,WMTNS,West,WMT,Western Mountains,Beaverhead,Not Coast,W_MTNS,"Western Mountains, Valleys, and Coast",LRR E,Region_08,Target_Sampled,H1002000404,Big Hole River-Wisdom,H100200040405,INLAND,45.45249619,45.45249619,-113.7078985,-113.7078985,Rocky Mountain Range and Forest Region,E,Missouri Region,H10,60,Central Rocky Mountains,43B,Not_NEP,Not_NEP,MT,MT,W,WMT,USFS,NWC_11_NO,NWC_11_NO,OverSamp,NWC16_11_TSN,P24,PFO,MT,WVM,Western Valleys & Mountains,W-PRLW,WMT-PRLW,PROB,FWS_ST_2005,Montana,F30001,MT,Target,17,Middle Rockies,17ae,Forested Beaverhead Mountains,PFO,PFO,PRLW,SLOPE,WMT_PFO,4353.4331,-1376998.201,1017923.012
8/24/2020,NWCA11-2016,3671,8/14/2011,1,NWC_MT-10016,WMTNS,West,WMT,Western Mountains,Ravalli,Not Coast,W_MTNS,"Western Mountains, Valleys, and Coast",LRR E,Region_08,Target_Sampled,H1701020506,Lost Horse Creek,H170102050601,INLAND,46.16162567,46.16162567,-114.5106862,-114.5106862,Rocky Mountain Range and Forest Region,E,Pacific Northwest Region,H17,60,Central Rocky Mountains,43B,Not_NEP,Not_NEP,MT,MT,W,WMT,USFS,NWC_11_NO,NWC_11_NO,OverSamp,NWC16_11_TSN,P24,PUBPAB,MT,WVM,Western Valleys & Mountains,W-PRLH,WMT-PRLH,PROB,FWS_ST_2005,Montana,F30081,MT,Target,16,Idaho Batholith,16h,High Idaho Batholith,PUBPAB,PEM,PRLH,DPRSS,WMT_PUBPAB,2378.87283,-1423408.295,1107075.862
8/24/2020,NWCA11-2020,5545,7/19/2011,1,NWC_MT-10020,WMTNS,West,WMT,Western Mountains,Flathead,Not Coast,W_MTNS,"Western Mountains, Valleys, and Coast",LRR E,Region_08,Target_Sampled,H1701010201,Pleasant Valley Fisher River,H170101020103,INLAND,48.17443244,48.17443244,-114.872369,-114.872369,Rocky Mountain Range and Forest Region,E,Pacific Northwest Region,H17,59,Northern Rocky Mountains,43A,Not_NEP,Not_NEP,MT,MT,W,WMT,FWS,NWC_11_NO,NWC_11_NO,OverSamp,NWC16_11_TSN,P24,PEM,MT,WVM,Western Valleys & Mountains,W-PRLH,WMT-PRLH,PROB,FWS_ST_2005,Montana,F30029,MT,Target,15,Northern Rockies,15l,Salish Mountains,PEM,PEM,PRLH,FRINGE,WMT_PEM,14012.98118,-1406942.791,1330766.334
8/24/2020,NWCA11-2022,5546,7/18/2011,1,NWC_MT-10022,WMTNS,West,WMT,Western Mountains,Lake,Not Coast,W_MTNS,"Western Mountains, Valleys, and Coast",LRR E,Region_08,Target_Sampled,H1701021207,Jocko River,H170102120707,INLAND,47.20358053,47.20358053,-113.9586421,-113.9586421,Rocky Mountain Range and Forest Region,E,Pacific Northwest Region,H17,59,Northern Rocky Mountains,43A,Not_NEP,Not_NEP,MT,MT,W,WMT,Tribal,NWC_11_NO,NWC_11_NO,OverSamp,NWC16_11_TSN,P24,PEM,MT,WVM,Western Valleys & Mountains,W-PRLH,WMT-PRLH,PROB,FWS_ST_2005,Montana,F30047,MT,Target,15,Northern Rockies,15a,Grave Creek Range-Nine Mile Divide,PEM,PEM,PRLH,RIVERINE,WMT_PEM,14012.98118,-1359791.624,1212290.256
8/24/2020,NWCA11-2023,5547,6/29/2011,1,NWC_NC-10001,PLNLOW,Plains and Lowlands,CPL,Coastal Plains,Pitt,Not Coast,CSTL_PLAIN,Atlantic and Gulf Coastal Plain,LRR P,Region_04,Target_Sampled,H0302020306,Little Contentnea Creek,H030202030601,INLAND,35.65365235,35.65365235,-77.62071985,-77.62071985,"South Atlantic and Gulf Slope Cash Crops, Forest, and Livestock Region",P,South Atlantic Gulf Region,H03,234,Southern Coastal Plain,133A,Albemarle-Pamlico Sounds,NEP,NC,NC_CP,CPL,CPL,Non-Federal,NWC_11_16,NWC_11_16,Revisit,NWC16_11_TSS,P13,PFO,NC,ICP,Inland Coastal Plains,CPL-PRLW,CPL-PRLW,PROB,FWS_ST_2005,North Carolina,F37147,NC,Target,65,Southeastern Plains,65m,Rolling Coastal Plain,PFO,PFO,PRLW,RIVERINE,CPL_PFO,209190.5739,1639228.528,-47820.47363
8/24/2020,NWCA11-2023,5399,8/25/2011,2,NWC_NC-10001,PLNLOW,Plains and Lowlands,CPL,Coastal Plains,Pitt,Not Coast,CSTL_PLAIN,Atlantic and Gulf Coastal Plain,LRR P,Region_04,Target_Sampled,H0302020306,Little Contentnea Creek,H030202030601,INLAND,35.65365235,35.65365235,-77.62071985,-77.62071985,"South Atlantic and Gulf Slope Cash Crops, Forest, and Livestock Region",P,South Atlantic Gulf Region,H03,234,Southern Coastal Plain,133A,Albemarle-Pamlico Sounds,NEP,NC,NC_CP,CPL,CPL,Non-Federal,NWC_11_16,NWC_11_16,Revisit,NWC16_11_TSS,P13,PFO,NC,ICP,Inland Coastal Plains,CPL-PRLW,CPL-PRLW,PROB,FWS_ST_2005,North Carolina,F37147,NC,Target,65,Southeastern Plains,65m,Rolling Coastal Plain,PFO,PFO,PRLW,RIVERINE,CPL_PFO,209190.5739,1639228.528,-47820.47363
8/24/2020,NWCA11-2025,5400,6/21/2011,2,NWC_NC-10003,PLNLOW,Plains and Lowlands,CPL,Coastal Plains,Carteret,South East Coast Region,CSTL_PLAIN,Atlantic and Gulf Coastal Plain,LRR T (MLRA 153B),Region_04,Target_Sampled,H0302020407,Neuse River,H030202040701,TIDAL,34.88362396,34.88362396,-76.51596497,-76.51596497,Atlantic and Gulf Coast Lowland Forest and Crop Region,T,South Atlantic Gulf Region,H03,262,Tidewater Area,153B,Albemarle-Pamlico Sounds,NEP,NC,NC_CP,CPL,CPL,Non-Federal,NWC_11_16,NWC_11_16,Base,NWC16_11_TSS,P13,E2SS,NC,ATL,Atlantic Coast,ALL-EW,ALL-EW,PROB,FWS_ST_2005,North Carolina,F37031,NC,Target,63,Middle Atlantic Coastal Plain,63b,Chesapeake-Pamlico Lowlands and Tidal Marshes,E2SS,E2SS,EW,FLATS,CPL_E2SS,746.81823,1753960.723,-112571.4634
8/24/2020,NWCA11-2025,3403,5/24/2011,1,NWC_NC-10003,PLNLOW,Plains and Lowlands,CPL,Coastal Plains,Carteret,South East Coast Region,CSTL_PLAIN,Atlantic and Gulf Coastal Plain,LRR T (MLRA 153B),Region_04,Target_Sampled,H0302020407,Neuse River,H030202040701,TIDAL,34.88362396,34.88362396,-76.51596497,-76.51596497,Atlantic and Gulf Coast Lowland Forest and Crop Region,T,South Atlantic Gulf Region,H03,262,Tidewater Area,153B,Albemarle-Pamlico Sounds,NEP,NC,NC_CP,CPL,CPL,Non-Federal,NWC_11_16,NWC_11_16,Base,NWC16_11_TSS,P13,E2SS,NC,ATL,Atlantic Coast,ALL-EW,ALL-EW,PROB,FWS_ST_2005,North Carolina,F37031,NC,Target,63,Middle Atlantic Coastal Plain,63b,Chesapeake-Pamlico Lowlands and Tidal Marshes,E2SS,E2SS,EW,FLATS,CPL_E2SS,746.81823,1753960.723,-112571.4634
8/24/2020,NWCA11-2026,3957,8/1/2011,1,NWC_NC-10004,PLNLOW,Plains and Lowlands,CPL,Coastal Plains,Hyde,South East Coast Region,CSTL_PLAIN,Atlantic and Gulf Coastal Plain,LRR T (MLRA 153B),Region_04,Target_Sampled,H0302010503,Pamlico Sound-Hatteras Inlet,H030201050301,TIDAL,35.48961654,35.48961654,-75.98886226,-75.98886226,Atlantic and Gulf Coast Lowland Forest and Crop Region,T,South Atlantic Gulf Region,H03,262,Tidewater Area,153B,Albemarle-Pamlico Sounds,NEP,NC,NC_CP,CPL,CPL,Non-Federal,NWC_11_NO,NWC_11_NO,Base,NWC16_11_TSN,P13,E2SS,NC,ATL,Atlantic Coast,ALL-EH,ALL-EH,PROB,FWS_ST_2005,North Carolina,F37095,NC,Target,63,Middle Atlantic Coastal Plain,63g,Carolinian Barrier Islands and Coastal Marshes,E2SS,E2EM,EH,TIDAL,CPL_E2SS,746.81823,1786542.499,-36397.35178
8/24/2020,NWCA11-2027,3362,5/10/2011,1,NWC_NC-10005,PLNLOW,Plains and Lowlands,CPL,Coastal Plains,Northampton,Not Coast,CSTL_PLAIN,Atlantic and Gulf Coastal Plain,LRR P,Region_04,Target_Sampled,H0301020408,Potecasi Creek,H030102040802,INLAND,36.4237928,36.4237928,-77.41947906,-77.41947906,"South Atlantic and Gulf Slope Cash Crops, Forest, and Livestock Region",P,South Atlantic Gulf Region,H03,234,Southern Coastal Plain,133A,Albemarle-Pamlico Sounds,NEP,NC,NC_CP,CPL,CPL,Non-Federal,NWC_11_NO,NWC_11_NO,Base,NWC16_11_TSN,P13,PFO,NC,ICP,Inland Coastal Plains,CPL-PRLW,CPL-PRLW,PROB,FWS_ST_2005,North Carolina,F37131,NC,Target,65,Southeastern Plains,65m,Rolling Coastal Plain,PFO,PFO,PRLW,RIVERINE,CPL_PFO,209190.5739,1640194.016,40270.70913
8/24/2020,NWCA11-2028,4033,7/12/2011,1,NWC_NC-10006,PLNLOW,Plains and Lowlands,CPL,Coastal Plains,Tyrrell,South East Coast Region,CSTL_PLAIN,Atlantic and Gulf Coastal Plain,LRR T (MLRA 153B),Region_04,Target_Sampled,H0301020508,Gum Neck-Alligator River,H030102050802,INLAND,35.69851281,35.69851281,-76.23083182,-76.23083182,Atlantic and Gulf Coast Lowland Forest and Crop Region,T,South Atlantic Gulf Region,H03,262,Tidewater Area,153B,Albemarle-Pamlico Sounds,NEP,NC,NC_CP,CPL,CPL,NGO,NWC_11_16,NWC_11_16,Base,NWC16_11_TSS,P13,PF,NC,ICP,Inland Coastal Plains,CPL-PRLH,CPL-PRLH,PROB,FWS_ST_2005,North Carolina,F37177,NC,Target,63,Middle Atlantic Coastal Plain,63c,Swamps and Peatlands,PF,PF,PRLH,FLATS,CPL_PF,1962.21297,1760424.854,-18037.92557
8/24/2020,NWCA11-2030,4067,7/21/2011,1,NWC_NC-10008,PLNLOW,Plains and Lowlands,CPL,Coastal Plains,Carteret,South East Coast Region,CSTL_PLAIN,Atlantic and Gulf Coastal Plain,LRR T (MLRA 153B),Region_04,Target_Sampled,H0302030103,Bogue Banks-Bogue Sound,H030203010304,TIDAL,34.67617021,34.67617021,-77.06488669,-77.06488669,Atlantic and Gulf Coast Lowland Forest and Crop Region,T,South Atlantic Gulf Region,H03,262,Tidewater Area,153B,Albemarle-Pamlico Sounds,NEP,NC,NC_CP,CPL,CPL,Non-Federal,NWC_11_NO,NWC_11_NO,Base,NWC16_11_TSN,P36,E2SS,NC,ATL,Atlantic Coast,ALL-EH,ALL-EH,PROB,FWS_ST_2005,North Carolina,F37031,NC,Target,63,Middle Atlantic Coastal Plain,63g,Carolinian Barrier Islands and Coastal Marshes,E2SS,E2EM,EH,TIDAL,CPL_E2SS,746.81823,1709805.053,-145308.43
8/24/2020,NWCA11-2031,5549,6/15/2011,1,NWC_NC-10009,PLNLOW,Plains and Lowlands,CPL,Coastal Plains,Duplin,South East Coast Region,CSTL_PLAIN,Atlantic and Gulf Coastal Plain,"LRR T (MLRA 152A, 152B, 153A)",Region_04,Target_Sampled,H0303000703,Limestone Creek-Northeast Cape Fear River,H030300070307,INLAND,34.95628984,34.95628984,-77.83722784,-77.83722784,Atlantic and Gulf Coast Lowland Forest and Crop Region,T,South Atlantic Gulf Region,H03,261,Atlantic Coast Flatwoods,153A,Not_NEP,Not_NEP,NC,NC_CP,CPL,CPL,Non-Federal,NWC_11_NO,NWC_11_NO,Base,NWC16_11_TSN,P13,PSS,NC,ICP,Inland Coastal Plains,CPL-PRLW,CPL-PRLW,PROB,FWS_ST_2005,North Carolina,F37061,NC,Target,63,Middle Atlantic Coastal Plain,63h,Carolina Flatwoods,PSS,PSS,PRLW,FLATS,CPL_PSS,69739.37309,1634981.307,-128159.5237
8/24/2020,NWCA11-2032,4539,9/20/2011,1,NWC_NC-10010,PLNLOW,Plains and Lowlands,CPL,Coastal Plains,Hyde,South East Coast Region,CSTL_PLAIN,Atlantic and Gulf Coastal Plain,LRR T (MLRA 153B),Region_04,Target_Sampled,H0302010503,Pamlico Sound-Hatteras Inlet,H030201050301,INLAND,35.58127738,35.58127738,-75.9107561,-75.9107561,Atlantic and Gulf Coast Lowland Forest and Crop Region,T,South Atlantic Gulf Region,H03,262,Tidewater Area,153B,Albemarle-Pamlico Sounds,NEP,NC,NC_CP,CPL,CPL,FWS,NWC_11_NO,NWC_11_NO,Base,NWC16_11_TSN,P13,PSS,NC,ICP,Inland Coastal Plains,CPL-PRLW,CPL-PRLW,PROB,FWS_ST_2005,North Carolina,F37095,NC,Target,63,Middle Atlantic Coastal Plain,63c,Swamps and Peatlands,PSS,PSS,PRLW,FLATS,CPL_PSS,69739.37309,1791258.744,-24893.95596
8/24/2020,NWCA11-2033,5551,8/10/2011,1,NWC_NC-10011,PLNLOW,Plains and Lowlands,CPL,Coastal Plains,Hyde,South East Coast Region,CSTL_PLAIN,Atlantic and Gulf Coastal Plain,LRR T (MLRA 153B),Region_04,Target_Sampled,H0302010501,Lake Mattamuskeet-Rose Bay,H030201050104,TIDAL,35.39592577,35.39592577,-76.30778348,-76.30778348,Atlantic and Gulf Coast Lowland Forest and Crop Region,T,South Atlantic Gulf Region,H03,262,Tidewater Area,153B,Albemarle-Pamlico Sounds,NEP,NC,NC_CP,CPL,CPL,Non-Federal,NWC_11_16,NWC_11_16,Base,NWC16_11_TSS,P13,E2SS,NC,ATL,Atlantic Coast,ALL-EW,ALL-EW,PROB,FWS_ST_2005,North Carolina,F37095,NC,Target,63,Middle Atlantic Coastal Plain,63b,Chesapeake-Pamlico Lowlands and Tidal Marshes,E2SS,E2SS,EW,TIDAL,CPL_E2SS,746.81823,1760639.645,-52608.41119
8/24/2020,NWCA11-2034,3834,7/19/2011,1,NWC_NC-10012,PLNLOW,Plains and Lowlands,CPL,Coastal Plains,Onslow,South East Coast Region,CSTL_PLAIN,Atlantic and Gulf Coastal Plain,"LRR T (MLRA 152A, 152B, 153A)",Region_04,Target_Sampled,H0302030201,Headwaters New River,H030203020104,INLAND,34.88890727,34.88890727,-77.42652858,-77.42652858,Atlantic and Gulf Coast Lowland Forest and Crop Region,T,South Atlantic Gulf Region,H03,261,Atlantic Coast Flatwoods,153A,Not_NEP,Not_NEP,NC,NC_CP,CPL,CPL,Non-Federal,NWC_11_NO,NWC_11_NO,Base,NWC16_11_TSN,P13,PFO,NC,ICP,Inland Coastal Plains,CPL-PRLW,CPL-PRLW,PROB,FWS_ST_2005,North Carolina,F37133,NC,Target,63,Middle Atlantic Coastal Plain,63c,Swamps and Peatlands,PFO,PSS,PRLW,FLATS,CPL_PFO,209190.5739,1672949.108,-128409.8565
8/24/2020,NWCA11-2035,4065,8/8/2011,1,NWC_NC-10013,PLNLOW,Plains and Lowlands,CPL,Coastal Plains,Beaufort,South East Coast Region,CSTL_PLAIN,Atlantic and Gulf Coastal Plain,LRR T (MLRA 153B),Region_04,Target_Sampled,H0302010406,Outlet Pungo River,H030201040602,INLAND,35.53516345,35.53516345,-76.79922723,-76.79922723,Atlantic and Gulf Coast Lowland Forest and Crop Region,T,South Atlantic Gulf Region,H03,262,Tidewater Area,153B,Albemarle-Pamlico Sounds,NEP,NC,NC_CP,CPL,CPL,Non-Federal,NWC_11_NO,NWC_11_NO,Base,NWC16_11_TSN,P13,PSS,NC,ICP,Inland Coastal Plains,CPL-PRLW,CPL-PRLW,PROB,FWS_ST_2005,North Carolina,F37013,NC,Target,63,Middle Atlantic Coastal Plain,63b,Chesapeake-Pamlico Lowlands and Tidal Marshes,PSS,PFO,PRLW,FLATS,CPL_PSS,69739.37309,1714180.469,-46332.67105
8/24/2020,NWCA11-2036,5553,6/7/2011,1,NWC_NC-10014,PLNLOW,Plains and Lowlands,CPL,Coastal Plains,Tyrrell,South East Coast Region,CSTL_PLAIN,Atlantic and Gulf Coastal Plain,LRR T (MLRA 153B),Region_04,Target_Sampled,H0301020509,Alligator River,H030102050904,INLAND,35.95074176,35.95074176,-76.12386936,-76.12386936,Atlantic and Gulf Coast Lowland Forest and Crop Region,T,South Atlantic Gulf Region,H03,262,Tidewater Area,153B,Albemarle-Pamlico Sounds,NEP,NC,NC_CP,CPL,CPL,NOAA,NWC_11_NO,NWC_11_NO,Base,NWC16_11_TSN,P13,PSS,NC,ICP,Inland Coastal Plains,CPL-PRLW,CPL-PRLW,PROB,FWS_ST_2005,North Carolina,F37177,NC,Target,63,Middle Atlantic Coastal Plain,63b,Chesapeake-Pamlico Lowlands and Tidal Marshes,PSS,PSS,PRLW,RIVERINE,CPL_PSS,69739.37309,1763947.113,11574.87937
8/24/2020,NWCA11-2038,5555,5/26/2011,1,NWC_NC-10016,PLNLOW,Plains and Lowlands,CPL,Coastal Plains,Carteret,South East Coast Region,CSTL_PLAIN,Atlantic and Gulf Coastal Plain,LRR T (MLRA 153B),Region_04,Target_Sampled,H0302030106,Oyster Creek-Jarrett Bay,H030203010602,TIDAL,34.78092604,34.78092604,-76.40478773,-76.40478773,Atlantic and Gulf Coast Lowland Forest and Crop Region,T,South Atlantic Gulf Region,H03,262,Tidewater Area,153B,Albemarle-Pamlico Sounds,NEP,NC,NC_CP,CPL,CPL,NPS,NWC_11_NO,NWC_11_NO,Base,NWC16_11_TSN,P36,E2EM,NC,ATL,Atlantic Coast,ALL-EH,ALL-EH,PROB,FWS_ST_2005,North Carolina,F37031,NC,Target,63,Middle Atlantic Coastal Plain,63g,Carolinian Barrier Islands and Coastal Marshes,E2EM,E2EM,EH,TIDAL,CPL_E2EM,13775.51915,1766179.204,-121758.8456
8/24/2020,NWCA11-2039,5557,8/31/2011,1,NWC_NC-10017,PLNLOW,Plains and Lowlands,CPL,Coastal Plains,Greene,Not Coast,CSTL_PLAIN,Atlantic and Gulf Coastal Plain,LRR P,Region_04,Target_Sampled,H0302020306,Little Contentnea Creek,H030202030602,INLAND,35.63289971,35.63289971,-77.69971764,-77.69971764,"South Atlantic and Gulf Slope Cash Crops, Forest, and Livestock Region",P,South Atlantic Gulf Region,H03,234,Southern Coastal Plain,133A,Albemarle-Pamlico Sounds,NEP,NC,NC_CP,CPL,CPL,Non-Federal,NWC_11_16,NWC_11_16,Base,NWC16_11_TSS,P14,PSS,NC,ICP,Inland Coastal Plains,CPL-PRLW,CPL-PRLW,PROB,FWS_ST_2005,North Carolina,F37079,NC,Target,65,Southeastern Plains,65m,Rolling Coastal Plain,PSS,PSS,PRLW,FLATS,CPL_PSS,471293.3019,1632714.927,-51460.56466
8/24/2020,NWCA11-2040,5558,6/20/2011,1,NWC_NC-10018,PLNLOW,Plains and Lowlands,CPL,Coastal Plains,Pamlico,South East Coast Region,CSTL_PLAIN,Atlantic and Gulf Coastal Plain,LRR T (MLRA 153B),Region_04,Target_Sampled,H0302010407,Pamlico River,H030201040701,INLAND,35.24928014,35.24928014,-76.61589076,-76.61589076,Atlantic and Gulf Coast Lowland Forest and Crop Region,T,South Atlantic Gulf Region,H03,262,Tidewater Area,153B,Albemarle-Pamlico Sounds,NEP,NC,NC_CP,CPL,CPL,State,NWC_11_16,NWC_11_16,Base,NWC16_11_TSS,P13,PFO,NC,ICP,Inland Coastal Plains,CPL-PRLW,CPL-PRLW,PROB,FWS_ST_2005,North Carolina,F37137,NC,Target,63,Middle Atlantic Coastal Plain,63c,Swamps and Peatlands,PFO,PFO,PRLW,FLATS,CPL_PFO,209190.5739,1736803.168,-74344.93682
8/24/2020,NWCA11-2042,5560,9/19/2011,1,NWC_NC-10020,PLNLOW,Plains and Lowlands,CPL,Coastal Plains,Washington,South East Coast Region,CSTL_PLAIN,Atlantic and Gulf Coastal Plain,LRR T (MLRA 153B),Region_04,Target_Sampled,H0302010404,Headwaters Pungo River,H030201040401,INLAND,35.7286112,35.7286112,-76.5399286,-76.5399286,Atlantic and Gulf Coast Lowland Forest and Crop Region,T,South Atlantic Gulf Region,H03,262,Tidewater Area,153B,Albemarle-Pamlico Sounds,NEP,NC,NC_CP,CPL,CPL,FWS,NWC_11_NO,NWC_11_NO,Base,NWC16_11_TSN,P13,PSS,NC,ICP,Inland Coastal Plains,CPL-PRLW,CPL-PRLW,PROB,FWS_ST_2005,North Carolina,F37187,NC,Target,63,Middle Atlantic Coastal Plain,63c,Swamps and Peatlands,PSS,PFO,PRLW,FRINGE,CPL_PSS,69739.37309,1732603.795,-20420.24958
8/24/2020,NWCA11-2043,5562,6/16/2011,1,NWC_NC-10021,PLNLOW,Plains and Lowlands,CPL,Coastal Plains,Brunswick,South East Coast Region,CSTL_PLAIN,Atlantic and Gulf Coastal Plain,"LRR T (MLRA 152A, 152B, 153A)",Region_04,Target_Sampled,H0304020801,Lockwoods Folly River,H030402080103,INLAND,34.01661629,34.01661629,-78.32753977,-78.32753977,Atlantic and Gulf Coast Lowland Forest and Crop Region,T,South Atlantic Gulf Region,H03,261,Atlantic Coast Flatwoods,153A,Not_NEP,Not_NEP,NC,NC_CP,CPL,CPL,Non-Federal,NWC_11_NO,NWC_11_NO,Base,NWC16_11_TSN,P13,PFO,NC,ICP,Inland Coastal Plains,CPL-PRLW,CPL-PRLW,PROB,FWS_ST_2005,North Carolina,F37019,NC,Target,63,Middle Atlantic Coastal Plain,63h,Carolina Flatwoods,PFO,PSS,PRLW,FLATS,CPL_PFO,209190.5739,1610789.182,-239747.7396
8/24/2020,NWCA11-2044,3832,7/13/2011,1,NWC_NC-10022,PLNLOW,Plains and Lowlands,CPL,Coastal Plains,Tyrrell,South East Coast Region,CSTL_PLAIN,Atlantic and Gulf Coastal Plain,LRR T (MLRA 153B),Region_04,Target_Sampled,H0301020508,Gum Neck-Alligator River,H030102050802,INLAND,35.69468144,35.69468144,-76.22722565,-76.22722565,Atlantic and Gulf Coast Lowland Forest and Crop Region,T,South Atlantic Gulf Region,H03,262,Tidewater Area,153B,Albemarle-Pamlico Sounds,NEP,NC,NC_CP,CPL,CPL,Non-Federal,NWC_11_NO,NWC_11_NO,Base,NWC16_11_TSN,P13,PF,NC,ICP,Inland Coastal Plains,CPL-PRLH,CPL-PRLH,PROB,FWS_ST_2005,North Carolina,F37177,NC,Target,63,Middle Atlantic Coastal Plain,63c,Swamps and Peatlands,PF,PF,PRLH,FLATS,CPL_PF,1962.21297,1760829.938,-18390.81382
8/24/2020,NWCA11-2045,4541,5/16/2011,1,NWC_NC-10023,PLNLOW,Plains and Lowlands,CPL,Coastal Plains,Hyde,South East Coast Region,CSTL_PLAIN,Atlantic and Gulf Coastal Plain,LRR T (MLRA 153B),Region_04,Target_Sampled,H0302010501,Lake Mattamuskeet-Rose Bay,H030201050103,TIDAL,35.39328314,35.39328314,-76.38081164,-76.38081164,Atlantic and Gulf Coast Lowland Forest and Crop Region,T,South Atlantic Gulf Region,H03,262,Tidewater Area,153B,Albemarle-Pamlico Sounds,NEP,NC,NC_CP,CPL,CPL,FWS,NWC_11_NO,NWC_11_NO,Base,NWC16_11_TSN,P36,E2EM,NC,ATL,Atlantic Coast,ALL-EH,ALL-EH,PROB,FWS_ST_2005,North Carolina,F37095,NC,Target,63,Middle Atlantic Coastal Plain,63g,Carolinian Barrier Islands and Coastal Marshes,E2EM,E2EM,EH,TIDAL,CPL_E2EM,13775.51915,1754264.181,-54248.40247
8/24/2020,NWCA11-2047,5564,8/24/2011,1,NWC_NC-10025,PLNLOW,Plains and Lowlands,CPL,Coastal Plains,Pender,South East Coast Region,CSTL_PLAIN,Atlantic and Gulf Coastal Plain,"LRR T (MLRA 152A, 152B, 153A)",Region_04,Target_Sampled,H0303000708,Harrisons Creek-Northeast Cape Fear River,H030300070803,INLAND,34.44391037,34.44391037,-77.72383315,-77.72383315,Atlantic and Gulf Coast Lowland Forest and Crop Region,T,South Atlantic Gulf Region,H03,261,Atlantic Coast Flatwoods,153A,Not_NEP,Not_NEP,NC,NC_CP,CPL,CPL,State,NWC_11_NO,NWC_11_NO,Base,NWC16_11_TSN,P13,PSS,NC,ICP,Inland Coastal Plains,CPL-PRLW,CPL-PRLW,PROB,FWS_ST_2005,North Carolina,F37141,NC,Target,63,Middle Atlantic Coastal Plain,63c,Swamps and Peatlands,PSS,PFO,PRLW,FLATS,CPL_PSS,69739.37309,1656016.765,-182455.8126
8/24/2020,NWCA11-2048,5566,9/21/2011,1,NWC_NC-10026,PLNLOW,Plains and Lowlands,CPL,Coastal Plains,Hyde,South East Coast Region,CSTL_PLAIN,Atlantic and Gulf Coastal Plain,LRR T (MLRA 153B),Region_04,Target_Sampled,H0302010503,Pamlico Sound-Hatteras Inlet,H030201050301,TIDAL,35.57201335,35.57201335,-75.91082479,-75.91082479,Atlantic and Gulf Coast Lowland Forest and Crop Region,T,South Atlantic Gulf Region,H03,262,Tidewater Area,153B,Albemarle-Pamlico Sounds,NEP,NC,NC_CP,CPL,CPL,FWS,NWC_11_NO,NWC_11_NO,Base,NWC16_11_TSN,P13,E2SS,NC,ATL,Atlantic Coast,ALL-EH,ALL-EH,PROB,FWS_ST_2005,North Carolina,F37095,NC,Target,63,Middle Atlantic Coastal Plain,63g,Carolinian Barrier Islands and Coastal Marshes,E2SS,E2EM,EH,TIDAL,CPL_E2SS,3286.45657,1791470.308,-25909.23122
8/24/2020,NWCA11-2049,4543,5/19/2011,1,NWC_NC-10027,PLNLOW,Plains and Lowlands,CPL,Coastal Plains,Hyde,South East Coast Region,CSTL_PLAIN,Atlantic and Gulf Coastal Plain,LRR T (MLRA 153B),Region_04,Target_Sampled,H0302010501,Lake Mattamuskeet-Rose Bay,H030201050104,TIDAL,35.38837011,35.38837011,-76.3193744,-76.3193744,Atlantic and Gulf Coast Lowland Forest and Crop Region,T,South Atlantic Gulf Region,H03,262,Tidewater Area,153B,Albemarle-Pamlico Sounds,NEP,NC,NC_CP,CPL,CPL,Non-Federal,NWC_11_NO,NWC_11_NO,Base,NWC16_11_TSN,P36,E2EM,NC,ATL,Atlantic Coast,ALL-EH,ALL-EH,PROB,FWS_ST_2005,North Carolina,F37095,NC,Target,63,Middle Atlantic Coastal Plain,63g,Carolinian Barrier Islands and Coastal Marshes,E2EM,E2EM,EH,TIDAL,CPL_E2EM,13775.51915,1759792.072,-53650.70418
8/24/2020,NWCA11-2051,5568,8/23/2011,1,NWC_NC-10029,PLNLOW,Plains and Lowlands,CPL,Coastal Plains,Jones,South East Coast Region,CSTL_PLAIN,Atlantic and Gulf Coastal Plain,"LRR T (MLRA 152A, 152B, 153A)",Region_04,Target_Sampled,H0302020402,Middle Trent River,H030202040201,INLAND,35.08929236,35.08929236,-77.47447613,-77.47447613,Atlantic and Gulf Coast Lowland Forest and Crop Region,T,South Atlantic Gulf Region,H03,261,Atlantic Coast Flatwoods,153A,Albemarle-Pamlico Sounds,NEP,NC,NC_CP,CPL,CPL,Non-Federal,NWC_11_NO,NWC_11_NO,Base,NWC16_11_TSN,P13,PSS,NC,ICP,Inland Coastal Plains,CPL-PRLW,CPL-PRLW,PROB,FWS_ST_2005,North Carolina,F37103,NC,Target,63,Middle Atlantic Coastal Plain,63h,Carolina Flatwoods,PSS,PSS,PRLW,FLATS,CPL_PSS,69739.37309,1664342.438,-107257.5429
8/24/2020,NWCA11-2052,5285,6/22/2011,1,NWC_NC-10030,PLNLOW,Plains and Lowlands,CPL,Coastal Plains,Carteret,South East Coast Region,CSTL_PLAIN,Atlantic and Gulf Coastal Plain,LRR T (MLRA 153B),Region_04,Target_Sampled,H0302010504,Cape Lookout Shoals-Core Banks,H030201050401,TIDAL,34.92743165,34.92743165,-76.30063292,-76.30063292,Atlantic and Gulf Coast Lowland Forest and Crop Region,T,South Atlantic Gulf Region,H03,262,Tidewater Area,153B,Albemarle-Pamlico Sounds,NEP,NC,NC_CP,CPL,CPL,FWS,NWC_11_NO,NWC_11_NO,Base,NWC16_11_TSN,P36,E2SS,NC,ATL,Atlantic Coast,ALL-EH,ALL-EH,PROB,FWS_ST_2005,North Carolina,F37031,NC,Target,63,Middle Atlantic Coastal Plain,63g,Carolinian Barrier Islands and Coastal Marshes,E2SS,E2EM,EH,TIDAL,CPL_E2SS,746.81823,1772059.455,-103779.5256
8/24/2020,NWCA11-2055,3360,5/9/2011,1,NWC_NC-10033,PLNLOW,Plains and Lowlands,CPL,Coastal Plains,Edgecombe,Not Coast,CSTL_PLAIN,Atlantic and Gulf Coastal Plain,LRR P,Region_04,Target_Sampled,H0302010108,Swift Creek,H030201010802,INLAND,36.0862235,36.0862235,-77.65846667,-77.65846667,"South Atlantic and Gulf Slope Cash Crops, Forest, and Livestock Region",P,South Atlantic Gulf Region,H03,234,Southern Coastal Plain,133A,Albemarle-Pamlico Sounds,NEP,NC,NC_CP,CPL,CPL,Non-Federal,NWC_11_NO,NWC_11_NO,Base,NWC16_11_TSN,P14,PUBPAB,NC,ICP,Inland Coastal Plains,CPL-PRLW,CPL-PRLW,PROB,FWS_ST_2005,North Carolina,F37065,NC,Target,65,Southeastern Plains,65m,Rolling Coastal Plain,PUBPAB,PSS,PRLW,DPRSS,CPL_PUBPAB,135939.546,1626613.645,-934.4784516
8/24/2020,NWCA11-2056,3830,7/14/2011,1,NWC_NC-10034,PLNLOW,Plains and Lowlands,CPL,Coastal Plains,Tyrrell,South East Coast Region,CSTL_PLAIN,Atlantic and Gulf Coastal Plain,LRR T (MLRA 153B),Region_04,Target_Sampled,H0301020508,Gum Neck-Alligator River,H030102050802,INLAND,35.6953595,35.6953595,-76.23517298,-76.23517298,Atlantic and Gulf Coast Lowland Forest and Crop Region,T,South Atlantic Gulf Region,H03,262,Tidewater Area,153B,Albemarle-Pamlico Sounds,NEP,NC,NC_CP,CPL,CPL,Non-Federal,NWC_11_16,NWC_11_16,Base,NWC16_11_TSS,P13,PF,NC,ICP,Inland Coastal Plains,CPL-PRLH,CPL-PRLH,PROB,FWS_ST_2005,North Carolina,F37177,NC,Target,63,Middle Atlantic Coastal Plain,63c,Swamps and Peatlands,PF,PF,PRLH,FLATS,CPL_PF,1962.21297,1760116.764,-18463.76008
8/24/2020,NWCA11-2058,4063,8/9/2011,1,NWC_NC-10036,PLNLOW,Plains and Lowlands,CPL,Coastal Plains,Hyde,South East Coast Region,CSTL_PLAIN,Atlantic and Gulf Coastal Plain,LRR T (MLRA 153B),Region_04,Target_Sampled,H0302010404,Headwaters Pungo River,H030201040402,INLAND,35.69240228,35.69240228,-76.46813464,-76.46813464,Atlantic and Gulf Coast Lowland Forest and Crop Region,T,South Atlantic Gulf Region,H03,262,Tidewater Area,153B,Albemarle-Pamlico Sounds,NEP,NC,NC_CP,CPL,CPL,FWS,NWC_11_NO,NWC_11_NO,Base,NWC16_11_TSN,P13,PSS,NC,ICP,Inland Coastal Plains,CPL-PRLW,CPL-PRLW,PROB,FWS_ST_2005,North Carolina,F37095,NC,Target,63,Middle Atlantic Coastal Plain,63c,Swamps and Peatlands,PSS,PSS,PRLW,FLATS,CPL_PSS,69739.37309,1739733.12,-23077.50671
8/24/2020,NWCA11-2059,5283,6/14/2011,1,NWC_NC-10037,PLNLOW,Plains and Lowlands,CPL,Coastal Plains,Duplin,South East Coast Region,CSTL_PLAIN,Atlantic and Gulf Coastal Plain,LRR P,Region_04,Target_Sampled,H0303000701,Goshen Swamp,H030300070104,INLAND,35.09912365,35.09912365,-78.04914308,-78.04914308,"South Atlantic and Gulf Slope Cash Crops, Forest, and Livestock Region",P,South Atlantic Gulf Region,H03,234,Southern Coastal Plain,133A,Not_NEP,Not_NEP,NC,NC_CP,CPL,CPL,Non-Federal,NWC_11_NO,NWC_11_NO,Base,NWC16_11_TSN,P13,PFO,NC,ICP,Inland Coastal Plains,CPL-PRLW,CPL-PRLW,PROB,FWS_ST_2005,North Carolina,F37061,NC,Target,65,Southeastern Plains,65m,Rolling Coastal Plain,PFO,PFO,PRLW,RIVERINE,CPL_PFO,209190.5739,1613133.02,-116087.15
8/24/2020,NWCA11-2061,5281,5/17/2011,1,NWC_NC-10039,PLNLOW,Plains and Lowlands,CPL,Coastal Plains,Hyde,South East Coast Region,CSTL_PLAIN,Atlantic and Gulf Coastal Plain,LRR T (MLRA 153B),Region_04,Target_Sampled,H0302010501,Lake Mattamuskeet-Rose Bay,H030201050104,TIDAL,35.36117872,35.36117872,-76.35572987,-76.35572987,Atlantic and Gulf Coast Lowland Forest and Crop Region,T,South Atlantic Gulf Region,H03,262,Tidewater Area,153B,Albemarle-Pamlico Sounds,NEP,NC,NC_CP,CPL,CPL,FWS,NWC_11_NO,NWC_11_NO,Base,NWC16_11_TSN,P36,E2EM,NC,ATL,Atlantic Coast,ALL-EH,ALL-EH,PROB,FWS_ST_2005,North Carolina,F37095,NC,Target,63,Middle Atlantic Coastal Plain,63g,Carolinian Barrier Islands and Coastal Marshes,E2EM,E2EM,EH,TIDAL,CPL_E2EM,13775.51915,1757212.367,-57301.93236
8/24/2020,NWCA11-2064,3961,8/2/2011,1,NWC_NC-10042,PLNLOW,Plains and Lowlands,CPL,Coastal Plains,Dare,South East Coast Region,CSTL_PLAIN,Atlantic and Gulf Coastal Plain,LRR T (MLRA 153B),Region_04,Target_Sampled,H0301020508,Gum Neck-Alligator River,H030102050809,INLAND,35.76511344,35.76511344,-75.88005609,-75.88005609,Atlantic and Gulf Coast Lowland Forest and Crop Region,T,South Atlantic Gulf Region,H03,262,Tidewater Area,153B,Albemarle-Pamlico Sounds,NEP,NC,NC_CP,CPL,CPL,FWS,NWC_11_NO,NWC_11_NO,Base,NWC16_11_TSN,P13,PSS,NC,ICP,Inland Coastal Plains,CPL-PRLW,CPL-PRLW,PROB,FWS_ST_2005,North Carolina,F37055,NC,Target,63,Middle Atlantic Coastal Plain,63c,Swamps and Peatlands,PSS,PSS,PRLW,FLATS,CPL_PSS,69739.37309,1789630.242,-4193.145383
8/24/2020,NWCA11-2065,5149,5/18/2011,1,NWC_NC-10043,PLNLOW,Plains and Lowlands,CPL,Coastal Plains,Hyde,South East Coast Region,CSTL_PLAIN,Atlantic and Gulf Coastal Plain,LRR T (MLRA 153B),Region_04,Target_Sampled,H0302010501,Lake Mattamuskeet-Rose Bay,H030201050104,TIDAL,35.37913472,35.37913472,-76.30374219,-76.30374219,Atlantic and Gulf Coast Lowland Forest and Crop Region,T,South Atlantic Gulf Region,H03,262,Tidewater Area,153B,Albemarle-Pamlico Sounds,NEP,NC,NC_CP,CPL,CPL,Non-Federal,NWC_11_NO,NWC_11_NO,Base,NWC16_11_TSN,P13,E2SS,NC,ATL,Atlantic Coast,ALL-EH,ALL-EH,PROB,FWS_ST_2005,North Carolina,F37095,NC,Target,63,Middle Atlantic Coastal Plain,63g,Carolinian Barrier Islands and Coastal Marshes,E2SS,E2EM,EH,TIDAL,CPL_E2SS,746.81823,1761382.509,-54372.68215
8/24/2020,NWCA11-2066,3401,5/23/2011,1,NWC_NC-10044,PLNLOW,Plains and Lowlands,CPL,Coastal Plains,Carteret,South East Coast Region,CSTL_PLAIN,Atlantic and Gulf Coastal Plain,LRR T (MLRA 153B),Region_04,Target_Sampled,H0302030106,Oyster Creek-Jarrett Bay,H030203010602,TIDAL,34.80439343,34.80439343,-76.45313308,-76.45313308,Atlantic and Gulf Coast Lowland Forest and Crop Region,T,South Atlantic Gulf Region,H03,262,Tidewater Area,153B,Albemarle-Pamlico Sounds,NEP,NC,NC_CP,CPL,CPL,Non-Federal,NWC_11_NO,NWC_11_NO,Base,NWC16_11_TSN,P36,E2SS,NC,ATL,Atlantic Coast,ALL-EW,ALL-EW,PROB,FWS_ST_2005,North Carolina,F37031,NC,Target,63,Middle Atlantic Coastal Plain,63g,Carolinian Barrier Islands and Coastal Marshes,E2SS,E2SS,EW,TIDAL,CPL_E2SS,746.81823,1761347.241,-120086.4794
8/24/2020,NWCA11-2067,3828,7/18/2011,1,NWC_NC-10045,PLNLOW,Plains and Lowlands,CPL,Coastal Plains,Jones,South East Coast Region,CSTL_PLAIN,Atlantic and Gulf Coastal Plain,"LRR T (MLRA 152A, 152B, 153A)",Region_04,Target_Sampled,H0302020402,Middle Trent River,H030202040201,INLAND,35.09148817,35.09148817,-77.47399949,-77.47399949,Atlantic and Gulf Coast Lowland Forest and Crop Region,T,South Atlantic Gulf Region,H03,261,Atlantic Coast Flatwoods,153A,Albemarle-Pamlico Sounds,NEP,NC,NC_CP,CPL,CPL,Non-Federal,NWC_11_16,NWC_11_16,Base,NWC16_11_TSS,P13,PFO,NC,ICP,Inland Coastal Plains,CPL-PRLW,CPL-PRLW,PROB,FWS_ST_2005,North Carolina,F37103,NC,Target,63,Middle Atlantic Coastal Plain,63h,Carolina Flatwoods,PFO,PFO,PRLW,FLATS,CPL_PFO,209190.5739,1664337.121,-107008.1477
8/24/2020,NWCA11-2068,5147,5/25/2011,1,NWC_NC-10046,PLNLOW,Plains and Lowlands,CPL,Coastal Plains,Carteret,South East Coast Region,CSTL_PLAIN,Atlantic and Gulf Coastal Plain,LRR T (MLRA 153B),Region_04,Target_Sampled,H0302020407,Neuse River,H030202040704,TIDAL,34.9931171,34.9931171,-76.54916931,-76.54916931,Atlantic and Gulf Coast Lowland Forest and Crop Region,T,South Atlantic Gulf Region,H03,262,Tidewater Area,153B,Albemarle-Pamlico Sounds,NEP,NC,NC_CP,CPL,CPL,State,NWC_11_NO,NWC_11_NO,Base,NWC16_11_TSN,P36,E2EM,NC,ATL,Atlantic Coast,ALL-EH,ALL-EH,PROB,FWS_ST_2005,North Carolina,F37031,NC,Target,63,Middle Atlantic Coastal Plain,63g,Carolinian Barrier Islands and Coastal Marshes,E2EM,E2EM,EH,TIDAL,CPL_E2EM,13775.51915,1748523.773,-101189.5355
8/24/2020,NWCA11-2069,5119,6/23/2011,1,NWC_NC-10047,PLNLOW,Plains and Lowlands,CPL,Coastal Plains,Hyde,South East Coast Region,CSTL_PLAIN,Atlantic and Gulf Coastal Plain,LRR T (MLRA 153B),Region_04,Target_Sampled,H0302010502,Pamlico Sound-Ocracoke Inlet,H030201050205,TIDAL,35.16419214,35.16419214,-75.82971662,-75.82971662,Atlantic and Gulf Coast Lowland Forest and Crop Region,T,South Atlantic Gulf Region,H03,262,Tidewater Area,153B,Albemarle-Pamlico Sounds,NEP,NC,NC_CP,CPL,CPL,NPS,NWC_11_NO,NWC_11_NO,Base,NWC16_11_TSN,P36,E2SS,NC,ATL,Atlantic Coast,ALL-EH,ALL-EH,PROB,FWS_ST_2005,North Carolina,F37095,NC,Target,63,Middle Atlantic Coastal Plain,63g,Carolinian Barrier Islands and Coastal Marshes,E2SS,E2EM,EH,TIDAL,CPL_E2SS,746.81823,1808209.878,-68998.23759
8/24/2020,NWCA11-2070,5582,6/6/2011,1,NWC_NC-10048,PLNLOW,Plains and Lowlands,CPL,Coastal Plains,Currituck,South East Coast Region,CSTL_PLAIN,Atlantic and Gulf Coastal Plain,LRR T (MLRA 153B),Region_04,Target_Sampled,H0301020513,Currituck Sound,H030102051305,TIDAL,36.28440575,36.28440575,-75.86747033,-75.86747033,Atlantic and Gulf Coast Lowland Forest and Crop Region,T,South Atlantic Gulf Region,H03,262,Tidewater Area,153B,Albemarle-Pamlico Sounds,NEP,NC,NC_CP,CPL,CPL,NOAA,NWC_11_NO,NWC_11_NO,OverSamp,NWC16_11_TSN,P36,E2EM,NC,ATL,Atlantic Coast,ALL-EH,ALL-EH,PROB,FWS_ST_2005,North Carolina,F37053,NC,Target,63,Middle Atlantic Coastal Plain,63d,Virginian Barrier Islands and Coastal Marshes,E2EM,E2EM,EH,TIDAL,CPL_E2EM,13775.51915,1778505.373,52896.6039
8/24/2020,NWCA11-2071,5925,5/11/2011,1,NWC_NC-10049,PLNLOW,Plains and Lowlands,CPL,Coastal Plains,Halifax,South East Coast Region,CSTL_PLAIN,Atlantic and Gulf Coastal Plain,"LRR T (MLRA 152A, 152B, 153A)",Region_04,Target_Sampled,H0301010703,Kehukee Swamp-Roanoke River,H030101070303,INLAND,36.10087985,36.10087985,-77.286983,-77.286983,Atlantic and Gulf Coast Lowland Forest and Crop Region,T,South Atlantic Gulf Region,H03,261,Atlantic Coast Flatwoods,153A,Albemarle-Pamlico Sounds,NEP,NC,NC_CP,CPL,CPL,Non-Federal,NWC_11_NO,NWC_11_NO,OverSamp,NWC16_11_TSN,P13,PFO,NC,ICP,Inland Coastal Plains,CPL-PRLW,CPL-PRLW,PROB,FWS_ST_2005,North Carolina,F37083,NC,Target,63,Middle Atlantic Coastal Plain,63n,Mid-Atlantic Floodplains and Low Terraces,PFO,PFO,PRLW,RIVERINE,CPL_PFO,209190.5739,1658814.859,7097.160654
8/24/2020,NWCA11-2072,3824,7/11/2011,1,NWC_NC-10050,PLNLOW,Plains and Lowlands,CPL,Coastal Plains,Tyrrell,South East Coast Region,CSTL_PLAIN,Atlantic and Gulf Coastal Plain,LRR T (MLRA 153B),Region_04,Target_Sampled,H0301020508,Gum Neck-Alligator River,H030102050802,INLAND,35.69826187,35.69826187,-76.23531035,-76.23531035,Atlantic and Gulf Coast Lowland Forest and Crop Region,T,South Atlantic Gulf Region,H03,262,Tidewater Area,153B,Albemarle-Pamlico Sounds,NEP,NC,NC_CP,CPL,CPL,Non-Federal,NWC_11_NO,NWC_11_NO,OverSamp,NWC16_11_TSN,P13,PF,NC,ICP,Inland Coastal Plains,CPL-PRLH,CPL-PRLH,PROB,FWS_ST_2005,North Carolina,F37177,NC,Target,63,Middle Atlantic Coastal Plain,63c,Swamps and Peatlands,PF,PF,PRLH,FLATS,CPL_PF,1962.21297,1760037.614,-18148.36702
8/24/2020,NWCA11-2073,5584,9/1/2011,1,NWC_NC-10051,PLNLOW,Plains and Lowlands,CPL,Coastal Plains,Hyde,South East Coast Region,CSTL_PLAIN,Atlantic and Gulf Coastal Plain,LRR T (MLRA 153B),Region_04,Target_Sampled,H0302010404,Headwaters Pungo River,H030201040404,INLAND,35.59044085,35.59044085,-76.46045297,-76.46045297,Atlantic and Gulf Coast Lowland Forest and Crop Region,T,South Atlantic Gulf Region,H03,262,Tidewater Area,153B,Albemarle-Pamlico Sounds,NEP,NC,NC_CP,CPL,CPL,Non-Federal,NWC_11_NO,NWC_11_NO,OverSamp,NWC16_11_TSN,P13,PSS,NC,ICP,Inland Coastal Plains,CPL-PRLW,CPL-PRLW,PROB,FWS_ST_2005,North Carolina,F37095,NC,Target,63,Middle Atlantic Coastal Plain,63c,Swamps and Peatlands,PSS,PFO,PRLW,FLATS,CPL_PSS,69739.37309,1742738.126,-34111.1612
8/24/2020,NWCA11-2074,5586,6/8/2011,1,NWC_NC-10052,PLNLOW,Plains and Lowlands,CPL,Coastal Plains,Dare,South East Coast Region,CSTL_PLAIN,Atlantic and Gulf Coastal Plain,LRR T (MLRA 153B),Region_04,Target_Sampled,H0301020515,Croatan Sound,H030102051505,TIDAL,35.6770101,35.6770101,-75.49589756,-75.49589756,Atlantic and Gulf Coast Lowland Forest and Crop Region,T,South Atlantic Gulf Region,H03,262,Tidewater Area,153B,Albemarle-Pamlico Sounds,NEP,NC,NC_CP,CPL,CPL,FWS,NWC_11_NO,NWC_11_NO,OverSamp,NWC16_11_TSN,P36,E2EM,NC,ATL,Atlantic Coast,ALL-EH,ALL-EH,PROB,FWS_ST_2005,North Carolina,F37055,NC,Target,63,Middle Atlantic Coastal Plain,63g,Carolinian Barrier Islands and Coastal Marshes,E2EM,E2EM,EH,TIDAL,CPL_E2EM,13775.51915,1825385.363,-6526.049056
8/24/2020,NWCA11-2075,5588,6/13/2011,1,NWC_NC-10053,PLNLOW,Plains and Lowlands,CPL,Coastal Plains,Duplin,South East Coast Region,CSTL_PLAIN,Atlantic and Gulf Coastal Plain,LRR P,Region_04,Target_Sampled,H0303000703,Limestone Creek-Northeast Cape Fear River,H030300070307,INLAND,34.96789575,34.96789575,-77.87324267,-77.87324267,"South Atlantic and Gulf Slope Cash Crops, Forest, and Livestock Region",P,South Atlantic Gulf Region,H03,234,Southern Coastal Plain,133A,Not_NEP,Not_NEP,NC,NC_CP,CPL,CPL,Non-Federal,NWC_11_NO,NWC_11_NO,OverSamp,NWC16_11_TSN,P13,PEM,NC,ICP,Inland Coastal Plains,CPL-PRLW,CPL-PRLW,PROB,FWS_ST_2005,North Carolina,F37061,NC,Target,65,Southeastern Plains,65m,Rolling Coastal Plain,PEM,PSS,PRLW,RIVERINE,CPL_PEM,43690.02127,1631532.592,-127503.5931
8/24/2020,NWCA11-2076,5590,9/8/2011,1,NWC_NC-10054,PLNLOW,Plains and Lowlands,CPL,Coastal Plains,Dare,South East Coast Region,CSTL_PLAIN,Atlantic and Gulf Coastal Plain,LRR T (MLRA 153B),Region_04,Target_Sampled,H0302010503,Pamlico Sound-Hatteras Inlet,H030201050302,TIDAL,35.60186221,35.60186221,-75.81856545,-75.81856545,Atlantic and Gulf Coast Lowland Forest and Crop Region,T,South Atlantic Gulf Region,H03,262,Tidewater Area,153B,Albemarle-Pamlico Sounds,NEP,NC,NC_CP,CPL,CPL,FWS,NWC_11_16,NWC_11_16,OverSamp,NWC16_11_TSS,P13,E2EM,NC,ATL,Atlantic Coast,ALL-EH,ALL-EH,PROB,FWS_ST_2005,North Carolina,F37055,NC,Target,63,Middle Atlantic Coastal Plain,63g,Carolinian Barrier Islands and Coastal Marshes,E2EM,E2EM,EH,TIDAL,CPL_E2EM,13775.51915,1798869.576,-20899.7087
8/24/2020,NWCA11-2077,5591,6/28/2011,1,NWC_NC-10055,PLNLOW,Plains and Lowlands,CPL,Coastal Plains,Hyde,South East Coast Region,CSTL_PLAIN,Atlantic and Gulf Coastal Plain,LRR T (MLRA 153B),Region_04,Target_Sampled,H0302010501,Lake Mattamuskeet-Rose Bay,H030201050104,TIDAL,35.3855618,35.3855618,-76.30581515,-76.30581515,Atlantic and Gulf Coast Lowland Forest and Crop Region,T,South Atlantic Gulf Region,H03,262,Tidewater Area,153B,Albemarle-Pamlico Sounds,NEP,NC,NC_CP,CPL,CPL,Non-Federal,NWC_11_NO,NWC_11_NO,OverSamp,NWC16_11_TSN,P13,E2SS,NC,ATL,Atlantic Coast,ALL-EH,ALL-EH,PROB,FWS_ST_2005,North Carolina,F37095,NC,Target,63,Middle Atlantic Coastal Plain,63g,Carolinian Barrier Islands and Coastal Marshes,E2SS,E2EM,EH,TIDAL,CPL_E2SS,746.81823,1761051.78,-53707.13321
8/24/2020,NWCA11-2078,3823,7/20/2011,1,NWC_NC-10056,PLNLOW,Plains and Lowlands,CPL,Coastal Plains,Onslow,South East Coast Region,CSTL_PLAIN,Atlantic and Gulf Coastal Plain,"LRR T (MLRA 152A, 152B, 153A)",Region_04,Target_Sampled,H0302030101,Headwaters White Oak River,H030203010106,INLAND,34.83456169,34.83456169,-77.18316384,-77.18316384,Atlantic and Gulf Coast Lowland Forest and Crop Region,T,South Atlantic Gulf Region,H03,261,Atlantic Coast Flatwoods,153A,Not_NEP,Not_NEP,NC,NC_CP,CPL,CPL,State,NWC_11_NO,NWC_11_NO,OverSamp,NWC16_11_TSN,P13,PFO,NC,ICP,Inland Coastal Plains,CPL-PRLW,CPL-PRLW,PROB,FWS_ST_2005,North Carolina,F37133,NC,Target,63,Middle Atlantic Coastal Plain,63h,Carolina Flatwoods,PFO,PFO,PRLW,RIVERINE,CPL_PFO,209190.5739,1695780.057,-130058.8345
8/24/2020,NWCA11-2079,5592,6/27/2011,1,NWC_NC-10057,PLNLOW,Plains and Lowlands,CPL,Coastal Plains,Beaufort,South East Coast Region,CSTL_PLAIN,Atlantic and Gulf Coastal Plain,LRR T (MLRA 153B),Region_04,Target_Sampled,H0302010405,Intracoastal Waterway-Pungo River,H030201040505,TIDAL,35.54553362,35.54553362,-76.52664134,-76.52664134,Atlantic and Gulf Coast Lowland Forest and Crop Region,T,South Atlantic Gulf Region,H03,262,Tidewater Area,153B,Albemarle-Pamlico Sounds,NEP,NC,NC_CP,CPL,CPL,Non-Federal,NWC_11_NO,NWC_11_NO,OverSamp,NWC16_11_TSN,P36,E2EM,NC,ATL,Atlantic Coast,ALL-EH,ALL-EH,PROB,FWS_ST_2005,North Carolina,F37013,NC,Target,63,Middle Atlantic Coastal Plain,63b,Chesapeake-Pamlico Lowlands and Tidal Marshes,E2EM,E2EM,EH,TIDAL,CPL_E2EM,13775.51915,1737940.685,-40244.85932
8/24/2020,NWCA11-2080,3959,8/3/2011,1,NWC_NC-10058,PLNLOW,Plains and Lowlands,CPL,Coastal Plains,Dare,South East Coast Region,CSTL_PLAIN,Atlantic and Gulf Coastal Plain,LRR T (MLRA 153B),Region_04,Target_Sampled,H0301020509,Alligator River,H030102050901,INLAND,35.78775052,35.78775052,-75.88106658,-75.88106658,Atlantic and Gulf Coast Lowland Forest and Crop Region,T,South Atlantic Gulf Region,H03,262,Tidewater Area,153B,Albemarle-Pamlico Sounds,NEP,NC,NC_CP,CPL,CPL,FWS,NWC_11_16,NWC_11_16,OverSamp,NWC16_11_TSS,P13,PFO,NC,ICP,Inland Coastal Plains,CPL-PRLW,CPL-PRLW,PROB,FWS_ST_2005,North Carolina,F37055,NC,Target,63,Middle Atlantic Coastal Plain,63c,Swamps and Peatlands,PFO,PFO,PRLW,RIVERINE,CPL_PFO,209190.5739,1789009.136,-1734.226299
8/24/2020,NWCA11-2081,5593,9/9/2011,1,NWC_NC-10059,PLNLOW,Plains and Lowlands,CPL,Coastal Plains,Hyde,South East Coast Region,CSTL_PLAIN,Atlantic and Gulf Coastal Plain,LRR T (MLRA 153B),Region_04,Target_Sampled,H0302010501,Lake Mattamuskeet-Rose Bay,H030201050103,TIDAL,35.41465949,35.41465949,-76.42973312,-76.42973312,Atlantic and Gulf Coast Lowland Forest and Crop Region,T,South Atlantic Gulf Region,H03,262,Tidewater Area,153B,Albemarle-Pamlico Sounds,NEP,NC,NC_CP,CPL,CPL,Non-Federal,NWC_11_NO,NWC_11_NO,OverSamp,NWC16_11_TSN,P36,E2EM,NC,ATL,Atlantic Coast,ALL-EH,ALL-EH,PROB,FWS_ST_2005,North Carolina,F37095,NC,Target,63,Middle Atlantic Coastal Plain,63g,Carolinian Barrier Islands and Coastal Marshes,E2EM,E2EM,EH,TIDAL,CPL_E2EM,13775.51915,1749462.681,-52808.28792
8/24/2020,NWCA11-2139,5596,6/28/2011,1,NWC_NE-10001,PLNLOW,Plains and Lowlands,SPL,Southern Plains,Adams,Not Coast,GT_PLAINS,Great Plains,"LRR H (Excluding MLRA 72, 73)",Region_07,Target_Sampled,H1027020603,Cottonwood Creek-Little Blue River,H102702060302,INLAND,40.46737107,40.46737107,-98.63453517,-98.63453517,Central Great Plains Winter Wheat and Range Region,H,Missouri Region,H10,108,Central Loess Plains,75,Not_NEP,Not_NEP,NE,NE,IPL,IPL,Non-Federal,NWC_11_16,NWC_11_16,Revisit,NWC16_11_TSS,P16,PUBPAB,NE,GPL,Great Plains,IPL-PRLH,IPL-PRLH,PROB,FWS_ST_2005,Nebraska,F31001,NE,Target,27,Central Great Plains,27f,Rainwater Basin Plains,PUBPAB,PEM,PRLH,DPRSS,IPL_PUBPAB,10365.83983,-221461.3692,335622.0058
8/24/2020,NWCA11-2139,4753,8/4/2011,2,NWC_NE-10001,PLNLOW,Plains and Lowlands,SPL,Southern Plains,Adams,Not Coast,GT_PLAINS,Great Plains,"LRR H (Excluding MLRA 72, 73)",Region_07,Target_Sampled,H1027020603,Cottonwood Creek-Little Blue River,H102702060302,INLAND,40.46737107,40.46737107,-98.63453517,-98.63453517,Central Great Plains Winter Wheat and Range Region,H,Missouri Region,H10,108,Central Loess Plains,75,Not_NEP,Not_NEP,NE,NE,IPL,IPL,Non-Federal,NWC_11_16,NWC_11_16,Revisit,NWC16_11_TSS,P16,PUBPAB,NE,GPL,Great Plains,IPL-PRLH,IPL-PRLH,PROB,FWS_ST_2005,Nebraska,F31001,NE,Target,27,Central Great Plains,27f,Rainwater Basin Plains,PUBPAB,PEM,PRLH,DPRSS,IPL_PUBPAB,10365.83983,-221461.3692,335622.0058
8/24/2020,NWCA11-2140,5595,6/27/2011,1,NWC_NE-10002,PLNLOW,Plains and Lowlands,SPL,Southern Plains,York,Not Coast,GT_PLAINS,Great Plains,"LRR H (Excluding MLRA 72, 73)",Region_07,Target_Sampled,H1027020304,Beaver Creek,H102702030408,INLAND,40.85989569,40.85989569,-97.39512119,-97.39512119,Central Great Plains Winter Wheat and Range Region,H,Missouri Region,H10,108,Central Loess Plains,75,Not_NEP,Not_NEP,NE,NE,IPL,IPL,Non-Federal,NWC_11_16,NWC_11_16,Revisit,NWC16_11_TSS,P16,PF,NE,GPL,Great Plains,IPL-PRLH,IPL-PRLH,PROB,FWS_ST_2005,Nebraska,F31185,NE,Target,27,Central Great Plains,27f,Rainwater Basin Plains,PF,PEM,PRLH,FLATS,IPL_PF,3207.39669,-116640.5588,377371.9411
8/24/2020,NWCA11-2140,4762,8/3/2011,2,NWC_NE-10002,PLNLOW,Plains and Lowlands,SPL,Southern Plains,York,Not Coast,GT_PLAINS,Great Plains,"LRR H (Excluding MLRA 72, 73)",Region_07,Target_Sampled,H1027020304,Beaver Creek,H102702030408,INLAND,40.85989569,40.85989569,-97.39512119,-97.39512119,Central Great Plains Winter Wheat and Range Region,H,Missouri Region,H10,108,Central Loess Plains,75,Not_NEP,Not_NEP,NE,NE,IPL,IPL,Non-Federal,NWC_11_16,NWC_11_16,Revisit,NWC16_11_TSS,P16,PF,NE,GPL,Great Plains,IPL-PRLH,IPL-PRLH,PROB,FWS_ST_2005,Nebraska,F31185,NE,Target,27,Central Great Plains,27f,Rainwater Basin Plains,PF,PEM,PRLH,FLATS,IPL_PF,3207.39669,-116640.5588,377371.9411
8/24/2020,NWCA11-2142,4763,7/18/2011,1,NWC_NE-10004,PLNLOW,Plains and Lowlands,SPL,Southern Plains,Cherry,Not Coast,GT_PLAINS,Great Plains,LRR G,Region_07,Target_Sampled,H1015000408,Fairfield Creek,H101500040802,INLAND,42.67900217,42.67900217,-100.3121313,-100.3121313,Western Great Plains Range and Irrigated Region,G,Missouri Region,H10,92,Nebraska Sand Hills,65,Not_NEP,Not_NEP,NE,NE,IPL,IPL,Non-Federal,NWC_11_NO,NWC_11_NO,Base,NWC16_11_TSN,P22,PEM,NE,GPL,Great Plains,IPL-PRLH,IPL-PRLH,PROB,FWS_ST_2005,Nebraska,F31031,NE,Target,44,Nebraska Sand Hills,44a,Sand Hills,PEM,PEM,PRLH,DPRSS,IPL_PEM,116042.3256,-351177.3388,588017.3028
8/24/2020,NWCA11-2143,5599,6/29/2011,1,NWC_NE-10005,PLNLOW,Plains and Lowlands,SPL,Southern Plains,Howard,Not Coast,GT_PLAINS,Great Plains,"LRR H (Excluding MLRA 72, 73)",Region_07,Target_Sampled,H1021000405,Outlet South Loup River,H102100040508,INLAND,41.05363901,41.05363901,-98.70317337,-98.70317337,Central Great Plains Winter Wheat and Range Region,H,Missouri Region,H10,104,Central Nebraska Loess Hills,71,Not_NEP,Not_NEP,NE,NE,IPL,IPL,Non-Federal,NWC_11_16,NWC_11_16,Base,NWC16_11_TSS,P16,PFO,NE,GPL,Great Plains,IPL-PRLW,IPL-PRLW,PROB,FWS_ST_2005,Nebraska,F31093,NE,Target,27,Central Great Plains,27e,Central Nebraska Loess Plains,PFO,PFO,PRLW,RIVERINE,IPL_PFO,16768.16963,-225362.2458,401416.0751
8/24/2020,NWCA11-2146,4764,7/17/2011,1,NWC_NE-10008,PLNLOW,Plains and Lowlands,SPL,Southern Plains,Cherry,Not Coast,GT_PLAINS,Great Plains,LRR G,Region_07,Target_Sampled,H1021000604,Calf Creek-North Loup River,H102100060408,INLAND,42.27032094,42.27032094,-100.4865193,-100.4865193,Western Great Plains Range and Irrigated Region,G,Missouri Region,H10,92,Nebraska Sand Hills,65,Not_NEP,Not_NEP,NE,NE,IPL,IPL,Non-Federal,NWC_11_NO,NWC_11_NO,Base,NWC16_11_TSN,P22,PEM,NE,GPL,Great Plains,IPL-PRLH,IPL-PRLH,PROB,FWS_ST_2005,Nebraska,F31031,NE,Target,44,Nebraska Sand Hills,44a,Sand Hills,PEM,PEM,PRLH,FLATS,IPL_PEM,116042.3256,-367525.2054,543037.0124
8/24/2020,NWCA11-2148,5600,6/30/2011,1,NWC_NE-10010,PLNLOW,Plains and Lowlands,SPL,Southern Plains,Chase,Not Coast,GT_PLAINS,Great Plains,"LRR H (MLRA 72, 73)",Region_07,Target_Sampled,H1025000504,Middle Frenchman Creek,H102500050401,INLAND,40.43214004,40.43214004,-101.610841,-101.610841,Central Great Plains Winter Wheat and Range Region,H,Missouri Region,H10,105,Central High Tableland,72,Not_NEP,Not_NEP,NE,NE,IPL,IPL,Non-Federal,NWC_11_16,NWC_11_16,Base,NWC16_11_TSS,P16,PFO,NE,GPL,Great Plains,IPL-PRLW,IPL-PRLW,PROB,FWS_ST_2005,Nebraska,F31029,NE,Target,25,High Plains,25c,Moderate Relief Plains,PFO,PSS,PRLW,RIVERINE,IPL_PFO,16768.16963,-471671.5681,342533.5672
8/24/2020,NWCA11-2149,4765,7/15/2011,1,NWC_NE-10011,PLNLOW,Plains and Lowlands,SPL,Southern Plains,Grant,Not Coast,GT_PLAINS,Great Plains,LRR G,Region_07,Target_Sampled,H1021000202,North Fork Dismal River,H102100020202,INLAND,41.8366274,41.8366274,-101.6034591,-101.6034591,Western Great Plains Range and Irrigated Region,G,Missouri Region,H10,92,Nebraska Sand Hills,65,Not_NEP,Not_NEP,NE,NE,IPL,IPL,Non-Federal,NWC_11_NO,NWC_11_NO,Base,NWC16_11_TSN,P22,PEM,NE,GPL,Great Plains,IPL-PRLH,IPL-PRLH,PROB,FWS_ST_2005,Nebraska,F31075,NE,Target,44,Nebraska Sand Hills,44d,Lakes Area,PEM,PEM,PRLH,FLATS,IPL_PEM,116042.3256,-461785.5238,499467.2535
8/24/2020,NWCA11-2150,4766,7/14/2011,1,NWC_NE-10012,PLNLOW,Plains and Lowlands,SPL,Southern Plains,Garden,Not Coast,GT_PLAINS,Great Plains,LRR G,Region_07,Target_Sampled,H1018000912,Cedar Creek-North Platte River,H101800091206,INLAND,41.45712216,41.45712216,-102.542029,-102.542029,Western Great Plains Range and Irrigated Region,G,Missouri Region,H10,95,"Central High Plains, Northern Part",67A,Not_NEP,Not_NEP,NE,NE,IPL,IPL,Non-Federal,NWC_11_16,NWC_11_16,Base,NWC16_11_TSS,P16,PEM,NE,GPL,Great Plains,IPL-PRLW,IPL-PRLW,PROB,FWS_ST_2005,Nebraska,F31069,NE,Target,25,High Plains,25h,Platte River Valley and Terraces,PEM,PSS,PRLW,RIVERINE,IPL_PEM,112465.743,-541941.6155,462041.0285
8/24/2020,NWCA11-2151,5597,7/8/2011,1,NWC_NE-10013,PLNLOW,Plains and Lowlands,SPL,Southern Plains,York,Not Coast,GT_PLAINS,Great Plains,"LRR H (Excluding MLRA 72, 73)",Region_07,Target_Sampled,H1027020304,Beaver Creek,H102702030408,INLAND,40.8602312,40.8602312,-97.40878477,-97.40878477,Central Great Plains Winter Wheat and Range Region,H,Missouri Region,H10,108,Central Loess Plains,75,Not_NEP,Not_NEP,NE,NE,IPL,IPL,Non-Federal,NWC_11_NO,NWC_11_NO,OverSamp,NWC16_11_TSN,P16,PF,NE,GPL,Great Plains,IPL-PRLH,IPL-PRLH,PROB,FWS_ST_2005,Nebraska,F31185,NE,Target,27,Central Great Plains,27f,Rainwater Basin Plains,PF,PEM,PRLH,FLATS,IPL_PF,3207.39669,-117782.2764,377426.3618
8/24/2020,NWCA11-2153,4767,7/16/2011,1,NWC_NE-10015,PLNLOW,Plains and Lowlands,SPL,Southern Plains,Grant,Not Coast,GT_PLAINS,Great Plains,LRR G,Region_07,Target_Sampled,H1021000202,North Fork Dismal River,H102100020202,INLAND,41.83306642,41.83306642,-101.5775663,-101.5775663,Western Great Plains Range and Irrigated Region,G,Missouri Region,H10,92,Nebraska Sand Hills,65,Not_NEP,Not_NEP,NE,NE,IPL,IPL,Non-Federal,NWC_11_NO,NWC_11_NO,OverSamp,NWC16_11_TSN,P22,PUBPAB,NE,GPL,Great Plains,IPL-PRLH,IPL-PRLH,PROB,FWS_ST_2005,Nebraska,F31075,NE,Target,44,Nebraska Sand Hills,44d,Lakes Area,PUBPAB,PUBPAB,PRLH,DPRSS,IPL_PUBPAB,10695.48938,-459677.5078,498943.9964
8/24/2020,NWCA11-2154,4768,7/13/2011,1,NWC_NE-10016,PLNLOW,Plains and Lowlands,SPL,Southern Plains,Garden,Not Coast,GT_PLAINS,Great Plains,LRR G,Region_07,Target_Sampled,H1018000917,Lost Creek-North Platte River,H101800091705,INLAND,41.44689153,41.44689153,-102.5164691,-102.5164691,Western Great Plains Range and Irrigated Region,G,Missouri Region,H10,95,"Central High Plains, Northern Part",67A,Not_NEP,Not_NEP,NE,NE,IPL,IPL,Non-Federal,NWC_11_NO,NWC_11_NO,OverSamp,NWC16_11_TSN,P16,PSS,NE,GPL,Great Plains,IPL-PRLW,IPL-PRLW,PROB,FWS_ST_2005,Nebraska,F31069,NE,Target,25,High Plains,25h,Platte River Valley and Terraces,PSS,PSS,PRLW,RIVERINE,IPL_PSS,26966.44661,-539906.0149,460753.1462
8/24/2020,NWCA11-2159,4961,9/10/2011,1,NWC_NE-10021,PLNLOW,Plains and Lowlands,SPL,Southern Plains,York,Not Coast,GT_PLAINS,Great Plains,"LRR H (Excluding MLRA 72, 73)",Region_07,Target_Sampled,H1027020304,Beaver Creek,H102702030408,INLAND,40.86241699,40.86241699,-97.40484414,-97.40484414,Central Great Plains Winter Wheat and Range Region,H,Missouri Region,H10,108,Central Loess Plains,75,Not_NEP,Not_NEP,NE,NE,IPL,IPL,State,NWC_11_NO,NWC_11_NO,OverSamp,NWC16_11_TSN,P16,PUBPAB,NE,GPL,Great Plains,IPL-PRLH,IPL-PRLH,PROB,FWS_ST_2005,Nebraska,F31185,NE,Target,27,Central Great Plains,27f,Rainwater Basin Plains,PUBPAB,PEM,PRLH,FLATS,IPL_PUBPAB,10365.83983,-117449.2234,377666.2363
8/24/2020,NWCA11-2163,5649,9/19/2011,2,NWC_NH-10001,EHIGH,Eastern Highlands,NAP,Northern Appalachians,Coos,Not Coast,NE,Northcentral and Northeast,LRR R (MLRA 143),Region_01,Target_Sampled,H0108010101,Connecticut Lakes,H010801010101,INLAND,45.15872257,45.15872257,-71.11477873,-71.11477873,Northeastern Forage and Forest Region,R,New England Region,H01,247,Northeastern Mountains,143,Not_NEP,Not_NEP,NH,NH_NAAMH,EMU,EMU,Non-Federal,NWC_11_16,NWC_11_16,Revisit,NWC16_11_TSS,P01,PFO,NH,NCE,North Central East,EMU-PRLW,EMU-PRLW,PROB,FWS_ST_2005,New Hampshire,F33007,NH,Target,58,Northeastern Highlands,58m,Quebec/New England Boundary Mountains,PFO,PFO,PRLW,FLATS,EMU_PFO,45819.14081,1932652.399,1111089.775
8/24/2020,NWCA11-2163,5601,7/18/2011,1,NWC_NH-10001,EHIGH,Eastern Highlands,NAP,Northern Appalachians,Coos,Not Coast,NE,Northcentral and Northeast,LRR R (MLRA 143),Region_01,Target_Sampled,H0108010101,Connecticut Lakes,H010801010101,INLAND,45.15872257,45.15872257,-71.11477873,-71.11477873,Northeastern Forage and Forest Region,R,New England Region,H01,247,Northeastern Mountains,143,Not_NEP,Not_NEP,NH,NH_NAAMH,EMU,EMU,Non-Federal,NWC_11_16,NWC_11_16,Revisit,NWC16_11_TSS,P01,PFO,NH,NCE,North Central East,EMU-PRLW,EMU-PRLW,PROB,FWS_ST_2005,New Hampshire,F33007,NH,Target,58,Northeastern Highlands,58m,Quebec/New England Boundary Mountains,PFO,PFO,PRLW,FLATS,EMU_PFO,45819.14081,1932652.399,1111089.775
8/24/2020,NWCA11-2167,5602,8/9/2011,1,NWC_NH-10005,EHIGH,Eastern Highlands,NAP,Northern Appalachians,Coos,Not Coast,NE,Northcentral and Northeast,LRR R (MLRA 143),Region_01,Target_Sampled,H0108010107,Upper Ammonoosuc River,H010801010707,INLAND,44.62418921,44.62418921,-71.44528876,-71.44528876,Northeastern Forage and Forest Region,R,New England Region,H01,247,Northeastern Mountains,143,Not_NEP,Not_NEP,NH,NH_NAAMH,EMU,EMU,Non-Federal,NWC_11_16,NWC_11_16,Base,NWC16_11_TSS,P01,PSS,NH,NCE,North Central East,EMU-PRLW,EMU-PRLW,PROB,FWS_ST_2005,New Hampshire,F33007,NH,Target,58,Northeastern Highlands,58m,Quebec/New England Boundary Mountains,PSS,PFO,PRLW,FLATS,EMU_PSS,58985.40235,1922764.127,1046890.368
8/24/2020,NWCA11-2167,5657,9/15/2011,2,NWC_NH-10005,EHIGH,Eastern Highlands,NAP,Northern Appalachians,Coos,Not Coast,NE,Northcentral and Northeast,LRR R (MLRA 143),Region_01,Target_Sampled,H0108010107,Upper Ammonoosuc River,H010801010707,INLAND,44.62418921,44.62418921,-71.44528876,-71.44528876,Northeastern Forage and Forest Region,R,New England Region,H01,247,Northeastern Mountains,143,Not_NEP,Not_NEP,NH,NH_NAAMH,EMU,EMU,Non-Federal,NWC_11_16,NWC_11_16,Base,NWC16_11_TSS,P01,PSS,NH,NCE,North Central East,EMU-PRLW,EMU-PRLW,PROB,FWS_ST_2005,New Hampshire,F33007,NH,Target,58,Northeastern Highlands,58m,Quebec/New England Boundary Mountains,PSS,PFO,PRLW,FLATS,EMU_PSS,58985.40235,1922764.127,1046890.368
8/24/2020,NWCA11-2168,5603,9/7/2011,1,NWC_NH-10006,EHIGH,Eastern Highlands,NAP,Northern Appalachians,Rockingham,North East Coast Region,NE,Northcentral and Northeast,LRR R (Excluding MLRA 143),Region_01,Target_Sampled,H0106000310,Portsmouth Harbor-Salisbury Beach,H010600031001,TIDAL,43.0632135,43.0632135,-70.74847652,-70.74847652,Northeastern Forage and Forest Region,R,New England Region,H01,248,"New England and Eastern New York Upland, Southern Part",144A,Piscatagua Region Estuaries Partnership,NEP,NH,NH_NCZ,EMU,EMU,NOAA,NWC_11_NO,NWC_11_NO,Base,NWC16_11_TSN,P36,E2EM,NH,ATL,Atlantic Coast,ALL-EH,ALL-EH,PROB,FWS_ST_2005,New Hampshire,F33015,NH,Target,59,Northeastern Coastal Zone,59f,Gulf of Maine Coastal Lowland,E2EM,E2EM,EH,TIDAL,EMU_E2EM,30.81994,2021779.626,893175.2416
8/24/2020,NWCA11-2170,5604,8/30/2011,1,NWC_NH-10008,EHIGH,Eastern Highlands,NAP,Northern Appalachians,Rockingham,North East Coast Region,NE,Northcentral and Northeast,LRR R (Excluding MLRA 143),Region_01,Target_Sampled,H0106000309,Great Bay Drainages,H010600030904,TIDAL,43.07462714,43.07462714,-70.90407955,-70.90407955,Northeastern Forage and Forest Region,R,New England Region,H01,248,"New England and Eastern New York Upland, Southern Part",144A,Piscatagua Region Estuaries Partnership,NEP,NH,NH_NCZ,EMU,EMU,Non-Federal,NWC_11_NO,NWC_11_NO,Base,NWC16_11_TSN,P36,E2EM,NH,ATL,Atlantic Coast,ALL-EH,ALL-EH,PROB,FWS_ST_2005,New Hampshire,F33015,NH,Target,59,Northeastern Coastal Zone,59f,Gulf of Maine Coastal Lowland,E2EM,E2EM,EH,TIDAL,EMU_E2EM,30.81994,2009280.288,891105.525
8/24/2020,NWCA11-2172,5605,7/21/2011,1,NWC_NH-10010,EHIGH,Eastern Highlands,NAP,Northern Appalachians,Merrimack,Not Coast,NE,Northcentral and Northeast,LRR R (Excluding MLRA 143),Region_01,Target_Sampled,H0107000305,Blackwater River,H010700030503,INLAND,43.43778379,43.43778379,-71.84640206,-71.84640206,Northeastern Forage and Forest Region,R,New England Region,H01,249,"New England and Eastern New York Upland, Northern Part",144B,Not_NEP,Not_NEP,NH,NH_NAAMH,EMU,EMU,Non-Federal,NWC_11_NO,NWC_11_NO,Base,NWC16_11_TSN,P01,PFO,NH,NCE,North Central East,EMU-PRLW,EMU-PRLW,PROB,FWS_ST_2005,New Hampshire,F33013,NH,Target,58,Northeastern Highlands,58q,Sunapee Uplands,PFO,PFO,PRLW,RIVERINE,EMU_PFO,45819.14081,1925302.535,910796.7932
8/24/2020,NWCA11-2175,5606,8/24/2011,1,NWC_NH-10013,EHIGH,Eastern Highlands,NAP,Northern Appalachians,Rockingham,North East Coast Region,NE,Northcentral and Northeast,LRR R (Excluding MLRA 143),Region_01,Target_Sampled,H0106000310,Portsmouth Harbor-Salisbury Beach,H010600031001,TIDAL,43.06180678,43.06180678,-70.73302785,-70.73302785,Northeastern Forage and Forest Region,R,New England Region,H01,248,"New England and Eastern New York Upland, Southern Part",144A,Piscatagua Region Estuaries Partnership,NEP,NH,NH_NCZ,EMU,EMU,NOAA,NWC_11_NO,NWC_11_NO,OverSamp,NWC16_11_TSN,P36,E2EM,NH,ATL,Atlantic Coast,ALL-EH,ALL-EH,PROB,FWS_ST_2005,New Hampshire,F33015,NH,Target,59,Northeastern Coastal Zone,59f,Gulf of Maine Coastal Lowland,E2EM,E2EM,EH,TIDAL,EMU_E2EM,30.81994,2023028.545,893352.3926
8/24/2020,NWCA11-2176,5607,9/1/2011,1,NWC_NH-10014,EHIGH,Eastern Highlands,NAP,Northern Appalachians,Merrimack,Not Coast,NE,Northcentral and Northeast,LRR R (Excluding MLRA 143),Region_01,Target_Sampled,H0107000305,Blackwater River,H010700030503,INLAND,43.43069561,43.43069561,-71.82252277,-71.82252277,Northeastern Forage and Forest Region,R,New England Region,H01,249,"New England and Eastern New York Upland, Northern Part",144B,Not_NEP,Not_NEP,NH,NH_NAAMH,EMU,EMU,Non-Federal,NWC_11_NO,NWC_11_NO,OverSamp,NWC16_11_TSN,P01,PSS,NH,NCE,North Central East,EMU-PRLW,EMU-PRLW,PROB,FWS_ST_2005,New Hampshire,F33013,NH,Target,58,Northeastern Highlands,58q,Sunapee Uplands,PSS,PSS,PRLW,RIVERINE,EMU_PSS,58985.40235,1927363.89,910515.008
8/24/2020,NWCA11-2177,5608,7/13/2011,1,NWC_NH-10015,EHIGH,Eastern Highlands,NAP,Northern Appalachians,Rockingham,North East Coast Region,NE,Northcentral and Northeast,LRR R (Excluding MLRA 143),Region_01,Target_Sampled,H0106000307,Lamprey River,H010600030704,INLAND,43.04554328,43.04554328,-71.19349076,-71.19349076,Northeastern Forage and Forest Region,R,New England Region,H01,248,"New England and Eastern New York Upland, Southern Part",144A,Piscatagua Region Estuaries Partnership,NEP,NH,NH_NCZ,EMU,EMU,Non-Federal,NWC_11_NO,NWC_11_NO,OverSamp,NWC16_11_TSN,P18,PUBPAB,NH,NCE,North Central East,EMU-PRLH,EMU-PRLH,PROB,FWS_ST_2005,New Hampshire,F33015,NH,Target,59,Northeastern Coastal Zone,59h,Gulf of Maine Coastal Plain,PUBPAB,PEM,PRLH,RIVERINE,EMU_PUBPAB,3427.59238,1987479.131,881882.3686
8/24/2020,NWCA11-2178,4813,8/11/2011,1,NWC_NH-10016,EHIGH,Eastern Highlands,NAP,Northern Appalachians,Strafford,North East Coast Region,NE,Northcentral and Northeast,LRR R (Excluding MLRA 143),Region_01,Target_Sampled,H0106000305,Salmon Falls River,H010600030502,INLAND,43.48258835,43.48258835,-71.00705812,-71.00705812,Northeastern Forage and Forest Region,R,New England Region,H01,249,"New England and Eastern New York Upland, Northern Part",144B,Piscatagua Region Estuaries Partnership,NEP,NH,NH_NAAMH,EMU,EMU,Non-Federal,NWC_11_NO,NWC_11_NO,OverSamp,NWC16_11_TSN,P18,PFO,NH,NCE,North Central East,EMU-PRLW,EMU-PRLW,PROB,FWS_ST_2005,New Hampshire,F33017,NH,Target,58,Northeastern Highlands,58r,Sebago-Ossipee Hills and Plains,PFO,PFO,PRLW,RIVERINE,EMU_PFO,21230.5427,1989384.292,932919.5456
8/24/2020,NWCA11-2179,4501,8/3/2011,1,NWC_NH-10017,EHIGH,Eastern Highlands,NAP,Northern Appalachians,Rockingham,North East Coast Region,NE,Northcentral and Northeast,LRR R (Excluding MLRA 143),Region_01,Target_Sampled,H0106000310,Portsmouth Harbor-Salisbury Beach,H010600031001,TIDAL,43.05291752,43.05291752,-70.76494087,-70.76494087,Northeastern Forage and Forest Region,R,New England Region,H01,248,"New England and Eastern New York Upland, Southern Part",144A,Piscatagua Region Estuaries Partnership,NEP,NH,NH_NCZ,EMU,EMU,Non-Federal,NWC_11_16,NWC_11_16,OverSamp,NWC16_11_TSS,P18,E2EM,NH,ATL,Atlantic Coast,ALL-EH,ALL-EH,PROB,FWS_ST_2005,New Hampshire,F33015,NH,Target,59,Northeastern Coastal Zone,59f,Gulf of Maine Coastal Lowland,E2EM,E2EM,EH,TIDAL,EMU_E2EM,30.81994,2020794.349,891715.3247
8/24/2020,NWCA11-2181,4500,9/13/2011,1,NWC_NH-10019,EHIGH,Eastern Highlands,NAP,Northern Appalachians,Rockingham,North East Coast Region,NE,Northcentral and Northeast,LRR R (Excluding MLRA 143),Region_01,Target_Sampled,H0106000310,Portsmouth Harbor-Salisbury Beach,H010600031001,INLAND,43.0692293,43.0692293,-70.71791109,-70.71791109,Northeastern Forage and Forest Region,R,New England Region,H01,249,"New England and Eastern New York Upland, Northern Part",144B,Piscatagua Region Estuaries Partnership,NEP,NH,NH_NCZ,EMU,EMU,NOAA,NWC_11_NO,NWC_11_NO,OverSamp,NWC16_11_TSN,P36,PEM,NH,NCE,North Central East,EMU-PRLH,EMU-PRLH,PROB,FWS_ST_2005,New Hampshire,F33015,NH,Target,59,Northeastern Coastal Zone,59f,Gulf of Maine Coastal Lowland,PEM,PEM,PRLH,RIVERINE,EMU_PEM,377.96453,2023992.232,894474.2096
8/24/2020,NWCA11-2186,5176,8/17/2011,2,NWC_NJ-10001,PLNLOW,Plains and Lowlands,CPL,Coastal Plains,Atlantic,North East Coast Region,CSTL_PLAIN,Atlantic and Gulf Coastal Plain,LRR T (MLRA 153D),Region_02,Target_Sampled,H0204030204,Great Egg Harbor Bay-Barrier Islands,H020403020403,TIDAL,39.3863373,39.3863373,-74.47658677,-74.47658677,Atlantic and Gulf Coast Lowland Forest and Crop Region,T,Mid Atlantic Region,H02,264,Northern Tidewater Area,153D,Not_NEP,Not_NEP,NJ,NJ,CPL,CPL,Non-Federal,NWC_11_16,NWC_11_16,Revisit,NWC16_11_TSS,P36,E2EM,NJ,ATL,Atlantic Coast,ALL-EH,ALL-EH,PROB,FWS_ST_2005,New Jersey,F34001,NJ,Target,84,Atlantic Coastal Pine Barrens,84c,Barrier Islands/Coastal Marshes,E2EM,E2EM,EH,TIDAL,CPL_E2EM,7628.7723,1821278.569,418554.3099
8/24/2020,NWCA11-2186,5215,7/27/2011,1,NWC_NJ-10001,PLNLOW,Plains and Lowlands,CPL,Coastal Plains,Atlantic,North East Coast Region,CSTL_PLAIN,Atlantic and Gulf Coastal Plain,LRR T (MLRA 153D),Region_02,Target_Sampled,H0204030204,Great Egg Harbor Bay-Barrier Islands,H020403020403,TIDAL,39.3863373,39.3863373,-74.47658677,-74.47658677,Atlantic and Gulf Coast Lowland Forest and Crop Region,T,Mid Atlantic Region,H02,264,Northern Tidewater Area,153D,Not_NEP,Not_NEP,NJ,NJ,CPL,CPL,Non-Federal,NWC_11_16,NWC_11_16,Revisit,NWC16_11_TSS,P36,E2EM,NJ,ATL,Atlantic Coast,ALL-EH,ALL-EH,PROB,FWS_ST_2005,New Jersey,F34001,NJ,Target,84,Atlantic Coastal Pine Barrens,84c,Barrier Islands/Coastal Marshes,E2EM,E2EM,EH,TIDAL,CPL_E2EM,7628.7723,1821278.569,418554.3099
8/24/2020,NWCA11-2188,5175,6/21/2011,1,NWC_NJ-10003,PLNLOW,Plains and Lowlands,CPL,Coastal Plains,Cumberland,North East Coast Region,CSTL_PLAIN,Atlantic and Gulf Coastal Plain,LRR S (MLRA 149A),Region_02,Target_Sampled,H0204020606,Stow Creek-Delaware Bay,H020402060604,INLAND,39.36215216,39.36215216,-75.30492099,-75.30492099,Northern Atlantic Slope Diversified Farming Region,S,Mid Atlantic Region,H02,254,Northern Coastal Plain,149A,Delaware Estuary,NEP,NJ,NJ,CPL,CPL,State,NWC_11_16,NWC_11_16,Base,NWC16_11_TSS,P13,PSS,NJ,ICP,Inland Coastal Plains,CPL-PRLW,CPL-PRLW,PROB,FWS_ST_2005,New Jersey,F34011,NJ,Target,63,Middle Atlantic Coastal Plain,63a,Delaware River Terraces and Uplands,PSS,PFO,PRLW,FLATS,CPL_PSS,11832.95152,1752906.049,400333.5104
8/24/2020,NWCA11-2188,5174,7/20/2011,2,NWC_NJ-10003,PLNLOW,Plains and Lowlands,CPL,Coastal Plains,Cumberland,North East Coast Region,CSTL_PLAIN,Atlantic and Gulf Coastal Plain,LRR S (MLRA 149A),Region_02,Target_Sampled,H0204020606,Stow Creek-Delaware Bay,H020402060604,INLAND,39.36215216,39.36215216,-75.30492099,-75.30492099,Northern Atlantic Slope Diversified Farming Region,S,Mid Atlantic Region,H02,254,Northern Coastal Plain,149A,Delaware Estuary,NEP,NJ,NJ,CPL,CPL,State,NWC_11_16,NWC_11_16,Base,NWC16_11_TSS,P13,PSS,NJ,ICP,Inland Coastal Plains,CPL-PRLW,CPL-PRLW,PROB,FWS_ST_2005,New Jersey,F34011,NJ,Target,63,Middle Atlantic Coastal Plain,63a,Delaware River Terraces and Uplands,PSS,PFO,PRLW,FLATS,CPL_PSS,11832.95152,1752906.049,400333.5104
8/24/2020,NWCA11-2190,5173,6/29/2011,1,NWC_NJ-10005,PLNLOW,Plains and Lowlands,CPL,Coastal Plains,Atlantic,North East Coast Region,CSTL_PLAIN,Atlantic and Gulf Coastal Plain,LRR T (MLRA 153D),Region_02,Target_Sampled,H0204030204,Great Egg Harbor Bay-Barrier Islands,H020403020403,INLAND,39.4595704,39.4595704,-74.43422833,-74.43422833,Atlantic and Gulf Coast Lowland Forest and Crop Region,T,Mid Atlantic Region,H02,264,Northern Tidewater Area,153D,Not_NEP,Not_NEP,NJ,NJ,CPL,CPL,FWS,NWC_11_NO,NWC_11_NO,Base,NWC16_11_TSN,P36,PEM,NJ,ICP,Inland Coastal Plains,CPL-PRLH,CPL-PRLH,PROB,FWS_ST_2005,New Jersey,F34001,NJ,Target,84,Atlantic Coastal Pine Barrens,84c,Barrier Islands/Coastal Marshes,PEM,PEM,PRLH,FLATS,CPL_PEM,3241.65961,1822954.66,427363.8096
8/24/2020,NWCA11-2195,5172,6/15/2011,1,NWC_NJ-10010,PLNLOW,Plains and Lowlands,CPL,Coastal Plains,Monmouth,North East Coast Region,CSTL_PLAIN,Atlantic and Gulf Coastal Plain,LRR S (MLRA 149A),Region_02,Target_Sampled,H0203010404,Raritan Bay-Lower Bay,H020301040402,TIDAL,40.43887063,40.43887063,-74.1026518,-74.1026518,Northern Atlantic Slope Diversified Farming Region,S,Mid Atlantic Region,H02,254,Northern Coastal Plain,149A,New York-New Jersey Harbor,NEP,NJ,NJ,CPL,CPL,Non-Federal,NWC_11_NO,NWC_11_NO,Base,NWC16_11_TSN,P14,E2EM,NJ,ATL,Atlantic Coast,ALL-EH,ALL-EH,PROB,FWS_ST_2005,New Jersey,F34025,NJ,Target,84,Atlantic Coastal Pine Barrens,84c,Barrier Islands/Coastal Marshes,E2EM,E2EM,EH,TIDAL,CPL_E2EM,7628.7723,1825428.635,540600.6648
8/24/2020,NWCA11-2196,5170,8/10/2011,1,NWC_NJ-10011,PLNLOW,Plains and Lowlands,CPL,Coastal Plains,Cape May,North East Coast Region,CSTL_PLAIN,Atlantic and Gulf Coastal Plain,LRR T (MLRA 153D),Region_02,Target_Sampled,H0204030203,Tuckahoe River,H020403020304,TIDAL,39.2908343,39.2908343,-74.70713435,-74.70713435,Atlantic and Gulf Coast Lowland Forest and Crop Region,T,Mid Atlantic Region,H02,264,Northern Tidewater Area,153D,Not_NEP,Not_NEP,NJ,NJ,CPL,CPL,NOAA,NWC_11_NO,NWC_11_NO,Base,NWC16_11_TSN,P36,E2EM,NJ,ATL,Atlantic Coast,ALL-EH,ALL-EH,PROB,FWS_ST_2005,New Jersey,F34009,NJ,Target,84,Atlantic Coastal Pine Barrens,84c,Barrier Islands/Coastal Marshes,E2EM,E2EM,EH,TIDAL,CPL_E2EM,7628.7723,1804477.514,403723.3239
8/24/2020,NWCA11-2197,5169,7/28/2011,1,NWC_NJ-10012,PLNLOW,Plains and Lowlands,CPL,Coastal Plains,Atlantic,North East Coast Region,CSTL_PLAIN,Atlantic and Gulf Coastal Plain,LRR T (MLRA 153D),Region_02,Target_Sampled,H0204030204,Great Egg Harbor Bay-Barrier Islands,H020403020408,TIDAL,39.35160706,39.35160706,-74.54094939,-74.54094939,Atlantic and Gulf Coast Lowland Forest and Crop Region,T,Mid Atlantic Region,H02,264,Northern Tidewater Area,153D,Not_NEP,Not_NEP,NJ,NJ,CPL,CPL,Non-Federal,NWC_11_NO,NWC_11_NO,Base,NWC16_11_TSN,P36,E2EM,NJ,ATL,Atlantic Coast,ALL-EH,ALL-EH,PROB,FWS_ST_2005,New Jersey,F34001,NJ,Target,84,Atlantic Coastal Pine Barrens,84c,Barrier Islands/Coastal Marshes,E2EM,E2EM,EH,TIDAL,CPL_E2EM,7628.7723,1816796.788,413529.1126
8/24/2020,NWCA11-2198,5168,8/31/2011,1,NWC_NJ-10013,PLNLOW,Plains and Lowlands,CPL,Coastal Plains,Ocean,North East Coast Region,CSTL_PLAIN,Atlantic and Gulf Coastal Plain,LRR T (MLRA 153D),Region_02,Target_Sampled,H0204030104,Barnegat Bay,H020403010405,TIDAL,39.85642113,39.85642113,-74.14681089,-74.14681089,Atlantic and Gulf Coast Lowland Forest and Crop Region,T,Mid Atlantic Region,H02,264,Northern Tidewater Area,153D,Barnegat Bay,NEP,NJ,NJ,CPL,CPL,FWS,NWC_11_NO,NWC_11_NO,Base,NWC16_11_TSN,P36,E2EM,NJ,ATL,Atlantic Coast,ALL-EH,ALL-EH,PROB,FWS_ST_2005,New Jersey,F34029,NJ,Target,84,Atlantic Coastal Pine Barrens,84c,Barrier Islands/Coastal Marshes,E2EM,E2EM,EH,TIDAL,CPL_E2EM,7628.7723,1836686.577,476214.7331
8/24/2020,NWCA11-2199,5167,9/14/2011,1,NWC_NJ-10014,PLNLOW,Plains and Lowlands,CPL,Coastal Plains,Monmouth,North East Coast Region,CSTL_PLAIN,Atlantic and Gulf Coastal Plain,LRR S (MLRA 149A),Region_02,Target_Sampled,H0203010404,Raritan Bay-Lower Bay,H020301040402,TIDAL,40.43013205,40.43013205,-73.99095193,-73.99095193,Northern Atlantic Slope Diversified Farming Region,S,Mid Atlantic Region,H02,254,Northern Coastal Plain,149A,New York-New Jersey Harbor,NEP,NJ,NJ,CPL,CPL,NOAA,NWC_11_NO,NWC_11_NO,Base,NWC16_11_TSN,P36,E2SS,NJ,ATL,Atlantic Coast,ALL-EH,ALL-EH,PROB,FWS_ST_2005,New Jersey,F34025,NJ,Target,84,Atlantic Coastal Pine Barrens,84c,Barrier Islands/Coastal Marshes,E2SS,E2EM,EH,TIDAL,CPL_E2SS,44.91971,1834798.313,541798.8491
8/24/2020,NWCA11-2203,5166,8/3/2011,1,NWC_NJ-10018,PLNLOW,Plains and Lowlands,CPL,Coastal Plains,Ocean,North East Coast Region,CSTL_PLAIN,Atlantic and Gulf Coastal Plain,LRR T (MLRA 153D),Region_02,Target_Sampled,H0204030107,Manahawkin Bay-Little Egg Harbor,H020403010704,TIDAL,39.55922116,39.55922116,-74.30403876,-74.30403876,Atlantic and Gulf Coast Lowland Forest and Crop Region,T,Mid Atlantic Region,H02,264,Northern Tidewater Area,153D,Barnegat Bay,NEP,NJ,NJ,CPL,CPL,FWS,NWC_11_NO,NWC_11_NO,Base,NWC16_11_TSN,P36,E2EM,NJ,ATL,Atlantic Coast,ALL-EH,ALL-EH,PROB,FWS_ST_2005,New Jersey,F34029,NJ,Target,84,Atlantic Coastal Pine Barrens,84c,Barrier Islands/Coastal Marshes,E2EM,E2EM,EH,TIDAL,CPL_E2EM,7628.7723,1831240.825,440746.5026
8/24/2020,NWCA11-2204,5165,8/11/2011,1,NWC_NJ-10019,PLNLOW,Plains and Lowlands,CPL,Coastal Plains,Atlantic,North East Coast Region,CSTL_PLAIN,Atlantic and Gulf Coastal Plain,LRR T (MLRA 153D),Region_02,Target_Sampled,H0204030202,Lower Great Egg Harbor River,H020403020205,TIDAL,39.30816896,39.30816896,-74.72408222,-74.72408222,Atlantic and Gulf Coast Lowland Forest and Crop Region,T,Mid Atlantic Region,H02,264,Northern Tidewater Area,153D,Not_NEP,Not_NEP,NJ,NJ,CPL,CPL,State,NWC_11_NO,NWC_11_NO,Base,NWC16_11_TSN,P36,E2EM,NJ,ATL,Atlantic Coast,ALL-EH,ALL-EH,PROB,FWS_ST_2005,New Jersey,F34001,NJ,Target,84,Atlantic Coastal Pine Barrens,84c,Barrier Islands/Coastal Marshes,E2EM,E2EM,EH,TIDAL,CPL_E2EM,7628.7723,1802634.017,405295.9497
8/24/2020,NWCA11-2205,5164,8/18/2011,1,NWC_NJ-10020,PLNLOW,Plains and Lowlands,CPL,Coastal Plains,Atlantic,North East Coast Region,CSTL_PLAIN,Atlantic and Gulf Coastal Plain,LRR T (MLRA 153D),Region_02,Target_Sampled,H0204030204,Great Egg Harbor Bay-Barrier Islands,H020403020408,TIDAL,39.34671067,39.34671067,-74.49078096,-74.49078096,Atlantic and Gulf Coast Lowland Forest and Crop Region,T,Mid Atlantic Region,H02,264,Northern Tidewater Area,153D,Not_NEP,Not_NEP,NJ,NJ,CPL,CPL,Non-Federal,NWC_11_NO,NWC_11_NO,OverSamp,NWC16_11_TSN,P36,E2SS,NJ,ATL,Atlantic Coast,ALL-EH,ALL-EH,PROB,FWS_ST_2005,New Jersey,F34001,NJ,Target,84,Atlantic Coastal Pine Barrens,84c,Barrier Islands/Coastal Marshes,E2SS,E2EM,EH,TIDAL,CPL_E2SS,44.91971,1821094.674,413954.5474
8/24/2020,NWCA11-2207,5163,9/28/2011,1,NWC_NJ-10022,PLNLOW,Plains and Lowlands,CPL,Coastal Plains,Monmouth,North East Coast Region,CSTL_PLAIN,Atlantic and Gulf Coastal Plain,LRR S (MLRA 149A),Region_02,Target_Sampled,H0203010404,Raritan Bay-Lower Bay,H020301040402,TIDAL,40.43227043,40.43227043,-73.99172257,-73.99172257,Northern Atlantic Slope Diversified Farming Region,S,Mid Atlantic Region,H02,254,Northern Coastal Plain,149A,New York-New Jersey Harbor,NEP,NJ,NJ,CPL,CPL,NPS,NWC_11_NO,NWC_11_NO,OverSamp,NWC16_11_TSN,P36,E2SS,NJ,ATL,Atlantic Coast,ALL-EH,ALL-EH,PROB,FWS_ST_2005,New Jersey,F34025,NJ,Target,84,Atlantic Coastal Pine Barrens,84c,Barrier Islands/Coastal Marshes,E2SS,E2EM,EH,TIDAL,CPL_E2SS,44.91971,1834680.241,542017.1168
8/24/2020,NWCA11-2215,5162,9/26/2011,1,NWC_NJ-10030,PLNLOW,Plains and Lowlands,CPL,Coastal Plains,Monmouth,North East Coast Region,CSTL_PLAIN,Atlantic and Gulf Coastal Plain,LRR S (MLRA 149A),Region_02,Target_Sampled,H0203010404,Raritan Bay-Lower Bay,H020301040402,TIDAL,40.43152435,40.43152435,-73.99267738,-73.99267738,Northern Atlantic Slope Diversified Farming Region,S,Mid Atlantic Region,H02,254,Northern Coastal Plain,149A,New York-New Jersey Harbor,NEP,NJ,NJ,CPL,CPL,NPS,NWC_11_NO,NWC_11_NO,OverSamp,NWC16_11_TSN,P36,E2SS,NJ,ATL,Atlantic Coast,ALL-EH,ALL-EH,PROB,FWS_ST_2005,New Jersey,F34025,NJ,Target,84,Atlantic Coastal Pine Barrens,84c,Barrier Islands/Coastal Marshes,E2SS,E2EM,EH,TIDAL,CPL_E2SS,44.91971,1834621.255,541917.3392
8/24/2020,NWCA11-2220,5161,8/9/2011,1,NWC_NJ-10035,PLNLOW,Plains and Lowlands,CPL,Coastal Plains,Atlantic,North East Coast Region,CSTL_PLAIN,Atlantic and Gulf Coastal Plain,LRR T (MLRA 153D),Region_02,Target_Sampled,H0204030203,Tuckahoe River,H020403020304,TIDAL,39.29979086,39.29979086,-74.70599592,-74.70599592,Atlantic and Gulf Coast Lowland Forest and Crop Region,T,Mid Atlantic Region,H02,264,Northern Tidewater Area,153D,Not_NEP,Not_NEP,NJ,NJ,CPL,CPL,State,NWC_11_NO,NWC_11_NO,OverSamp,NWC16_11_TSN,P36,E2EM,NJ,ATL,Atlantic Coast,ALL-EH,ALL-EH,PROB,FWS_ST_2005,New Jersey,F34001,NJ,Target,84,Atlantic Coastal Pine Barrens,84c,Barrier Islands/Coastal Marshes,E2EM,E2EM,EH,TIDAL,CPL_E2EM,7628.7723,1804349.325,404723.6579
8/24/2020,NWCA11-2222,5160,8/2/2011,1,NWC_NJ-10037,PLNLOW,Plains and Lowlands,CPL,Coastal Plains,Ocean,North East Coast Region,CSTL_PLAIN,Atlantic and Gulf Coastal Plain,LRR T (MLRA 153D),Region_02,Target_Sampled,H0204030107,Manahawkin Bay-Little Egg Harbor,H020403010705,TIDAL,39.50874337,39.50874337,-74.32292187,-74.32292187,Atlantic and Gulf Coast Lowland Forest and Crop Region,T,Mid Atlantic Region,H02,264,Northern Tidewater Area,153D,Not_NEP,Not_NEP,NJ,NJ,CPL,CPL,State,NWC_11_NO,NWC_11_NO,OverSamp,NWC16_11_TSN,P36,E2EM,NJ,ATL,Atlantic Coast,ALL-EH,ALL-EH,PROB,FWS_ST_2005,New Jersey,F34029,NJ,Target,84,Atlantic Coastal Pine Barrens,84c,Barrier Islands/Coastal Marshes,E2EM,E2EM,EH,TIDAL,CPL_E2EM,7628.7723,1830953.939,434872.3865
8/24/2020,NWCA11-2223,5231,8/22/2011,1,NWC_NJ-10038,PLNLOW,Plains and Lowlands,CPL,Coastal Plains,Cumberland,North East Coast Region,CSTL_PLAIN,Atlantic and Gulf Coastal Plain,LRR S (MLRA 149A),Region_02,Target_Sampled,H0204020606,Stow Creek-Delaware Bay,H020402060603,INLAND,39.38730016,39.38730016,-75.38028638,-75.38028638,Northern Atlantic Slope Diversified Farming Region,S,Mid Atlantic Region,H02,254,Northern Coastal Plain,149A,Delaware Estuary,NEP,NJ,NJ,CPL,CPL,Non-Federal,NWC_11_NO,NWC_11_NO,OverSamp,NWC16_11_TSN,P13,E2EM,NJ,ICP,Inland Coastal Plains,CPL-PRLW,CPL-PRLW,PROB,FWS_ST_2005,New Jersey,F34011,NJ,Target,63,Middle Atlantic Coastal Plain,63a,Delaware River Terraces and Uplands,E2EM,PFO,PRLW,SLOPE,CPL_E2EM,7628.7723,1746016.423,401698.2053
8/24/2020,NWCA11-2225,3488,8/1/2011,2,NWC_NM-10001,WMTNS,West,WMT,Western Mountains,Colfax,Not Coast,W_MTNS,"Western Mountains, Valleys, and Coast",LRR E,Region_06,Target_Sampled,H1108000101,Chicorica Creek,H110800010104,INLAND,36.97539328,36.97539328,-104.4780449,-104.4780449,Rocky Mountain Range and Forest Region,E,Arkansas-White-Red Region,H11,67,Southern Rocky Mountain Foothills,49,Not_NEP,Not_NEP,NM,NM,W,WMT,Non-Federal,NWC_11_16,NWC_11_16,Revisit,NWC16_11_TSS,P29,PUBPAB,NM,WVM,Western Valleys & Mountains,W-PRLH,WMT-PRLH,PROB,FWS_ST_2005,New Mexico,F35007,NM,Target,21,Southern Rockies,21f,Sedimentary Mid-Elevation Forests,PUBPAB,PUBPAB,PRLH,DPRSS,WMT_PUBPAB,1430.73275,-746683.8615,-25458.7723
8/24/2020,NWCA11-2225,3487,7/12/2011,1,NWC_NM-10001,WMTNS,West,WMT,Western Mountains,Colfax,Not Coast,W_MTNS,"Western Mountains, Valleys, and Coast",LRR E,Region_06,Target_Sampled,H1108000101,Chicorica Creek,H110800010104,INLAND,36.97539328,36.97539328,-104.4780449,-104.4780449,Rocky Mountain Range and Forest Region,E,Arkansas-White-Red Region,H11,67,Southern Rocky Mountain Foothills,49,Not_NEP,Not_NEP,NM,NM,W,WMT,Non-Federal,NWC_11_16,NWC_11_16,Revisit,NWC16_11_TSS,P29,PUBPAB,NM,WVM,Western Valleys & Mountains,W-PRLH,WMT-PRLH,PROB,FWS_ST_2005,New Mexico,F35007,NM,Target,21,Southern Rockies,21f,Sedimentary Mid-Elevation Forests,PUBPAB,PUBPAB,PRLH,DPRSS,WMT_PUBPAB,1430.73275,-746683.8615,-25458.7723
8/24/2020,NWCA11-2227,3872,8/3/2011,2,NWC_NM-10003,WMTNS,West,XER,Xeric,San Juan,Not Coast,ARID_W,Arid West,LRR D,Region_06,Target_Sampled,H1408010503,Barker Arroyo-La Plata River,H140801050302,INLAND,36.86996583,36.86996583,-108.1910546,-108.1910546,Western Range and Irrigated Region,D,Upper Colorado Region,H14,45,Colorado Plateau,35,Not_NEP,Not_NEP,NM,NM,W,XER,BLM,NWC_11_16,NWC_11_16,Base,NWC16_11_TSS,P08,PFO,NM,ARW,Arid West,W-PRLW,XER-PRLW,PROB,FWS_ST_2005,New Mexico,F35045,NM,Target,20,Colorado Plateaus,20c,Semiarid Benchlands and Canyonlands,PFO,PFO,PRLW,RIVERINE,XER_PFO,1854.9722,-1073688.843,-1637.7533
8/24/2020,NWCA11-2227,3870,7/21/2011,1,NWC_NM-10003,WMTNS,West,XER,Xeric,San Juan,Not Coast,ARID_W,Arid West,LRR D,Region_06,Target_Sampled,H1408010503,Barker Arroyo-La Plata River,H140801050302,INLAND,36.86996583,36.86996583,-108.1910546,-108.1910546,Western Range and Irrigated Region,D,Upper Colorado Region,H14,45,Colorado Plateau,35,Not_NEP,Not_NEP,NM,NM,W,XER,BLM,NWC_11_16,NWC_11_16,Base,NWC16_11_TSS,P08,PFO,NM,ARW,Arid West,W-PRLW,XER-PRLW,PROB,FWS_ST_2005,New Mexico,F35045,NM,Target,20,Colorado Plateaus,20c,Semiarid Benchlands and Canyonlands,PFO,PFO,PRLW,RIVERINE,XER_PFO,1854.9722,-1073688.843,-1637.7533
8/24/2020,NWCA11-2229,3712,7/13/2011,1,NWC_NM-10005,WMTNS,West,WMT,Western Mountains,Colfax,Not Coast,W_MTNS,"Western Mountains, Valleys, and Coast",LRR E,Region_06,Target_Sampled,H1108000101,Chicorica Creek,H110800010104,INLAND,36.9787856,36.9787856,-104.4799781,-104.4799781,Rocky Mountain Range and Forest Region,E,Arkansas-White-Red Region,H11,67,Southern Rocky Mountain Foothills,49,Not_NEP,Not_NEP,NM,NM,W,WMT,Non-Federal,NWC_11_16,NWC_11_16,Base,NWC16_11_TSS,P29,PUBPAB,NM,WVM,Western Valleys & Mountains,W-PRLH,WMT-PRLH,PROB,FWS_ST_2005,New Mexico,F35007,NM,Target,21,Southern Rockies,21f,Sedimentary Mid-Elevation Forests,PUBPAB,PEM,PRLH,DPRSS,WMT_PUBPAB,1430.73275,-746819.794,-25064.99175
8/24/2020,NWCA11-2232,3492,7/28/2011,1,NWC_NM-10008,PLNLOW,Plains and Lowlands,SPL,Southern Plains,Lea,Not Coast,GT_PLAINS,Great Plains,"LRR H (Excluding MLRA 72, 73)",Region_06,Target_Sampled,H1307000701,Monument Springs-Monument Draw,H130700070105,INLAND,32.69392811,32.69392811,-103.4574409,-103.4574409,Central Great Plains Winter Wheat and Range Region,H,Rio Grande-Texas-Gulf Region,H12_H13,114,"Southern High Plains, Southwestern Part",77D,Not_NEP,Not_NEP,NM,NM,IPL,IPL,Non-Federal,NWC_11_NO,NWC_11_NO,Base,NWC16_11_TSN,P16,PEM,NM,GPL,Great Plains,IPL-PRLH,IPL-PRLH,PROB,FWS_ST_2005,New Mexico,F35025,NM,Target,25,High Plains,25k,Arid Llano Estacado,PEM,PEM,PRLH,DPRSS,IPL_PEM,18623.93134,-694531.9681,-510377.7962
8/24/2020,NWCA11-2238,3494,7/19/2011,1,NWC_NM-10014,WMTNS,West,XER,Xeric,Rio Arriba,Not Coast,ARID_W,Arid West,LRR D,Region_06,Target_Sampled,H1408010306,Outlet Canon Largo,H140801030605,INLAND,36.36929208,36.36929208,-107.4661037,-107.4661037,Western Range and Irrigated Region,D,Upper Colorado Region,H14,46,"Southwestern Plateaus, Mesas, and Foothills",36,Not_NEP,Not_NEP,NM,NM,W,XER,BLM,NWC_11_16,NWC_11_16,OverSamp,NWC16_11_TSS,P08,PEM,NM,ARW,Arid West,W-PRLW,XER-PRLW,PROB,FWS_ST_2005,New Mexico,F35039,NM,Target,22,Arizona/New Mexico Plateau,22n,Near-Rockies Valleys and Mesas,PEM,PSS,PRLW,RIVERINE,XER_PEM,22551.32872,-1016912.018,-65267.37459
8/24/2020,NWCA11-2241,3496,7/19/2011,1,NWC_NM-10017,WMTNS,West,XER,Xeric,Rio Arriba,Not Coast,ARID_W,Arid West,LRR D,Region_06,Target_Sampled,H1408010306,Outlet Canon Largo,H140801030605,INLAND,36.37416175,36.37416175,-107.4686619,-107.4686619,Western Range and Irrigated Region,D,Upper Colorado Region,H14,46,"Southwestern Plateaus, Mesas, and Foothills",36,Not_NEP,Not_NEP,NM,NM,W,XER,BLM,NWC_11_NO,NWC_11_NO,OverSamp,NWC16_11_TSN,P08,PSS,NM,ARW,Arid West,W-PRLW,XER-PRLW,PROB,FWS_ST_2005,New Mexico,F35039,NM,Target,22,Arizona/New Mexico Plateau,22n,Near-Rockies Valleys and Mesas,PSS,PSS,PRLW,RIVERINE,XER_PSS,13214.8031,-1017072.132,-64698.50692
8/24/2020,NWCA11-2243,5609,8/2/2011,1,NWC_NV-10001,WMTNS,West,WMT,Western Mountains,Washoe,Not Coast,W_MTNS,"Western Mountains, Valleys, and Coast","LRR D (MLRA 22A, 22B, 39)",Region_09,Target_Sampled,H1605010101,Third Creek-Frontal Lake Tahoe,H160501010102,INLAND,39.27086052,39.27086052,-119.9440338,-119.9440338,Western Range and Irrigated Region,D,Great Basin Region,H16,28,Sierra Nevada Mountains,22A,Not_NEP,Not_NEP,NV,NV,W,WMT,Non-Federal,NWC_11_16,NWC_11_16,Revisit,NWC16_11_TSS,P05,PSS,NV,WVM,Western Valleys & Mountains,W-PRLW,WMT-PRLW,PROB,FWS_ST_2005,Nevada,F32031,NV,Target,5,Sierra Nevada,5f,Northeastern Sierra Mixed Conifer-Pine Forests,PSS,PSS,PRLW,RIVERINE,WMT_PSS,3474.91211,-2025207.42,454970.0063
8/24/2020,NWCA11-2243,5655,8/12/2011,2,NWC_NV-10001,WMTNS,West,WMT,Western Mountains,Washoe,Not Coast,W_MTNS,"Western Mountains, Valleys, and Coast","LRR D (MLRA 22A, 22B, 39)",Region_09,Target_Sampled,H1605010101,Third Creek-Frontal Lake Tahoe,H160501010102,INLAND,39.27086052,39.27086052,-119.9440338,-119.9440338,Western Range and Irrigated Region,D,Great Basin Region,H16,28,Sierra Nevada Mountains,22A,Not_NEP,Not_NEP,NV,NV,W,WMT,Non-Federal,NWC_11_16,NWC_11_16,Revisit,NWC16_11_TSS,P05,PSS,NV,WVM,Western Valleys & Mountains,W-PRLW,WMT-PRLW,PROB,FWS_ST_2005,Nevada,F32031,NV,Target,5,Sierra Nevada,5f,Northeastern Sierra Mixed Conifer-Pine Forests,PSS,PSS,PRLW,RIVERINE,WMT_PSS,3474.91211,-2025207.42,454970.0063
8/24/2020,NWCA11-2245,5610,8/3/2011,1,NWC_NV-10003,WMTNS,West,XER,Xeric,Churchill,Not Coast,ARID_W,Arid West,LRR D,Region_09,Target_Sampled,H1604010811,City of Lovelock-Humboldt River,H160401081100,INLAND,39.99800087,39.99800087,-118.5505032,-118.5505032,Western Range and Irrigated Region,D,Great Basin Region,H16,34,Fallon-Lovelock Area,27,Not_NEP,Not_NEP,NV,NV,W,XER,Non-Federal,NWC_11_16,NWC_11_16,Base,NWC16_11_TSS,P03,PEM,NV,ARW,Arid West,W-PRLW,XER-PRLW,PROB,FWS_ST_2005,Nevada,F32001,NV,Target,13,Central Basin and Range,13j,Lahontan Salt Shrub Basin,PEM,PSS,PRLW,FLATS,XER_PEM,356732.1112,-1890477.663,505322.1918
8/24/2020,NWCA11-2245,5656,8/12/2011,2,NWC_NV-10003,WMTNS,West,XER,Xeric,Churchill,Not Coast,ARID_W,Arid West,LRR D,Region_09,Target_Sampled,H1604010811,City of Lovelock-Humboldt River,H160401081100,INLAND,39.99800087,39.99800087,-118.5505032,-118.5505032,Western Range and Irrigated Region,D,Great Basin Region,H16,34,Fallon-Lovelock Area,27,Not_NEP,Not_NEP,NV,NV,W,XER,Non-Federal,NWC_11_16,NWC_11_16,Base,NWC16_11_TSS,P03,PEM,NV,ARW,Arid West,W-PRLW,XER-PRLW,PROB,FWS_ST_2005,Nevada,F32001,NV,Target,13,Central Basin and Range,13j,Lahontan Salt Shrub Basin,PEM,PSS,PRLW,FLATS,XER_PEM,356732.1112,-1890477.663,505322.1918
8/24/2020,NWCA11-2246,5611,8/6/2011,1,NWC_NV-10004,WMTNS,West,XER,Xeric,Washoe,Not Coast,ARID_W,Arid West,LRR D,Region_09,Target_Sampled,H1605010205,City of Reno-Truckee River,H160501020508,INLAND,39.49861763,39.49861763,-119.7447463,-119.7447463,Western Range and Irrigated Region,D,Great Basin Region,H16,33,Carson Basin and Mountains,26,Not_NEP,Not_NEP,NV,NV,W,XER,City,NWC_11_NO,NWC_11_NO,Base,NWC16_11_TSN,P03,PEM,NV,ARW,Arid West,W-PRLH,XER-PRLH,PROB,FWS_ST_2005,Nevada,F32031,NV,Target,13,Central Basin and Range,13aa,Sierra Nevada-Influenced Semiarid Hills and Basins,PEM,PEM,PRLH,RIVERINE,XER_PEM,356732.1112,-2002393.716,475473.1315
8/24/2020,NWCA11-2247,5612,8/4/2011,1,NWC_NV-10005,WMTNS,West,WMT,Western Mountains,Washoe,Not Coast,W_MTNS,"Western Mountains, Valleys, and Coast","LRR D (MLRA 22A, 22B, 39)",Region_09,Target_Sampled,H1605010203,Steamboat Creek,H160501020304,INLAND,39.32566993,39.32566993,-119.8803442,-119.8803442,Western Range and Irrigated Region,D,Great Basin Region,H16,28,Sierra Nevada Mountains,22A,Not_NEP,Not_NEP,NV,NV,W,WMT,USFS,NWC_11_16,NWC_11_16,Base,NWC16_11_TSS,P05,PSS,NV,WVM,Western Valleys & Mountains,W-PRLW,WMT-PRLW,PROB,FWS_ST_2005,Nevada,F32031,NV,Target,5,Sierra Nevada,5c,Northern Sierra Upper Montane Forests,PSS,PSS,PRLW,RIVERINE,WMT_PSS,3474.91211,-2018407.127,459564.3811
8/24/2020,NWCA11-2248,5624,8/7/2011,1,NWC_NV-10006,WMTNS,West,XER,Xeric,Churchill,Not Coast,ARID_W,Arid West,LRR D,Region_09,Target_Sampled,H1604010811,City of Lovelock-Humboldt River,H160401081100,INLAND,39.98760196,39.98760196,-118.5600374,-118.5600374,Western Range and Irrigated Region,D,Great Basin Region,H16,34,Fallon-Lovelock Area,27,Not_NEP,Not_NEP,NV,NV,W,XER,Non-Federal,NWC_11_NO,NWC_11_NO,Base,NWC16_11_TSN,P03,PEM,NV,ARW,Arid West,W-PRLW,XER-PRLW,PROB,FWS_ST_2005,Nevada,F32001,NV,Target,13,Central Basin and Range,13j,Lahontan Salt Shrub Basin,PEM,PSS,PRLW,FLATS,XER_PEM,356732.1112,-1891535.887,504379.4044
8/24/2020,NWCA11-2249,5625,8/9/2011,1,NWC_NV-10007,WMTNS,West,XER,Xeric,Churchill,Not Coast,ARID_W,Arid West,LRR D,Region_09,Target_Sampled,H1604010811,City of Lovelock-Humboldt River,H160401081100,INLAND,39.98974355,39.98974355,-118.5794807,-118.5794807,Western Range and Irrigated Region,D,Great Basin Region,H16,34,Fallon-Lovelock Area,27,Not_NEP,Not_NEP,NV,NV,W,XER,BOR,NWC_11_NO,NWC_11_NO,Base,NWC16_11_TSN,P03,PSS,NV,ARW,Arid West,W-PRLW,XER-PRLW,PROB,FWS_ST_2005,Nevada,F32001,NV,Target,13,Central Basin and Range,13g,Wetlands,PSS,PSS,PRLW,FLATS,XER_PSS,98915.57344,-1893078.847,504999.7852
8/24/2020,NWCA11-2251,5626,8/5/2011,1,NWC_NV-10009,WMTNS,West,WMT,Western Mountains,Washoe,Not Coast,W_MTNS,"Western Mountains, Valleys, and Coast","LRR D (MLRA 22A, 22B, 39)",Region_09,Target_Sampled,H1605010203,Steamboat Creek,H160501020304,INLAND,39.32850208,39.32850208,-119.8544099,-119.8544099,Western Range and Irrigated Region,D,Great Basin Region,H16,28,Sierra Nevada Mountains,22A,Not_NEP,Not_NEP,NV,NV,W,WMT,USFS,NWC_11_16,NWC_11_16,Base,NWC16_11_TSS,P05,PFO,NV,WVM,Western Valleys & Mountains,W-PRLH,WMT-PRLH,PROB,FWS_ST_2005,Nevada,F32031,NV,Target,5,Sierra Nevada,5f,Northeastern Sierra Mixed Conifer-Pine Forests,PFO,PEM,PRLH,RIVERINE,WMT_PFO,835.13656,-2016182.531,459321.3204
8/24/2020,NWCA11-2252,5627,8/8/2011,1,NWC_NV-10010,WMTNS,West,XER,Xeric,Churchill,Not Coast,ARID_W,Arid West,LRR D,Region_09,Target_Sampled,H1604010811,City of Lovelock-Humboldt River,H160401081100,INLAND,39.98778885,39.98778885,-118.5683756,-118.5683756,Western Range and Irrigated Region,D,Great Basin Region,H16,34,Fallon-Lovelock Area,27,Not_NEP,Not_NEP,NV,NV,W,XER,BLM,NWC_11_NO,NWC_11_NO,OverSamp,NWC16_11_TSN,P03,PEM,NV,ARW,Arid West,W-PRLW,XER-PRLW,PROB,FWS_ST_2005,Nevada,F32001,NV,Target,13,Central Basin and Range,13j,Lahontan Salt Shrub Basin,PEM,PSS,PRLW,FLATS,XER_PEM,356732.1112,-1892216.886,504565.751
8/24/2020,NWCA11-2253,5628,8/10/2011,1,NWC_NV-10011,WMTNS,West,XER,Xeric,Churchill,Not Coast,ARID_W,Arid West,LRR D,Region_09,Target_Sampled,H1604010811,City of Lovelock-Humboldt River,H160401081100,INLAND,39.99012904,39.99012904,-118.5770213,-118.5770213,Western Range and Irrigated Region,D,Great Basin Region,H16,34,Fallon-Lovelock Area,27,Not_NEP,Not_NEP,NV,NV,W,XER,BOR,NWC_11_NO,NWC_11_NO,OverSamp,NWC16_11_TSN,P03,PSS,NV,ARW,Arid West,W-PRLW,XER-PRLW,PROB,FWS_ST_2005,Nevada,F32001,NV,Target,13,Central Basin and Range,13g,Wetlands,PSS,PSS,PRLW,FLATS,XER_PSS,98915.57344,-1892866.375,504992.7751
8/24/2020,NWCA11-2262,4465,9/22/2011,1,NWC_NY-10002,PLNLOW,Plains and Lowlands,CPL,Coastal Plains,Nassau,North East Coast Region,NE,Northcentral and Northeast,LRR S (MLRA 149B),Region_02,Target_Sampled,H0203020202,South Oyster Bay-Jones Inlet,H020302020202,TIDAL,40.63260215,40.63260215,-73.47579134,-73.47579134,Northern Atlantic Slope Diversified Farming Region,S,Mid Atlantic Region,H02,255,Long Island-Cape Cod Coastal Lowland,149B,Not_NEP,Not_NEP,NY,NY_ACPB,CPL,CPL,Non-Federal,NWC_11_NO,NWC_11_NO,Revisit,NWC16_11_TSN,P36,E2EM,NY,ATL,Atlantic Coast,ALL-EH,ALL-EH,PROB,FWS_ST_2005,New York,F36059,NY,Target,84,Atlantic Coastal Pine Barrens,84c,Barrier Islands/Coastal Marshes,E2EM,E2EM,EH,TIDAL,CPL_E2EM,13493.85644,1871622.154,573904.443
8/24/2020,NWCA11-2264,4369,8/4/2011,1,NWC_NY-10004,EHIGH,Eastern Highlands,NAP,Northern Appalachians,St. Lawrence,Great Lakes Region,NE,Northcentral and Northeast,LRR R (Excluding MLRA 143),Region_02,Target_Sampled,H0415030405,Lower Grass River,H041503040502,INLAND,44.8902448,44.8902448,-74.99987549,-74.99987549,Northeastern Forage and Forest Region,R,Great Lakes Region,H04,246,St. Lawrence-Champlain Plain,142,Not_NEP,Not_NEP,NY,NY_GLHL,EMU,EMU,Non-Federal,NWC_11_NO,NWC_11_NO,Base,NWC16_11_TSN,P21,PF,NY,NCE,North Central East,EMU-PRLW,EMU-PRLW,PROB,FWS_ST_2005,New York,F36089,NY,Target,83,Eastern Great Lakes Lowlands,83d,St. Lawrence Lowlands,PF,PFO,PRLW,FLATS,EMU_PF,2566.3682,1642868.805,1008979.668
8/24/2020,NWCA11-2265,4371,9/30/2011,2,NWC_NY-10005,PLNLOW,Plains and Lowlands,CPL,Coastal Plains,Suffolk,North East Coast Region,NE,Northcentral and Northeast,LRR S (MLRA 149B),Region_02,Target_Sampled,H0203020203,Carmans River-Great South Bay,H020302020302,TIDAL,40.76595871,40.76595871,-72.88414359,-72.88414359,Northern Atlantic Slope Diversified Farming Region,S,Mid Atlantic Region,H02,255,Long Island-Cape Cod Coastal Lowland,149B,Not_NEP,Not_NEP,NY,NY_ACPB,CPL,CPL,FWS,NWC_11_16,NWC_11_16,Base,NWC16_11_TSS,P36,E2EM,NY,ATL,Atlantic Coast,ALL-EH,ALL-EH,PROB,FWS_ST_2005,New York,F36103,NY,Target,84,Atlantic Coastal Pine Barrens,84c,Barrier Islands/Coastal Marshes,E2EM,E2EM,EH,TIDAL,CPL_E2EM,13493.85644,1916226.508,600202.8952
8/24/2020,NWCA11-2265,4370,9/20/2011,1,NWC_NY-10005,PLNLOW,Plains and Lowlands,CPL,Coastal Plains,Suffolk,North East Coast Region,NE,Northcentral and Northeast,LRR S (MLRA 149B),Region_02,Target_Sampled,H0203020203,Carmans River-Great South Bay,H020302020302,TIDAL,40.76595871,40.76595871,-72.88414359,-72.88414359,Northern Atlantic Slope Diversified Farming Region,S,Mid Atlantic Region,H02,255,Long Island-Cape Cod Coastal Lowland,149B,Not_NEP,Not_NEP,NY,NY_ACPB,CPL,CPL,FWS,NWC_11_16,NWC_11_16,Base,NWC16_11_TSS,P36,E2EM,NY,ATL,Atlantic Coast,ALL-EH,ALL-EH,PROB,FWS_ST_2005,New York,F36103,NY,Target,84,Atlantic Coastal Pine Barrens,84c,Barrier Islands/Coastal Marshes,E2EM,E2EM,EH,TIDAL,CPL_E2EM,13493.85644,1916226.508,600202.8952
8/24/2020,NWCA11-2267,4372,7/30/2011,1,NWC_NY-10007,EHIGH,Eastern Highlands,NAP,Northern Appalachians,Lewis,Great Lakes Region,NE,Northcentral and Northeast,LRR R (Excluding MLRA 143),Region_02,Target_Sampled,H0415010109,Mill Creek-Black River,H041501010902,INLAND,43.77856756,43.77856756,-75.44644128,-75.44644128,Northeastern Forage and Forest Region,R,Great Lakes Region,H04,246,St. Lawrence-Champlain Plain,142,Not_NEP,Not_NEP,NY,NY_GLHL,EMU,EMU,Non-Federal,NWC_11_16,NWC_11_16,Base,NWC16_11_TSS,P02,PF,NY,NCE,North Central East,EMU-PRLH,EMU-PRLH,PROB,FWS_ST_2005,New York,F36049,NY,Target,83,Eastern Great Lakes Lowlands,83e,Upper St. Lawrence Valley,PF,PF,PRLH,FLATS,EMU_PF,7259.94609,1635070.948,880341.8903
8/24/2020,NWCA11-2268,4373,8/19/2011,1,NWC_NY-10008,EHIGH,Eastern Highlands,NAP,Northern Appalachians,Oswego,Great Lakes Region,NE,Northcentral and Northeast,LRR L,Region_02,Target_Sampled,H0414010204,Little Sandy Creek-Frontal Lake Ontario,H041401020405,INLAND,43.60753468,43.60753468,-76.13258105,-76.13258105,"Lake State Fruit, Truck Crop, and Dairy Region",L,Great Lakes Region,H04,172,Ontario-Erie Plain and Finger Lakes Region,101,Not_NEP,Not_NEP,NY,NY_GLHL,EMU,EMU,Non-Federal,NWC_11_NO,NWC_11_NO,Base,NWC16_11_TSN,P21,PEM,NY,NCE,North Central East,EMU-PRLW,EMU-PRLW,PROB,FWS_ST_2005,New York,F36075,NY,Target,83,Eastern Great Lakes Lowlands,83c,Ontario Lowlands,PEM,PSS,PRLW,FRINGE,EMU_PEM,67429.79559,1585259.585,850062.2932
8/24/2020,NWCA11-2269,4475,9/29/2011,2,NWC_NY-10009,PLNLOW,Plains and Lowlands,CPL,Coastal Plains,Suffolk,North East Coast Region,NE,Northcentral and Northeast,LRR S (MLRA 149B),Region_02,Target_Sampled,H0203020206,Shinnecock Bay-Atlantic Ocean,H020302020602,TIDAL,40.80414415,40.80414415,-72.70037024,-72.70037024,Northern Atlantic Slope Diversified Farming Region,S,Mid Atlantic Region,H02,255,Long Island-Cape Cod Coastal Lowland,149B,Not_NEP,Not_NEP,NY,NY_ACPB,CPL,CPL,Non-Federal,NWC_11_16,NWC_11_16,Base,NWC16_11_TSS,P36,E2EM,NY,ATL,Atlantic Coast,ALL-EH,ALL-EH,PROB,FWS_ST_2005,New York,F36103,NY,Target,84,Atlantic Coastal Pine Barrens,84c,Barrier Islands/Coastal Marshes,E2EM,E2EM,EH,TIDAL,CPL_E2EM,13493.85644,1930117.458,608071.4949
8/24/2020,NWCA11-2269,4374,8/25/2011,1,NWC_NY-10009,PLNLOW,Plains and Lowlands,CPL,Coastal Plains,Suffolk,North East Coast Region,NE,Northcentral and Northeast,LRR S (MLRA 149B),Region_02,Target_Sampled,H0203020206,Shinnecock Bay-Atlantic Ocean,H020302020602,TIDAL,40.80414415,40.80414415,-72.70037024,-72.70037024,Northern Atlantic Slope Diversified Farming Region,S,Mid Atlantic Region,H02,255,Long Island-Cape Cod Coastal Lowland,149B,Not_NEP,Not_NEP,NY,NY_ACPB,CPL,CPL,Non-Federal,NWC_11_16,NWC_11_16,Base,NWC16_11_TSS,P36,E2EM,NY,ATL,Atlantic Coast,ALL-EH,ALL-EH,PROB,FWS_ST_2005,New York,F36103,NY,Target,84,Atlantic Coastal Pine Barrens,84c,Barrier Islands/Coastal Marshes,E2EM,E2EM,EH,TIDAL,CPL_E2EM,13493.85644,1930117.458,608071.4949
8/24/2020,NWCA11-2271,4474,8/3/2011,1,NWC_NY-10011,EHIGH,Eastern Highlands,NAP,Northern Appalachians,Lewis,Great Lakes Region,NE,Northcentral and Northeast,LRR R (Excluding MLRA 143),Region_02,Target_Sampled,H0415010109,Mill Creek-Black River,H041501010902,INLAND,43.76602637,43.76602637,-75.41068626,-75.41068626,Northeastern Forage and Forest Region,R,Great Lakes Region,H04,246,St. Lawrence-Champlain Plain,142,Not_NEP,Not_NEP,NY,NY_GLHL,EMU,EMU,Non-Federal,NWC_11_NO,NWC_11_NO,Base,NWC16_11_TSN,P02,PF,NY,NCE,North Central East,EMU-PRLH,EMU-PRLH,PROB,FWS_ST_2005,New York,F36049,NY,Target,83,Eastern Great Lakes Lowlands,83e,Upper St. Lawrence Valley,PF,PF,PRLH,RIVERINE,EMU_PF,7259.94609,1638171.483,879591.1481
8/24/2020,NWCA11-2273,4473,9/24/2011,1,NWC_NY-10013,PLNLOW,Plains and Lowlands,CPL,Coastal Plains,Nassau,North East Coast Region,NE,Northcentral and Northeast,LRR S (MLRA 149B),Region_02,Target_Sampled,H0203020202,South Oyster Bay-Jones Inlet,H020302020205,TIDAL,40.60574765,40.60574765,-73.61660975,-73.61660975,Northern Atlantic Slope Diversified Farming Region,S,Mid Atlantic Region,H02,255,Long Island-Cape Cod Coastal Lowland,149B,Not_NEP,Not_NEP,NY,NY_ACPB,CPL,CPL,NOAA,NWC_11_NO,NWC_11_NO,Base,NWC16_11_TSN,P36,E2EM,NY,ATL,Atlantic Coast,ALL-EH,ALL-EH,PROB,FWS_ST_2005,New York,F36059,NY,Target,84,Atlantic Coastal Pine Barrens,84c,Barrier Islands/Coastal Marshes,E2EM,E2EM,EH,TIDAL,CPL_E2EM,13493.85644,1860840.815,568214.7968
8/24/2020,NWCA11-2275,4472,8/6/2011,1,NWC_NY-10015,EHIGH,Eastern Highlands,NAP,Northern Appalachians,Franklin,Great Lakes Region,NE,Northcentral and Northeast,LRR R (MLRA 143),Region_02,Target_Sampled,H0415030504,Tupper Lake-Raquette River,H041503050401,INLAND,44.11419236,44.11419236,-74.3775049,-74.3775049,Northeastern Forage and Forest Region,R,Great Lakes Region,H04,247,Northeastern Mountains,143,Not_NEP,Not_NEP,NY,NY_NAAMH,EMU,EMU,NGO,NWC_11_NO,NWC_11_NO,Base,NWC16_11_TSN,P01,PEM,NY,NCE,North Central East,EMU-PRLW,EMU-PRLW,PROB,FWS_ST_2005,New York,F36033,NY,Target,58,Northeastern Highlands,58ad,Central Adirondacks,PEM,PSS,PRLW,RIVERINE,EMU_PEM,123147.1394,1710228.109,935670.395
8/24/2020,NWCA11-2276,4471,8/20/2011,1,NWC_NY-10016,EHIGH,Eastern Highlands,NAP,Northern Appalachians,Orleans,Great Lakes Region,NE,Northcentral and Northeast,LRR L,Region_02,Target_Sampled,H0413000103,Sandy Creek-Frontal Lake Ontario,H041300010302,INLAND,43.22363395,43.22363395,-78.04488079,-78.04488079,"Lake State Fruit, Truck Crop, and Dairy Region",L,Great Lakes Region,H04,172,Ontario-Erie Plain and Finger Lakes Region,101,Not_NEP,Not_NEP,NY,NY_GLHL,EMU,EMU,Non-Federal,NWC_11_NO,NWC_11_NO,OverSamp,NWC16_11_TSN,P21,PF,NY,NCE,North Central East,EMU-PRLW,EMU-PRLW,PROB,FWS_ST_2005,New York,F36073,NY,Target,83,Eastern Great Lakes Lowlands,83c,Ontario Lowlands,PF,PFO,PRLW,FLATS,EMU_PF,2566.3682,1442641.218,777583.7736
8/24/2020,NWCA11-2277,4470,9/26/2011,1,NWC_NY-10017,PLNLOW,Plains and Lowlands,CPL,Coastal Plains,Suffolk,North East Coast Region,NE,Northcentral and Northeast,LRR S (MLRA 149B),Region_02,Target_Sampled,H0203020206,Shinnecock Bay-Atlantic Ocean,H020302020601,INLAND,40.75466612,40.75466612,-72.86087625,-72.86087625,Northern Atlantic Slope Diversified Farming Region,S,Mid Atlantic Region,H02,255,Long Island-Cape Cod Coastal Lowland,149B,Not_NEP,Not_NEP,NY,NY_ACPB,CPL,CPL,Non-Federal,NWC_11_NO,NWC_11_NO,OverSamp,NWC16_11_TSN,P36,PFO,NY,ICP,Inland Coastal Plains,CPL-PRLH,CPL-PRLH,PROB,FWS_ST_2005,New York,F36103,NY,Target,84,Atlantic Coastal Pine Barrens,84c,Barrier Islands/Coastal Marshes,PFO,PEM,PRLH,RIVERINE,CPL_PFO,37238.48937,1918421.948,599444.8772
8/24/2020,NWCA11-2278,4469,7/31/2011,1,NWC_NY-10018,EHIGH,Eastern Highlands,NAP,Northern Appalachians,Lewis,Great Lakes Region,NE,Northcentral and Northeast,LRR R (Excluding MLRA 143),Region_02,Target_Sampled,H0415010109,Mill Creek-Black River,H041501010902,INLAND,43.77110005,43.77110005,-75.42470923,-75.42470923,Northeastern Forage and Forest Region,R,Great Lakes Region,H04,246,St. Lawrence-Champlain Plain,142,Not_NEP,Not_NEP,NY,NY_GLHL,EMU,EMU,Non-Federal,NWC_11_NO,NWC_11_NO,OverSamp,NWC16_11_TSN,P02,PF,NY,NCE,North Central East,EMU-PRLH,EMU-PRLH,PROB,FWS_ST_2005,New York,F36049,NY,Target,83,Eastern Great Lakes Lowlands,83e,Upper St. Lawrence Valley,PF,PF,PRLH,FLATS,EMU_PF,7259.94609,1636951.654,879902.3346
8/24/2020,NWCA11-2279,4468,9/21/2011,1,NWC_NY-10019,PLNLOW,Plains and Lowlands,CPL,Coastal Plains,Nassau,North East Coast Region,NE,Northcentral and Northeast,LRR S (MLRA 149B),Region_02,Target_Sampled,H0203020202,South Oyster Bay-Jones Inlet,H020302020202,TIDAL,40.61940448,40.61940448,-73.49561303,-73.49561303,Northern Atlantic Slope Diversified Farming Region,S,Mid Atlantic Region,H02,255,Long Island-Cape Cod Coastal Lowland,149B,Not_NEP,Not_NEP,NY,NY_ACPB,CPL,CPL,Non-Federal,NWC_11_NO,NWC_11_NO,OverSamp,NWC16_11_TSN,P36,E2EM,NY,ATL,Atlantic Coast,ALL-EH,ALL-EH,PROB,FWS_ST_2005,New York,F36059,NY,Target,84,Atlantic Coastal Pine Barrens,84c,Barrier Islands/Coastal Marshes,E2EM,E2EM,EH,TIDAL,CPL_E2EM,13493.85644,1870352.798,572077.2772
8/24/2020,NWCA11-2280,4467,8/1/2011,1,NWC_NY-10020,EHIGH,Eastern Highlands,NAP,Northern Appalachians,Lewis,Great Lakes Region,NE,Northcentral and Northeast,LRR R (Excluding MLRA 143),Region_02,Target_Sampled,H0415010109,Mill Creek-Black River,H041501010902,INLAND,43.76634492,43.76634492,-75.41222605,-75.41222605,Northeastern Forage and Forest Region,R,Great Lakes Region,H04,246,St. Lawrence-Champlain Plain,142,Not_NEP,Not_NEP,NY,NY_GLHL,EMU,EMU,Non-Federal,NWC_11_NO,NWC_11_NO,OverSamp,NWC16_11_TSN,P02,PF,NY,NCE,North Central East,EMU-PRLH,EMU-PRLH,PROB,FWS_ST_2005,New York,F36049,NY,Target,83,Eastern Great Lakes Lowlands,83e,Upper St. Lawrence Valley,PF,PF,PRLH,RIVERINE,EMU_PF,7259.94609,1638043.255,879599.3149
8/24/2020,NWCA11-2281,4466,9/27/2011,1,NWC_NY-10021,PLNLOW,Plains and Lowlands,CPL,Coastal Plains,Suffolk,North East Coast Region,NE,Northcentral and Northeast,LRR S (MLRA 149B),Region_02,Target_Sampled,H0203020204,Great South Bay-Fire Island Inlet,H020302020406,TIDAL,40.6361534,40.6361534,-73.40055922,-73.40055922,Northern Atlantic Slope Diversified Farming Region,S,Mid Atlantic Region,H02,255,Long Island-Cape Cod Coastal Lowland,149B,Not_NEP,Not_NEP,NY,NY_ACPB,CPL,CPL,NOAA,NWC_11_NO,NWC_11_NO,OverSamp,NWC16_11_TSN,P36,E2EM,NY,ATL,Atlantic Coast,ALL-EH,ALL-EH,PROB,FWS_ST_2005,New York,F36103,NY,Target,84,Atlantic Coastal Pine Barrens,84c,Barrier Islands/Coastal Marshes,E2EM,E2EM,EH,TIDAL,CPL_E2EM,13493.85644,1877661.692,575775.0856
8/24/2020,NWCA11-2315,4752,12/13/2011,1,NWC_OK-10003,PLNLOW,Plains and Lowlands,SPL,Southern Plains,Harper,Not Coast,GT_PLAINS,Great Plains,"LRR H (Excluding MLRA 72, 73)",Region_06,Target_Sampled,H1104000801,Horse Creek-Cimarron River,H110400080101,INLAND,36.9119364,36.9119364,-99.98376191,-99.98376191,Central Great Plains Winter Wheat and Range Region,H,Arkansas-White-Red Region,H11,115,"Southern High Plains, Breaks",77E,Not_NEP,Not_NEP,OK,OK,IPL,IPL,State,NWC_11_16,NWC_11_16,Base,NWC16_11_TSS,P19,PF,OK,GPL,Great Plains,IPL-PRLH,IPL-PRLH,PROB,FWS_ST_2005,Oklahoma,F40059,OK,Target,26,Southwestern Tablelands,26a,Canadian/Cimarron Breaks,PF,PEM,PRLH,DPRSS,IPL_PF,760.77269,-351521.3682,-58528.42298
8/24/2020,NWCA11-2315,4751,8/16/2011,2,NWC_OK-10003,PLNLOW,Plains and Lowlands,SPL,Southern Plains,Harper,Not Coast,GT_PLAINS,Great Plains,"LRR H (Excluding MLRA 72, 73)",Region_06,Target_Sampled,H1104000801,Horse Creek-Cimarron River,H110400080101,INLAND,36.9119364,36.9119364,-99.98376191,-99.98376191,Central Great Plains Winter Wheat and Range Region,H,Arkansas-White-Red Region,H11,115,"Southern High Plains, Breaks",77E,Not_NEP,Not_NEP,OK,OK,IPL,IPL,State,NWC_11_16,NWC_11_16,Base,NWC16_11_TSS,P19,PF,OK,GPL,Great Plains,IPL-PRLH,IPL-PRLH,PROB,FWS_ST_2005,Oklahoma,F40059,OK,Target,26,Southwestern Tablelands,26a,Canadian/Cimarron Breaks,PF,PEM,PRLH,DPRSS,IPL_PF,760.77269,-351521.3682,-58528.42298
8/24/2020,NWCA11-2319,4750,7/28/2011,1,NWC_OK-10007,PLNLOW,Plains and Lowlands,SPL,Southern Plains,Osage,Not Coast,GT_PLAINS,Great Plains,LRR J,Region_06,Target_Sampled,H1107010602,Upper Caney River,H110701060208,INLAND,36.94178236,36.94178236,-96.18723463,-96.18723463,Southwestern Prairies Cotton and Forage Region,J,Arkansas-White-Red Region,H11,137,North Cross Timbers,84A,Not_NEP,Not_NEP,OK,OK,IPL,IPL,Tribal,NWC_11_16,NWC_11_16,Base,NWC16_11_TSS,P19,PSS,OK,GPL,Great Plains,IPL-PRLH,IPL-PRLH,PROB,FWS_ST_2005,Oklahoma,F40113,OK,Target,29,Cross Timbers,29a,Northern Cross Timbers,PSS,PEM,PRLH,DPRSS,IPL_PSS,28386.69252,-16519.55242,-62536.96268
8/24/2020,NWCA11-2319,5057,9/6/2011,2,NWC_OK-10007,PLNLOW,Plains and Lowlands,SPL,Southern Plains,Osage,Not Coast,GT_PLAINS,Great Plains,LRR J,Region_06,Target_Sampled,H1107010602,Upper Caney River,H110701060208,INLAND,36.94178236,36.94178236,-96.18723463,-96.18723463,Southwestern Prairies Cotton and Forage Region,J,Arkansas-White-Red Region,H11,137,North Cross Timbers,84A,Not_NEP,Not_NEP,OK,OK,IPL,IPL,Tribal,NWC_11_16,NWC_11_16,Base,NWC16_11_TSS,P19,PSS,OK,GPL,Great Plains,IPL-PRLH,IPL-PRLH,PROB,FWS_ST_2005,Oklahoma,F40113,OK,Target,29,Cross Timbers,29a,Northern Cross Timbers,PSS,PEM,PRLH,DPRSS,IPL_PSS,28386.69252,-16519.55242,-62536.96268
8/24/2020,NWCA11-2321,4749,7/20/2011,1,NWC_OK-10009,EHIGH,Eastern Highlands,SAP,Southern Appalachians,McCurtain,Not Coast,E_MTNS,Eastern Mountains and Piedmont,LRR N (Excluding MLRA 122),Region_06,Target_Sampled,H1114010703,Middle Little River,H111401070304,INLAND,34.22345569,34.22345569,-95.12483563,-95.12483563,East and Central Farming and Forest Region,N,Arkansas-White-Red Region,H11,212,Ouachita Mountains,119,Not_NEP,Not_NEP,OK,OK,EMU,EMU,Non-Federal,NWC_11_NO,NWC_11_NO,Base,NWC16_11_TSN,P25,PSS,OK,SAP,Southern Appalachians,EMU-PRLH,EMU-PRLH,PROB,FWS_ST_2005,Oklahoma,F40089,OK,Target,36,Ouachita Mountains,36e,Western Ouachitas,PSS,PEM,PRLH,DPRSS,EMU_PSS,10388.5194,80016.05485,-366464.8495
8/24/2020,NWCA11-2324,4748,6/30/2011,1,NWC_OK-10012,PLNLOW,Plains and Lowlands,SPL,Southern Plains,Oklahoma,Not Coast,GT_PLAINS,Great Plains,"LRR H (Excluding MLRA 72, 73)",Region_06,Target_Sampled,H1105000208,Cottonwood Creek,H110500020801,INLAND,35.56698594,35.56698594,-97.65169443,-97.65169443,Central Great Plains Winter Wheat and Range Region,H,Arkansas-White-Red Region,H11,122,Central Rolling Red Prairies,80A,Not_NEP,Not_NEP,OK,OK,IPL,IPL,Non-Federal,NWC_11_NO,NWC_11_NO,Base,NWC16_11_TSN,P19,PUBPAB,OK,GPL,Great Plains,IPL-PRLH,IPL-PRLH,PROB,FWS_ST_2005,Oklahoma,F40109,OK,Target,27,Central Great Plains,27d,Prairie Tableland,PUBPAB,PEM,PRLH,DPRSS,IPL_PUBPAB,20447.35511,-148396.3777,-215241.1538
8/24/2020,NWCA11-2325,4747,7/21/2011,1,NWC_OK-10013,EHIGH,Eastern Highlands,SAP,Southern Appalachians,McCurtain,Not Coast,E_MTNS,Eastern Mountains and Piedmont,LRR N (Excluding MLRA 122),Region_06,Target_Sampled,H1114010703,Middle Little River,H111401070304,INLAND,34.22496003,34.22496003,-95.1273677,-95.1273677,East and Central Farming and Forest Region,N,Arkansas-White-Red Region,H11,212,Ouachita Mountains,119,Not_NEP,Not_NEP,OK,OK,EMU,EMU,Non-Federal,NWC_11_NO,NWC_11_NO,OverSamp,NWC16_11_TSN,P25,PUBPAB,OK,SAP,Southern Appalachians,EMU-PRLH,EMU-PRLH,PROB,FWS_ST_2005,Oklahoma,F40089,OK,Target,36,Ouachita Mountains,36e,Western Ouachitas,PUBPAB,PEM,PRLH,DPRSS,EMU_PUBPAB,7483.00441,79783.01068,-366298.8164
8/24/2020,NWCA11-2327,4746,8/17/2011,1,NWC_OK-10015,PLNLOW,Plains and Lowlands,SPL,Southern Plains,Cimarron,Not Coast,GT_PLAINS,Great Plains,"LRR H (Excluding MLRA 72, 73)",Region_06,Target_Sampled,H1110010109,Upper Golf Creek,H111001010901,INLAND,36.78411256,36.78411256,-102.5410324,-102.5410324,Central Great Plains Winter Wheat and Range Region,H,Arkansas-White-Red Region,H11,111,"Southern High Plains, Northern Part",77A,Not_NEP,Not_NEP,OK,OK,IPL,IPL,Non-Federal,NWC_11_NO,NWC_11_NO,OverSamp,NWC16_11_TSN,P16,PF,OK,GPL,Great Plains,IPL-PRLH,IPL-PRLH,PROB,FWS_ST_2005,Oklahoma,F40025,OK,Target,25,High Plains,25e,Canadian/Cimarron High Plains,PF,PEM,PRLH,DPRSS,IPL_PF,638.20777,-577869.4949,-60323.9262
8/24/2020,NWCA11-2331,4745,7/27/2011,1,NWC_OK-10019,PLNLOW,Plains and Lowlands,SPL,Southern Plains,Grant,Not Coast,GT_PLAINS,Great Plains,"LRR H (Excluding MLRA 72, 73)",Region_06,Target_Sampled,H1106000406,Pond Creek,H110600040604,INLAND,36.78816938,36.78816938,-97.78261064,-97.78261064,Central Great Plains Winter Wheat and Range Region,H,Arkansas-White-Red Region,H11,122,Central Rolling Red Prairies,80A,Not_NEP,Not_NEP,OK,OK,IPL,IPL,Non-Federal,NWC_11_16,NWC_11_16,OverSamp,NWC16_11_TSS,P19,PUBPAB,OK,GPL,Great Plains,IPL-PRLH,IPL-PRLH,PROB,FWS_ST_2005,Oklahoma,F40053,OK,Target,27,Central Great Plains,27d,Prairie Tableland,PUBPAB,PEM,PRLH,DPRSS,IPL_PUBPAB,20447.35511,-157591.9247,-78286.25145
8/24/2020,NWCA11-2332,4744,7/14/2011,1,NWC_OK-10020,PLNLOW,Plains and Lowlands,SPL,Southern Plains,Ellis,Not Coast,GT_PLAINS,Great Plains,"LRR H (Excluding MLRA 72, 73)",Region_06,Target_Sampled,H1110020106,Town of Fort Supply-Beaver River,H111002010607,INLAND,36.52366066,36.52366066,-99.78655518,-99.78655518,Central Great Plains Winter Wheat and Range Region,H,Arkansas-White-Red Region,H11,115,"Southern High Plains, Breaks",77E,Not_NEP,Not_NEP,OK,OK,IPL,IPL,State,NWC_11_16,NWC_11_16,OverSamp,NWC16_11_TSS,P19,PFO,OK,GPL,Great Plains,IPL-PRLH,IPL-PRLH,PROB,FWS_ST_2005,Oklahoma,F40045,OK,Target,26,Southwestern Tablelands,26a,Canadian/Cimarron Breaks,PFO,PEM,PRLH,DPRSS,IPL_PFO,145895.0792,-335862.3556,-102705.1562
8/24/2020,NWCA11-2339,3822,8/8/2011,1,NWC_OR-10003,WMTNS,West,WMT,Western Mountains,Lincoln,Pacific Coast Region,W_MTNS,"Western Mountains, Valleys, and Coast","LRR A (MLRA 2, 4A, 4B)",Region_10,Target_Sampled,H1710020407,Lower Siletz River-Frontal Pacific Ocean,H171002040707,INLAND,44.91874494,44.91874494,-124.0085989,-124.0085989,"Northwestern Forest, Forage, and Specialty Crop Region",A,Pacific Northwest Region,H17,5,Sitka Spruce Belt,4A,Not_NEP,Not_NEP,OR,OR,W,WMT,FWS,NWC_11_NO,NWC_11_NO,Base,NWC16_11_TSN,P07,E2EM,OR,WVM,Western Valleys & Mountains,W-PRLH,WMT-PRLH,PROB,FWS_ST_2005,Oregon,F41041,OR,Target,1,Coast Range,1a,Coastal Lowlands,E2EM,PEM,PRLH,FLATS,WMT_E2EM,537.14306,-2176322.227,1152941.058
8/24/2020,NWCA11-2342,3812,6/23/2011,1,NWC_OR-10006,WMTNS,West,WMT,Western Mountains,Coos,Pacific Coast Region,W_MTNS,"Western Mountains, Valleys, and Coast","LRR A (MLRA 2, 4A, 4B)",Region_10,Target_Sampled,H1710030403,Coos Bay-Frontal Pacific Ocean,H171003040306,INLAND,43.34817505,43.34817505,-124.2665602,-124.2665602,"Northwestern Forest, Forage, and Specialty Crop Region",A,Pacific Northwest Region,H17,5,Sitka Spruce Belt,4A,Not_NEP,Not_NEP,OR,OR,W,WMT,Non-Federal,NWC_11_16,NWC_11_16,Base,NWC16_11_TSS,P07,PEM,OR,WVM,Western Valleys & Mountains,W-PRLH,WMT-PRLH,PROB,FWS_ST_2005,Oregon,F41011,OR,Target,1,Coast Range,1b,Coastal Uplands,PEM,PEM,PRLH,SLOPE,WMT_PEM,9333.66127,-2247088.995,991471.7396
8/24/2020,NWCA11-2343,3811,8/10/2011,1,NWC_OR-10007,WMTNS,West,WMT,Western Mountains,Lincoln,Pacific Coast Region,W_MTNS,"Western Mountains, Valleys, and Coast","LRR A (MLRA 2, 4A, 4B)",Region_10,Target_Sampled,H1710020407,Lower Siletz River-Frontal Pacific Ocean,H171002040707,INLAND,44.91909855,44.91909855,-124.0051739,-124.0051739,"Northwestern Forest, Forage, and Specialty Crop Region",A,Pacific Northwest Region,H17,5,Sitka Spruce Belt,4A,Not_NEP,Not_NEP,OR,OR,W,WMT,FWS,NWC_11_NO,NWC_11_NO,Base,NWC16_11_TSN,P07,E2EM,OR,WVM,Western Valleys & Mountains,W-PRLH,WMT-PRLH,PROB,FWS_ST_2005,Oregon,F41041,OR,Target,1,Coast Range,1a,Coastal Lowlands,E2EM,PEM,PRLH,FLATS,WMT_E2EM,537.14306,-2176052.414,1152900.287
8/24/2020,NWCA11-2350,3810,6/9/2011,1,NWC_OR-10014,WMTNS,West,WMT,Western Mountains,Tillamook,Pacific Coast Region,W_MTNS,"Western Mountains, Valleys, and Coast","LRR A (MLRA 2, 4A, 4B)",Region_10,Target_Sampled,H1710020301,Little Nestucca River,H171002030102,INLAND,45.06706931,45.06706931,-123.8384612,-123.8384612,"Northwestern Forest, Forage, and Specialty Crop Region",A,Pacific Northwest Region,H17,5,Sitka Spruce Belt,4A,Tillamook Estuaries,NEP,OR,OR,W,WMT,USFS,NWC_11_NO,NWC_11_NO,OverSamp,NWC16_11_TSN,P07,PFO,OR,WVM,Western Valleys & Mountains,W-PRLW,WMT-PRLW,PROB,FWS_ST_2005,Oregon,F41057,OR,Target,1,Coast Range,1d,Volcanics,PFO,PFO,PRLW,RIVERINE,WMT_PFO,1109.17103,-2158717.554,1164858.68
8/24/2020,NWCA11-2355,3808,7/12/2011,2,NWC_OR-10019,WMTNS,West,WMT,Western Mountains,Lincoln,Pacific Coast Region,W_MTNS,"Western Mountains, Valleys, and Coast","LRR A (MLRA 2, 4A, 4B)",Region_10,Target_Sampled,H1710020407,Lower Siletz River-Frontal Pacific Ocean,H171002040708,TIDAL,44.93210011,44.93210011,-124.0089002,-124.0089002,"Northwestern Forest, Forage, and Specialty Crop Region",A,Pacific Northwest Region,H17,5,Sitka Spruce Belt,4A,Not_NEP,Not_NEP,OR,OR,W,WMT,Non-Federal,NWC_11_16,NWC_11_16,OverSamp,NWC16_11_TSS,P07,PUBPAB,OR,PAC,Pacific Coast,ALL-EH,ALL-EH,PROB,FWS_ST_2005,Oregon,F41041,OR,Target,1,Coast Range,1a,Coastal Lowlands,PUBPAB,E2EM,EH,TIDAL,WMT_PUBPAB,609.34502,-2175913.189,1154370.262
8/24/2020,NWCA11-2355,3809,6/7/2011,1,NWC_OR-10019,WMTNS,West,WMT,Western Mountains,Lincoln,Pacific Coast Region,W_MTNS,"Western Mountains, Valleys, and Coast","LRR A (MLRA 2, 4A, 4B)",Region_10,Target_Sampled,H1710020407,Lower Siletz River-Frontal Pacific Ocean,H171002040708,TIDAL,44.93210011,44.93210011,-124.0089002,-124.0089002,"Northwestern Forest, Forage, and Specialty Crop Region",A,Pacific Northwest Region,H17,5,Sitka Spruce Belt,4A,Not_NEP,Not_NEP,OR,OR,W,WMT,Non-Federal,NWC_11_16,NWC_11_16,OverSamp,NWC16_11_TSS,P07,PUBPAB,OR,PAC,Pacific Coast,ALL-EH,ALL-EH,PROB,FWS_ST_2005,Oregon,F41041,OR,Target,1,Coast Range,1a,Coastal Lowlands,PUBPAB,E2EM,EH,TIDAL,WMT_PUBPAB,609.34502,-2175913.189,1154370.262
8/24/2020,NWCA11-2358,3807,8/11/2011,1,NWC_OR-10022,WMTNS,West,WMT,Western Mountains,Lincoln,Pacific Coast Region,W_MTNS,"Western Mountains, Valleys, and Coast","LRR A (MLRA 2, 4A, 4B)",Region_10,Target_Sampled,H1710020407,Lower Siletz River-Frontal Pacific Ocean,H171002040707,INLAND,44.91777664,44.91777664,-124.0077761,-124.0077761,"Northwestern Forest, Forage, and Specialty Crop Region",A,Pacific Northwest Region,H17,5,Sitka Spruce Belt,4A,Not_NEP,Not_NEP,OR,OR,W,WMT,FWS,NWC_11_16,NWC_11_16,OverSamp,NWC16_11_TSS,P07,E2EM,OR,WVM,Western Valleys & Mountains,W-PRLH,WMT-PRLH,PROB,FWS_ST_2005,Oregon,F41041,OR,Target,1,Coast Range,1a,Coastal Lowlands,E2EM,PEM,PRLH,FLATS,WMT_E2EM,537.14306,-2176291.458,1152819.09
8/24/2020,NWCA11-2359,3805,7/19/2011,1,NWC_OR-10023,WMTNS,West,WMT,Western Mountains,Lake,Not Coast,W_MTNS,"Western Mountains, Valleys, and Coast","LRR A (MLRA 3, 5, 6)",Region_10,Target_Sampled,H1712000601,Upper Chewaucan River,H171200060102,INLAND,42.52990498,42.52990498,-120.7465554,-120.7465554,"Northwestern Forest, Forage, and Specialty Crop Region",A,Pacific Northwest Region,H17,8,"Cascade Mountains, Eastern Slope",6,Not_NEP,Not_NEP,OR,OR,W,WMT,USFS,NWC_11_NO,NWC_11_NO,OverSamp,NWC16_11_TSN,P03,PSS,OR,WVM,Western Valleys & Mountains,W-PRLH,WMT-PRLH,PROB,FWS_ST_2005,Oregon,F41037,OR,Target,9,Eastern Cascades Slopes and Foothills,9e,Pumice Plateau,PSS,PEM,PRLH,RIVERINE,WMT_PSS,39442.20227,-1997620.199,824952.0774
8/24/2020,NWCA11-2361,4407,9/5/2011,2,NWC_PA-10001,EHIGH,Eastern Highlands,NAP,Northern Appalachians,Mercer,Not Coast,NE,Northcentral and Northeast,LRR R (Excluding MLRA 143),Region_03,Target_Sampled,H0503010204,Big Run-Shenango River,H050301020402,INLAND,41.4462271,41.4462271,-80.45368863,-80.45368863,Northeastern Forage and Forest Region,R,Ohio-Tennessee Region,H05_H06,243,Lake Erie Glaciated Plateau,139,Not_NEP,Not_NEP,PA,PA_APG,EMU,EMU,Non-Federal,NWC_11_16,NWC_11_16,Revisit,NWC16_11_TSS,P21,PUBPAB,PA,NCE,North Central East,EMU-PRLW,EMU-PRLW,PROB,FWS_ST_2005,Pennsylvania,F42085,PA,Target,61,Erie Drift Plain,61c,Low Lime Drift Plain,PUBPAB,PFO,PRLW,DPRSS,EMU_PUBPAB,6779.83131,1283331.668,547364.4079
8/24/2020,NWCA11-2361,4546,6/22/2011,1,NWC_PA-10001,EHIGH,Eastern Highlands,NAP,Northern Appalachians,Mercer,Not Coast,NE,Northcentral and Northeast,LRR R (Excluding MLRA 143),Region_03,Target_Sampled,H0503010204,Big Run-Shenango River,H050301020402,INLAND,41.4462271,41.4462271,-80.45368863,-80.45368863,Northeastern Forage and Forest Region,R,Ohio-Tennessee Region,H05_H06,243,Lake Erie Glaciated Plateau,139,Not_NEP,Not_NEP,PA,PA_APG,EMU,EMU,Non-Federal,NWC_11_16,NWC_11_16,Revisit,NWC16_11_TSS,P21,PUBPAB,PA,NCE,North Central East,EMU-PRLW,EMU-PRLW,PROB,FWS_ST_2005,Pennsylvania,F42085,PA,Target,61,Erie Drift Plain,61c,Low Lime Drift Plain,PUBPAB,PFO,PRLW,DPRSS,EMU_PUBPAB,6779.83131,1283331.668,547364.4079
8/24/2020,NWCA11-2365,4298,9/4/2011,2,NWC_PA-10005,EHIGH,Eastern Highlands,NAP,Northern Appalachians,Mercer,Not Coast,NE,Northcentral and Northeast,LRR R (Excluding MLRA 143),Region_03,Target_Sampled,H0503010204,Big Run-Shenango River,H050301020402,INLAND,41.45880668,41.45880668,-80.45331573,-80.45331573,Northeastern Forage and Forest Region,R,Ohio-Tennessee Region,H05_H06,243,Lake Erie Glaciated Plateau,139,Not_NEP,Not_NEP,PA,PA_APG,EMU,EMU,Non-Federal,NWC_11_16,NWC_11_16,Base,NWC16_11_TSS,P21,PFO,PA,NCE,North Central East,EMU-PRLW,EMU-PRLW,PROB,FWS_ST_2005,Pennsylvania,F42085,PA,Target,61,Erie Drift Plain,61c,Low Lime Drift Plain,PFO,PFO,PRLW,DPRSS,EMU_PFO,46899.28256,1283132.862,548758.6563
8/24/2020,NWCA11-2365,4310,6/23/2011,1,NWC_PA-10005,EHIGH,Eastern Highlands,NAP,Northern Appalachians,Mercer,Not Coast,NE,Northcentral and Northeast,LRR R (Excluding MLRA 143),Region_03,Target_Sampled,H0503010204,Big Run-Shenango River,H050301020402,INLAND,41.45880668,41.45880668,-80.45331573,-80.45331573,Northeastern Forage and Forest Region,R,Ohio-Tennessee Region,H05_H06,243,Lake Erie Glaciated Plateau,139,Not_NEP,Not_NEP,PA,PA_APG,EMU,EMU,Non-Federal,NWC_11_16,NWC_11_16,Base,NWC16_11_TSS,P21,PFO,PA,NCE,North Central East,EMU-PRLW,EMU-PRLW,PROB,FWS_ST_2005,Pennsylvania,F42085,PA,Target,61,Erie Drift Plain,61c,Low Lime Drift Plain,PFO,PFO,PRLW,DPRSS,EMU_PFO,46899.28256,1283132.862,548758.6563
8/24/2020,NWCA11-2366,4311,7/21/2011,1,NWC_PA-10006,EHIGH,Eastern Highlands,NAP,Northern Appalachians,Erie,Not Coast,NE,Northcentral and Northeast,LRR R (Excluding MLRA 143),Region_03,Target_Sampled,H0501000403,Wheeler Creek,H050100040303,INLAND,41.99245893,41.99245893,-79.89572215,-79.89572215,Northeastern Forage and Forest Region,R,Ohio-Tennessee Region,H05_H06,243,Lake Erie Glaciated Plateau,139,Not_NEP,Not_NEP,PA,PA_APG,EMU,EMU,Non-Federal,NWC_11_NO,NWC_11_NO,Base,NWC16_11_TSN,P02,PSS,PA,NCE,North Central East,EMU-PRLW,EMU-PRLW,PROB,FWS_ST_2005,Pennsylvania,F42049,PA,Target,61,Erie Drift Plain,61c,Low Lime Drift Plain,PSS,PSS,PRLW,RIVERINE,EMU_PSS,86200.24807,1318649.057,615279.4997
8/24/2020,NWCA11-2367,4297,9/8/2011,1,NWC_PA-10007,EHIGH,Eastern Highlands,NAP,Northern Appalachians,Susquehanna,Not Coast,NE,Northcentral and Northeast,LRR R (Excluding MLRA 143),Region_03,Target_Sampled,H0205010113,Lower Susquehanna River,H020501011306,INLAND,41.85280803,41.85280803,-75.63855952,-75.63855952,Northeastern Forage and Forest Region,R,Mid Atlantic Region,H02,244,Glaciated Allegheny Plateau and Catskill Mountains,140,Chesapeake Bay Watershed Initiative,Not_NEP,PA,PA_APG,EMU,EMU,Non-Federal,NWC_11_NO,NWC_11_NO,Base,NWC16_11_TSN,P02,PEM,PA,NCE,North Central East,EMU-PRLW,EMU-PRLW,PROB,FWS_ST_2005,Pennsylvania,F42115,PA,Target,60,Northern Allegheny Plateau,60b,Delaware-Neversink Highlands,PEM,PSS,PRLW,FRINGE,EMU_PEM,46196.30596,1665774.02,666796.3753
8/24/2020,NWCA11-2368,4296,9/25/2011,1,NWC_PA-10008,EHIGH,Eastern Highlands,SAP,Southern Appalachians,Berks,North East Coast Region,E_MTNS,Eastern Mountains and Piedmont,LRR S (MLRA 147),Region_03,Target_Sampled,H0204020304,Tulpehocken Creek,H020402030407,INLAND,40.42648742,40.42648742,-76.1061958,-76.1061958,Northern Atlantic Slope Diversified Farming Region,S,Mid Atlantic Region,H02,252,Northern Appalachian Ridges and Valleys,147,Delaware Estuary,NEP,PA,PA_RV,EMU,EMU,Non-Federal,NWC_11_16,NWC_11_16,Base,NWC16_11_TSS,P02,PEM,PA,SAP,Southern Appalachians,EMU-PRLW,EMU-PRLW,PROB,FWS_ST_2005,Pennsylvania,F42011,PA,Target,67,Ridge and Valley,67b,Northern Shale Valleys,PEM,PFO,PRLW,RIVERINE,EMU_PEM,46196.30596,1661268.324,502491.1964
8/24/2020,NWCA11-2369,4295,9/29/2011,1,NWC_PA-10009,EHIGH,Eastern Highlands,NAP,Northern Appalachians,Venango,Not Coast,NE,Northcentral and Northeast,LRR R (Excluding MLRA 143),Region_03,Target_Sampled,H0503010502,Wolf Creek,H050301050201,INLAND,41.20854667,41.20854667,-79.98778447,-79.98778447,Northeastern Forage and Forest Region,R,Ohio-Tennessee Region,H05_H06,243,Lake Erie Glaciated Plateau,139,Not_NEP,Not_NEP,PA,PA_APG,EMU,EMU,Non-Federal,NWC_11_NO,NWC_11_NO,Base,NWC16_11_TSN,P21,PEM,PA,NCE,North Central East,EMU-PRLH,EMU-PRLH,PROB,FWS_ST_2005,Pennsylvania,F42121,PA,Target,61,Erie Drift Plain,61c,Low Lime Drift Plain,PEM,PEM,PRLH,FRINGE,EMU_PEM,8263.06962,1325894.043,527519.8379
8/24/2020,NWCA11-2370,4312,7/22/2011,1,NWC_PA-10010,EHIGH,Eastern Highlands,NAP,Northern Appalachians,Crawford,Not Coast,NE,Northcentral and Northeast,LRR R (Excluding MLRA 143),Region_03,Target_Sampled,H0501000405,Muddy Creek,H050100040502,INLAND,41.77448185,41.77448185,-79.86518516,-79.86518516,Northeastern Forage and Forest Region,R,Ohio-Tennessee Region,H05_H06,243,Lake Erie Glaciated Plateau,139,Not_NEP,Not_NEP,PA,PA_APG,EMU,EMU,Non-Federal,NWC_11_NO,NWC_11_NO,Base,NWC16_11_TSN,P21,PEM,PA,NCE,North Central East,EMU-PRLW,EMU-PRLW,PROB,FWS_ST_2005,Pennsylvania,F42039,PA,Target,61,Erie Drift Plain,61c,Low Lime Drift Plain,PEM,PSS,PRLW,RIVERINE,EMU_PEM,8263.06962,1325245.969,591667.5411
8/24/2020,NWCA11-2371,4294,9/18/2011,1,NWC_PA-10011,EHIGH,Eastern Highlands,NAP,Northern Appalachians,Potter,Not Coast,NE,Northcentral and Northeast,LRR R (Excluding MLRA 143),Region_03,Target_Sampled,H0205020502,Upper Pine Creek,H020502050205,INLAND,41.76201634,41.76201634,-77.6060089,-77.6060089,Northeastern Forage and Forest Region,R,Mid Atlantic Region,H02,244,Glaciated Allegheny Plateau and Catskill Mountains,140,Chesapeake Bay Watershed Initiative,Not_NEP,PA,PA_AP,EMU,EMU,State,NWC_11_NO,NWC_11_NO,OverSamp,NWC16_11_TSN,P02,PFO,PA,NCE,North Central East,EMU-PRLW,EMU-PRLW,PROB,FWS_ST_2005,Pennsylvania,F42105,PA,Target,62,North Central Appalachians,62c,Glaciated High Allegheny Plateau,PFO,PFO,PRLW,RIVERINE,EMU_PFO,262199.6068,1508895.364,623984.5001
8/24/2020,NWCA11-2373,4292,7/23/2011,1,NWC_PA-10013,EHIGH,Eastern Highlands,SAP,Southern Appalachians,Venango,Not Coast,E_MTNS,Eastern Mountains and Piedmont,LRR N (Excluding MLRA 122),Region_03,Target_Sampled,H0501000307,East Sandy Creek,H050100030701,INLAND,41.35919873,41.35919873,-79.48845819,-79.48845819,East and Central Farming and Forest Region,N,Ohio-Tennessee Region,H05_H06,223,Eastern Allegheny Plateau and Mountains,127,Not_NEP,Not_NEP,PA,PA_AP,EMU,EMU,Non-Federal,NWC_11_NO,NWC_11_NO,OverSamp,NWC16_11_TSN,P02,PFO,PA,SAP,Southern Appalachians,EMU-PRLW,EMU-PRLW,PROB,FWS_ST_2005,Pennsylvania,F42121,PA,Target,70,Western Allegheny Plateau,70c,Pittsburgh Low Plateau,PFO,PFO,PRLW,RIVERINE,EMU_PFO,262199.6068,1363914.859,551204.9631
8/24/2020,NWCA11-2376,4313,9/28/2011,1,NWC_PA-10016,EHIGH,Eastern Highlands,SAP,Southern Appalachians,Bucks,Not Coast,E_MTNS,Eastern Mountains and Piedmont,LRR S (MLRA 148),Region_03,Target_Sampled,H0204010509,Lower Delaware River,H020401050904,INLAND,40.55784376,40.55784376,-75.18059894,-75.18059894,Northern Atlantic Slope Diversified Farming Region,S,Mid Atlantic Region,H02,253,Northern Piedmont,148,Not_NEP,Not_NEP,PA,PA_P,EMU,EMU,Non-Federal,NWC_11_NO,NWC_11_NO,OverSamp,NWC16_11_TSN,P01,PUBPAB,PA,SAP,Southern Appalachians,EMU-PRLH,EMU-PRLH,PROB,FWS_ST_2005,Pennsylvania,F42017,PA,Target,64,Northern Piedmont,64a,Triassic Lowlands,PUBPAB,PUBPAB,PRLH,DPRSS,EMU_PUBPAB,4418.22261,1734151.892,533404.3861
8/24/2020,NWCA11-2381,4550,9/10/2011,2,NWC_RI-10001,EHIGH,Eastern Highlands,NAP,Northern Appalachians,Kent,North East Coast Region,NE,Northcentral and Northeast,LRR R (Excluding MLRA 143),Region_01,Target_Sampled,H0109000501,Wood River,H010900050101,INLAND,41.62203357,41.62203357,-71.77755563,-71.77755563,Northeastern Forage and Forest Region,R,New England Region,H01,248,"New England and Eastern New York Upland, Southern Part",144A,Not_NEP,Not_NEP,RI,RI_NCZ,EMU,EMU,State,NWC_11_16,NWC_11_16,Revisit,NWC16_11_TSS,P18,PFO,RI,NCE,North Central East,EMU-PRLW,EMU-PRLW,PROB,FWS_ST_2005,Rhode Island,F44003,RI,Target,59,Northeastern Coastal Zone,59c,Southern New England Coastal Plains and Hills,PFO,PFO,PRLW,DPRSS,EMU_PFO,18468.53153,1981845.941,715783.5941
8/24/2020,NWCA11-2381,4405,8/12/2011,1,NWC_RI-10001,EHIGH,Eastern Highlands,NAP,Northern Appalachians,Kent,North East Coast Region,NE,Northcentral and Northeast,LRR R (Excluding MLRA 143),Region_01,Target_Sampled,H0109000501,Wood River,H010900050101,INLAND,41.62203357,41.62203357,-71.77755563,-71.77755563,Northeastern Forage and Forest Region,R,New England Region,H01,248,"New England and Eastern New York Upland, Southern Part",144A,Not_NEP,Not_NEP,RI,RI_NCZ,EMU,EMU,State,NWC_11_16,NWC_11_16,Revisit,NWC16_11_TSS,P18,PFO,RI,NCE,North Central East,EMU-PRLW,EMU-PRLW,PROB,FWS_ST_2005,Rhode Island,F44003,RI,Target,59,Northeastern Coastal Zone,59c,Southern New England Coastal Plains and Hills,PFO,PFO,PRLW,DPRSS,EMU_PFO,18468.53153,1981845.941,715783.5941
8/24/2020,NWCA11-2382,4404,8/7/2011,1,NWC_RI-10002,EHIGH,Eastern Highlands,NAP,Northern Appalachians,Bristol,North East Coast Region,NE,Northcentral and Northeast,LRR R (Excluding MLRA 143),Region_01,Target_Sampled,H0109000409,Narragansett Bay,H010900040902,TIDAL,41.70993455,41.70993455,-71.30472843,-71.30472843,Northeastern Forage and Forest Region,R,New England Region,H01,248,"New England and Eastern New York Upland, Southern Part",144A,Narragansett Bay,NEP,RI,RI_NCZ,EMU,EMU,State,NWC_11_16,NWC_11_16,Revisit,NWC16_11_TSS,P18,E2EM,RI,ATL,Atlantic Coast,ALL-EH,ALL-EH,PROB,FWS_ST_2005,Rhode Island,F44001,RI,Target,59,Northeastern Coastal Zone,59e,Narragansett/Bristol Lowland,E2EM,E2EM,EH,TIDAL,EMU_E2EM,2110.51039,2017138.464,735244.3838
8/24/2020,NWCA11-2382,4551,9/6/2011,2,NWC_RI-10002,EHIGH,Eastern Highlands,NAP,Northern Appalachians,Bristol,North East Coast Region,NE,Northcentral and Northeast,LRR R (Excluding MLRA 143),Region_01,Target_Sampled,H0109000409,Narragansett Bay,H010900040902,TIDAL,41.70993455,41.70993455,-71.30472843,-71.30472843,Northeastern Forage and Forest Region,R,New England Region,H01,248,"New England and Eastern New York Upland, Southern Part",144A,Narragansett Bay,NEP,RI,RI_NCZ,EMU,EMU,State,NWC_11_16,NWC_11_16,Revisit,NWC16_11_TSS,P18,E2EM,RI,ATL,Atlantic Coast,ALL-EH,ALL-EH,PROB,FWS_ST_2005,Rhode Island,F44001,RI,Target,59,Northeastern Coastal Zone,59e,Narragansett/Bristol Lowland,E2EM,E2EM,EH,TIDAL,EMU_E2EM,2110.51039,2017138.464,735244.3838
8/24/2020,NWCA11-2384,4403,8/10/2011,1,NWC_RI-10004,EHIGH,Eastern Highlands,NAP,Northern Appalachians,Washington,North East Coast Region,NE,Northcentral and Northeast,LRR R (Excluding MLRA 143),Region_01,Target_Sampled,H0109000502,Upper Pawcatuck River,H010900050202,INLAND,41.57262016,41.57262016,-71.59088059,-71.59088059,Northeastern Forage and Forest Region,R,New England Region,H01,248,"New England and Eastern New York Upland, Southern Part",144A,Not_NEP,Not_NEP,RI,RI_NCZ,EMU,EMU,Non-Federal,NWC_11_NO,NWC_11_NO,Base,NWC16_11_TSN,P18,PSS,RI,NCE,North Central East,EMU-PRLW,EMU-PRLW,PROB,FWS_ST_2005,Rhode Island,F44009,RI,Target,59,Northeastern Coastal Zone,59c,Southern New England Coastal Plains and Hills,PSS,PSS,PRLW,DPRSS,EMU_PSS,8276.87774,1998188.195,714342.6843
8/24/2020,NWCA11-2385,4401,8/13/2011,1,NWC_RI-10005,EHIGH,Eastern Highlands,NAP,Northern Appalachians,Kent,North East Coast Region,NE,Northcentral and Northeast,LRR R (Excluding MLRA 143),Region_01,Target_Sampled,H0109000501,Wood River,H010900050101,INLAND,41.63038416,41.63038416,-71.78038339,-71.78038339,Northeastern Forage and Forest Region,R,New England Region,H01,248,"New England and Eastern New York Upland, Southern Part",144A,Not_NEP,Not_NEP,RI,RI_NCZ,EMU,EMU,State,NWC_11_NO,NWC_11_NO,Base,NWC16_11_TSN,P18,PFO,RI,NCE,North Central East,EMU-PRLW,EMU-PRLW,PROB,FWS_ST_2005,Rhode Island,F44003,RI,Target,59,Northeastern Coastal Zone,59c,Southern New England Coastal Plains and Hills,PFO,PFO,PRLW,DPRSS,EMU_PFO,18468.53153,1981384.016,716628.9463
8/24/2020,NWCA11-2386,4400,8/9/2011,1,NWC_RI-10006,EHIGH,Eastern Highlands,NAP,Northern Appalachians,Bristol,North East Coast Region,NE,Northcentral and Northeast,LRR R (Excluding MLRA 143),Region_01,Target_Sampled,H0109000407,Palmer River,H010900040702,INLAND,41.71123398,41.71123398,-71.27522754,-71.27522754,Northeastern Forage and Forest Region,R,New England Region,H01,248,"New England and Eastern New York Upland, Southern Part",144A,Narragansett Bay,NEP,RI,RI_NCZ,EMU,EMU,Non-Federal,NWC_11_NO,NWC_11_NO,Base,NWC16_11_TSN,P18,PEM,RI,NCE,North Central East,EMU-PRLH,EMU-PRLH,PROB,FWS_ST_2005,Rhode Island,F44001,RI,Target,59,Northeastern Coastal Zone,59e,Narragansett/Bristol Lowland,PEM,PEM,PRLH,DPRSS,EMU_PEM,516.1113,2019456.145,736011.4353
8/24/2020,NWCA11-2388,4399,8/11/2011,1,NWC_RI-10008,EHIGH,Eastern Highlands,NAP,Northern Appalachians,Washington,North East Coast Region,NE,Northcentral and Northeast,LRR R (Excluding MLRA 143),Region_01,Target_Sampled,H0109000502,Upper Pawcatuck River,H010900050202,INLAND,41.56882092,41.56882092,-71.58780557,-71.58780557,Northeastern Forage and Forest Region,R,New England Region,H01,248,"New England and Eastern New York Upland, Southern Part",144A,Not_NEP,Not_NEP,RI,RI_NCZ,EMU,EMU,Non-Federal,NWC_11_NO,NWC_11_NO,Base,NWC16_11_TSN,P18,PUBPAB,RI,NCE,North Central East,EMU-PRLH,EMU-PRLH,PROB,FWS_ST_2005,Rhode Island,F44009,RI,Target,59,Northeastern Coastal Zone,59c,Southern New England Coastal Plains and Hills,PUBPAB,PUBPAB,PRLH,DPRSS,EMU_PUBPAB,1528.51957,1998542.389,713996.1037
8/24/2020,NWCA11-2389,4398,8/14/2011,1,NWC_RI-10009,EHIGH,Eastern Highlands,NAP,Northern Appalachians,Kent,North East Coast Region,NE,Northcentral and Northeast,LRR R (Excluding MLRA 143),Region_01,Target_Sampled,H0109000501,Wood River,H010900050101,INLAND,41.6142897,41.6142897,-71.75385925,-71.75385925,Northeastern Forage and Forest Region,R,New England Region,H01,248,"New England and Eastern New York Upland, Southern Part",144A,Not_NEP,Not_NEP,RI,RI_NCZ,EMU,EMU,Non-Federal,NWC_11_NO,NWC_11_NO,Base,NWC16_11_TSN,P18,PSS,RI,NCE,North Central East,EMU-PRLW,EMU-PRLW,PROB,FWS_ST_2005,Rhode Island,F44003,RI,Target,59,Northeastern Coastal Zone,59c,Southern New England Coastal Plains and Hills,PSS,PSS,PRLW,DPRSS,EMU_PSS,8276.87774,1983961.226,715439.4394
8/24/2020,NWCA11-2390,4397,8/8/2011,1,NWC_RI-10010,EHIGH,Eastern Highlands,NAP,Northern Appalachians,Bristol,North East Coast Region,NE,Northcentral and Northeast,LRR R (Excluding MLRA 143),Region_01,Target_Sampled,H0109000407,Palmer River,H010900040702,TIDAL,41.71083592,41.71083592,-71.28859438,-71.28859438,Northeastern Forage and Forest Region,R,New England Region,H01,248,"New England and Eastern New York Upland, Southern Part",144A,Narragansett Bay,NEP,RI,RI_NCZ,EMU,EMU,Non-Federal,NWC_11_NO,NWC_11_NO,Base,NWC16_11_TSN,P18,E2EM,RI,ATL,Atlantic Coast,ALL-EH,ALL-EH,PROB,FWS_ST_2005,Rhode Island,F44001,RI,Target,59,Northeastern Coastal Zone,59e,Narragansett/Bristol Lowland,E2EM,E2EM,EH,TIDAL,EMU_E2EM,2110.51039,2018400.553,735684.4199
8/24/2020,NWCA11-2392,4396,8/16/2011,1,NWC_RI-10012,EHIGH,Eastern Highlands,NAP,Northern Appalachians,Washington,North East Coast Region,NE,Northcentral and Northeast,LRR R (Excluding MLRA 143),Region_01,Target_Sampled,H0109000409,Narragansett Bay,H010900040912,INLAND,41.46075831,41.46075831,-71.43678042,-71.43678042,Northeastern Forage and Forest Region,R,New England Region,H01,248,"New England and Eastern New York Upland, Southern Part",144A,Not_NEP,Not_NEP,RI,RI_NCZ,EMU,EMU,State,NWC_11_16,NWC_11_16,OverSamp,NWC16_11_TSS,P18,PFO,RI,NCE,North Central East,EMU-PRLW,EMU-PRLW,PROB,FWS_ST_2005,Rhode Island,F44009,RI,Target,59,Northeastern Coastal Zone,59e,Narragansett/Bristol Lowland,PFO,PFO,PRLW,DPRSS,EMU_PFO,4865.89586,2013721.989,705488.99
8/24/2020,NWCA11-2393,4549,9/9/2011,1,NWC_RI-10013,EHIGH,Eastern Highlands,NAP,Northern Appalachians,Providence,North East Coast Region,NE,Northcentral and Northeast,LRR R (Excluding MLRA 143),Region_01,Target_Sampled,H0109000405,Woonasquatucket River-Moshassuck River,H010900040502,INLAND,41.85764781,41.85764781,-71.56537866,-71.56537866,Northeastern Forage and Forest Region,R,New England Region,H01,248,"New England and Eastern New York Upland, Southern Part",144A,Narragansett Bay,NEP,RI,RI_NCZ,EMU,EMU,Non-Federal,NWC_11_16,NWC_11_16,OverSamp,NWC16_11_TSS,P18,PEM,RI,NCE,North Central East,EMU-PRLH,EMU-PRLH,PROB,FWS_ST_2005,Rhode Island,F44007,RI,Target,59,Northeastern Coastal Zone,59c,Southern New England Coastal Plains and Hills,PEM,PEM,PRLH,DPRSS,EMU_PEM,1958.90297,1992119.223,745724.7755
8/24/2020,NWCA11-2401,5090,4/4/2011,1,NWC_SC-10001,EHIGH,Eastern Highlands,SAP,Southern Appalachians,McCormick,Not Coast,E_MTNS,Eastern Mountains and Piedmont,LRR P (MLRA 136),Region_04,Target_Sampled,H0306010307,Thrumond Lake-Savannah River,H030601030711,INLAND,33.94470375,33.94470375,-82.31824702,-82.31824702,"South Atlantic and Gulf Slope Cash Crops, Forest, and Livestock Region",P,South Atlantic Gulf Region,H03,240,Southern Piedmont,136,Not_NEP,Not_NEP,SC,SC_P,EMU,EMU,Non-Federal,NWC_11_16,NWC_11_16,Revisit,NWC16_11_TSS,P14,PUBPAB,SC,SAP,Southern Appalachians,EMU-PRLH,EMU-PRLH,PROB,FWS_ST_2005,South Carolina,F45065,SC,Target,45,Piedmont,45b,Southern Outer Piedmont,PUBPAB,PUBPAB,PRLH,FLATS,EMU_PUBPAB,76466.43734,1251090.018,-307774.9501
8/24/2020,NWCA11-2401,3316,4/27/2011,2,NWC_SC-10001,EHIGH,Eastern Highlands,SAP,Southern Appalachians,McCormick,Not Coast,E_MTNS,Eastern Mountains and Piedmont,LRR P (MLRA 136),Region_04,Target_Sampled,H0306010307,Thrumond Lake-Savannah River,H030601030711,INLAND,33.94470375,33.94470375,-82.31824702,-82.31824702,"South Atlantic and Gulf Slope Cash Crops, Forest, and Livestock Region",P,South Atlantic Gulf Region,H03,240,Southern Piedmont,136,Not_NEP,Not_NEP,SC,SC_P,EMU,EMU,Non-Federal,NWC_11_16,NWC_11_16,Revisit,NWC16_11_TSS,P14,PUBPAB,SC,SAP,Southern Appalachians,EMU-PRLH,EMU-PRLH,PROB,FWS_ST_2005,South Carolina,F45065,SC,Target,45,Piedmont,45b,Southern Outer Piedmont,PUBPAB,PUBPAB,PRLH,FLATS,EMU_PUBPAB,76466.43734,1251090.018,-307774.9501
8/24/2020,NWCA11-2402,3366,4/6/2011,1,NWC_SC-10002,PLNLOW,Plains and Lowlands,CPL,Coastal Plains,Jasper,South East Coast Region,CSTL_PLAIN,Atlantic and Gulf Coastal Plain,"LRR T (MLRA 152A, 152B, 153A)",Region_04,Target_Sampled,H0306010903,Dasher Creek-Savannah River,H030601090307,INLAND,32.26787523,32.26787523,-81.12259198,-81.12259198,Atlantic and Gulf Coast Lowland Forest and Crop Region,T,South Atlantic Gulf Region,H03,261,Atlantic Coast Flatwoods,153A,Not_NEP,Not_NEP,SC,SC_SCP,CPL,CPL,FWS,NWC_11_16,NWC_11_16,Revisit,NWC16_11_TSS,P13,PFO,SC,ICP,Inland Coastal Plains,CPL-PRLW,CPL-PRLW,PROB,FWS_ST_2005,South Carolina,F45053,SC,Target,75,Southern Coastal Plain,75i,Floodplains and Low Terraces,PFO,PFO,PRLW,RIVERINE,CPL_PFO,192119.1162,1388745.697,-476225.1748
8/24/2020,NWCA11-2402,3315,4/25/2011,2,NWC_SC-10002,PLNLOW,Plains and Lowlands,CPL,Coastal Plains,Jasper,South East Coast Region,CSTL_PLAIN,Atlantic and Gulf Coastal Plain,"LRR T (MLRA 152A, 152B, 153A)",Region_04,Target_Sampled,H0306010903,Dasher Creek-Savannah River,H030601090307,INLAND,32.26787523,32.26787523,-81.12259198,-81.12259198,Atlantic and Gulf Coast Lowland Forest and Crop Region,T,South Atlantic Gulf Region,H03,261,Atlantic Coast Flatwoods,153A,Not_NEP,Not_NEP,SC,SC_SCP,CPL,CPL,FWS,NWC_11_16,NWC_11_16,Revisit,NWC16_11_TSS,P13,PFO,SC,ICP,Inland Coastal Plains,CPL-PRLW,CPL-PRLW,PROB,FWS_ST_2005,South Carolina,F45053,SC,Target,75,Southern Coastal Plain,75i,Floodplains and Low Terraces,PFO,PFO,PRLW,RIVERINE,CPL_PFO,192119.1162,1388745.697,-476225.1748
8/24/2020,NWCA11-2403,5142,6/27/2011,1,NWC_SC-10003,PLNLOW,Plains and Lowlands,CPL,Coastal Plains,Charleston,South East Coast Region,CSTL_PLAIN,Atlantic and Gulf Coastal Plain,LRR T (MLRA 153B),Region_04,Target_Sampled,H0305020604,North Edisto River,H030502060405,TIDAL,32.64357232,32.64357232,-80.28364324,-80.28364324,Atlantic and Gulf Coast Lowland Forest and Crop Region,T,South Atlantic Gulf Region,H03,262,Tidewater Area,153B,Not_NEP,Not_NEP,SC,SC_SCP,CPL,CPL,Non-Federal,NWC_11_NO,NWC_11_NO,Base,NWC16_11_TSN,P36,E2SS,SC,ATL,Atlantic Coast,ALL-EH,ALL-EH,PROB,FWS_ST_2005,South Carolina,F45019,SC,Target,75,Southern Coastal Plain,75j,Sea Islands/Coastal Marsh,E2SS,E2EM,EH,TIDAL,CPL_E2SS,239.97439,1459465.745,-422302.0932
8/24/2020,NWCA11-2404,3404,5/3/2011,1,NWC_SC-10004,PLNLOW,Plains and Lowlands,CPL,Coastal Plains,Charleston,South East Coast Region,CSTL_PLAIN,Atlantic and Gulf Coastal Plain,LRR T (MLRA 153B),Region_04,Target_Sampled,H0305020902,Bulls Bay,H030502090203,TIDAL,32.81787075,32.81787075,-79.72715247,-79.72715247,Atlantic and Gulf Coast Lowland Forest and Crop Region,T,South Atlantic Gulf Region,H03,262,Tidewater Area,153B,Not_NEP,Not_NEP,SC,SC_SCP,CPL,CPL,Non-Federal,NWC_11_NO,NWC_11_NO,Base,NWC16_11_TSN,P36,E2SS,SC,ATL,Atlantic Coast,ALL-EH,ALL-EH,PROB,FWS_ST_2005,South Carolina,F45019,SC,Target,75,Southern Coastal Plain,75j,Sea Islands/Coastal Marsh,E2SS,E2EM,EH,TIDAL,CPL_E2SS,239.97439,1507332.573,-394446.4135
8/24/2020,NWCA11-2407,2769,5/16/2011,1,NWC_SC-10007,PLNLOW,Plains and Lowlands,CPL,Coastal Plains,Charleston,South East Coast Region,CSTL_PLAIN,Atlantic and Gulf Coastal Plain,LRR T (MLRA 153B),Region_04,Target_Sampled,H0305020604,North Edisto River,H030502060403,TIDAL,32.6200848,32.6200848,-80.22069279,-80.22069279,Atlantic and Gulf Coast Lowland Forest and Crop Region,T,South Atlantic Gulf Region,H03,262,Tidewater Area,153B,Not_NEP,Not_NEP,SC,SC_SCP,CPL,CPL,Non-Federal,NWC_11_NO,NWC_11_NO,Base,NWC16_11_TSN,P36,PUBPAB,SC,ATL,Atlantic Coast,ALL-EH,ALL-EH,PROB,FWS_ST_2005,South Carolina,F45019,SC,Target,75,Southern Coastal Plain,75j,Sea Islands/Coastal Marsh,PUBPAB,E2EM,EH,TIDAL,CPL_PUBPAB,12015.07292,1465690.777,-423917.1288
8/24/2020,NWCA11-2408,5216,6/14/2011,1,NWC_SC-10008,PLNLOW,Plains and Lowlands,CPL,Coastal Plains,Charleston,South East Coast Region,CSTL_PLAIN,Atlantic and Gulf Coastal Plain,LRR T (MLRA 153B),Region_04,Target_Sampled,H0305020902,Bulls Bay,H030502090203,TIDAL,32.91191732,32.91191732,-79.67633587,-79.67633587,Atlantic and Gulf Coast Lowland Forest and Crop Region,T,South Atlantic Gulf Region,H03,262,Tidewater Area,153B,Not_NEP,Not_NEP,SC,SC_SCP,CPL,CPL,Non-Federal,NWC_11_NO,NWC_11_NO,Base,NWC16_11_TSN,P36,E2EM,SC,ATL,Atlantic Coast,ALL-EH,ALL-EH,PROB,FWS_ST_2005,South Carolina,F45019,SC,Target,75,Southern Coastal Plain,75j,Sea Islands/Coastal Marsh,E2EM,E2EM,EH,TIDAL,CPL_E2EM,27088.86311,1510199.722,-383299.9774
8/24/2020,NWCA11-2410,3275,4/11/2011,1,NWC_SC-10010,PLNLOW,Plains and Lowlands,CPL,Coastal Plains,Beaufort,South East Coast Region,CSTL_PLAIN,Atlantic and Gulf Coastal Plain,LRR T (MLRA 153B),Region_04,Target_Sampled,H0305020711,Coosaw River-Port Royal Sound,H030502071102,TIDAL,32.52797655,32.52797655,-80.59788235,-80.59788235,Atlantic and Gulf Coast Lowland Forest and Crop Region,T,South Atlantic Gulf Region,H03,262,Tidewater Area,153B,Not_NEP,Not_NEP,SC,SC_SCP,CPL,CPL,Non-Federal,NWC_11_NO,NWC_11_NO,Base,NWC16_11_TSN,P36,E2SS,SC,ATL,Atlantic Coast,ALL-EW,ALL-EW,PROB,FWS_ST_2005,South Carolina,F45013,SC,Target,75,Southern Coastal Plain,75j,Sea Islands/Coastal Marsh,E2SS,E2SS,EW,UND,CPL_E2SS,239.97439,1432623.529,-439803.5378
8/24/2020,NWCA11-2411,5206,6/20/2011,1,NWC_SC-10011,PLNLOW,Plains and Lowlands,CPL,Coastal Plains,Beaufort,South East Coast Region,CSTL_PLAIN,Atlantic and Gulf Coastal Plain,LRR T (MLRA 153B),Region_04,Target_Sampled,H0305020805,Beaufort River-Atlantic Intracoastal Waterway,H030502080503,TIDAL,32.39746088,32.39746088,-80.63893141,-80.63893141,Atlantic and Gulf Coast Lowland Forest and Crop Region,T,South Atlantic Gulf Region,H03,262,Tidewater Area,153B,Not_NEP,Not_NEP,SC,SC_SCP,CPL,CPL,Non-Federal,NWC_11_NO,NWC_11_NO,Base,NWC16_11_TSN,P36,E2SS,SC,ATL,Atlantic Coast,ALL-EH,ALL-EH,PROB,FWS_ST_2005,South Carolina,F45013,SC,Target,75,Southern Coastal Plain,75j,Sea Islands/Coastal Marsh,E2SS,E2EM,EH,TIDAL,CPL_E2SS,239.97439,1431180.879,-454785.1936
8/24/2020,NWCA11-2412,3405,5/31/2011,1,NWC_SC-10012,PLNLOW,Plains and Lowlands,CPL,Coastal Plains,Horry,South East Coast Region,CSTL_PLAIN,Atlantic and Gulf Coastal Plain,LRR T (MLRA 153B),Region_04,Target_Sampled,H0304020803,Little River,H030402080302,TIDAL,33.8781886,33.8781886,-78.5733072,-78.5733072,Atlantic and Gulf Coast Lowland Forest and Crop Region,T,South Atlantic Gulf Region,H03,262,Tidewater Area,153B,Not_NEP,Not_NEP,SC,SC_CP,CPL,CPL,Non-Federal,NWC_11_NO,NWC_11_NO,Base,NWC16_11_TSN,P36,E2EM,SC,ATL,Atlantic Coast,ALL-EH,ALL-EH,PROB,FWS_ST_2005,South Carolina,F45051,SC,Target,63,Middle Atlantic Coastal Plain,63g,Carolinian Barrier Islands and Coastal Marshes,E2EM,E2EM,EH,TIDAL,CPL_E2EM,27088.86311,1591462.532,-259094.828
8/24/2020,NWCA11-2415,3547,5/25/2011,1,NWC_SC-10015,PLNLOW,Plains and Lowlands,CPL,Coastal Plains,Charleston,South East Coast Region,CSTL_PLAIN,Atlantic and Gulf Coastal Plain,LRR T (MLRA 153B),Region_04,Target_Sampled,H0305011203,South Santee River,H030501120303,INLAND,33.1797071,33.1797071,-79.44977203,-79.44977203,Atlantic and Gulf Coast Lowland Forest and Crop Region,T,South Atlantic Gulf Region,H03,262,Tidewater Area,153B,Not_NEP,Not_NEP,SC,SC_SCP,CPL,CPL,Non-Federal,NWC_11_NO,NWC_11_NO,Base,NWC16_11_TSN,P13,PFO,SC,ICP,Inland Coastal Plains,CPL-PRLW,CPL-PRLW,PROB,FWS_ST_2005,South Carolina,F45019,SC,Target,75,Southern Coastal Plain,75j,Sea Islands/Coastal Marsh,PFO,PFO,PRLW,DPRSS,CPL_PFO,192119.1162,1525770.857,-350238.9903
8/24/2020,NWCA11-2416,5091,8/1/2011,1,NWC_SC-10016,PLNLOW,Plains and Lowlands,CPL,Coastal Plains,Marion,South East Coast Region,CSTL_PLAIN,Atlantic and Gulf Coastal Plain,"LRR T (MLRA 152A, 152B, 153A)",Region_04,Target_Sampled,H0304020112,Bull Swamp-Great Pee Dee River,H030402011202,INLAND,33.97099595,33.97099595,-79.45420731,-79.45420731,Atlantic and Gulf Coast Lowland Forest and Crop Region,T,South Atlantic Gulf Region,H03,261,Atlantic Coast Flatwoods,153A,Not_NEP,Not_NEP,SC,SC_CP,CPL,CPL,State,NWC_11_NO,NWC_11_NO,Base,NWC16_11_TSN,P13,PFO,SC,ICP,Inland Coastal Plains,CPL-PRLW,CPL-PRLW,PROB,FWS_ST_2005,South Carolina,F45067,SC,Target,63,Middle Atlantic Coastal Plain,63n,Mid-Atlantic Floodplains and Low Terraces,PFO,PFO,PRLW,RIVERINE,CPL_PFO,192119.1162,1510055.826,-263263.6624
8/24/2020,NWCA11-2417,5094,8/3/2011,1,NWC_SC-10017,PLNLOW,Plains and Lowlands,CPL,Coastal Plains,Sumter,South East Coast Region,CSTL_PLAIN,Atlantic and Gulf Coastal Plain,"LRR T (MLRA 152A, 152B, 153A)",Region_04,Target_Sampled,H0304020506,Upper Black River,H030402050602,INLAND,33.88595449,33.88595449,-80.15042018,-80.15042018,Atlantic and Gulf Coast Lowland Forest and Crop Region,T,South Atlantic Gulf Region,H03,261,Atlantic Coast Flatwoods,153A,Not_NEP,Not_NEP,SC,SC_CP,CPL,CPL,Non-Federal,NWC_11_NO,NWC_11_NO,Base,NWC16_11_TSN,P13,PFO,SC,ICP,Inland Coastal Plains,CPL-PRLW,CPL-PRLW,PROB,FWS_ST_2005,South Carolina,F45085,SC,Target,63,Middle Atlantic Coastal Plain,63n,Mid-Atlantic Floodplains and Low Terraces,PFO,PFO,PRLW,RIVERINE,CPL_PFO,192119.1162,1448696.755,-283467.1866
8/24/2020,NWCA11-2418,2750,4/13/2011,1,NWC_SC-10018,PLNLOW,Plains and Lowlands,CPL,Coastal Plains,Beaufort,South East Coast Region,CSTL_PLAIN,Atlantic and Gulf Coastal Plain,LRR T (MLRA 153B),Region_04,Target_Sampled,H0305020805,Beaufort River-Atlantic Intracoastal Waterway,H030502080503,TIDAL,32.39959155,32.39959155,-80.65901056,-80.65901056,Atlantic and Gulf Coast Lowland Forest and Crop Region,T,South Atlantic Gulf Region,H03,262,Tidewater Area,153B,Not_NEP,Not_NEP,SC,SC_SCP,CPL,CPL,Non-Federal,NWC_11_NO,NWC_11_NO,Base,NWC16_11_TSN,P36,E2EM,SC,ATL,Atlantic Coast,ALL-EH,ALL-EH,PROB,FWS_ST_2005,South Carolina,F45013,SC,Target,75,Southern Coastal Plain,75j,Sea Islands/Coastal Marsh,E2EM,E2EM,EH,TIDAL,CPL_E2EM,27088.86311,1429288.224,-454852.9156
8/24/2020,NWCA11-2420,3358,5/5/2011,1,NWC_SC-10020,PLNLOW,Plains and Lowlands,CPL,Coastal Plains,Charleston,South East Coast Region,CSTL_PLAIN,Atlantic and Gulf Coastal Plain,LRR T (MLRA 153B),Region_04,Target_Sampled,H0305020902,Bulls Bay,H030502090203,TIDAL,32.81910575,32.81910575,-79.72651955,-79.72651955,Atlantic and Gulf Coast Lowland Forest and Crop Region,T,South Atlantic Gulf Region,H03,262,Tidewater Area,153B,Not_NEP,Not_NEP,SC,SC_SCP,CPL,CPL,Non-Federal,NWC_11_NO,NWC_11_NO,Base,NWC16_11_TSN,P36,E2SS,SC,ATL,Atlantic Coast,ALL-EH,ALL-EH,PROB,FWS_ST_2005,South Carolina,F45019,SC,Target,75,Southern Coastal Plain,75j,Sea Islands/Coastal Marsh,E2SS,E2EM,EH,TIDAL,CPL_E2SS,239.97439,1507367.146,-394300.5999
8/24/2020,NWCA11-2423,5340,6/6/2011,1,NWC_SC-10023,PLNLOW,Plains and Lowlands,CPL,Coastal Plains,Charleston,South East Coast Region,CSTL_PLAIN,Atlantic and Gulf Coastal Plain,LRR T (MLRA 153B),Region_04,Target_Sampled,H0305020202,Stono River,H030502020207,TIDAL,32.56770511,32.56770511,-80.15951581,-80.15951581,Atlantic and Gulf Coast Lowland Forest and Crop Region,T,South Atlantic Gulf Region,H03,262,Tidewater Area,153B,Not_NEP,Not_NEP,SC,SC_SCP,CPL,CPL,Non-Federal,NWC_11_NO,NWC_11_NO,Base,NWC16_11_TSN,P36,E2SS,SC,ATL,Atlantic Coast,ALL-EW,ALL-EW,PROB,FWS_ST_2005,South Carolina,F45019,SC,Target,75,Southern Coastal Plain,75j,Sea Islands/Coastal Marsh,E2SS,E2SS,EW,DPRSS,CPL_E2SS,239.97439,1472289.949,-428732.7639
8/24/2020,NWCA11-2424,5131,7/6/2011,1,NWC_SC-10024,PLNLOW,Plains and Lowlands,CPL,Coastal Plains,Charleston,South East Coast Region,CSTL_PLAIN,Atlantic and Gulf Coastal Plain,LRR T (MLRA 153B),Region_04,Target_Sampled,H0305020901,Cape Romain,H030502090101,TIDAL,33.01048243,33.01048243,-79.37628417,-79.37628417,Atlantic and Gulf Coast Lowland Forest and Crop Region,T,South Atlantic Gulf Region,H03,262,Tidewater Area,153B,Not_NEP,Not_NEP,SC,SC_SCP,CPL,CPL,FWS,NWC_11_NO,NWC_11_NO,Base,NWC16_11_TSN,P36,E2EM,SC,ATL,Atlantic Coast,ALL-EH,ALL-EH,PROB,FWS_ST_2005,South Carolina,F45019,SC,Target,75,Southern Coastal Plain,75j,Sea Islands/Coastal Marsh,E2EM,E2EM,EH,TIDAL,CPL_E2EM,27088.86311,1535763.899,-367656.8268
8/24/2020,NWCA11-2426,2611,4/18/2011,1,NWC_SC-10026,PLNLOW,Plains and Lowlands,CPL,Coastal Plains,Colleton,South East Coast Region,CSTL_PLAIN,Atlantic and Gulf Coastal Plain,LRR T (MLRA 153B),Region_04,Target_Sampled,H0305020710,Lower Ashepoo River,H030502071003,TIDAL,32.5344469,32.5344469,-80.45276742,-80.45276742,Atlantic and Gulf Coast Lowland Forest and Crop Region,T,South Atlantic Gulf Region,H03,262,Tidewater Area,153B,Not_NEP,Not_NEP,SC,SC_SCP,CPL,CPL,State,NWC_11_16,NWC_11_16,Base,NWC16_11_TSS,P36,E2EM,SC,ATL,Atlantic Coast,ALL-EH,ALL-EH,PROB,FWS_ST_2005,South Carolina,F45029,SC,Target,75,Southern Coastal Plain,75j,Sea Islands/Coastal Marsh,E2EM,E2EM,EH,TIDAL,CPL_E2EM,27088.86311,1445883.765,-436893.7849
8/24/2020,NWCA11-2427,3453,7/26/2011,1,NWC_SC-10027,PLNLOW,Plains and Lowlands,CPL,Coastal Plains,Georgetown,South East Coast Region,CSTL_PLAIN,Atlantic and Gulf Coastal Plain,LRR T (MLRA 153B),Region_04,Target_Sampled,H0304020702,Great Pee Dee River-Winyah Bay,H030402070208,TIDAL,33.19883573,33.19883573,-79.18915305,-79.18915305,Atlantic and Gulf Coast Lowland Forest and Crop Region,T,South Atlantic Gulf Region,H03,262,Tidewater Area,153B,Not_NEP,Not_NEP,SC,SC_SCP,CPL,CPL,State,NWC_11_NO,NWC_11_NO,Base,NWC16_11_TSN,P36,E2EM,SC,ATL,Atlantic Coast,ALL-EH,ALL-EH,PROB,FWS_ST_2005,South Carolina,F45043,SC,Target,75,Southern Coastal Plain,75j,Sea Islands/Coastal Marsh,E2EM,E2EM,EH,TIDAL,CPL_E2EM,27088.86311,1549172.472,-343920.033
8/24/2020,NWCA11-2431,5248,6/14/2011,1,NWC_SC-10031,PLNLOW,Plains and Lowlands,CPL,Coastal Plains,Charleston,South East Coast Region,CSTL_PLAIN,Atlantic and Gulf Coastal Plain,LRR T (MLRA 153B),Region_04,Target_Sampled,H0305020902,Bulls Bay,H030502090203,TIDAL,32.82037206,32.82037206,-79.73513528,-79.73513528,Atlantic and Gulf Coast Lowland Forest and Crop Region,T,South Atlantic Gulf Region,H03,262,Tidewater Area,153B,Not_NEP,Not_NEP,SC,SC_SCP,CPL,CPL,Non-Federal,NWC_11_NO,NWC_11_NO,Base,NWC16_11_TSN,P36,E2SS,SC,ATL,Atlantic Coast,ALL-EH,ALL-EH,PROB,FWS_ST_2005,South Carolina,F45019,SC,Target,75,Southern Coastal Plain,75j,Sea Islands/Coastal Marsh,E2SS,E2EM,EH,TIDAL,CPL_E2SS,239.97439,1506552.842,-394298.0031
8/24/2020,NWCA11-2432,2752,5/11/2011,1,NWC_SC-10032,PLNLOW,Plains and Lowlands,CPL,Coastal Plains,Marion,South East Coast Region,CSTL_PLAIN,Atlantic and Gulf Coastal Plain,LRR P,Region_04,Target_Sampled,H0304020110,Tobys Creek-Great Pee Dee River,H030402011003,INLAND,34.18050366,34.18050366,-79.54721339,-79.54721339,"South Atlantic and Gulf Slope Cash Crops, Forest, and Livestock Region",P,South Atlantic Gulf Region,H03,234,Southern Coastal Plain,133A,Not_NEP,Not_NEP,SC,SC_CP,CPL,CPL,Non-Federal,NWC_11_NO,NWC_11_NO,Base,NWC16_11_TSN,P13,PFO,SC,ICP,Inland Coastal Plains,CPL-PRLW,CPL-PRLW,PROB,FWS_ST_2005,South Carolina,F45067,SC,Target,65,Southeastern Plains,65p,Southeastern Floodplains and Low Terraces,PFO,PFO,PRLW,DPRSS,CPL_PFO,192119.1162,1497619.034,-241671.0191
8/24/2020,NWCA11-2433,5249,4/20/2011,1,NWC_SC-10033,PLNLOW,Plains and Lowlands,CPL,Coastal Plains,Darlington,South East Coast Region,CSTL_PLAIN,Atlantic and Gulf Coastal Plain,LRR P,Region_04,Target_Sampled,H0304020109,Jeffries Creek,H030402010902,INLAND,34.30138636,34.30138636,-80.06408546,-80.06408546,"South Atlantic and Gulf Slope Cash Crops, Forest, and Livestock Region",P,South Atlantic Gulf Region,H03,234,Southern Coastal Plain,133A,Not_NEP,Not_NEP,SC,SC_CP,CPL,CPL,Non-Federal,NWC_11_NO,NWC_11_NO,Base,NWC16_11_TSN,P14,PFO,SC,ICP,Inland Coastal Plains,CPL-PRLW,CPL-PRLW,PROB,FWS_ST_2005,South Carolina,F45031,SC,Target,65,Southeastern Plains,65l,Atlantic Southern Loam Plains,PFO,PSS,PRLW,DPRSS,CPL_PFO,528330.4386,1448764.231,-236365.5405
8/24/2020,NWCA11-2434,2791,5/9/2011,1,NWC_SC-10034,PLNLOW,Plains and Lowlands,CPL,Coastal Plains,Beaufort,South East Coast Region,CSTL_PLAIN,Atlantic and Gulf Coastal Plain,LRR T (MLRA 153B),Region_04,Target_Sampled,H0305020805,Beaufort River-Atlantic Intracoastal Waterway,H030502080502,TIDAL,32.39303529,32.39303529,-80.6638329,-80.6638329,Atlantic and Gulf Coast Lowland Forest and Crop Region,T,South Atlantic Gulf Region,H03,262,Tidewater Area,153B,Not_NEP,Not_NEP,SC,SC_SCP,CPL,CPL,Non-Federal,NWC_11_16,NWC_11_16,Base,NWC16_11_TSS,P36,E2SS,SC,ATL,Atlantic Coast,ALL-EH,ALL-EH,PROB,FWS_ST_2005,South Carolina,F45013,SC,Target,75,Southern Coastal Plain,75j,Sea Islands/Coastal Marsh,E2SS,E2EM,EH,FLATS,CPL_E2SS,239.97439,1428960.297,-455646.9199
8/24/2020,NWCA11-2435,2792,5/18/2011,1,NWC_SC-10035,PLNLOW,Plains and Lowlands,CPL,Coastal Plains,Charleston,South East Coast Region,CSTL_PLAIN,Atlantic and Gulf Coastal Plain,LRR T (MLRA 153B),Region_04,Target_Sampled,H0305020604,North Edisto River,H030502060401,TIDAL,32.66363368,32.66363368,-80.28484663,-80.28484663,Atlantic and Gulf Coast Lowland Forest and Crop Region,T,South Atlantic Gulf Region,H03,262,Tidewater Area,153B,Not_NEP,Not_NEP,SC,SC_SCP,CPL,CPL,Non-Federal,NWC_11_NO,NWC_11_NO,Base,NWC16_11_TSN,P36,E2SS,SC,ATL,Atlantic Coast,ALL-EH,ALL-EH,PROB,FWS_ST_2005,South Carolina,F45019,SC,Target,75,Southern Coastal Plain,75j,Sea Islands/Coastal Marsh,E2SS,E2EM,EH,TIDAL,CPL_E2SS,239.97439,1458986.667,-420113.4255
8/24/2020,NWCA11-2436,5250,6/15/2011,1,NWC_SC-10036,PLNLOW,Plains and Lowlands,CPL,Coastal Plains,Charleston,South East Coast Region,CSTL_PLAIN,Atlantic and Gulf Coastal Plain,LRR T (MLRA 153B),Region_04,Target_Sampled,H0305020902,Bulls Bay,H030502090203,TIDAL,32.89392946,32.89392946,-79.68520072,-79.68520072,Atlantic and Gulf Coast Lowland Forest and Crop Region,T,South Atlantic Gulf Region,H03,262,Tidewater Area,153B,Not_NEP,Not_NEP,SC,SC_SCP,CPL,CPL,Non-Federal,NWC_11_NO,NWC_11_NO,Base,NWC16_11_TSN,P36,E2EM,SC,ATL,Atlantic Coast,ALL-EH,ALL-EH,PROB,FWS_ST_2005,South Carolina,F45019,SC,Target,75,Southern Coastal Plain,75j,Sea Islands/Coastal Marsh,E2EM,E2EM,EH,TIDAL,CPL_E2EM,27088.86311,1509730.55,-385418.4908
8/24/2020,NWCA11-2437,3676,8/17/2011,1,NWC_SC-10037,PLNLOW,Plains and Lowlands,CPL,Coastal Plains,Orangeburg,Not Coast,CSTL_PLAIN,Atlantic and Gulf Coastal Plain,LRR P,Region_04,Target_Sampled,H0305020303,Lower North Fork Edisto River,H030502030303,INLAND,33.60702627,33.60702627,-80.99803233,-80.99803233,"South Atlantic and Gulf Slope Cash Crops, Forest, and Livestock Region",P,South Atlantic Gulf Region,H03,234,Southern Coastal Plain,133A,Not_NEP,Not_NEP,SC,SC_CP,CPL,CPL,Non-Federal,NWC_11_NO,NWC_11_NO,Base,NWC16_11_TSN,P14,PUBPAB,SC,ICP,Inland Coastal Plains,CPL-PRLW,CPL-PRLW,PROB,FWS_ST_2005,South Carolina,F45075,SC,Target,65,Southeastern Plains,65l,Atlantic Southern Loam Plains,PUBPAB,PFO,PRLW,RIVERINE,CPL_PUBPAB,76466.43734,1376784.512,-326820.5468
8/24/2020,NWCA11-2442,5130,6/29/2011,1,NWC_SC-10042,PLNLOW,Plains and Lowlands,CPL,Coastal Plains,Colleton,South East Coast Region,CSTL_PLAIN,Atlantic and Gulf Coastal Plain,LRR T (MLRA 153B),Region_04,Target_Sampled,H0305020710,Lower Ashepoo River,H030502071003,TIDAL,32.52475031,32.52475031,-80.46577144,-80.46577144,Atlantic and Gulf Coast Lowland Forest and Crop Region,T,South Atlantic Gulf Region,H03,262,Tidewater Area,153B,Not_NEP,Not_NEP,SC,SC_SCP,CPL,CPL,State,NWC_11_NO,NWC_11_NO,OverSamp,NWC16_11_TSN,P36,E2EM,SC,ATL,Atlantic Coast,ALL-EH,ALL-EH,PROB,FWS_ST_2005,South Carolina,F45029,SC,Target,75,Southern Coastal Plain,75j,Sea Islands/Coastal Marsh,E2EM,E2EM,EH,TIDAL,CPL_E2EM,27088.86311,1444861.167,-438158.492
8/24/2020,NWCA11-2443,3678,8/15/2011,1,NWC_SC-10043,PLNLOW,Plains and Lowlands,CPL,Coastal Plains,Georgetown,South East Coast Region,CSTL_PLAIN,Atlantic and Gulf Coastal Plain,LRR T (MLRA 153B),Region_04,Target_Sampled,H0304020702,Great Pee Dee River-Winyah Bay,H030402070208,TIDAL,33.19671661,33.19671661,-79.18662108,-79.18662108,Atlantic and Gulf Coast Lowland Forest and Crop Region,T,South Atlantic Gulf Region,H03,262,Tidewater Area,153B,Not_NEP,Not_NEP,SC,SC_SCP,CPL,CPL,State,NWC_11_NO,NWC_11_NO,OverSamp,NWC16_11_TSN,P36,E2SS,SC,ATL,Atlantic Coast,ALL-EH,ALL-EH,PROB,FWS_ST_2005,South Carolina,F45043,SC,Target,75,Southern Coastal Plain,75j,Sea Islands/Coastal Marsh,E2SS,E2EM,EH,TIDAL,CPL_E2SS,239.97439,1549444.997,-344111.6309
8/24/2020,NWCA11-2444,5129,5/23/2011,1,NWC_SC-10044,PLNLOW,Plains and Lowlands,CPL,Coastal Plains,Horry,South East Coast Region,CSTL_PLAIN,Atlantic and Gulf Coastal Plain,LRR T (MLRA 153B),Region_04,Target_Sampled,H0304020803,Little River,H030402080303,TIDAL,33.86514126,33.86514126,-78.55875328,-78.55875328,Atlantic and Gulf Coast Lowland Forest and Crop Region,T,South Atlantic Gulf Region,H03,262,Tidewater Area,153B,Not_NEP,Not_NEP,SC,SC_CP,CPL,CPL,Non-Federal,NWC_11_NO,NWC_11_NO,OverSamp,NWC16_11_TSN,P36,E2SS,SC,ATL,Atlantic Coast,ALL-EW,ALL-EW,PROB,FWS_ST_2005,South Carolina,F45051,SC,Target,63,Middle Atlantic Coastal Plain,63g,Carolinian Barrier Islands and Coastal Marshes,E2SS,E2SS,EW,DPRSS,CPL_E2SS,239.97439,1593042.761,-260284.4243
8/24/2020,NWCA11-2445,5261,6/8/2011,1,NWC_SC-10045,PLNLOW,Plains and Lowlands,CPL,Coastal Plains,Dorchester,South East Coast Region,CSTL_PLAIN,Atlantic and Gulf Coastal Plain,"LRR T (MLRA 152A, 152B, 153A)",Region_04,Target_Sampled,H0305020602,Indian Field Swamp,H030502060201,INLAND,33.24783181,33.24783181,-80.61264001,-80.61264001,Atlantic and Gulf Coast Lowland Forest and Crop Region,T,South Atlantic Gulf Region,H03,261,Atlantic Coast Flatwoods,153A,Not_NEP,Not_NEP,SC,SC_CP,CPL,CPL,Non-Federal,NWC_11_NO,NWC_11_NO,OverSamp,NWC16_11_TSN,P13,PSS,SC,ICP,Inland Coastal Plains,CPL-PRLW,CPL-PRLW,PROB,FWS_ST_2005,South Carolina,F45035,SC,Target,63,Middle Atlantic Coastal Plain,63h,Carolina Flatwoods,PSS,PFO,PRLW,DPRSS,CPL_PSS,66862.07264,1418314.067,-360753.4565
8/24/2020,NWCA11-2446,5128,6/22/2011,1,NWC_SC-10046,PLNLOW,Plains and Lowlands,CPL,Coastal Plains,Charleston,South East Coast Region,CSTL_PLAIN,Atlantic and Gulf Coastal Plain,LRR T (MLRA 153B),Region_04,Target_Sampled,H0305020604,North Edisto River,H030502060405,TIDAL,32.64506039,32.64506039,-80.27531255,-80.27531255,Atlantic and Gulf Coast Lowland Forest and Crop Region,T,South Atlantic Gulf Region,H03,262,Tidewater Area,153B,Not_NEP,Not_NEP,SC,SC_SCP,CPL,CPL,Non-Federal,NWC_11_NO,NWC_11_NO,OverSamp,NWC16_11_TSN,P36,E2SS,SC,ATL,Atlantic Coast,ALL-EH,ALL-EH,PROB,FWS_ST_2005,South Carolina,F45019,SC,Target,75,Southern Coastal Plain,75j,Sea Islands/Coastal Marsh,E2SS,E2EM,EH,TIDAL,CPL_E2SS,239.97439,1460204.947,-422010.4096
8/24/2020,NWCA11-2447,5262,6/1/2011,1,NWC_SC-10047,PLNLOW,Plains and Lowlands,CPL,Coastal Plains,Charleston,South East Coast Region,CSTL_PLAIN,Atlantic and Gulf Coastal Plain,LRR T (MLRA 153B),Region_04,Target_Sampled,H0305020902,Bulls Bay,H030502090203,TIDAL,32.81287987,32.81287987,-79.73039663,-79.73039663,Atlantic and Gulf Coast Lowland Forest and Crop Region,T,South Atlantic Gulf Region,H03,262,Tidewater Area,153B,Not_NEP,Not_NEP,SC,SC_SCP,CPL,CPL,Non-Federal,NWC_11_16,NWC_11_16,OverSamp,NWC16_11_TSS,P36,E2SS,SC,ATL,Atlantic Coast,ALL-EW,ALL-EW,PROB,FWS_ST_2005,South Carolina,F45019,SC,Target,75,Southern Coastal Plain,75j,Sea Islands/Coastal Marsh,E2SS,E2SS,EW,TIDAL,CPL_E2SS,239.97439,1507129.877,-395046.5576
8/24/2020,NWCA11-2448,5127,7/20/2011,1,NWC_SC-10048,PLNLOW,Plains and Lowlands,CPL,Coastal Plains,Horry,Not Coast,CSTL_PLAIN,Atlantic and Gulf Coastal Plain,"LRR T (MLRA 152A, 152B, 153A)",Region_04,Target_Sampled,H0304020314,Outlet Lumber River,H030402031404,INLAND,34.21303172,34.21303172,-79.11550984,-79.11550984,Atlantic and Gulf Coast Lowland Forest and Crop Region,T,South Atlantic Gulf Region,H03,261,Atlantic Coast Flatwoods,153A,Not_NEP,Not_NEP,SC,SC_CP,CPL,CPL,Non-Federal,NWC_11_16,NWC_11_16,OverSamp,NWC16_11_TSS,P13,PFO,SC,ICP,Inland Coastal Plains,CPL-PRLW,CPL-PRLW,PROB,FWS_ST_2005,South Carolina,F45051,SC,Target,63,Middle Atlantic Coastal Plain,63h,Carolina Flatwoods,PFO,PFO,PRLW,FLATS,CPL_PFO,192119.1162,1535863.339,-231200.5793
8/24/2020,NWCA11-2450,3679,8/24/2011,1,NWC_SC-10050,PLNLOW,Plains and Lowlands,CPL,Coastal Plains,Beaufort,South East Coast Region,CSTL_PLAIN,Atlantic and Gulf Coastal Plain,LRR T (MLRA 153B),Region_04,Target_Sampled,H0306011003,Calibogue Sound,H030601100304,TIDAL,32.26211035,32.26211035,-80.78888195,-80.78888195,Atlantic and Gulf Coast Lowland Forest and Crop Region,T,South Atlantic Gulf Region,H03,262,Tidewater Area,153B,Not_NEP,Not_NEP,SC,SC_SCP,CPL,CPL,FWS,NWC_11_NO,NWC_11_NO,OverSamp,NWC16_11_TSN,P36,E2EM,SC,ATL,Atlantic Coast,ALL-EH,ALL-EH,PROB,FWS_ST_2005,South Carolina,F45013,SC,Target,75,Southern Coastal Plain,75j,Sea Islands/Coastal Marsh,E2EM,E2EM,EH,TIDAL,CPL_E2EM,27088.86311,1419735.075,-471928.7401
8/24/2020,NWCA11-2451,5126,7/12/2011,1,NWC_SC-10051,PLNLOW,Plains and Lowlands,CPL,Coastal Plains,Charleston,South East Coast Region,CSTL_PLAIN,Atlantic and Gulf Coastal Plain,LRR T (MLRA 153B),Region_04,Target_Sampled,H0305020604,North Edisto River,H030502060401,INLAND,32.6619936,32.6619936,-80.28813906,-80.28813906,Atlantic and Gulf Coast Lowland Forest and Crop Region,T,South Atlantic Gulf Region,H03,262,Tidewater Area,153B,Not_NEP,Not_NEP,SC,SC_SCP,CPL,CPL,Non-Federal,NWC_11_NO,NWC_11_NO,OverSamp,NWC16_11_TSN,P36,E2SS,SC,ICP,Inland Coastal Plains,CPL-PRLW,CPL-PRLW,PROB,FWS_ST_2005,South Carolina,F45019,SC,Target,75,Southern Coastal Plain,75j,Sea Islands/Coastal Marsh,E2SS,PSS,PRLW,FLATS,CPL_E2SS,239.97439,1458713.897,-420344.412
8/24/2020,NWCA11-2452,5269,6/13/2011,1,NWC_SC-10052,PLNLOW,Plains and Lowlands,CPL,Coastal Plains,Charleston,South East Coast Region,CSTL_PLAIN,Atlantic and Gulf Coastal Plain,LRR T (MLRA 153B),Region_04,Target_Sampled,H0305020902,Bulls Bay,H030502090203,TIDAL,32.81384356,32.81384356,-79.74670136,-79.74670136,Atlantic and Gulf Coast Lowland Forest and Crop Region,T,South Atlantic Gulf Region,H03,262,Tidewater Area,153B,Not_NEP,Not_NEP,SC,SC_SCP,CPL,CPL,Non-Federal,NWC_11_NO,NWC_11_NO,OverSamp,NWC16_11_TSN,P36,E2SS,SC,ATL,Atlantic Coast,ALL-EH,ALL-EH,PROB,FWS_ST_2005,South Carolina,F45019,SC,Target,75,Southern Coastal Plain,75j,Sea Islands/Coastal Marsh,E2SS,E2EM,EH,TIDAL,CPL_E2SS,239.97439,1505615.957,-395199.0556
8/24/2020,NWCA11-2453,3681,8/10/2011,1,NWC_SC-10053,PLNLOW,Plains and Lowlands,CPL,Coastal Plains,Williamsburg,South East Coast Region,CSTL_PLAIN,Atlantic and Gulf Coastal Plain,"LRR T (MLRA 152A, 152B, 153A)",Region_04,Target_Sampled,H0305011201,Rediversion Canal-Santee River,H030501120103,INLAND,33.5136942,33.5136942,-79.9717572,-79.9717572,Atlantic and Gulf Coast Lowland Forest and Crop Region,T,South Atlantic Gulf Region,H03,261,Atlantic Coast Flatwoods,153A,Not_NEP,Not_NEP,SC,SC_CP,CPL,CPL,Non-Federal,NWC_11_NO,NWC_11_NO,OverSamp,NWC16_11_TSN,P13,PFO,SC,ICP,Inland Coastal Plains,CPL-PRLW,CPL-PRLW,PROB,FWS_ST_2005,South Carolina,F45089,SC,Target,63,Middle Atlantic Coastal Plain,63n,Mid-Atlantic Floodplains and Low Terraces,PFO,PFO,PRLW,RIVERINE,CPL_PFO,192119.1162,1471853.586,-321725.0757
8/24/2020,NWCA11-2454,3682,7/18/2011,1,NWC_SC-10054,PLNLOW,Plains and Lowlands,CPL,Coastal Plains,Beaufort,South East Coast Region,CSTL_PLAIN,Atlantic and Gulf Coastal Plain,LRR T (MLRA 153B),Region_04,Target_Sampled,H0305020711,Coosaw River-Port Royal Sound,H030502071101,TIDAL,32.54716723,32.54716723,-80.55082423,-80.55082423,Atlantic and Gulf Coast Lowland Forest and Crop Region,T,South Atlantic Gulf Region,H03,262,Tidewater Area,153B,Not_NEP,Not_NEP,SC,SC_SCP,CPL,CPL,State,NWC_11_NO,NWC_11_NO,OverSamp,NWC16_11_TSN,P36,E2EM,SC,ATL,Atlantic Coast,ALL-EH,ALL-EH,PROB,FWS_ST_2005,South Carolina,F45013,SC,Target,75,Southern Coastal Plain,75j,Sea Islands/Coastal Marsh,E2EM,E2EM,EH,TIDAL,CPL_E2EM,27088.86311,1436615.673,-436981.128
8/24/2020,NWCA11-2455,5125,7/13/2011,1,NWC_SC-10055,PLNLOW,Plains and Lowlands,CPL,Coastal Plains,Beaufort,South East Coast Region,CSTL_PLAIN,Atlantic and Gulf Coastal Plain,LRR T (MLRA 153B),Region_04,Target_Sampled,H0305021001,Harbor River,H030502100102,TIDAL,32.36546676,32.36546676,-80.54524985,-80.54524985,Atlantic and Gulf Coast Lowland Forest and Crop Region,T,South Atlantic Gulf Region,H03,262,Tidewater Area,153B,Not_NEP,Not_NEP,SC,SC_SCP,CPL,CPL,Non-Federal,NWC_11_NO,NWC_11_NO,OverSamp,NWC16_11_TSN,P36,E2SS,SC,ATL,Atlantic Coast,ALL-EH,ALL-EH,PROB,FWS_ST_2005,South Carolina,F45013,SC,Target,75,Southern Coastal Plain,75j,Sea Islands/Coastal Marsh,E2SS,E2EM,EH,TIDAL,CPL_E2SS,239.97439,1440409.826,-456890.1129
8/24/2020,NWCA11-2458,3683,8/22/2011,1,NWC_SC-10058,PLNLOW,Plains and Lowlands,CPL,Coastal Plains,Beaufort,South East Coast Region,CSTL_PLAIN,Atlantic and Gulf Coastal Plain,LRR T (MLRA 153B),Region_04,Target_Sampled,H0305020711,Coosaw River-Port Royal Sound,H030502071103,TIDAL,32.46057687,32.46057687,-80.62834507,-80.62834507,Atlantic and Gulf Coast Lowland Forest and Crop Region,T,South Atlantic Gulf Region,H03,262,Tidewater Area,153B,Not_NEP,Not_NEP,SC,SC_SCP,CPL,CPL,Non-Federal,NWC_11_NO,NWC_11_NO,OverSamp,NWC16_11_TSN,P36,E2EM,SC,ATL,Atlantic Coast,ALL-EH,ALL-EH,PROB,FWS_ST_2005,South Carolina,F45013,SC,Target,75,Southern Coastal Plain,75j,Sea Islands/Coastal Marsh,E2EM,E2EM,EH,TIDAL,CPL_E2EM,27088.86311,1431025.233,-447680.1124
8/24/2020,NWCA11-2459,5124,7/27/2011,1,NWC_SC-10059,PLNLOW,Plains and Lowlands,CPL,Coastal Plains,Georgetown,South East Coast Region,CSTL_PLAIN,Atlantic and Gulf Coastal Plain,LRR T (MLRA 153B),Region_04,Target_Sampled,H0305011204,North Santee River,H030501120403,INLAND,33.21452586,33.21452586,-79.26270364,-79.26270364,Atlantic and Gulf Coast Lowland Forest and Crop Region,T,South Atlantic Gulf Region,H03,262,Tidewater Area,153B,Not_NEP,Not_NEP,SC,SC_SCP,CPL,CPL,State,NWC_11_NO,NWC_11_NO,OverSamp,NWC16_11_TSN,P36,E2SS,SC,ICP,Inland Coastal Plains,CPL-PRLH,CPL-PRLH,PROB,FWS_ST_2005,South Carolina,F45043,SC,Target,75,Southern Coastal Plain,75j,Sea Islands/Coastal Marsh,E2SS,PEM,PRLH,DPRSS,CPL_E2SS,239.97439,1542158.036,-343391.9159
8/24/2020,NWCA11-2481,5122,8/2/2011,2,NWC_SD-10001,PLNLOW,Plains and Lowlands,TPL,Temporate Plains,Brown,Not Coast,GT_PLAINS,Great Plains,LRR F,Region_08,Target_Sampled,H1016000318,Crow Creek Drainage Ditch,H101600031804,INLAND,45.80041011,45.80041011,-98.08171846,-98.08171846,Northern Great Plains Spring Wheat Region,F,Missouri Region,H10,77,Central Black Glaciated Plains,55B,Not_NEP,Not_NEP,SD,SD,IPL,IPL,Non-Federal,NWC_11_16,NWC_11_16,Revisit,NWC16_11_TSS,P10,PEM,SD,TPL,Temperate Plains,IPL-PRLH,IPL-PRLH,PROB,FWS_ST_2005,South Dakota,F46013,SD,Target,46,Northern Glaciated Plains,46c,Glacial Lake Basins,PEM,PEM,PRLH,DPRSS,IPL_PEM,92711.70909,-161959.0464,929688.7511
8/24/2020,NWCA11-2481,5123,6/27/2011,1,NWC_SD-10001,PLNLOW,Plains and Lowlands,TPL,Temporate Plains,Brown,Not Coast,GT_PLAINS,Great Plains,LRR F,Region_08,Target_Sampled,H1016000318,Crow Creek Drainage Ditch,H101600031804,INLAND,45.80041011,45.80041011,-98.08171846,-98.08171846,Northern Great Plains Spring Wheat Region,F,Missouri Region,H10,77,Central Black Glaciated Plains,55B,Not_NEP,Not_NEP,SD,SD,IPL,IPL,Non-Federal,NWC_11_16,NWC_11_16,Revisit,NWC16_11_TSS,P10,PEM,SD,TPL,Temperate Plains,IPL-PRLH,IPL-PRLH,PROB,FWS_ST_2005,South Dakota,F46013,SD,Target,46,Northern Glaciated Plains,46c,Glacial Lake Basins,PEM,PEM,PRLH,DPRSS,IPL_PEM,92711.70909,-161959.0464,929688.7511
8/24/2020,NWCA11-2488,5121,8/2/2011,1,NWC_SD-10008,PLNLOW,Plains and Lowlands,TPL,Temporate Plains,Hamlin,Not Coast,MIDWEST,Midwest,LRR M,Region_08,Target_Sampled,H1017020202,Lake Marsh,H101702020201,INLAND,44.76711756,44.76711756,-97.47582663,-97.47582663,Central Feed Grains and Livestock Region,M,Missouri Region,H10,173,Rolling Till Prairie,102A,Not_NEP,Not_NEP,SD,SD,IPL,IPL,Non-Federal,NWC_11_NO,NWC_11_NO,Base,NWC16_11_TSN,P23,PF,SD,TPL,Temperate Plains,IPL-PRLH,IPL-PRLH,PROB,FWS_ST_2005,South Dakota,F46057,SD,Target,46,Northern Glaciated Plains,46k,Prairie Coteau,PF,PEM,PRLH,DPRSS,IPL_PF,1966.19078,-116609.1469,813918.2065
8/24/2020,NWCA11-2494,5688,7/31/2011,1,NWC_SD-10014,PLNLOW,Plains and Lowlands,TPL,Temporate Plains,Spink,Not Coast,GT_PLAINS,Great Plains,LRR F,Region_08,Target_Sampled,H1016000806,Lower Snake Creek,H101600080610,INLAND,44.99016514,44.99016514,-98.51427683,-98.51427683,Northern Great Plains Spring Wheat Region,F,Missouri Region,H10,77,Central Black Glaciated Plains,55B,Not_NEP,Not_NEP,SD,SD,IPL,IPL,Non-Federal,NWC_11_NO,NWC_11_NO,OverSamp,NWC16_11_TSN,P10,PF,SD,TPL,Temperate Plains,IPL-PRLH,IPL-PRLH,PROB,FWS_ST_2005,South Dakota,F46115,SD,Target,46,Northern Glaciated Plains,46c,Glacial Lake Basins,PF,PF,PRLH,FLATS,IPL_PF,2136.07354,-197988.0064,840459.2425
8/24/2020,NWCA11-2495,5696,6/23/2011,1,NWC_SD-10015,PLNLOW,Plains and Lowlands,TPL,Temporate Plains,Beadle,Not Coast,GT_PLAINS,Great Plains,LRR F,Region_08,Target_Sampled,H1016000608,Broadland Creek,H101600060804,INLAND,44.42743872,44.42743872,-98.20599713,-98.20599713,Northern Great Plains Spring Wheat Region,F,Missouri Region,H10,78,Southern Black Glaciated Plains,55C,Not_NEP,Not_NEP,SD,SD,IPL,IPL,Non-Federal,NWC_11_16,NWC_11_16,OverSamp,NWC16_11_TSS,P10,PEM,SD,TPL,Temperate Plains,IPL-PRLH,IPL-PRLH,PROB,FWS_ST_2005,South Dakota,F46005,SD,Target,46,Northern Glaciated Plains,46n,James River Lowland,PEM,PEM,PRLH,DPRSS,IPL_PEM,92711.70909,-175171.4316,777212.7439
8/24/2020,NWCA11-2495,5690,7/30/2011,2,NWC_SD-10015,PLNLOW,Plains and Lowlands,TPL,Temporate Plains,Beadle,Not Coast,GT_PLAINS,Great Plains,LRR F,Region_08,Target_Sampled,H1016000608,Broadland Creek,H101600060804,INLAND,44.42743872,44.42743872,-98.20599713,-98.20599713,Northern Great Plains Spring Wheat Region,F,Missouri Region,H10,78,Southern Black Glaciated Plains,55C,Not_NEP,Not_NEP,SD,SD,IPL,IPL,Non-Federal,NWC_11_16,NWC_11_16,OverSamp,NWC16_11_TSS,P10,PEM,SD,TPL,Temperate Plains,IPL-PRLH,IPL-PRLH,PROB,FWS_ST_2005,South Dakota,F46005,SD,Target,46,Northern Glaciated Plains,46n,James River Lowland,PEM,PEM,PRLH,DPRSS,IPL_PEM,92711.70909,-175171.4316,777212.7439
8/24/2020,NWCA11-2500,5697,6/24/2011,1,NWC_SD-10020,PLNLOW,Plains and Lowlands,TPL,Temporate Plains,Beadle,Not Coast,GT_PLAINS,Great Plains,LRR F,Region_08,Target_Sampled,H1016000608,Broadland Creek,H101600060804,INLAND,44.42041117,44.42041117,-98.2023523,-98.2023523,Northern Great Plains Spring Wheat Region,F,Missouri Region,H10,78,Southern Black Glaciated Plains,55C,Not_NEP,Not_NEP,SD,SD,IPL,IPL,Non-Federal,NWC_11_NO,NWC_11_NO,OverSamp,NWC16_11_TSN,P10,PUBPAB,SD,TPL,Temperate Plains,IPL-PRLH,IPL-PRLH,PROB,FWS_ST_2005,South Dakota,F46005,SD,Target,46,Northern Glaciated Plains,46n,James River Lowland,PUBPAB,PEM,PRLH,DPRSS,IPL_PUBPAB,5463.69548,-174900.2032,776423.2249
8/24/2020,NWCA11-2502,5698,7/29/2011,1,NWC_SD-10022,PLNLOW,Plains and Lowlands,TPL,Temporate Plains,Lake,Not Coast,MIDWEST,Midwest,LRR M,Region_08,Target_Sampled,H1017020308,Buffalo Creek,H101702030802,INLAND,43.87269009,43.87269009,-96.9751506,-96.9751506,Central Feed Grains and Livestock Region,M,Missouri Region,H10,174,Till Plains,102B,Not_NEP,Not_NEP,SD,SD,IPL,IPL,Non-Federal,NWC_11_NO,NWC_11_NO,OverSamp,NWC16_11_TSN,P23,PF,SD,TPL,Temperate Plains,IPL-PRLH,IPL-PRLH,PROB,FWS_ST_2005,South Dakota,F46079,SD,Target,46,Northern Glaciated Plains,46k,Prairie Coteau,PF,PF,PRLH,DPRSS,IPL_PF,1966.19078,-78073.88942,713735.0285
8/24/2020,NWCA11-2507,5701,7/25/2011,2,NWC_TN-10005,PLNLOW,Plains and Lowlands,CPL,Coastal Plains,Henry,Not Coast,CSTL_PLAIN,Atlantic and Gulf Coastal Plain,LRR P,Region_04,Target_Sampled,H0604000507,Big Sandy River,H060400050702,INLAND,36.17043887,36.17043887,-88.28626321,-88.28626321,"South Atlantic and Gulf Slope Cash Crops, Forest, and Livestock Region",P,Ohio-Tennessee Region,H05_H06,234,Southern Coastal Plain,133A,Not_NEP,Not_NEP,TN,TN_CP,CPL,CPL,Non-Federal,NWC_11_16,NWC_11_16,Base,NWC16_11_TSS,P14,PEM,TN,ICP,Inland Coastal Plains,CPL-PRLW,CPL-PRLW,PROB,FWS_ST_2005,Tennessee,F47079,TN,Target,65,Southeastern Plains,65e,Northern Hilly Gulf Coastal Plain,PEM,PSS,PRLW,DPRSS,CPL_PEM,10362.45847,686835.7622,-121071.1484
8/24/2020,NWCA11-2507,5700,7/13/2011,1,NWC_TN-10005,PLNLOW,Plains and Lowlands,CPL,Coastal Plains,Henry,Not Coast,CSTL_PLAIN,Atlantic and Gulf Coastal Plain,LRR P,Region_04,Target_Sampled,H0604000507,Big Sandy River,H060400050702,INLAND,36.17043887,36.17043887,-88.28626321,-88.28626321,"South Atlantic and Gulf Slope Cash Crops, Forest, and Livestock Region",P,Ohio-Tennessee Region,H05_H06,234,Southern Coastal Plain,133A,Not_NEP,Not_NEP,TN,TN_CP,CPL,CPL,Non-Federal,NWC_11_16,NWC_11_16,Base,NWC16_11_TSS,P14,PEM,TN,ICP,Inland Coastal Plains,CPL-PRLW,CPL-PRLW,PROB,FWS_ST_2005,Tennessee,F47079,TN,Target,65,Southeastern Plains,65e,Northern Hilly Gulf Coastal Plain,PEM,PSS,PRLW,DPRSS,CPL_PEM,10362.45847,686835.7622,-121071.1484
8/24/2020,NWCA11-2509,5703,7/27/2011,2,NWC_TN-10007,PLNLOW,Plains and Lowlands,CPL,Coastal Plains,Lauderdale,Not Coast,CSTL_PLAIN,Atlantic and Gulf Coastal Plain,LRR O,Region_04,Target_Sampled,H0801010006,Mississippi River,H080101000602,INLAND,35.8664858,35.8664858,-89.68066194,-89.68066194,Mississippi Delta Cotton and Feed Grains Region,O,Lower Mississippi Region,H08,230,Southern Mississippi River Alluvium,131A,Not_NEP,Not_NEP,TN,TN_OTH,CPL,CPL,Non-Federal,NWC_11_16,NWC_11_16,Base,NWC16_11_TSS,P17,PFO,TN,ICP,Inland Coastal Plains,CPL-PRLW,CPL-PRLW,PROB,FWS_ST_2005,Tennessee,F47097,TN,Target,73,Mississippi Alluvial Plain,73a,Northern Holocene Meander Belts,PFO,PFO,PRLW,RIVERINE,CPL_PFO,59606.97213,565142.6845,-164202.4445
8/24/2020,NWCA11-2509,5702,7/15/2011,1,NWC_TN-10007,PLNLOW,Plains and Lowlands,CPL,Coastal Plains,Lauderdale,Not Coast,CSTL_PLAIN,Atlantic and Gulf Coastal Plain,LRR O,Region_04,Target_Sampled,H0801010006,Mississippi River,H080101000602,INLAND,35.8664858,35.8664858,-89.68066194,-89.68066194,Mississippi Delta Cotton and Feed Grains Region,O,Lower Mississippi Region,H08,230,Southern Mississippi River Alluvium,131A,Not_NEP,Not_NEP,TN,TN_OTH,CPL,CPL,Non-Federal,NWC_11_16,NWC_11_16,Base,NWC16_11_TSS,P17,PFO,TN,ICP,Inland Coastal Plains,CPL-PRLW,CPL-PRLW,PROB,FWS_ST_2005,Tennessee,F47097,TN,Target,73,Mississippi Alluvial Plain,73a,Northern Holocene Meander Belts,PFO,PFO,PRLW,RIVERINE,CPL_PFO,59606.97213,565142.6845,-164202.4445
8/24/2020,NWCA11-2512,5704,7/18/2011,1,NWC_TN-10010,PLNLOW,Plains and Lowlands,CPL,Coastal Plains,Shelby,Not Coast,CSTL_PLAIN,Atlantic and Gulf Coastal Plain,LRR O,Region_04,Target_Sampled,H0801010007,Memphis-Mississippi River,H080101000702,INLAND,35.28357738,35.28357738,-90.08132906,-90.08132906,Mississippi Delta Cotton and Feed Grains Region,O,Lower Mississippi Region,H08,230,Southern Mississippi River Alluvium,131A,Not_NEP,Not_NEP,TN,TN_OTH,CPL,CPL,State,NWC_11_16,NWC_11_16,Base,NWC16_11_TSS,P17,PFO,TN,ICP,Inland Coastal Plains,CPL-PRLW,CPL-PRLW,PROB,FWS_ST_2005,Tennessee,F47157,TN,Target,73,Mississippi Alluvial Plain,73a,Northern Holocene Meander Belts,PFO,PFO,PRLW,RIVERINE,CPL_PFO,59606.97213,533420.0328,-231636.7659
8/24/2020,NWCA11-2513,5705,7/14/2011,1,NWC_TN-10011,PLNLOW,Plains and Lowlands,CPL,Coastal Plains,Dyer,Not Coast,CSTL_PLAIN,Atlantic and Gulf Coastal Plain,LRR O,Region_04,Target_Sampled,H0801020205,Obion River,H080102020503,INLAND,36.03020481,36.03020481,-89.62182725,-89.62182725,Mississippi Delta Cotton and Feed Grains Region,O,Lower Mississippi Region,H08,230,Southern Mississippi River Alluvium,131A,Not_NEP,Not_NEP,TN,TN_OTH,CPL,CPL,State,NWC_11_NO,NWC_11_NO,Base,NWC16_11_TSN,P17,PF,TN,ICP,Inland Coastal Plains,CPL-PRLH,CPL-PRLH,PROB,FWS_ST_2005,Tennessee,F47045,TN,Target,73,Mississippi Alluvial Plain,73a,Northern Holocene Meander Belts,PF,PEM,PRLH,RIVERINE,CPL_PF,3341.46816,569166.9435,-145559.1931
8/24/2020,NWCA11-2514,5706,7/21/2011,1,NWC_TN-10012,PLNLOW,Plains and Lowlands,CPL,Coastal Plains,Obion,Not Coast,CSTL_PLAIN,Atlantic and Gulf Coastal Plain,LRR O,Region_04,Target_Sampled,H0801020204,Reelfoot Lake,H080102020404,INLAND,36.39514455,36.39514455,-89.35872284,-89.35872284,Mississippi Delta Cotton and Feed Grains Region,O,Lower Mississippi Region,H08,230,Southern Mississippi River Alluvium,131A,Not_NEP,Not_NEP,TN,TN_OTH,CPL,CPL,State,NWC_11_NO,NWC_11_NO,Base,NWC16_11_TSN,P17,PEM,TN,ICP,Inland Coastal Plains,CPL-PRLH,CPL-PRLH,PROB,FWS_ST_2005,Tennessee,F47131,TN,Target,73,Mississippi Alluvial Plain,73a,Northern Holocene Meander Belts,PEM,PEM,PRLH,DPRSS,CPL_PEM,2491.06225,589753.9948,-103177.6956
8/24/2020,NWCA11-2515,5707,7/23/2011,1,NWC_TN-10013,PLNLOW,Plains and Lowlands,CPL,Coastal Plains,Hardin,Not Coast,CSTL_PLAIN,Atlantic and Gulf Coastal Plain,LRR P,Region_04,Target_Sampled,H0604000105,Chambers Creek-Tennessee River,H060400010502,INLAND,35.07800428,35.07800428,-88.30947728,-88.30947728,"South Atlantic and Gulf Slope Cash Crops, Forest, and Livestock Region",P,Ohio-Tennessee Region,H05_H06,234,Southern Coastal Plain,133A,Not_NEP,Not_NEP,TN,TN_CP,CPL,CPL,Non-Federal,NWC_11_NO,NWC_11_NO,OverSamp,NWC16_11_TSN,P14,PSS,TN,ICP,Inland Coastal Plains,CPL-PRLW,CPL-PRLW,PROB,FWS_ST_2005,Tennessee,F47071,TN,Target,65,Southeastern Plains,65e,Northern Hilly Gulf Coastal Plain,PSS,PSS,PRLW,DPRSS,CPL_PSS,7481.32271,694659.2655,-243134.7162
8/24/2020,NWCA11-2516,5708,7/19/2011,1,NWC_TN-10014,PLNLOW,Plains and Lowlands,CPL,Coastal Plains,Lauderdale,Not Coast,CSTL_PLAIN,Atlantic and Gulf Coastal Plain,LRR O,Region_04,Target_Sampled,H0801010006,Mississippi River,H080101000603,INLAND,35.65573821,35.65573821,-89.83863517,-89.83863517,Mississippi Delta Cotton and Feed Grains Region,O,Lower Mississippi Region,H08,230,Southern Mississippi River Alluvium,131A,Not_NEP,Not_NEP,TN,TN_OTH,CPL,CPL,State,NWC_11_NO,NWC_11_NO,OverSamp,NWC16_11_TSN,P17,PFO,TN,ICP,Inland Coastal Plains,CPL-PRLW,CPL-PRLW,PROB,FWS_ST_2005,Tennessee,F47097,TN,Target,73,Mississippi Alluvial Plain,73a,Northern Holocene Meander Belts,PFO,PFO,PRLW,RIVERINE,CPL_PFO,59606.97213,552563.8203,-188676.3776
8/24/2020,NWCA11-2518,5709,7/20/2011,1,NWC_TN-10016,PLNLOW,Plains and Lowlands,CPL,Coastal Plains,Lake,Not Coast,CSTL_PLAIN,Atlantic and Gulf Coastal Plain,LRR O,Region_04,Target_Sampled,H0801020204,Reelfoot Lake,H080102020404,INLAND,36.38248876,36.38248876,-89.38781862,-89.38781862,Mississippi Delta Cotton and Feed Grains Region,O,Lower Mississippi Region,H08,230,Southern Mississippi River Alluvium,131A,Not_NEP,Not_NEP,TN,TN_OTH,CPL,CPL,State,NWC_11_NO,NWC_11_NO,OverSamp,NWC16_11_TSN,P17,PEM,TN,ICP,Inland Coastal Plains,CPL-PRLH,CPL-PRLH,PROB,FWS_ST_2005,Tennessee,F47095,TN,Target,73,Mississippi Alluvial Plain,73a,Northern Holocene Meander Belts,PEM,PEM,PRLH,DPRSS,CPL_PEM,2491.06225,587272.9858,-104772.0376
8/24/2020,NWCA11-2519,5710,7/24/2011,1,NWC_TN-10017,PLNLOW,Plains and Lowlands,CPL,Coastal Plains,Henry,Not Coast,CSTL_PLAIN,Atlantic and Gulf Coastal Plain,LRR P,Region_04,Target_Sampled,H0604000507,Big Sandy River,H060400050702,INLAND,36.17146252,36.17146252,-88.29098541,-88.29098541,"South Atlantic and Gulf Slope Cash Crops, Forest, and Livestock Region",P,Ohio-Tennessee Region,H05_H06,234,Southern Coastal Plain,133A,Not_NEP,Not_NEP,TN,TN_CP,CPL,CPL,Non-Federal,NWC_11_NO,NWC_11_NO,OverSamp,NWC16_11_TSN,P14,PSS,TN,ICP,Inland Coastal Plains,CPL-PRLH,CPL-PRLH,PROB,FWS_ST_2005,Tennessee,F47079,TN,Target,65,Southeastern Plains,65e,Northern Hilly Gulf Coastal Plain,PSS,PEM,PRLH,RIVERINE,CPL_PSS,7481.32271,686406.9279,-120990.9987
8/24/2020,NWCA11-2521,5711,7/16/2011,1,NWC_TN-10019,PLNLOW,Plains and Lowlands,CPL,Coastal Plains,Dyer,Not Coast,CSTL_PLAIN,Atlantic and Gulf Coastal Plain,LRR O,Region_04,Target_Sampled,H0801020205,Obion River,H080102020503,INLAND,36.03174866,36.03174866,-89.62496782,-89.62496782,Mississippi Delta Cotton and Feed Grains Region,O,Lower Mississippi Region,H08,230,Southern Mississippi River Alluvium,131A,Not_NEP,Not_NEP,TN,TN_OTH,CPL,CPL,State,NWC_11_16,NWC_11_16,OverSamp,NWC16_11_TSS,P17,PF,TN,ICP,Inland Coastal Plains,CPL-PRLW,CPL-PRLW,PROB,FWS_ST_2005,Tennessee,F47045,TN,Target,73,Mississippi Alluvial Plain,73a,Northern Holocene Meander Belts,PF,PFO,PRLW,RIVERINE,CPL_PF,3341.46816,568875.5211,-145405.498
8/24/2020,NWCA11-2522,5712,7/22/2011,1,NWC_TN-10020,PLNLOW,Plains and Lowlands,CPL,Coastal Plains,Obion,Not Coast,CSTL_PLAIN,Atlantic and Gulf Coastal Plain,LRR P,Region_04,Target_Sampled,H0801020204,Reelfoot Lake,H080102020404,INLAND,36.37129727,36.37129727,-89.37026648,-89.37026648,"South Atlantic and Gulf Slope Cash Crops, Forest, and Livestock Region",P,Lower Mississippi Region,H08,236,Southern Mississippi Valley Loess,134,Not_NEP,Not_NEP,TN,TN_OTH,CPL,CPL,Non-Federal,NWC_11_NO,NWC_11_NO,OverSamp,NWC16_11_TSN,P17,PFO,TN,ICP,Inland Coastal Plains,CPL-PRLW,CPL-PRLW,PROB,FWS_ST_2005,Tennessee,F47131,TN,Target,73,Mississippi Alluvial Plain,73b,Northern Pleistocene Valley Trains,PFO,PFO,PRLW,DPRSS,CPL_PFO,59606.97213,588916.7662,-105913.9546
8/24/2020,NWCA11-2526,5713,7/26/2011,1,NWC_TN-10024,PLNLOW,Plains and Lowlands,CPL,Coastal Plains,Lake,Not Coast,CSTL_PLAIN,Atlantic and Gulf Coastal Plain,LRR O,Region_04,Target_Sampled,H0801020204,Reelfoot Lake,H080102020404,INLAND,36.38097908,36.38097908,-89.38567764,-89.38567764,Mississippi Delta Cotton and Feed Grains Region,O,Lower Mississippi Region,H08,230,Southern Mississippi River Alluvium,131A,Not_NEP,Not_NEP,TN,TN_OTH,CPL,CPL,State,NWC_11_16,NWC_11_16,OverSamp,NWC16_11_TSS,P17,PSS,TN,ICP,Inland Coastal Plains,CPL-PRLW,CPL-PRLW,PROB,FWS_ST_2005,Tennessee,F47095,TN,Target,73,Mississippi Alluvial Plain,73a,Northern Holocene Meander Belts,PSS,PSS,PRLW,DEPRESSION,CPL_PSS,1798.45745,587474.5938,-104927.4977
8/24/2020,NWCA11-2527,5715,9/12/2011,2,NWC_TX-10001,PLNLOW,Plains and Lowlands,CPL,Coastal Plains,Cameron,Gulf Coast Region,CSTL_PLAIN,Atlantic and Gulf Coastal Plain,LRR T (MLRA 150B),Region_06,Target_Sampled,H1211020808,Laguna Atascosa,H121102080800,TIDAL,26.19522377,26.19522377,-97.32745012,-97.32745012,Atlantic and Gulf Coast Lowland Forest and Crop Region,T,Rio Grande-Texas-Gulf Region,H12_H13,257,Gulf Coast Saline Prairies,150B,Not_NEP,Not_NEP,TX,TX,CPL,CPL,FWS,NWC_11_16,NWC_11_16,Revisit,NWC16_11_TSS,P13,PEM,TX,GFC,Gulf & Florida Coasts,ALL-EH,ALL-EH,PROB,FWS_ST_2005,Texas,F48061,TX,Target,34,Western Gulf Coastal Plain,34i,Laguna Madre Barrier Islands and Coastal Marshes,PEM,E2EM,EH,TIDAL,CPL_PEM,353103.6512,-133808.4502,-1256678.616
8/24/2020,NWCA11-2527,5714,6/27/2011,1,NWC_TX-10001,PLNLOW,Plains and Lowlands,CPL,Coastal Plains,Cameron,Gulf Coast Region,CSTL_PLAIN,Atlantic and Gulf Coastal Plain,LRR T (MLRA 150B),Region_06,Target_Sampled,H1211020808,Laguna Atascosa,H121102080800,TIDAL,26.19522377,26.19522377,-97.32745012,-97.32745012,Atlantic and Gulf Coast Lowland Forest and Crop Region,T,Rio Grande-Texas-Gulf Region,H12_H13,257,Gulf Coast Saline Prairies,150B,Not_NEP,Not_NEP,TX,TX,CPL,CPL,FWS,NWC_11_16,NWC_11_16,Revisit,NWC16_11_TSS,P13,PEM,TX,GFC,Gulf & Florida Coasts,ALL-EH,ALL-EH,PROB,FWS_ST_2005,Texas,F48061,TX,Target,34,Western Gulf Coastal Plain,34i,Laguna Madre Barrier Islands and Coastal Marshes,PEM,E2EM,EH,TIDAL,CPL_PEM,353103.6512,-133808.4502,-1256678.616
8/24/2020,NWCA11-2529,4445,6/20/2011,1,NWC_TX-10003,PLNLOW,Plains and Lowlands,CPL,Coastal Plains,Brazoria,Gulf Coast Region,CSTL_PLAIN,Atlantic and Gulf Coastal Plain,LRR T (MLRA 150B),Region_06,Target_Sampled,H1209040204,East Matagorda Bay,H120904020400,TIDAL,28.84890976,28.84890976,-95.47948705,-95.47948705,Atlantic and Gulf Coast Lowland Forest and Crop Region,T,Rio Grande-Texas-Gulf Region,H12_H13,257,Gulf Coast Saline Prairies,150B,Not_NEP,Not_NEP,TX,TX,CPL,CPL,FWS,NWC_11_16,NWC_11_16,Base,NWC16_11_TSS,P36,E2EM,TX,GFC,Gulf & Florida Coasts,ALL-EH,ALL-EH,PROB,FWS_ST_2005,Texas,F48039,TX,Target,34,Western Gulf Coastal Plain,34h,Mid-Coast Barrier Islands and Coastal Marshes,E2EM,E2EM,EH,TIDAL,CPL_E2EM,12765.33457,50866.92844,-964839.4278
8/24/2020,NWCA11-2529,4444,9/7/2011,2,NWC_TX-10003,PLNLOW,Plains and Lowlands,CPL,Coastal Plains,Brazoria,Gulf Coast Region,CSTL_PLAIN,Atlantic and Gulf Coastal Plain,LRR T (MLRA 150B),Region_06,Target_Sampled,H1209040204,East Matagorda Bay,H120904020400,TIDAL,28.84890976,28.84890976,-95.47948705,-95.47948705,Atlantic and Gulf Coast Lowland Forest and Crop Region,T,Rio Grande-Texas-Gulf Region,H12_H13,257,Gulf Coast Saline Prairies,150B,Not_NEP,Not_NEP,TX,TX,CPL,CPL,FWS,NWC_11_16,NWC_11_16,Base,NWC16_11_TSS,P36,E2EM,TX,GFC,Gulf & Florida Coasts,ALL-EH,ALL-EH,PROB,FWS_ST_2005,Texas,F48039,TX,Target,34,Western Gulf Coastal Plain,34h,Mid-Coast Barrier Islands and Coastal Marshes,E2EM,E2EM,EH,TIDAL,CPL_E2EM,12765.33457,50866.92844,-964839.4278
8/24/2020,NWCA11-2530,5716,7/6/2011,1,NWC_TX-10004,PLNLOW,Plains and Lowlands,CPL,Coastal Plains,Chambers,Gulf Coast Region,CSTL_PLAIN,Atlantic and Gulf Coastal Plain,LRR T (MLRA 150A),Region_06,Target_Sampled,H1203020303,Old River-Trinity River,H120302030307,TIDAL,29.77921925,29.77921925,-94.76982372,-94.76982372,Atlantic and Gulf Coast Lowland Forest and Crop Region,T,Rio Grande-Texas-Gulf Region,H12_H13,256,Gulf Coast Prairies,150A,Galveston Bay,NEP,TX,TX,CPL,CPL,Non-Federal,NWC_11_NO,NWC_11_NO,Base,NWC16_11_TSN,P36,E2EM,TX,GFC,Gulf & Florida Coasts,ALL-EH,ALL-EH,PROB,FWS_ST_2005,Texas,F48071,TX,Target,34,Western Gulf Coastal Plain,34g,Texas-Louisiana Coastal Marshes,E2EM,E2EM,EH,TIDAL,CPL_E2EM,12765.33457,118881.538,-861136.3451
8/24/2020,NWCA11-2531,3574,7/26/2011,1,NWC_TX-10005,PLNLOW,Plains and Lowlands,CPL,Coastal Plains,Matagorda,Gulf Coast Region,CSTL_PLAIN,Atlantic and Gulf Coastal Plain,LRR T (MLRA 150B),Region_06,Target_Sampled,H1210040104,East Branch Mad Island Slough-Matagorda Bay,H121004010400,TIDAL,28.58921605,28.58921605,-96.00712654,-96.00712654,Atlantic and Gulf Coast Lowland Forest and Crop Region,T,Rio Grande-Texas-Gulf Region,H12_H13,257,Gulf Coast Saline Prairies,150B,Not_NEP,Not_NEP,TX,TX,CPL,CPL,Non-Federal,NWC_11_NO,NWC_11_NO,Base,NWC16_11_TSN,P36,E2SS,TX,GFC,Gulf & Florida Coasts,ALL-EH,ALL-EH,PROB,FWS_ST_2005,Texas,F48321,TX,Target,34,Western Gulf Coastal Plain,34h,Mid-Coast Barrier Islands and Coastal Marshes,E2SS,E2EM,EH,FLATS,CPL_E2SS,22.66496,-698.5963816,-993709.3536
8/24/2020,NWCA11-2535,5717,9/14/2011,1,NWC_TX-10009,PLNLOW,Plains and Lowlands,CPL,Coastal Plains,Jackson,Gulf Coast Region,CSTL_PLAIN,Atlantic and Gulf Coastal Plain,LRR T (MLRA 150B),Region_06,Target_Sampled,H1210010104,Keller Branch-Lavaca River,H121001010404,TIDAL,28.81342377,28.81342377,-96.57279692,-96.57279692,Atlantic and Gulf Coast Lowland Forest and Crop Region,T,Rio Grande-Texas-Gulf Region,H12_H13,257,Gulf Coast Saline Prairies,150B,Not_NEP,Not_NEP,TX,TX,CPL,CPL,Non-Federal,NWC_11_NO,NWC_11_NO,Base,NWC16_11_TSN,P13,E2SS,TX,GFC,Gulf & Florida Coasts,ALL-EH,ALL-EH,PROB,FWS_ST_2005,Texas,F48239,TX,Target,34,Western Gulf Coastal Plain,34h,Mid-Coast Barrier Islands and Coastal Marshes,E2SS,E2EM,EH,RIVERINE,CPL_E2SS,189.6185,-55999.96966,-968736.9908
8/24/2020,NWCA11-2536,3340,6/8/2011,1,NWC_TX-10010,PLNLOW,Plains and Lowlands,CPL,Coastal Plains,Galveston,Gulf Coast Region,CSTL_PLAIN,Atlantic and Gulf Coastal Plain,LRR T (MLRA 150B),Region_06,Target_Sampled,H1204020402,Dickinson Bayou,H120402040200,TIDAL,29.23680204,29.23680204,-94.89075584,-94.89075584,Atlantic and Gulf Coast Lowland Forest and Crop Region,T,Rio Grande-Texas-Gulf Region,H12_H13,257,Gulf Coast Saline Prairies,150B,Galveston Bay,NEP,TX,TX,CPL,CPL,Non-Federal,NWC_11_NO,NWC_11_NO,Base,NWC16_11_TSN,P36,PUBPAB,TX,GFC,Gulf & Florida Coasts,ALL-EW,ALL-EW,PROB,FWS_ST_2005,Texas,F48167,TX,Target,34,Western Gulf Coastal Plain,34h,Mid-Coast Barrier Islands and Coastal Marshes,PUBPAB,E2SS,EW,TIDAL,CPL_PUBPAB,6538.37735,107897.2528,-921400.7912
8/24/2020,NWCA11-2537,4062,8/25/2011,1,NWC_TX-10011,PLNLOW,Plains and Lowlands,CPL,Coastal Plains,Jefferson,Gulf Coast Region,CSTL_PLAIN,Atlantic and Gulf Coastal Plain,LRR T (MLRA 151),Region_06,Target_Sampled,H1204020103,Salt Bayou,H120402010300,TIDAL,29.73924291,29.73924291,-94.05653488,-94.05653488,Atlantic and Gulf Coast Lowland Forest and Crop Region,T,Rio Grande-Texas-Gulf Region,H12_H13,258,Gulf Coast Marsh,151,Not_NEP,Not_NEP,TX,TX,CPL,CPL,FWS,NWC_11_NO,NWC_11_NO,Base,NWC16_11_TSN,P36,E2EM,TX,GFC,Gulf & Florida Coasts,ALL-EH,ALL-EH,PROB,FWS_ST_2005,Texas,F48245,TX,Target,34,Western Gulf Coastal Plain,34g,Texas-Louisiana Coastal Marshes,E2EM,E2EM,EH,FLATS,CPL_E2EM,12765.33457,187895.0281,-864418.2812
8/24/2020,NWCA11-2538,3875,7/18/2011,1,NWC_TX-10012,PLNLOW,Plains and Lowlands,CPL,Coastal Plains,Galveston,Gulf Coast Region,CSTL_PLAIN,Atlantic and Gulf Coastal Plain,LRR T (MLRA 151),Region_06,Target_Sampled,H1204020203,Spindletop Ditch,H120402020300,TIDAL,29.5447508,29.5447508,-94.47438287,-94.47438287,Atlantic and Gulf Coast Lowland Forest and Crop Region,T,Rio Grande-Texas-Gulf Region,H12_H13,258,Gulf Coast Marsh,151,Galveston Bay,NEP,TX,TX,CPL,CPL,Non-Federal,NWC_11_NO,NWC_11_NO,Base,NWC16_11_TSN,P36,E2SS,TX,GFC,Gulf & Florida Coasts,ALL-EW,ALL-EW,PROB,FWS_ST_2005,Texas,F48167,TX,Target,34,Western Gulf Coastal Plain,34g,Texas-Louisiana Coastal Marshes,E2SS,E2SS,EW,TIDAL,CPL_E2SS,22.66496,147847.4403,-886718.2972
8/24/2020,NWCA11-2540,5718,7/7/2011,1,NWC_TX-10014,PLNLOW,Plains and Lowlands,CPL,Coastal Plains,Brazoria,Gulf Coast Region,CSTL_PLAIN,Atlantic and Gulf Coastal Plain,LRR T (MLRA 150B),Region_06,Target_Sampled,H1204020504,Lower Oyster Creek,H120402050400,TIDAL,29.07968568,29.07968568,-95.20706198,-95.20706198,Atlantic and Gulf Coast Lowland Forest and Crop Region,T,Rio Grande-Texas-Gulf Region,H12_H13,257,Gulf Coast Saline Prairies,150B,Galveston Bay,NEP,TX,TX,CPL,CPL,FWS,NWC_11_NO,NWC_11_NO,Base,NWC16_11_TSN,P36,E2EM,TX,GFC,Gulf & Florida Coasts,ALL-EH,ALL-EH,PROB,FWS_ST_2005,Texas,F48039,TX,Target,34,Western Gulf Coastal Plain,34h,Mid-Coast Barrier Islands and Coastal Marshes,E2EM,E2EM,EH,TIDAL,CPL_E2EM,12765.33457,77275.89516,-939109.2815
8/24/2020,NWCA11-2541,5719,6/7/2011,1,NWC_TX-10015,PLNLOW,Plains and Lowlands,CPL,Coastal Plains,Chambers,Gulf Coast Region,CSTL_PLAIN,Atlantic and Gulf Coastal Plain,LRR T (MLRA 150A),Region_06,Target_Sampled,H1204020201,East Fork Double Bayou,H120402020100,TIDAL,29.74715071,29.74715071,-94.70161163,-94.70161163,Atlantic and Gulf Coast Lowland Forest and Crop Region,T,Rio Grande-Texas-Gulf Region,H12_H13,256,Gulf Coast Prairies,150A,Galveston Bay,NEP,TX,TX,CPL,CPL,Non-Federal,NWC_11_NO,NWC_11_NO,Base,NWC16_11_TSN,P36,E2EM,TX,GFC,Gulf & Florida Coasts,ALL-EW,ALL-EW,PROB,FWS_ST_2005,Texas,F48071,TX,Target,34,Western Gulf Coastal Plain,34g,Texas-Louisiana Coastal Marshes,E2EM,E2SS,EW,RIVERINE,CPL_E2EM,12765.33457,125521.5983,-864605.1007
8/24/2020,NWCA11-2542,5720,7/5/2011,1,NWC_TX-10016,PLNLOW,Plains and Lowlands,CPL,Coastal Plains,Harris,Gulf Coast Region,CSTL_PLAIN,Atlantic and Gulf Coastal Plain,LRR T (MLRA 150A),Region_06,Target_Sampled,H1204010401,Barker Reservoir,H120401040104,INLAND,29.73925612,29.73925612,-95.66743658,-95.66743658,Atlantic and Gulf Coast Lowland Forest and Crop Region,T,Rio Grande-Texas-Gulf Region,H12_H13,256,Gulf Coast Prairies,150A,Galveston Bay,NEP,TX,TX,CPL,CPL,Non-Federal,NWC_11_NO,NWC_11_NO,Base,NWC16_11_TSN,P13,PF,TX,ICP,Inland Coastal Plains,CPL-PRLW,CPL-PRLW,PROB,FWS_ST_2005,Texas,F48201,TX,Target,34,Western Gulf Coastal Plain,34a,Northern Humid Gulf Coastal Prairies,PF,PFO,PRLW,DPRSS,CPL_PF,109498.3239,32154.54229,-866281.8839
8/24/2020,NWCA11-2543,5721,6/29/2011,1,NWC_TX-10017,PLNLOW,Plains and Lowlands,CPL,Coastal Plains,Colorado,Gulf Coast Region,CSTL_PLAIN,Atlantic and Gulf Coastal Plain,LRR T (MLRA 150A),Region_06,Target_Sampled,H1210010203,West Sandy Creek-Sandy Creek,H121001020303,INLAND,29.45526713,29.45526713,-96.61320488,-96.61320488,Atlantic and Gulf Coast Lowland Forest and Crop Region,T,Rio Grande-Texas-Gulf Region,H12_H13,256,Gulf Coast Prairies,150A,Not_NEP,Not_NEP,TX,TX,CPL,CPL,Non-Federal,NWC_11_NO,NWC_11_NO,Base,NWC16_11_TSN,P14,PF,TX,ICP,Inland Coastal Plains,CPL-PRLH,CPL-PRLH,PROB,FWS_ST_2005,Texas,F48089,TX,Target,33,East Central Texas Plains,33b,Southern Post Oak Savanna,PF,PF,PRLH,DPRSS,CPL_PF,648409.5965,-59491.77906,-897631.8541
8/24/2020,NWCA11-2546,5722,6/14/2011,1,NWC_TX-10020,PLNLOW,Plains and Lowlands,CPL,Coastal Plains,Chambers,Gulf Coast Region,CSTL_PLAIN,Atlantic and Gulf Coastal Plain,LRR T (MLRA 150A),Region_06,Target_Sampled,H1204020201,East Fork Double Bayou,H120402020100,TIDAL,29.73118896,29.73118896,-94.7153301,-94.7153301,Atlantic and Gulf Coast Lowland Forest and Crop Region,T,Rio Grande-Texas-Gulf Region,H12_H13,256,Gulf Coast Prairies,150A,Galveston Bay,NEP,TX,TX,CPL,CPL,Non-Federal,NWC_11_NO,NWC_11_NO,Base,NWC16_11_TSN,P36,E2SS,TX,GFC,Gulf & Florida Coasts,ALL-EW,ALL-EW,PROB,FWS_ST_2005,Texas,F48071,TX,Target,34,Western Gulf Coastal Plain,34a,Northern Humid Gulf Coastal Prairies,E2SS,E2SS,EW,FLATS,CPL_E2SS,22.66496,124219.3772,-866393.2133
8/24/2020,NWCA11-2549,3755,8/8/2011,1,NWC_TX-10023,PLNLOW,Plains and Lowlands,CPL,Coastal Plains,Jefferson,Gulf Coast Region,CSTL_PLAIN,Atlantic and Gulf Coastal Plain,LRR T (MLRA 151),Region_06,Target_Sampled,H1204020103,Salt Bayou,H120402010300,TIDAL,29.64107064,29.64107064,-94.15588663,-94.15588663,Atlantic and Gulf Coast Lowland Forest and Crop Region,T,Rio Grande-Texas-Gulf Region,H12_H13,258,Gulf Coast Marsh,151,Not_NEP,Not_NEP,TX,TX,CPL,CPL,FWS,NWC_11_NO,NWC_11_NO,Base,NWC16_11_TSN,P36,E2EM,TX,GFC,Gulf & Florida Coasts,ALL-EH,ALL-EH,PROB,FWS_ST_2005,Texas,F48245,TX,Target,34,Western Gulf Coastal Plain,34g,Texas-Louisiana Coastal Marshes,E2EM,E2EM,EH,FLATS,CPL_E2EM,12765.33457,178502.1385,-875494.2858
8/24/2020,NWCA11-2551,5723,9/14/2011,1,NWC_TX-10025,PLNLOW,Plains and Lowlands,CPL,Coastal Plains,Jackson,Gulf Coast Region,CSTL_PLAIN,Atlantic and Gulf Coastal Plain,LRR T (MLRA 150B),Region_06,Target_Sampled,H1210010104,Keller Branch-Lavaca River,H121001010404,TIDAL,28.81469875,28.81469875,-96.57266286,-96.57266286,Atlantic and Gulf Coast Lowland Forest and Crop Region,T,Rio Grande-Texas-Gulf Region,H12_H13,257,Gulf Coast Saline Prairies,150B,Not_NEP,Not_NEP,TX,TX,CPL,CPL,Non-Federal,NWC_11_NO,NWC_11_NO,Base,NWC16_11_TSN,P13,E2SS,TX,GFC,Gulf & Florida Coasts,ALL-EH,ALL-EH,PROB,FWS_ST_2005,Texas,F48239,TX,Target,34,Western Gulf Coastal Plain,34h,Mid-Coast Barrier Islands and Coastal Marshes,E2SS,E2EM,EH,RIVERINE,CPL_E2SS,189.6185,-55986.01315,-968595.9839
8/24/2020,NWCA11-2555,4794,9/22/2011,1,NWC_TX-10029,PLNLOW,Plains and Lowlands,CPL,Coastal Plains,Calhoun,Gulf Coast Region,CSTL_PLAIN,Atlantic and Gulf Coastal Plain,LRR T (MLRA 150B),Region_06,Target_Sampled,H1210040302,San Antonio Bay-Espiritu Santo Bay,H121004030200,TIDAL,28.36146818,28.36146818,-96.67132832,-96.67132832,Atlantic and Gulf Coast Lowland Forest and Crop Region,T,Rio Grande-Texas-Gulf Region,H12_H13,257,Gulf Coast Saline Prairies,150B,Not_NEP,Not_NEP,TX,TX,CPL,CPL,Non-Federal,NWC_11_NO,NWC_11_NO,Base,NWC16_11_TSN,P36,E2EM,TX,GFC,Gulf & Florida Coasts,ALL-EH,ALL-EH,PROB,FWS_ST_2005,Texas,F48057,TX,Target,34,Western Gulf Coastal Plain,34h,Mid-Coast Barrier Islands and Coastal Marshes,E2EM,E2EM,EH,FLATS,CPL_E2EM,12765.33457,-65985.91949,-1018657.019
8/24/2020,NWCA11-2557,5724,6/13/2011,1,NWC_TX-10031,PLNLOW,Plains and Lowlands,CPL,Coastal Plains,Chambers,Gulf Coast Region,CSTL_PLAIN,Atlantic and Gulf Coastal Plain,LRR T (MLRA 150A),Region_06,Target_Sampled,H1204020302,Cedar Bayou-Frontal Galveston Bay,H120402030200,TIDAL,29.749715,29.749715,-94.70771332,-94.70771332,Atlantic and Gulf Coast Lowland Forest and Crop Region,T,Rio Grande-Texas-Gulf Region,H12_H13,256,Gulf Coast Prairies,150A,Galveston Bay,NEP,TX,TX,CPL,CPL,Non-Federal,NWC_11_16,NWC_11_16,Base,NWC16_11_TSS,P36,E2SS,TX,GFC,Gulf & Florida Coasts,ALL-EW,ALL-EW,PROB,FWS_ST_2005,Texas,F48071,TX,Target,34,Western Gulf Coastal Plain,34g,Texas-Louisiana Coastal Marshes,E2SS,E2SS,EW,TIDAL,CPL_E2SS,22.66496,124927.8871,-864328.7666
8/24/2020,NWCA11-2562,5725,6/15/2011,1,NWC_TX-10036,PLNLOW,Plains and Lowlands,CPL,Coastal Plains,Chambers,Gulf Coast Region,CSTL_PLAIN,Atlantic and Gulf Coastal Plain,LRR T (MLRA 150A),Region_06,Target_Sampled,H1204020201,East Fork Double Bayou,H120402020100,TIDAL,29.7336735,29.7336735,-94.69736281,-94.69736281,Atlantic and Gulf Coast Lowland Forest and Crop Region,T,Rio Grande-Texas-Gulf Region,H12_H13,256,Gulf Coast Prairies,150A,Galveston Bay,NEP,TX,TX,CPL,CPL,Non-Federal,NWC_11_NO,NWC_11_NO,Base,NWC16_11_TSN,P36,E2SS,TX,GFC,Gulf & Florida Coasts,ALL-EW,ALL-EW,PROB,FWS_ST_2005,Texas,F48071,TX,Target,34,Western Gulf Coastal Plain,34a,Northern Humid Gulf Coastal Prairies,E2SS,E2SS,EW,TIDAL,CPL_E2SS,22.66496,125952.8145,-866094.044
8/24/2020,NWCA11-2564,5726,6/6/2011,1,NWC_TX-10038,PLNLOW,Plains and Lowlands,CPL,Coastal Plains,Galveston,Gulf Coast Region,CSTL_PLAIN,Atlantic and Gulf Coastal Plain,LRR T (MLRA 150B),Region_06,Target_Sampled,H1204020402,Dickinson Bayou,H120402040200,TIDAL,29.30383781,29.30383781,-94.96554659,-94.96554659,Atlantic and Gulf Coast Lowland Forest and Crop Region,T,Rio Grande-Texas-Gulf Region,H12_H13,257,Gulf Coast Saline Prairies,150B,Galveston Bay,NEP,TX,TX,CPL,CPL,Non-Federal,NWC_11_NO,NWC_11_NO,Base,NWC16_11_TSN,P36,E2EM,TX,GFC,Gulf & Florida Coasts,ALL-EH,ALL-EH,PROB,FWS_ST_2005,Texas,F48167,TX,Target,34,Western Gulf Coastal Plain,34h,Mid-Coast Barrier Islands and Coastal Marshes,E2EM,E2EM,EH,TIDAL,CPL_E2EM,12765.33457,100541.7452,-914056.8281
8/24/2020,NWCA11-2565,3896,8/10/2011,1,NWC_TX-10039,PLNLOW,Plains and Lowlands,CPL,Coastal Plains,Jefferson,Gulf Coast Region,CSTL_PLAIN,Atlantic and Gulf Coastal Plain,LRR T (MLRA 151),Region_06,Target_Sampled,H1204020103,Salt Bayou,H120402010300,TIDAL,29.68623706,29.68623706,-93.96593682,-93.96593682,Atlantic and Gulf Coast Lowland Forest and Crop Region,T,Rio Grande-Texas-Gulf Region,H12_H13,258,Gulf Coast Marsh,151,Not_NEP,Not_NEP,TX,TX,CPL,CPL,Non-Federal,NWC_11_NO,NWC_11_NO,Base,NWC16_11_TSN,P36,E2EM,TX,GFC,Gulf & Florida Coasts,ALL-EH,ALL-EH,PROB,FWS_ST_2005,Texas,F48245,TX,Target,34,Western Gulf Coastal Plain,34g,Texas-Louisiana Coastal Marshes,E2EM,E2EM,EH,DPRSS,CPL_E2EM,12765.33457,196778.5868,-870111.9315
8/24/2020,NWCA11-2566,4060,8/31/2011,1,NWC_TX-10040,PLNLOW,Plains and Lowlands,CPL,Coastal Plains,Chambers,Gulf Coast Region,CSTL_PLAIN,Atlantic and Gulf Coastal Plain,LRR T (MLRA 150B),Region_06,Target_Sampled,H1204020203,Spindletop Ditch,H120402020300,TIDAL,29.61556355,29.61556355,-94.42741246,-94.42741246,Atlantic and Gulf Coast Lowland Forest and Crop Region,T,Rio Grande-Texas-Gulf Region,H12_H13,257,Gulf Coast Saline Prairies,150B,Galveston Bay,NEP,TX,TX,CPL,CPL,FWS,NWC_11_16,NWC_11_16,Base,NWC16_11_TSS,P36,PEM,TX,GFC,Gulf & Florida Coasts,ALL-EH,ALL-EH,PROB,FWS_ST_2005,Texas,F48071,TX,Target,34,Western Gulf Coastal Plain,34g,Texas-Louisiana Coastal Marshes,PEM,E2EM,EH,FLATS,CPL_PEM,353103.6512,152269.0251,-878794.525
8/24/2020,NWCA11-2571,5727,9/20/2011,1,NWC_TX-10045,PLNLOW,Plains and Lowlands,CPL,Coastal Plains,Victoria,Gulf Coast Region,CSTL_PLAIN,Atlantic and Gulf Coastal Plain,LRR T (MLRA 150B),Region_06,Target_Sampled,H1210030306,San Antonio River-Guadalupe River,H121003030608,INLAND,28.51205681,28.51205681,-96.95445861,-96.95445861,Atlantic and Gulf Coast Lowland Forest and Crop Region,T,Rio Grande-Texas-Gulf Region,H12_H13,257,Gulf Coast Saline Prairies,150B,Not_NEP,Not_NEP,TX,TX,CPL,CPL,Non-Federal,NWC_11_16,NWC_11_16,OverSamp,NWC16_11_TSS,P13,PSS,TX,ICP,Inland Coastal Plains,CPL-PRLH,CPL-PRLH,PROB,FWS_ST_2005,Texas,F48469,TX,Target,34,Western Gulf Coastal Plain,34h,Mid-Coast Barrier Islands and Coastal Marshes,PSS,PEM,PRLH,DPRSS,CPL_PSS,108655.4238,-93647.24507,-1001771.795
8/24/2020,NWCA11-2573,5733,6/23/2011,1,NWC_TX-10047,PLNLOW,Plains and Lowlands,CPL,Coastal Plains,Chambers,Gulf Coast Region,CSTL_PLAIN,Atlantic and Gulf Coastal Plain,LRR T (MLRA 150A),Region_06,Target_Sampled,H1204020201,East Fork Double Bayou,H120402020100,TIDAL,29.74603812,29.74603812,-94.70685723,-94.70685723,Atlantic and Gulf Coast Lowland Forest and Crop Region,T,Rio Grande-Texas-Gulf Region,H12_H13,256,Gulf Coast Prairies,150A,Galveston Bay,NEP,TX,TX,CPL,CPL,Non-Federal,NWC_11_NO,NWC_11_NO,OverSamp,NWC16_11_TSN,P36,E2SS,TX,GFC,Gulf & Florida Coasts,ALL-EW,ALL-EW,PROB,FWS_ST_2005,Texas,F48071,TX,Target,34,Western Gulf Coastal Plain,34g,Texas-Louisiana Coastal Marshes,E2SS,E2SS,EW,TIDAL,CPL_E2SS,22.66496,125016.1907,-864735.3985
8/24/2020,NWCA11-2575,3894,8/15/2011,1,NWC_TX-10049,PLNLOW,Plains and Lowlands,CPL,Coastal Plains,Aransas,Gulf Coast Region,CSTL_PLAIN,Atlantic and Gulf Coastal Plain,LRR T (MLRA 150B),Region_06,Target_Sampled,H1210040504,Aransas Bay,H121004050400,TIDAL,27.87628571,27.87628571,-97.05422659,-97.05422659,Atlantic and Gulf Coast Lowland Forest and Crop Region,T,Rio Grande-Texas-Gulf Region,H12_H13,257,Gulf Coast Saline Prairies,150B,Coastal Bend Bays and Estuaries,NEP,TX,TX,CPL,CPL,State,NWC_11_NO,NWC_11_NO,OverSamp,NWC16_11_TSN,P36,E2EM,TX,GFC,Gulf & Florida Coasts,ALL-EH,ALL-EH,PROB,FWS_ST_2005,Texas,F48007,TX,Target,34,Western Gulf Coastal Plain,34h,Mid-Coast Barrier Islands and Coastal Marshes,E2EM,E2EM,EH,TIDAL,CPL_E2EM,12765.33457,-104214.8448,-1071905.562
8/24/2020,NWCA11-2577,3792,8/9/2011,1,NWC_TX-10051,PLNLOW,Plains and Lowlands,CPL,Coastal Plains,Jefferson,Gulf Coast Region,CSTL_PLAIN,Atlantic and Gulf Coastal Plain,LRR T (MLRA 151),Region_06,Target_Sampled,H1204020103,Salt Bayou,H120402010300,TIDAL,29.67961,29.67961,-94.07507,-94.07507,Atlantic and Gulf Coast Lowland Forest and Crop Region,T,Rio Grande-Texas-Gulf Region,H12_H13,258,Gulf Coast Marsh,151,Not_NEP,Not_NEP,TX,TX,CPL,CPL,FWS,NWC_11_NO,NWC_11_NO,OverSamp,NWC16_11_TSN,P36,E2EM,TX,GFC,Gulf & Florida Coasts,ALL-EH,ALL-EH,PROB,FWS_ST_2005,Texas,F48245,TX,Target,34,Western Gulf Coastal Plain,34g,Texas-Louisiana Coastal Marshes,E2EM,E2EM,EH,FLATS,CPL_E2EM,12765.33457,186237.2343,-871066.5779
8/24/2020,NWCA11-2578,3662,8/1/2011,1,NWC_TX-10052,PLNLOW,Plains and Lowlands,CPL,Coastal Plains,Chambers,Gulf Coast Region,CSTL_PLAIN,Atlantic and Gulf Coastal Plain,LRR T (MLRA 150A),Region_06,Target_Sampled,H1204020201,East Fork Double Bayou,H120402020100,INLAND,29.71660933,29.71660933,-94.62936988,-94.62936988,Atlantic and Gulf Coast Lowland Forest and Crop Region,T,Rio Grande-Texas-Gulf Region,H12_H13,256,Gulf Coast Prairies,150A,Galveston Bay,NEP,TX,TX,CPL,CPL,Non-Federal,NWC_11_NO,NWC_11_NO,OverSamp,NWC16_11_TSN,P13,PF,TX,ICP,Inland Coastal Plains,CPL-PRLH,CPL-PRLH,PROB,FWS_ST_2005,Texas,F48071,TX,Target,34,Western Gulf Coastal Plain,34a,Northern Humid Gulf Coastal Prairies,PF,PEM,PRLH,DPRSS,CPL_PF,109498.3239,132553.9427,-867893.8347
8/24/2020,NWCA11-2580,5734,7/13/2011,1,NWC_TX-10054,PLNLOW,Plains and Lowlands,CPL,Coastal Plains,Galveston,Gulf Coast Region,CSTL_PLAIN,Atlantic and Gulf Coastal Plain,LRR T (MLRA 150B),Region_06,Target_Sampled,H1204020403,Halls Bayou,H120402040300,TIDAL,29.17124903,29.17124903,-95.0099533,-95.0099533,Atlantic and Gulf Coast Lowland Forest and Crop Region,T,Rio Grande-Texas-Gulf Region,H12_H13,257,Gulf Coast Saline Prairies,150B,Galveston Bay,NEP,TX,TX,CPL,CPL,Non-Federal,NWC_11_NO,NWC_11_NO,OverSamp,NWC16_11_TSN,P36,E2EM,TX,GFC,Gulf & Florida Coasts,ALL-EH,ALL-EH,PROB,FWS_ST_2005,Texas,F48167,TX,Target,34,Western Gulf Coastal Plain,34h,Mid-Coast Barrier Islands and Coastal Marshes,E2EM,E2EM,EH,TIDAL,CPL_E2EM,12765.33457,96378.88858,-928789.4866
8/24/2020,NWCA11-2581,3893,8/22/2011,1,NWC_TX-10055,PLNLOW,Plains and Lowlands,CPL,Coastal Plains,Jefferson,Gulf Coast Region,CSTL_PLAIN,Atlantic and Gulf Coastal Plain,LRR T (MLRA 151),Region_06,Target_Sampled,H1204020103,Salt Bayou,H120402010300,TIDAL,29.75274873,29.75274873,-94.01576348,-94.01576348,Atlantic and Gulf Coast Lowland Forest and Crop Region,T,Rio Grande-Texas-Gulf Region,H12_H13,258,Gulf Coast Marsh,151,Not_NEP,Not_NEP,TX,TX,CPL,CPL,State,NWC_11_NO,NWC_11_NO,OverSamp,NWC16_11_TSN,P36,E2EM,TX,GFC,Gulf & Florida Coasts,ALL-EH,ALL-EH,PROB,FWS_ST_2005,Texas,F48245,TX,Target,34,Western Gulf Coastal Plain,34g,Texas-Louisiana Coastal Marshes,E2EM,E2EM,EH,FLATS,CPL_E2EM,12765.33457,191804.9844,-862839.2539
8/24/2020,NWCA11-2582,3573,7/18/2011,1,NWC_TX-10056,PLNLOW,Plains and Lowlands,CPL,Coastal Plains,Galveston,Gulf Coast Region,CSTL_PLAIN,Atlantic and Gulf Coastal Plain,LRR T (MLRA 151),Region_06,Target_Sampled,H1204020203,Spindletop Ditch,H120402020300,TIDAL,29.54427983,29.54427983,-94.47447503,-94.47447503,Atlantic and Gulf Coast Lowland Forest and Crop Region,T,Rio Grande-Texas-Gulf Region,H12_H13,258,Gulf Coast Marsh,151,Galveston Bay,NEP,TX,TX,CPL,CPL,Non-Federal,NWC_11_16,NWC_11_16,OverSamp,NWC16_11_TSS,P36,E2SS,TX,GFC,Gulf & Florida Coasts,ALL-EW,ALL-EW,PROB,FWS_ST_2005,Texas,F48167,TX,Target,34,Western Gulf Coastal Plain,34g,Texas-Louisiana Coastal Marshes,E2SS,E2SS,EW,TIDAL,CPL_E2SS,22.66496,147839.3479,-886770.6435
8/24/2020,NWCA11-2584,5735,7/11/2011,1,NWC_TX-10058,PLNLOW,Plains and Lowlands,CPL,Coastal Plains,Brazoria,Gulf Coast Region,CSTL_PLAIN,Atlantic and Gulf Coastal Plain,LRR T (MLRA 150B),Region_06,Target_Sampled,H1204020504,Lower Oyster Creek,H120402050400,TIDAL,29.07699084,29.07699084,-95.20613487,-95.20613487,Atlantic and Gulf Coast Lowland Forest and Crop Region,T,Rio Grande-Texas-Gulf Region,H12_H13,257,Gulf Coast Saline Prairies,150B,Galveston Bay,NEP,TX,TX,CPL,CPL,FWS,NWC_11_NO,NWC_11_NO,OverSamp,NWC16_11_TSN,P36,E2SS,TX,GFC,Gulf & Florida Coasts,ALL-EH,ALL-EH,PROB,FWS_ST_2005,Texas,F48039,TX,Target,34,Western Gulf Coastal Plain,34h,Mid-Coast Barrier Islands and Coastal Marshes,E2SS,E2EM,EH,TIDAL,CPL_E2SS,22.66496,77368.73741,-939406.9214
8/24/2020,NWCA11-2588,3663,7/26/2011,1,NWC_TX-10062,PLNLOW,Plains and Lowlands,CPL,Coastal Plains,Matagorda,Gulf Coast Region,CSTL_PLAIN,Atlantic and Gulf Coastal Plain,LRR T (MLRA 150B),Region_06,Target_Sampled,H1210040104,East Branch Mad Island Slough-Matagorda Bay,H121004010400,TIDAL,28.58878578,28.58878578,-96.00650832,-96.00650832,Atlantic and Gulf Coast Lowland Forest and Crop Region,T,Rio Grande-Texas-Gulf Region,H12_H13,257,Gulf Coast Saline Prairies,150B,Not_NEP,Not_NEP,TX,TX,CPL,CPL,Non-Federal,NWC_11_NO,NWC_11_NO,OverSamp,NWC16_11_TSN,P36,E2SS,TX,GFC,Gulf & Florida Coasts,ALL-EH,ALL-EH,PROB,FWS_ST_2005,Texas,F48321,TX,Target,34,Western Gulf Coastal Plain,34h,Mid-Coast Barrier Islands and Coastal Marshes,E2SS,E2EM,EH,DPRSS,CPL_E2SS,22.66496,-637.9971245,-993756.9442
8/24/2020,NWCA11-2589,5736,7/12/2011,1,NWC_TX-10063,PLNLOW,Plains and Lowlands,CPL,Coastal Plains,Chambers,Gulf Coast Region,CSTL_PLAIN,Atlantic and Gulf Coastal Plain,LRR T (MLRA 150A),Region_06,Target_Sampled,H1204020302,Cedar Bayou-Frontal Galveston Bay,H120402030200,TIDAL,29.75292024,29.75292024,-94.70464921,-94.70464921,Atlantic and Gulf Coast Lowland Forest and Crop Region,T,Rio Grande-Texas-Gulf Region,H12_H13,256,Gulf Coast Prairies,150A,Galveston Bay,NEP,TX,TX,CPL,CPL,Non-Federal,NWC_11_NO,NWC_11_NO,OverSamp,NWC16_11_TSN,P36,E2SS,TX,GFC,Gulf & Florida Coasts,ALL-EH,ALL-EH,PROB,FWS_ST_2005,Texas,F48071,TX,Target,34,Western Gulf Coastal Plain,34g,Texas-Louisiana Coastal Marshes,E2SS,E2EM,EH,TIDAL,CPL_E2SS,22.66496,125219.2369,-863969.2773
8/24/2020,NWCA11-2591,5737,9/21/2011,1,NWC_TX-10065,PLNLOW,Plains and Lowlands,CPL,Coastal Plains,Calhoun,Gulf Coast Region,CSTL_PLAIN,Atlantic and Gulf Coastal Plain,LRR T (MLRA 150B),Region_06,Target_Sampled,H1210040302,San Antonio Bay-Espiritu Santo Bay,H121004030200,TIDAL,28.34888201,28.34888201,-96.6442252,-96.6442252,Atlantic and Gulf Coast Lowland Forest and Crop Region,T,Rio Grande-Texas-Gulf Region,H12_H13,257,Gulf Coast Saline Prairies,150B,Not_NEP,Not_NEP,TX,TX,CPL,CPL,Non-Federal,NWC_11_NO,NWC_11_NO,OverSamp,NWC16_11_TSN,P36,E2EM,TX,GFC,Gulf & Florida Coasts,ALL-EH,ALL-EH,PROB,FWS_ST_2005,Texas,F48057,TX,Target,34,Western Gulf Coastal Plain,34h,Mid-Coast Barrier Islands and Coastal Marshes,E2EM,E2EM,EH,TIDAL,CPL_E2EM,12765.33457,-63331.38316,-1020066.57
8/24/2020,NWCA11-2593,5738,9/8/2011,1,NWC_TX-10067,PLNLOW,Plains and Lowlands,CPL,Coastal Plains,Chambers,Gulf Coast Region,CSTL_PLAIN,Atlantic and Gulf Coastal Plain,LRR T (MLRA 150A),Region_06,Target_Sampled,H1204020201,East Fork Double Bayou,H120402020100,TIDAL,29.74850706,29.74850706,-94.70160663,-94.70160663,Atlantic and Gulf Coast Lowland Forest and Crop Region,T,Rio Grande-Texas-Gulf Region,H12_H13,256,Gulf Coast Prairies,150A,Galveston Bay,NEP,TX,TX,CPL,CPL,Non-Federal,NWC_11_NO,NWC_11_NO,OverSamp,NWC16_11_TSN,P36,E2SS,TX,GFC,Gulf & Florida Coasts,ALL-EH,ALL-EH,PROB,FWS_ST_2005,Texas,F48071,TX,Target,34,Western Gulf Coastal Plain,34g,Texas-Louisiana Coastal Marshes,E2SS,E2EM,EH,TIDAL,CPL_E2SS,22.66496,125520.0265,-864454.6781
8/24/2020,NWCA11-2597,3753,8/2/2011,1,NWC_TX-10071,PLNLOW,Plains and Lowlands,CPL,Coastal Plains,Jefferson,Gulf Coast Region,CSTL_PLAIN,Atlantic and Gulf Coastal Plain,LRR T (MLRA 150A),Region_06,Target_Sampled,H1204020101,Lower Neches Valley Authority Canal-Taylor Bayou,H120402010100,INLAND,29.87647183,29.87647183,-94.17173248,-94.17173248,Atlantic and Gulf Coast Lowland Forest and Crop Region,T,Rio Grande-Texas-Gulf Region,H12_H13,256,Gulf Coast Prairies,150A,Not_NEP,Not_NEP,TX,TX,CPL,CPL,Non-Federal,NWC_11_NO,NWC_11_NO,OverSamp,NWC16_11_TSN,P13,PF,TX,ICP,Inland Coastal Plains,CPL-PRLW,CPL-PRLW,PROB,FWS_ST_2005,Texas,F48245,TX,Target,34,Western Gulf Coastal Plain,34a,Northern Humid Gulf Coastal Prairies,PF,PSS,PRLW,FLATS,CPL_PF,109498.3239,176466.2695,-849420.236
8/24/2020,NWCA11-2598,4059,8/29/2011,1,NWC_TX-10072,PLNLOW,Plains and Lowlands,CPL,Coastal Plains,Galveston,Gulf Coast Region,CSTL_PLAIN,Atlantic and Gulf Coastal Plain,LRR T (MLRA 150B),Region_06,Target_Sampled,H1204020204,Cane Bayou,H120402020400,TIDAL,29.45142807,29.45142807,-94.68427721,-94.68427721,Atlantic and Gulf Coast Lowland Forest and Crop Region,T,Rio Grande-Texas-Gulf Region,H12_H13,257,Gulf Coast Saline Prairies,150B,Galveston Bay,NEP,TX,TX,CPL,CPL,Non-Federal,NWC_11_NO,NWC_11_NO,OverSamp,NWC16_11_TSN,P36,E2SS,TX,GFC,Gulf & Florida Coasts,ALL-EH,ALL-EH,PROB,FWS_ST_2005,Texas,F48167,TX,Target,34,Western Gulf Coastal Plain,34h,Mid-Coast Barrier Islands and Coastal Marshes,E2SS,E2EM,EH,TIDAL,CPL_E2SS,22.66496,127651.209,-897365.6096
8/24/2020,NWCA11-2599,3570,7/25/2011,1,NWC_TX-10073,PLNLOW,Plains and Lowlands,CPL,Coastal Plains,Calhoun,Gulf Coast Region,CSTL_PLAIN,Atlantic and Gulf Coastal Plain,LRR T (MLRA 150B),Region_06,Target_Sampled,H1210040105,Matagorda Bay,H121004010500,TIDAL,28.69519237,28.69519237,-96.57011516,-96.57011516,Atlantic and Gulf Coast Lowland Forest and Crop Region,T,Rio Grande-Texas-Gulf Region,H12_H13,257,Gulf Coast Saline Prairies,150B,Not_NEP,Not_NEP,TX,TX,CPL,CPL,Non-Federal,NWC_11_NO,NWC_11_NO,OverSamp,NWC16_11_TSN,P36,E2EM,TX,GFC,Gulf & Florida Coasts,ALL-EH,ALL-EH,PROB,FWS_ST_2005,Texas,F48057,TX,Target,34,Western Gulf Coastal Plain,34h,Mid-Coast Barrier Islands and Coastal Marshes,E2EM,E2EM,EH,TIDAL,CPL_E2EM,12765.33457,-55816.26493,-981819.7756
8/24/2020,NWCA11-2600,3572,7/20/2011,1,NWC_TX-10074,PLNLOW,Plains and Lowlands,CPL,Coastal Plains,Galveston,Gulf Coast Region,CSTL_PLAIN,Atlantic and Gulf Coastal Plain,LRR T (MLRA 150B),Region_06,Target_Sampled,H1204020403,Halls Bayou,H120402040300,TIDAL,29.17781958,29.17781958,-95.00314252,-95.00314252,Atlantic and Gulf Coast Lowland Forest and Crop Region,T,Rio Grande-Texas-Gulf Region,H12_H13,257,Gulf Coast Saline Prairies,150B,Galveston Bay,NEP,TX,TX,CPL,CPL,Non-Federal,NWC_11_NO,NWC_11_NO,OverSamp,NWC16_11_TSN,P36,E2SS,TX,GFC,Gulf & Florida Coasts,ALL-EW,ALL-EW,PROB,FWS_ST_2005,Texas,F48167,TX,Target,34,Western Gulf Coastal Plain,34h,Mid-Coast Barrier Islands and Coastal Marshes,E2SS,E2SS,EW,TIDAL,CPL_E2SS,22.66496,97034.24539,-928054.8558
8/24/2020,NWCA11-2603,3895,8/16/2011,1,NWC_TX-10077,PLNLOW,Plains and Lowlands,CPL,Coastal Plains,Calhoun,Gulf Coast Region,CSTL_PLAIN,Atlantic and Gulf Coastal Plain,LRR T (MLRA 150B),Region_06,Target_Sampled,H1210040302,San Antonio Bay-Espiritu Santo Bay,H121004030200,TIDAL,28.39662219,28.39662219,-96.42141873,-96.42141873,Atlantic and Gulf Coast Lowland Forest and Crop Region,T,Rio Grande-Texas-Gulf Region,H12_H13,257,Gulf Coast Saline Prairies,150B,Not_NEP,Not_NEP,TX,TX,CPL,CPL,FWS,NWC_11_NO,NWC_11_NO,OverSamp,NWC16_11_TSN,P36,E2EM,TX,GFC,Gulf & Florida Coasts,ALL-EH,ALL-EH,PROB,FWS_ST_2005,Texas,F48057,TX,Target,34,Western Gulf Coastal Plain,34h,Mid-Coast Barrier Islands and Coastal Marshes,E2EM,E2EM,EH,TIDAL,CPL_E2EM,12765.33457,-41404.88918,-1014912.485
8/24/2020,NWCA11-2605,4058,8/23/2011,1,NWC_TX-10079,PLNLOW,Plains and Lowlands,CPL,Coastal Plains,Jefferson,Gulf Coast Region,CSTL_PLAIN,Atlantic and Gulf Coastal Plain,LRR T (MLRA 151),Region_06,Target_Sampled,H1204020103,Salt Bayou,H120402010300,TIDAL,29.69064672,29.69064672,-94.09077156,-94.09077156,Atlantic and Gulf Coast Lowland Forest and Crop Region,T,Rio Grande-Texas-Gulf Region,H12_H13,258,Gulf Coast Marsh,151,Not_NEP,Not_NEP,TX,TX,CPL,CPL,FWS,NWC_11_NO,NWC_11_NO,OverSamp,NWC16_11_TSN,P36,E2EM,TX,GFC,Gulf & Florida Coasts,ALL-EH,ALL-EH,PROB,FWS_ST_2005,Texas,F48245,TX,Target,34,Western Gulf Coastal Plain,34g,Texas-Louisiana Coastal Marshes,E2EM,E2EM,EH,FLATS,CPL_E2EM,12765.33457,184693.7251,-869873.5863
8/24/2020,NWCA11-2606,4057,8/30/2011,1,NWC_TX-10080,PLNLOW,Plains and Lowlands,CPL,Coastal Plains,Chambers,Gulf Coast Region,CSTL_PLAIN,Atlantic and Gulf Coastal Plain,LRR T (MLRA 150A),Region_06,Target_Sampled,H1204020201,East Fork Double Bayou,H120402020100,INLAND,29.72917468,29.72917468,-94.61938165,-94.61938165,Atlantic and Gulf Coast Lowland Forest and Crop Region,T,Rio Grande-Texas-Gulf Region,H12_H13,256,Gulf Coast Prairies,150A,Galveston Bay,NEP,TX,TX,CPL,CPL,Non-Federal,NWC_11_16,NWC_11_16,OverSamp,NWC16_11_TSS,P13,PF,TX,ICP,Inland Coastal Plains,CPL-PRLH,CPL-PRLH,PROB,FWS_ST_2005,Texas,F48071,TX,Target,34,Western Gulf Coastal Plain,34a,Northern Humid Gulf Coastal Prairies,PF,PEM,PRLH,FLATS,CPL_PF,109498.3239,133499.5949,-866486.4815
8/24/2020,NWCA11-2608,4056,9/6/2011,1,NWC_TX-10082,PLNLOW,Plains and Lowlands,CPL,Coastal Plains,Matagorda,Gulf Coast Region,CSTL_PLAIN,Atlantic and Gulf Coastal Plain,LRR T (MLRA 150B),Region_06,Target_Sampled,H1209040204,East Matagorda Bay,H120904020400,TIDAL,28.80268843,28.80268843,-95.5633783,-95.5633783,Atlantic and Gulf Coast Lowland Forest and Crop Region,T,Rio Grande-Texas-Gulf Region,H12_H13,257,Gulf Coast Saline Prairies,150B,Not_NEP,Not_NEP,TX,TX,CPL,CPL,FWS,NWC_11_NO,NWC_11_NO,OverSamp,NWC16_11_TSN,P36,E2EM,TX,GFC,Gulf & Florida Coasts,ALL-EH,ALL-EH,PROB,FWS_ST_2005,Texas,F48321,TX,Target,34,Western Gulf Coastal Plain,34h,Mid-Coast Barrier Islands and Coastal Marshes,E2EM,E2EM,EH,DPRSS,CPL_E2EM,12765.33457,42692.25164,-969995.6314
8/24/2020,NWCA11-2612,5739,7/26/2011,1,NWC_UT-10002,WMTNS,West,WMT,Western Mountains,Piute,Not Coast,W_MTNS,"Western Mountains, Valleys, and Coast",LRR E,Region_08,Target_Sampled,H1603000201,Upper Otter Creek,H160300020107,INLAND,38.4932669,38.4932669,-112.0166194,-112.0166194,Rocky Mountain Range and Forest Region,E,Great Basin Region,H16,64,Wasatch and Uinta Mountains,47,Not_NEP,Not_NEP,UT,UT,W,WMT,USFS,NWC_11_16,NWC_11_16,Revisit,NWC16_11_TSS,P20,PUBPAB,UT,WVM,Western Valleys & Mountains,W-PRLH,WMT-PRLH,PROB,FWS_ST_2005,Utah,F49031,UT,Target,19,Wasatch and Uinta Mountains,19e,High Plateaus,PUBPAB,PUBPAB,PRLH,RIVERINE,WMT_PUBPAB,311.64914,-1377286.534,227663.9653
8/24/2020,NWCA11-2612,5740,8/30/2011,2,NWC_UT-10002,WMTNS,West,WMT,Western Mountains,Piute,Not Coast,W_MTNS,"Western Mountains, Valleys, and Coast",LRR E,Region_08,Target_Sampled,H1603000201,Upper Otter Creek,H160300020107,INLAND,38.4932669,38.4932669,-112.0166194,-112.0166194,Rocky Mountain Range and Forest Region,E,Great Basin Region,H16,64,Wasatch and Uinta Mountains,47,Not_NEP,Not_NEP,UT,UT,W,WMT,USFS,NWC_11_16,NWC_11_16,Revisit,NWC16_11_TSS,P20,PUBPAB,UT,WVM,Western Valleys & Mountains,W-PRLH,WMT-PRLH,PROB,FWS_ST_2005,Utah,F49031,UT,Target,19,Wasatch and Uinta Mountains,19e,High Plateaus,PUBPAB,PUBPAB,PRLH,RIVERINE,WMT_PUBPAB,311.64914,-1377286.534,227663.9653
8/24/2020,NWCA11-2619,5741,7/21/2011,1,NWC_UT-10009,WMTNS,West,XER,Xeric,Cache,Not Coast,W_MTNS,"Western Mountains, Valleys, and Coast",LRR E,Region_08,Target_Sampled,H1601020301,Headwaters Little Bear River,H160102030104,INLAND,41.52804599,41.52804599,-111.7954443,-111.7954443,Rocky Mountain Range and Forest Region,E,Great Basin Region,H16,64,Wasatch and Uinta Mountains,47,Not_NEP,Not_NEP,UT,UT,W,XER,Non-Federal,NWC_11_16,NWC_11_16,Base,NWC16_11_TSS,P03,PSS,UT,ARW,Arid West,W-PRLW,XER-PRLW,PROB,FWS_ST_2005,Utah,F49005,UT,Target,13,Central Basin and Range,13i,Malad and Cache Valleys,PSS,PSS,PRLW,RIVERINE,XER_PSS,18488.76451,-1302194.04,559786.7592
8/24/2020,NWCA11-2619,5742,9/6/2011,2,NWC_UT-10009,WMTNS,West,XER,Xeric,Cache,Not Coast,W_MTNS,"Western Mountains, Valleys, and Coast",LRR E,Region_08,Target_Sampled,H1601020301,Headwaters Little Bear River,H160102030104,INLAND,41.52804599,41.52804599,-111.7954443,-111.7954443,Rocky Mountain Range and Forest Region,E,Great Basin Region,H16,64,Wasatch and Uinta Mountains,47,Not_NEP,Not_NEP,UT,UT,W,XER,Non-Federal,NWC_11_16,NWC_11_16,Base,NWC16_11_TSS,P03,PSS,UT,ARW,Arid West,W-PRLW,XER-PRLW,PROB,FWS_ST_2005,Utah,F49005,UT,Target,13,Central Basin and Range,13i,Malad and Cache Valleys,PSS,PSS,PRLW,RIVERINE,XER_PSS,18488.76451,-1302194.04,559786.7592
8/24/2020,NWCA11-2620,5743,7/28/2011,1,NWC_UT-10010,WMTNS,West,WMT,Western Mountains,Sevier,Not Coast,W_MTNS,"Western Mountains, Valleys, and Coast",LRR E,Region_08,Target_Sampled,H1603000201,Upper Otter Creek,H160300020105,INLAND,38.53447022,38.53447022,-111.8683877,-111.8683877,Rocky Mountain Range and Forest Region,E,Great Basin Region,H16,64,Wasatch and Uinta Mountains,47,Not_NEP,Not_NEP,UT,UT,W,WMT,Non-Federal,NWC_11_16,NWC_11_16,OverSamp,NWC16_11_TSS,P08,PEM,UT,WVM,Western Valleys & Mountains,W-PRLH,WMT-PRLH,PROB,FWS_ST_2005,Utah,F49041,UT,Target,19,Wasatch and Uinta Mountains,19g,Mountain Valleys,PEM,PEM,PRLH,SLOPE,WMT_PEM,105777.2339,-1363891.598,230079.6518
8/24/2020,NWCA11-2623,5744,8/2/2011,1,NWC_UT-10013,WMTNS,West,WMT,Western Mountains,Piute,Not Coast,W_MTNS,"Western Mountains, Valleys, and Coast",LRR E,Region_08,Target_Sampled,H1603000201,Upper Otter Creek,H160300020107,INLAND,38.48363717,38.48363717,-112.0337117,-112.0337117,Rocky Mountain Range and Forest Region,E,Great Basin Region,H16,64,Wasatch and Uinta Mountains,47,Not_NEP,Not_NEP,UT,UT,W,WMT,USFS,NWC_11_NO,NWC_11_NO,OverSamp,NWC16_11_TSN,P20,PEM,UT,WVM,Western Valleys & Mountains,W-PRLH,WMT-PRLH,PROB,FWS_ST_2005,Utah,F49031,UT,Target,19,Wasatch and Uinta Mountains,19e,High Plateaus,PEM,PEM,PRLH,SLOPE,WMT_PEM,29253.72728,-1378923.6,226847.77
8/24/2020,NWCA11-2628,5745,9/7/2011,1,NWC_UT-10018,WMTNS,West,XER,Xeric,Tooele,Not Coast,ARID_W,Arid West,LRR D,Region_08,Target_Sampled,H1602030403,Rush Valley,H160203040310,INLAND,40.42389901,40.42389901,-112.4585894,-112.4585894,Western Range and Irrigated Region,D,Great Basin Region,H16,35,Great Salt Lake Area,28A,Not_NEP,Not_NEP,UT,UT,W,XER,Non-Federal,NWC_11_16,NWC_11_16,OverSamp,NWC16_11_TSS,P03,PUBPAB,UT,ARW,Arid West,W-PRLH,XER-PRLH,PROB,FWS_ST_2005,Utah,F49045,UT,Target,13,Central Basin and Range,13c,Sagebrush Basins and Slopes,PUBPAB,PUBPAB,PRLH,SLOPE,XER_PUBPAB,552.45746,-1377633.291,447276.1178
8/24/2020,NWCA11-2632,3854,8/24/2011,2,NWC_VA-10004,PLNLOW,Plains and Lowlands,CPL,Coastal Plains,Accomack,North East Coast Region,CSTL_PLAIN,Atlantic and Gulf Coastal Plain,LRR T (MLRA 153B),Region_03,Target_Sampled,H0208011106,Messongo Creek-Pocomoke Sound,H020801110601,TIDAL,37.91254023,37.91254023,-75.68068678,-75.68068678,Atlantic and Gulf Coast Lowland Forest and Crop Region,T,Mid Atlantic Region,H02,264,Tidewater Area,153B,Chesapeake Bay Watershed Initiative,Not_NEP,VA,VA_CP,CPL,CPL,State,NWC_11_16,NWC_11_16,Base,NWC16_11_TSS,P13,E2SS,VA,ATL,Atlantic Coast,ALL-EW,ALL-EW,PROB,FWS_ST_2005,Virginia,F51001,VA,Target,63,Middle Atlantic Coastal Plain,63b,Chesapeake-Pamlico Lowlands and Tidal Marshes,E2SS,E2SS,EW,TIDAL,CPL_E2SS,277.82186,1756044.844,234686.749
8/24/2020,NWCA11-2632,5746,6/21/2011,1,NWC_VA-10004,PLNLOW,Plains and Lowlands,CPL,Coastal Plains,Accomack,North East Coast Region,CSTL_PLAIN,Atlantic and Gulf Coastal Plain,LRR T (MLRA 153B),Region_03,Target_Sampled,H0208011106,Messongo Creek-Pocomoke Sound,H020801110601,TIDAL,37.91254023,37.91254023,-75.68068678,-75.68068678,Atlantic and Gulf Coast Lowland Forest and Crop Region,T,Mid Atlantic Region,H02,264,Tidewater Area,153B,Chesapeake Bay Watershed Initiative,Not_NEP,VA,VA_CP,CPL,CPL,State,NWC_11_16,NWC_11_16,Base,NWC16_11_TSS,P13,E2SS,VA,ATL,Atlantic Coast,ALL-EW,ALL-EW,PROB,FWS_ST_2005,Virginia,F51001,VA,Target,63,Middle Atlantic Coastal Plain,63b,Chesapeake-Pamlico Lowlands and Tidal Marshes,E2SS,E2SS,EW,TIDAL,CPL_E2SS,277.82186,1756044.844,234686.749
8/24/2020,NWCA11-2633,5802,5/31/2011,1,NWC_VA-10005,PLNLOW,Plains and Lowlands,CPL,Coastal Plains,Gloucester,North East Coast Region,CSTL_PLAIN,Atlantic and Gulf Coastal Plain,LRR P,Region_03,Target_Sampled,H0208010702,Lower York River,H020801070201,INLAND,37.39197294,37.39197294,-76.6205714,-76.6205714,"South Atlantic and Gulf Slope Cash Crops, Forest, and Livestock Region",P,Mid Atlantic Region,H02,234,Southern Coastal Plain,133A,Chesapeake Bay Watershed Initiative,Not_NEP,VA,VA_CP,CPL,CPL,Non-Federal,NWC_11_16,NWC_11_16,Base,NWC16_11_TSS,P13,PFO,VA,ICP,Inland Coastal Plains,CPL-PRLW,CPL-PRLW,PROB,FWS_ST_2005,Virginia,F51073,VA,Target,65,Southeastern Plains,65m,Rolling Coastal Plain,PFO,PFO,PRLW,RIVERINE,CPL_PFO,104099.9158,1687789.735,160581.7936
8/24/2020,NWCA11-2633,3853,8/29/2011,2,NWC_VA-10005,PLNLOW,Plains and Lowlands,CPL,Coastal Plains,Gloucester,North East Coast Region,CSTL_PLAIN,Atlantic and Gulf Coastal Plain,LRR P,Region_03,Target_Sampled,H0208010702,Lower York River,H020801070201,INLAND,37.39197294,37.39197294,-76.6205714,-76.6205714,"South Atlantic and Gulf Slope Cash Crops, Forest, and Livestock Region",P,Mid Atlantic Region,H02,234,Southern Coastal Plain,133A,Chesapeake Bay Watershed Initiative,Not_NEP,VA,VA_CP,CPL,CPL,Non-Federal,NWC_11_16,NWC_11_16,Base,NWC16_11_TSS,P13,PFO,VA,ICP,Inland Coastal Plains,CPL-PRLW,CPL-PRLW,PROB,FWS_ST_2005,Virginia,F51073,VA,Target,65,Southeastern Plains,65m,Rolling Coastal Plain,PFO,PFO,PRLW,RIVERINE,CPL_PFO,104099.9158,1687789.735,160581.7936
8/24/2020,NWCA11-2634,3436,6/2/2011,1,NWC_VA-10006,PLNLOW,Plains and Lowlands,CPL,Coastal Plains,Mathews,North East Coast Region,CSTL_PLAIN,Atlantic and Gulf Coastal Plain,LRR T (MLRA 153B),Region_03,Target_Sampled,H0208010204,Mobjack Bay-Lower Chesapeake Bay,H020801020406,TIDAL,37.32785076,37.32785076,-76.28039374,-76.28039374,Atlantic and Gulf Coast Lowland Forest and Crop Region,T,Mid Atlantic Region,H02,262,Tidewater Area,153B,Chesapeake Bay Watershed Initiative,Not_NEP,VA,VA_CP,CPL,CPL,Non-Federal,NWC_11_NO,NWC_11_NO,Base,NWC16_11_TSN,P36,E2SS,VA,ATL,Atlantic Coast,ALL-EH,ALL-EH,PROB,FWS_ST_2005,Virginia,F51115,VA,Target,63,Middle Atlantic Coastal Plain,63b,Chesapeake-Pamlico Lowlands and Tidal Marshes,E2SS,E2EM,EH,FLATS,CPL_E2SS,277.82186,1718474.141,159643.9239
8/24/2020,NWCA11-2636,3860,8/22/2011,1,NWC_VA-10008,PLNLOW,Plains and Lowlands,CPL,Coastal Plains,Accomack,North East Coast Region,CSTL_PLAIN,Atlantic and Gulf Coastal Plain,LRR T (MLRA 153B),Region_03,Target_Sampled,H0204030401,Metompkin Bay-Burtons Bay,H020403040104,TIDAL,37.62822838,37.62822838,-75.6669754,-75.6669754,Atlantic and Gulf Coast Lowland Forest and Crop Region,T,Mid Atlantic Region,H02,264,Tidewater Area,153B,Not_NEP,Not_NEP,VA,VA_CP,CPL,CPL,Non-Federal,NWC_11_NO,NWC_11_NO,Base,NWC16_11_TSN,P36,E2EM,VA,ATL,Atlantic Coast,ALL-EH,ALL-EH,PROB,FWS_ST_2005,Virginia,F51001,VA,Target,63,Middle Atlantic Coastal Plain,63d,Virginian Barrier Islands and Coastal Marshes,E2EM,E2EM,EH,TIDAL,CPL_E2EM,8987.64912,1763977.535,203801.7383
8/24/2020,NWCA11-2637,3339,6/9/2011,1,NWC_VA-10009,PLNLOW,Plains and Lowlands,CPL,Coastal Plains,Mathews,North East Coast Region,CSTL_PLAIN,Atlantic and Gulf Coastal Plain,LRR T (MLRA 153B),Region_03,Target_Sampled,H0208010204,Mobjack Bay-Lower Chesapeake Bay,H020801020406,TIDAL,37.38481586,37.38481586,-76.25894979,-76.25894979,Atlantic and Gulf Coast Lowland Forest and Crop Region,T,Mid Atlantic Region,H02,262,Tidewater Area,153B,Chesapeake Bay Watershed Initiative,Not_NEP,VA,VA_CP,CPL,CPL,Non-Federal,NWC_11_NO,NWC_11_NO,Base,NWC16_11_TSN,P36,E2SS,VA,ATL,Atlantic Coast,ALL-EH,ALL-EH,PROB,FWS_ST_2005,Virginia,F51115,VA,Target,63,Middle Atlantic Coastal Plain,63b,Chesapeake-Pamlico Lowlands and Tidal Marshes,E2SS,E2EM,EH,FLATS,CPL_E2SS,277.82186,1718999.368,166278.4439
8/24/2020,NWCA11-2639,3317,6/13/2011,1,NWC_VA-10011,PLNLOW,Plains and Lowlands,CPL,Coastal Plains,Virginia Beach,South East Coast Region,CSTL_PLAIN,Atlantic and Gulf Coastal Plain,LRR T (MLRA 153B),Region_03,Target_Sampled,H0301020513,Currituck Sound,H030102051302,TIDAL,36.72174545,36.72174545,-75.94713541,-75.94713541,Atlantic and Gulf Coast Lowland Forest and Crop Region,T,South Atlantic Gulf Region,H03,262,Tidewater Area,153B,Albemarle-Pamlico Sounds,NEP,VA,VA_CP,CPL,CPL,FWS,NWC_11_NO,NWC_11_NO,Base,NWC16_11_TSN,P36,E2EM,VA,ATL,Atlantic Coast,ALL-EH,ALL-EH,PROB,FWS_ST_2005,Virginia,F51810,VA,Target,63,Middle Atlantic Coastal Plain,63d,Virginian Barrier Islands and Coastal Marshes,E2EM,E2EM,EH,TIDAL,CPL_E2EM,8987.64912,1761311.794,99312.74486
8/24/2020,NWCA11-2640,3859,8/18/2011,1,NWC_VA-10012,PLNLOW,Plains and Lowlands,CPL,Coastal Plains,Accomack,North East Coast Region,CSTL_PLAIN,Atlantic and Gulf Coastal Plain,LRR T (MLRA 153D),Region_03,Target_Sampled,H0204030305,Lower Chincoteague Bay,H020403030501,INLAND,37.98824933,37.98824933,-75.27826163,-75.27826163,Atlantic and Gulf Coast Lowland Forest and Crop Region,T,Mid Atlantic Region,H02,264,Northern Tidewater Area,153D,Not_NEP,Not_NEP,VA,VA_CP,CPL,CPL,FWS,NWC_11_NO,NWC_11_NO,Base,NWC16_11_TSN,P36,E2SS,VA,ICP,Inland Coastal Plains,CPL-PRLW,CPL-PRLW,PROB,FWS_ST_2005,Virginia,F51001,VA,Target,63,Middle Atlantic Coastal Plain,63d,Virginian Barrier Islands and Coastal Marshes,E2SS,PSS,PRLW,DPRSS,CPL_E2SS,277.82186,1788440.327,250480.0227
8/24/2020,NWCA11-2642,5748,6/28/2011,1,NWC_VA-10014,PLNLOW,Plains and Lowlands,CPL,Coastal Plains,Accomack,North East Coast Region,CSTL_PLAIN,Atlantic and Gulf Coastal Plain,LRR T (MLRA 153D),Region_03,Target_Sampled,H0204030401,Metompkin Bay-Burtons Bay,H020403040104,TIDAL,37.56839189,37.56839189,-75.61022295,-75.61022295,Atlantic and Gulf Coast Lowland Forest and Crop Region,T,Mid Atlantic Region,H02,264,Northern Tidewater Area,153D,Not_NEP,Not_NEP,VA,VA_CP,CPL,CPL,NGO,NWC_11_16,NWC_11_16,Base,NWC16_11_TSS,P36,E2SS,VA,ATL,Atlantic Coast,ALL-EW,ALL-EW,PROB,FWS_ST_2005,Virginia,F51001,VA,Target,63,Middle Atlantic Coastal Plain,63d,Virginian Barrier Islands and Coastal Marshes,E2SS,E2SS,EW,FLATS,CPL_E2SS,277.82186,1770253.181,198304.3062
8/24/2020,NWCA11-2643,3861,8/23/2011,1,NWC_VA-10015,PLNLOW,Plains and Lowlands,CPL,Coastal Plains,Accomack,North East Coast Region,CSTL_PLAIN,Atlantic and Gulf Coastal Plain,LRR T (MLRA 153B),Region_03,Target_Sampled,H0208011105,Marumsco Creek-Pocomoke Sound,H020801110501,TIDAL,37.92016229,37.92016229,-75.67924763,-75.67924763,Atlantic and Gulf Coast Lowland Forest and Crop Region,T,Mid Atlantic Region,H02,264,Tidewater Area,153B,Chesapeake Bay Watershed Initiative,Not_NEP,VA,VA_CP,CPL,CPL,State,NWC_11_NO,NWC_11_NO,Base,NWC16_11_TSN,P13,E2SS,VA,ATL,Atlantic Coast,ALL-EW,ALL-EW,PROB,FWS_ST_2005,Virginia,F51001,VA,Target,63,Middle Atlantic Coastal Plain,63b,Chesapeake-Pamlico Lowlands and Tidal Marshes,E2SS,E2SS,EW,TIDAL,CPL_E2SS,277.82186,1755986.035,235548.1759
8/24/2020,NWCA11-2644,5749,7/26/2011,1,NWC_VA-10016,PLNLOW,Plains and Lowlands,CPL,Coastal Plains,Northumberland,North East Coast Region,CSTL_PLAIN,Atlantic and Gulf Coastal Plain,LRR P,Region_03,Target_Sampled,H0207001108,Nomini Creek-Potomac River,H020700110804,INLAND,37.98779885,37.98779885,-76.57153256,-76.57153256,"South Atlantic and Gulf Slope Cash Crops, Forest, and Livestock Region",P,Mid Atlantic Region,H02,234,Southern Coastal Plain,133A,Chesapeake Bay Watershed Initiative,Not_NEP,VA,VA_CP,CPL,CPL,Non-Federal,NWC_11_NO,NWC_11_NO,Base,NWC16_11_TSN,P14,E2SS,VA,ICP,Inland Coastal Plains,CPL-PRLW,CPL-PRLW,PROB,FWS_ST_2005,Virginia,F51133,VA,Target,65,Southeastern Plains,65m,Rolling Coastal Plain,E2SS,PFO,PRLW,RIVERINE,CPL_E2SS,277.82186,1678444.047,226840.5289
8/24/2020,NWCA11-2647,3411,6/7/2011,1,NWC_VA-10019,PLNLOW,Plains and Lowlands,CPL,Coastal Plains,Gloucester,North East Coast Region,CSTL_PLAIN,Atlantic and Gulf Coastal Plain,LRR P,Region_03,Target_Sampled,H0208010702,Lower York River,H020801070203,TIDAL,37.34425784,37.34425784,-76.55389398,-76.55389398,"South Atlantic and Gulf Slope Cash Crops, Forest, and Livestock Region",P,Mid Atlantic Region,H02,234,Southern Coastal Plain,133A,Chesapeake Bay Watershed Initiative,Not_NEP,VA,VA_CP,CPL,CPL,Non-Federal,NWC_11_NO,NWC_11_NO,Base,NWC16_11_TSN,P13,E2EM,VA,ATL,Atlantic Coast,ALL-EH,ALL-EH,PROB,FWS_ST_2005,Virginia,F51073,VA,Target,65,Southeastern Plains,65m,Rolling Coastal Plain,E2EM,E2EM,EH,RIVERINE,CPL_E2EM,69129.44485,1694602.207,156532.3457
8/24/2020,NWCA11-2651,3437,7/19/2011,1,NWC_VA-10023,PLNLOW,Plains and Lowlands,CPL,Coastal Plains,Mathews,North East Coast Region,CSTL_PLAIN,Atlantic and Gulf Coastal Plain,LRR T (MLRA 153B),Region_03,Target_Sampled,H0208010204,Mobjack Bay-Lower Chesapeake Bay,H020801020406,TIDAL,37.3324414,37.3324414,-76.28344903,-76.28344903,Atlantic and Gulf Coast Lowland Forest and Crop Region,T,Mid Atlantic Region,H02,262,Tidewater Area,153B,Chesapeake Bay Watershed Initiative,Not_NEP,VA,VA_CP,CPL,CPL,Non-Federal,NWC_11_NO,NWC_11_NO,Base,NWC16_11_TSN,P36,E2SS,VA,ATL,Atlantic Coast,ALL-EW,ALL-EW,PROB,FWS_ST_2005,Virginia,F51115,VA,Target,63,Middle Atlantic Coastal Plain,63b,Chesapeake-Pamlico Lowlands and Tidal Marshes,E2SS,E2SS,EW,TIDAL,CPL_E2SS,277.82186,1718105.75,160092.0919
8/24/2020,NWCA11-2652,3438,6/30/2011,1,NWC_VA-10024,PLNLOW,Plains and Lowlands,CPL,Coastal Plains,Accomack,North East Coast Region,CSTL_PLAIN,Atlantic and Gulf Coastal Plain,LRR T (MLRA 153B),Region_03,Target_Sampled,H0204030402,Machipongo River-Hog Island Bay,H020403040201,TIDAL,37.55029294,37.55029294,-75.70046224,-75.70046224,Atlantic and Gulf Coast Lowland Forest and Crop Region,T,Mid Atlantic Region,H02,264,Tidewater Area,153B,Not_NEP,Not_NEP,VA,VA_CP,CPL,CPL,Non-Federal,NWC_11_NO,NWC_11_NO,Base,NWC16_11_TSN,P36,E2EM,VA,ATL,Atlantic Coast,ALL-EH,ALL-EH,PROB,FWS_ST_2005,Virginia,F51001,VA,Target,63,Middle Atlantic Coastal Plain,63d,Virginian Barrier Islands and Coastal Marshes,E2EM,E2EM,EH,FLATS,CPL_E2EM,8987.64912,1762968.327,194644.7302
8/24/2020,NWCA11-2653,3409,6/14/2011,1,NWC_VA-10025,PLNLOW,Plains and Lowlands,CPL,Coastal Plains,Virginia Beach,South East Coast Region,CSTL_PLAIN,Atlantic and Gulf Coastal Plain,LRR T (MLRA 153B),Region_03,Target_Sampled,H0301020513,Currituck Sound,H030102051302,TIDAL,36.72687756,36.72687756,-75.94385197,-75.94385197,Atlantic and Gulf Coast Lowland Forest and Crop Region,T,South Atlantic Gulf Region,H03,262,Tidewater Area,153B,Albemarle-Pamlico Sounds,NEP,VA,VA_CP,CPL,CPL,FWS,NWC_11_NO,NWC_11_NO,Base,NWC16_11_TSN,P36,E2SS,VA,ATL,Atlantic Coast,ALL-EW,ALL-EW,PROB,FWS_ST_2005,Virginia,F51810,VA,Target,63,Middle Atlantic Coastal Plain,63d,Virginian Barrier Islands and Coastal Marshes,E2SS,E2SS,EW,FLATS,CPL_E2SS,277.82186,1761475.451,99935.81763
8/24/2020,NWCA11-2654,3858,8/17/2011,1,NWC_VA-10026,PLNLOW,Plains and Lowlands,CPL,Coastal Plains,Accomack,North East Coast Region,CSTL_PLAIN,Atlantic and Gulf Coastal Plain,LRR T (MLRA 153D),Region_03,Target_Sampled,H0204030305,Lower Chincoteague Bay,H020403030503,INLAND,37.96991044,37.96991044,-75.29130688,-75.29130688,Atlantic and Gulf Coast Lowland Forest and Crop Region,T,Mid Atlantic Region,H02,264,Northern Tidewater Area,153D,Not_NEP,Not_NEP,VA,VA_CP,CPL,CPL,FWS,NWC_11_NO,NWC_11_NO,Base,NWC16_11_TSN,P36,PEM,VA,ICP,Inland Coastal Plains,CPL-PRLH,CPL-PRLH,PROB,FWS_ST_2005,Virginia,F51001,VA,Target,63,Middle Atlantic Coastal Plain,63d,Virginian Barrier Islands and Coastal Marshes,PEM,PEM,PRLH,DPRSS,CPL_PEM,4789.68788,1787776.678,248227.7433
8/24/2020,NWCA11-2655,5750,6/29/2011,1,NWC_VA-10027,PLNLOW,Plains and Lowlands,CPL,Coastal Plains,Accomack,North East Coast Region,CSTL_PLAIN,Atlantic and Gulf Coastal Plain,LRR T (MLRA 153D),Region_03,Target_Sampled,H0204030401,Metompkin Bay-Burtons Bay,H020403040104,TIDAL,37.56539988,37.56539988,-75.60812585,-75.60812585,Atlantic and Gulf Coast Lowland Forest and Crop Region,T,Mid Atlantic Region,H02,264,Northern Tidewater Area,153D,Not_NEP,Not_NEP,VA,VA_CP,CPL,CPL,NGO,NWC_11_NO,NWC_11_NO,Base,NWC16_11_TSN,P36,E2EM,VA,ATL,Atlantic Coast,ALL-EH,ALL-EH,PROB,FWS_ST_2005,Virginia,F51001,VA,Target,63,Middle Atlantic Coastal Plain,63d,Virginian Barrier Islands and Coastal Marshes,E2EM,E2EM,EH,TIDAL,CPL_E2EM,8987.64912,1770503.851,198015.7414
8/24/2020,NWCA11-2656,5751,7/21/2011,1,NWC_VA-10028,PLNLOW,Plains and Lowlands,CPL,Coastal Plains,Northumberland,North East Coast Region,CSTL_PLAIN,Atlantic and Gulf Coastal Plain,LRR P,Region_03,Target_Sampled,H0207001108,Nomini Creek-Potomac River,H020700110804,INLAND,37.98293126,37.98293126,-76.57149259,-76.57149259,"South Atlantic and Gulf Slope Cash Crops, Forest, and Livestock Region",P,Mid Atlantic Region,H02,234,Southern Coastal Plain,133A,Chesapeake Bay Watershed Initiative,Not_NEP,VA,VA_CP,CPL,CPL,Non-Federal,NWC_11_NO,NWC_11_NO,OverSamp,NWC16_11_TSN,P14,E2SS,VA,ICP,Inland Coastal Plains,CPL-PRLW,CPL-PRLW,PROB,FWS_ST_2005,Virginia,F51133,VA,Target,65,Southeastern Plains,65m,Rolling Coastal Plain,E2SS,PFO,PRLW,RIVERINE,CPL_E2SS,277.82186,1678558.213,226307.0253
8/24/2020,NWCA11-2658,5752,7/7/2011,1,NWC_VA-10030,PLNLOW,Plains and Lowlands,CPL,Coastal Plains,Mathews,North East Coast Region,CSTL_PLAIN,Atlantic and Gulf Coastal Plain,LRR T (MLRA 153B),Region_03,Target_Sampled,H0208010204,Mobjack Bay-Lower Chesapeake Bay,H020801020406,TIDAL,37.32783768,37.32783768,-76.28268421,-76.28268421,Atlantic and Gulf Coast Lowland Forest and Crop Region,T,Mid Atlantic Region,H02,262,Tidewater Area,153B,Chesapeake Bay Watershed Initiative,Not_NEP,VA,VA_CP,CPL,CPL,Non-Federal,NWC_11_NO,NWC_11_NO,OverSamp,NWC16_11_TSN,P36,E2SS,VA,ATL,Atlantic Coast,ALL-EH,ALL-EH,PROB,FWS_ST_2005,Virginia,F51115,VA,Target,63,Middle Atlantic Coastal Plain,63b,Chesapeake-Pamlico Lowlands and Tidal Marshes,E2SS,E2EM,EH,TIDAL,CPL_E2SS,277.82186,1718277.711,159601.0736
8/24/2020,NWCA11-2660,5753,6/22/2011,1,NWC_VA-10032,PLNLOW,Plains and Lowlands,CPL,Coastal Plains,Accomack,North East Coast Region,CSTL_PLAIN,Atlantic and Gulf Coastal Plain,LRR T (MLRA 153B),Region_03,Target_Sampled,H0208011106,Messongo Creek-Pocomoke Sound,H020801110601,TIDAL,37.9067567,37.9067567,-75.66723178,-75.66723178,Atlantic and Gulf Coast Lowland Forest and Crop Region,T,Mid Atlantic Region,H02,264,Tidewater Area,153B,Chesapeake Bay Watershed Initiative,Not_NEP,VA,VA_CP,CPL,CPL,Non-Federal,NWC_11_16,NWC_11_16,OverSamp,NWC16_11_TSS,P36,E2EM,VA,ATL,Atlantic Coast,ALL-EH,ALL-EH,PROB,FWS_ST_2005,Virginia,F51001,VA,Target,63,Middle Atlantic Coastal Plain,63b,Chesapeake-Pamlico Lowlands and Tidal Marshes,E2EM,E2EM,EH,TIDAL,CPL_E2EM,8987.64912,1757327.501,234302.0111
8/24/2020,NWCA11-2664,3863,8/15/2011,1,NWC_VA-10036,PLNLOW,Plains and Lowlands,CPL,Coastal Plains,Accomack,North East Coast Region,CSTL_PLAIN,Atlantic and Gulf Coastal Plain,LRR T (MLRA 153D),Region_03,Target_Sampled,H0204030305,Lower Chincoteague Bay,H020403030503,TIDAL,37.9346366,37.9346366,-75.32456554,-75.32456554,Atlantic and Gulf Coast Lowland Forest and Crop Region,T,Mid Atlantic Region,H02,264,Northern Tidewater Area,153D,Not_NEP,Not_NEP,VA,VA_CP,CPL,CPL,FWS,NWC_11_NO,NWC_11_NO,OverSamp,NWC16_11_TSN,P36,E2EM,VA,ATL,Atlantic Coast,ALL-EW,ALL-EW,PROB,FWS_ST_2005,Virginia,F51001,VA,Target,63,Middle Atlantic Coastal Plain,63d,Virginian Barrier Islands and Coastal Marshes,E2EM,E2SS,EW,TIDAL,CPL_E2EM,8987.64912,1785804.314,243742.2139
8/24/2020,NWCA11-2665,5754,7/12/2011,1,NWC_VA-10037,PLNLOW,Plains and Lowlands,CPL,Coastal Plains,Mathews,North East Coast Region,CSTL_PLAIN,Atlantic and Gulf Coastal Plain,LRR T (MLRA 153B),Region_03,Target_Sampled,H0208010204,Mobjack Bay-Lower Chesapeake Bay,H020801020406,TIDAL,37.3308564,37.3308564,-76.28211643,-76.28211643,Atlantic and Gulf Coast Lowland Forest and Crop Region,T,Mid Atlantic Region,H02,262,Tidewater Area,153B,Chesapeake Bay Watershed Initiative,Not_NEP,VA,VA_CP,CPL,CPL,NGO,NWC_11_NO,NWC_11_NO,OverSamp,NWC16_11_TSN,P36,E2SS,VA,ATL,Atlantic Coast,ALL-EW,ALL-EW,PROB,FWS_ST_2005,Virginia,F51115,VA,Target,63,Middle Atlantic Coastal Plain,63b,Chesapeake-Pamlico Lowlands and Tidal Marshes,E2SS,E2SS,EW,TIDAL,CPL_E2SS,277.82186,1718256.791,159942.3732
8/24/2020,NWCA11-2666,3408,6/15/2011,1,NWC_VA-10038,PLNLOW,Plains and Lowlands,CPL,Coastal Plains,Virginia Beach,South East Coast Region,CSTL_PLAIN,Atlantic and Gulf Coastal Plain,LRR T (MLRA 153B),Region_03,Target_Sampled,H0301020513,Currituck Sound,H030102051303,TIDAL,36.63041732,36.63041732,-75.89635829,-75.89635829,Atlantic and Gulf Coast Lowland Forest and Crop Region,T,South Atlantic Gulf Region,H03,262,Tidewater Area,153B,Albemarle-Pamlico Sounds,NEP,VA,VA_CP,CPL,CPL,State,NWC_11_NO,NWC_11_NO,OverSamp,NWC16_11_TSN,P36,E2SS,VA,ATL,Atlantic Coast,ALL-EW,ALL-EW,PROB,FWS_ST_2005,Virginia,F51810,VA,Target,63,Middle Atlantic Coastal Plain,63d,Virginian Barrier Islands and Coastal Marshes,E2SS,E2SS,EW,FLATS,CPL_E2SS,277.82186,1767853.399,90251.49649
8/24/2020,NWCA11-2667,5755,7/14/2011,1,NWC_VA-10039,PLNLOW,Plains and Lowlands,CPL,Coastal Plains,Mathews,North East Coast Region,CSTL_PLAIN,Atlantic and Gulf Coastal Plain,LRR T (MLRA 153B),Region_03,Target_Sampled,H0208010204,Mobjack Bay-Lower Chesapeake Bay,H020801020406,TIDAL,37.31679761,37.31679761,-76.28010076,-76.28010076,Atlantic and Gulf Coast Lowland Forest and Crop Region,T,Mid Atlantic Region,H02,262,Tidewater Area,153B,Chesapeake Bay Watershed Initiative,Not_NEP,VA,VA_CP,CPL,CPL,NGO,NWC_11_NO,NWC_11_NO,OverSamp,NWC16_11_TSN,P36,E2SS,VA,ATL,Atlantic Coast,ALL-EW,ALL-EW,PROB,FWS_ST_2005,Virginia,F51115,VA,Target,63,Middle Atlantic Coastal Plain,63b,Chesapeake-Pamlico Lowlands and Tidal Marshes,E2SS,E2SS,EW,TIDAL,CPL_E2SS,277.82186,1718754.492,158437.1392
8/24/2020,NWCA11-2670,5756,7/28/2011,1,NWC_VA-10042,PLNLOW,Plains and Lowlands,CPL,Coastal Plains,Northumberland,North East Coast Region,CSTL_PLAIN,Atlantic and Gulf Coastal Plain,LRR P,Region_03,Target_Sampled,H0207001108,Nomini Creek-Potomac River,H020700110804,INLAND,37.99374203,37.99374203,-76.57673454,-76.57673454,"South Atlantic and Gulf Slope Cash Crops, Forest, and Livestock Region",P,Mid Atlantic Region,H02,234,Southern Coastal Plain,133A,Chesapeake Bay Watershed Initiative,Not_NEP,VA,VA_CP,CPL,CPL,Non-Federal,NWC_11_NO,NWC_11_NO,OverSamp,NWC16_11_TSN,P14,E2SS,VA,ICP,Inland Coastal Plains,CPL-PRLW,CPL-PRLW,PROB,FWS_ST_2005,Virginia,F51133,VA,Target,65,Southeastern Plains,65m,Rolling Coastal Plain,E2SS,PFO,PRLW,RIVERINE,CPL_E2SS,277.82186,1677865.72,227400.9271
8/24/2020,NWCA11-2673,5761,6/23/2011,1,NWC_VA-10045,PLNLOW,Plains and Lowlands,CPL,Coastal Plains,Northampton,North East Coast Region,CSTL_PLAIN,Atlantic and Gulf Coastal Plain,LRR T (MLRA 153D),Region_03,Target_Sampled,H0204030403,Magothy Bay-Cobb Bay,H020403040302,TIDAL,37.26131925,37.26131925,-75.88380263,-75.88380263,Atlantic and Gulf Coast Lowland Forest and Crop Region,T,Mid Atlantic Region,H02,264,Northern Tidewater Area,153D,Not_NEP,Not_NEP,VA,VA_CP,CPL,CPL,State,NWC_11_NO,NWC_11_NO,OverSamp,NWC16_11_TSN,P36,E2EM,VA,ATL,Atlantic Coast,ALL-EH,ALL-EH,PROB,FWS_ST_2005,Virginia,F51131,VA,Target,63,Middle Atlantic Coastal Plain,63d,Virginian Barrier Islands and Coastal Marshes,E2EM,E2EM,EH,TIDAL,CPL_E2EM,8987.64912,1754089.153,159597.221
8/24/2020,NWCA11-2674,3862,8/16/2011,1,NWC_VA-10046,PLNLOW,Plains and Lowlands,CPL,Coastal Plains,Accomack,North East Coast Region,CSTL_PLAIN,Atlantic and Gulf Coastal Plain,LRR T (MLRA 153D),Region_03,Target_Sampled,H0204030305,Lower Chincoteague Bay,H020403030503,TIDAL,37.94735828,37.94735828,-75.31494445,-75.31494445,Atlantic and Gulf Coast Lowland Forest and Crop Region,T,Mid Atlantic Region,H02,264,Northern Tidewater Area,153D,Not_NEP,Not_NEP,VA,VA_CP,CPL,CPL,FWS,NWC_11_NO,NWC_11_NO,OverSamp,NWC16_11_TSN,P36,E2SS,VA,ATL,Atlantic Coast,ALL-EW,ALL-EW,PROB,FWS_ST_2005,Virginia,F51001,VA,Target,63,Middle Atlantic Coastal Plain,63d,Virginian Barrier Islands and Coastal Marshes,E2SS,E2SS,EW,TIDAL,CPL_E2SS,277.82186,1786314.246,245315.2716
8/24/2020,NWCA11-2677,3702,6/16/2011,1,NWC_VA-10049,PLNLOW,Plains and Lowlands,CPL,Coastal Plains,Virginia Beach,South East Coast Region,CSTL_PLAIN,Atlantic and Gulf Coastal Plain,LRR T (MLRA 153B),Region_03,Target_Sampled,H0301020513,Currituck Sound,H030102051303,TIDAL,36.62455964,36.62455964,-75.8927132,-75.8927132,Atlantic and Gulf Coast Lowland Forest and Crop Region,T,South Atlantic Gulf Region,H03,262,Tidewater Area,153B,Albemarle-Pamlico Sounds,NEP,VA,VA_CP,CPL,CPL,State,NWC_11_NO,NWC_11_NO,OverSamp,NWC16_11_TSN,P36,E2SS,VA,ATL,Atlantic Coast,ALL-EW,ALL-EW,PROB,FWS_ST_2005,Virginia,F51810,VA,Target,63,Middle Atlantic Coastal Plain,63d,Virginian Barrier Islands and Coastal Marshes,E2SS,E2SS,EW,FLATS,CPL_E2SS,277.82186,1768306.951,89677.71924
8/24/2020,NWCA11-2686,5911,8/4/2011,2,NWC_VT-10004,EHIGH,Eastern Highlands,NAP,Northern Appalachians,Orleans,Not Coast,NE,Northcentral and Northeast,LRR R (MLRA 143),Region_01,Target_Sampled,H0415050003,Clyde River,H041505000303,INLAND,44.86249997,44.86249997,-72.04610104,-72.04610104,Northeastern Forage and Forest Region,R,New England Region,H01,247,Northeastern Mountains,143,Not_NEP,Not_NEP,VT,VT_NAAMH,EMU,EMU,Non-Federal,NWC_11_16,NWC_11_16,Base,NWC16_11_TSS,P01,PSS,VT,NCE,North Central East,EMU-PRLW,EMU-PRLW,PROB,FWS_ST_2005,Vermont,F50019,VT,Target,58,Northeastern Highlands,58l,Northern Piedmont,PSS,PFO,PRLW,RIVERINE,EMU_PSS,15790.49319,1870113.257,1060575.778
8/24/2020,NWCA11-2686,5339,6/30/2011,1,NWC_VT-10004,EHIGH,Eastern Highlands,NAP,Northern Appalachians,Orleans,Not Coast,NE,Northcentral and Northeast,LRR R (MLRA 143),Region_01,Target_Sampled,H0415050003,Clyde River,H041505000303,INLAND,44.86249997,44.86249997,-72.04610104,-72.04610104,Northeastern Forage and Forest Region,R,New England Region,H01,247,Northeastern Mountains,143,Not_NEP,Not_NEP,VT,VT_NAAMH,EMU,EMU,Non-Federal,NWC_11_16,NWC_11_16,Base,NWC16_11_TSS,P01,PSS,VT,NCE,North Central East,EMU-PRLW,EMU-PRLW,PROB,FWS_ST_2005,Vermont,F50019,VT,Target,58,Northeastern Highlands,58l,Northern Piedmont,PSS,PFO,PRLW,RIVERINE,EMU_PSS,15790.49319,1870113.257,1060575.778
8/24/2020,NWCA11-2687,5912,6/28/2011,1,NWC_VT-10005,EHIGH,Eastern Highlands,NAP,Northern Appalachians,Addison,Not Coast,NE,Northcentral and Northeast,LRR R (Excluding MLRA 143),Region_01,Target_Sampled,H0415040203,Middlebury River-Otter Creek,H041504020305,INLAND,43.91334857,43.91334857,-73.10196761,-73.10196761,Northeastern Forage and Forest Region,R,Mid Atlantic Region,H02,246,St. Lawrence-Champlain Plain,142,Not_NEP,Not_NEP,VT,VT_GLHL,EMU,EMU,Non-Federal,NWC_11_16,NWC_11_16,Base,NWC16_11_TSS,P01,PEM,VT,NCE,North Central East,EMU-PRLH,EMU-PRLH,PROB,FWS_ST_2005,Vermont,F50001,VT,Target,83,Eastern Great Lakes Lowlands,83b,Champlain Lowlands,PEM,PEM,PRLH,DPRSS,EMU_PEM,24370.80252,1814556.946,937539.949
8/24/2020,NWCA11-2687,5915,8/2/2011,2,NWC_VT-10005,EHIGH,Eastern Highlands,NAP,Northern Appalachians,Addison,Not Coast,NE,Northcentral and Northeast,LRR R (Excluding MLRA 143),Region_01,Target_Sampled,H0415040203,Middlebury River-Otter Creek,H041504020305,INLAND,43.91334857,43.91334857,-73.10196761,-73.10196761,Northeastern Forage and Forest Region,R,Mid Atlantic Region,H02,246,St. Lawrence-Champlain Plain,142,Not_NEP,Not_NEP,VT,VT_GLHL,EMU,EMU,Non-Federal,NWC_11_16,NWC_11_16,Base,NWC16_11_TSS,P01,PEM,VT,NCE,North Central East,EMU-PRLH,EMU-PRLH,PROB,FWS_ST_2005,Vermont,F50001,VT,Target,83,Eastern Great Lakes Lowlands,83b,Champlain Lowlands,PEM,PEM,PRLH,DPRSS,EMU_PEM,24370.80252,1814556.946,937539.949
8/24/2020,NWCA11-2688,5916,7/12/2011,1,NWC_VT-10006,EHIGH,Eastern Highlands,NAP,Northern Appalachians,Rutland,Not Coast,NE,Northcentral and Northeast,LRR R (Excluding MLRA 143),Region_01,Target_Sampled,H0415040103,Poultney River,H041504010307,INLAND,43.56814767,43.56814767,-73.39779593,-73.39779593,Northeastern Forage and Forest Region,R,Mid Atlantic Region,H02,246,St. Lawrence-Champlain Plain,142,Not_NEP,Not_NEP,VT,VT_GLHL,EMU,EMU,NGO,NWC_11_NO,NWC_11_NO,Base,NWC16_11_TSN,P02,PUBPAB,VT,NCE,North Central East,EMU-PRLH,EMU-PRLH,PROB,FWS_ST_2005,Vermont,F50021,VT,Target,83,Eastern Great Lakes Lowlands,83b,Champlain Lowlands,PUBPAB,PEM,PRLH,RIVERINE,EMU_PUBPAB,282.23383,1800634.617,894497.0295
8/24/2020,NWCA11-2693,5920,7/5/2011,1,NWC_VT-10011,EHIGH,Eastern Highlands,NAP,Northern Appalachians,Franklin,Not Coast,NE,Northcentral and Northeast,LRR R (Excluding MLRA 143),Region_01,Target_Sampled,H0415040503,Gihon River-Lamoille River,H041504050305,INLAND,44.67881377,44.67881377,-72.99011868,-72.99011868,Northeastern Forage and Forest Region,R,Mid Atlantic Region,H02,246,St. Lawrence-Champlain Plain,142,Not_NEP,Not_NEP,VT,VT_NAAMH,EMU,EMU,Non-Federal,NWC_11_NO,NWC_11_NO,OverSamp,NWC16_11_TSN,P01,PSS,VT,NCE,North Central East,EMU-PRLH,EMU-PRLH,PROB,FWS_ST_2005,Vermont,F50011,VT,Target,58,Northeastern Highlands,58k,Green Mountain Foothills,PSS,PEM,PRLH,RIVERINE,EMU_PSS,15790.49319,1802792.369,1022502.997
8/24/2020,NWCA11-2694,5924,7/19/2011,1,NWC_VT-10012,EHIGH,Eastern Highlands,NAP,Northern Appalachians,Bennington,Not Coast,NE,Northcentral and Northeast,LRR R (MLRA 143),Region_01,Target_Sampled,H0202000307,Walloomsac River,H020200030701,INLAND,42.90777759,42.90777759,-73.08256474,-73.08256474,Northeastern Forage and Forest Region,R,Mid Atlantic Region,H02,247,Northeastern Mountains,143,Not_NEP,Not_NEP,VT,VT_NAAMH,EMU,EMU,USFS,NWC_11_NO,NWC_11_NO,OverSamp,NWC16_11_TSN,P01,PFO,VT,NCE,North Central East,EMU-PRLH,EMU-PRLH,PROB,FWS_ST_2005,Vermont,F50003,VT,Target,58,Northeastern Highlands,58c,Green Mountains/Berkshire Highlands,PFO,PEM,PRLH,DPRSS,EMU_PFO,28513.4292,1842873.817,828902.5876
8/24/2020,NWCA11-2698,5923,7/28/2011,1,NWC_VT-10016,EHIGH,Eastern Highlands,NAP,Northern Appalachians,Rutland,Not Coast,NE,Northcentral and Northeast,LRR R (MLRA 143),Region_01,Target_Sampled,H0415040201,Headwaters Otter Creek,H041504020102,INLAND,43.37770845,43.37770845,-72.94173838,-72.94173838,Northeastern Forage and Forest Region,R,Mid Atlantic Region,H02,247,Northeastern Mountains,143,Not_NEP,Not_NEP,VT,VT_NAAMH,EMU,EMU,USFS,NWC_11_NO,NWC_11_NO,OverSamp,NWC16_11_TSN,P01,PFO,VT,NCE,North Central East,EMU-PRLW,EMU-PRLW,PROB,FWS_ST_2005,Vermont,F50021,VT,Target,58,Northeastern Highlands,58c,Green Mountains/Berkshire Highlands,PFO,PFO,PRLW,DPRSS,EMU_PFO,28513.4292,1841365.885,882588.6849
8/24/2020,NWCA11-2704,3897,6/7/2011,1,NWC_WA-10006,WMTNS,West,WMT,Western Mountains,Pacific,Pacific Coast Region,W_MTNS,"Western Mountains, Valleys, and Coast","LRR A (MLRA 2, 4A, 4B)",Region_10,Target_Sampled,H1710010603,Willapa River,H171001060305,INLAND,46.60642569,46.60642569,-123.6794088,-123.6794088,"Northwestern Forest, Forage, and Specialty Crop Region",A,Pacific Northwest Region,H17,5,Sitka Spruce Belt,4A,Not_NEP,Not_NEP,WA,WA_W,W,WMT,State,NWC_11_16,NWC_11_16,Base,NWC16_11_TSS,P07,PUBPAB,WA,WVM,Western Valleys & Mountains,W-PRLH,WMT-PRLH,PROB,FWS_ST_2005,Washington,F53049,WA,Target,1,Coast Range,1b,Coastal Uplands,PUBPAB,PEM,PRLH,RIVERINE,WMT_PUBPAB,2145.7891,-2097652.284,1324984.044
8/24/2020,NWCA11-2706,4051,8/1/2011,2,NWC_WA-10008,WMTNS,West,WMT,Western Mountains,Skagit,Pacific Coast Region,W_MTNS,"Western Mountains, Valleys, and Coast","LRR A (MLRA 2, 4A, 4B)",Region_10,Target_Sampled,H1711000702,Skagit River-Frontal Skagit Bay,H171100070204,INLAND,48.39329677,48.39329677,-122.4841722,-122.4841722,"Northwestern Forest, Forage, and Specialty Crop Region",A,Pacific Northwest Region,H17,2,Willamette and Puget Sound Valleys,2,Puget Sound Partnership,NEP,WA,WA_W,W,WMT,Non-Federal,NWC_11_16,NWC_11_16,Base,NWC16_11_TSS,P26,E2EM,WA,WVM,Western Valleys & Mountains,W-PRLH,WMT-PRLH,PROB,FWS_ST_2005,Washington,F53057,WA,Target,2,Puget Lowland,2b,Eastern Puget Riverine Lowlands,E2EM,PEM,PRLH,DPRSS,WMT_E2EM,2706.09307,-1955185.092,1488930.004
8/24/2020,NWCA11-2706,4079,6/28/2011,1,NWC_WA-10008,WMTNS,West,WMT,Western Mountains,Skagit,Pacific Coast Region,W_MTNS,"Western Mountains, Valleys, and Coast","LRR A (MLRA 2, 4A, 4B)",Region_10,Target_Sampled,H1711000702,Skagit River-Frontal Skagit Bay,H171100070204,INLAND,48.39329677,48.39329677,-122.4841722,-122.4841722,"Northwestern Forest, Forage, and Specialty Crop Region",A,Pacific Northwest Region,H17,2,Willamette and Puget Sound Valleys,2,Puget Sound Partnership,NEP,WA,WA_W,W,WMT,Non-Federal,NWC_11_16,NWC_11_16,Base,NWC16_11_TSS,P26,E2EM,WA,WVM,Western Valleys & Mountains,W-PRLH,WMT-PRLH,PROB,FWS_ST_2005,Washington,F53057,WA,Target,2,Puget Lowland,2b,Eastern Puget Riverine Lowlands,E2EM,PEM,PRLH,DPRSS,WMT_E2EM,2706.09307,-1955185.092,1488930.004
8/24/2020,NWCA11-2710,4053,8/3/2011,1,NWC_WA-10012,WMTNS,West,WMT,Western Mountains,Snohomish,Pacific Coast Region,W_MTNS,"Western Mountains, Valleys, and Coast","LRR A (MLRA 2, 4A, 4B)",Region_10,Target_Sampled,H1711001911,Skagit Bay-Whidbey Basin,H171100191100,TIDAL,48.28605356,48.28605356,-122.3802516,-122.3802516,"Northwestern Forest, Forage, and Specialty Crop Region",A,Pacific Northwest Region,H17,2,Willamette and Puget Sound Valleys,2,Puget Sound Partnership,NEP,WA,WA_W,W,WMT,Non-Federal,NWC_11_NO,NWC_11_NO,Base,NWC16_11_TSN,P26,E2EM,WA,PAC,Pacific Coast,ALL-EH,ALL-EH,PROB,FWS_ST_2005,Washington,F53061,WA,Target,2,Puget Lowland,2b,Eastern Puget Riverine Lowlands,E2EM,E2EM,EH,TIDAL,WMT_E2EM,2706.09307,-1950948.309,1475437.306
8/24/2020,NWCA11-2718,5757,8/16/2011,1,NWC_WA-10020,WMTNS,West,XER,Xeric,Grant,Not Coast,ARID_W,Arid West,LRR B,Region_10,Target_Sampled,H1702001308,Lower Wilson Creek,H170200130805,INLAND,47.41046877,47.41046877,-119.0999157,-119.0999157,Northwestern Wheat and Range Region,B,Pacific Northwest Region,H17,10,Columbia Plateau,8,Not_NEP,Not_NEP,WA,WA_E,W,XER,Non-Federal,NWC_11_16,NWC_11_16,OverSamp,NWC16_11_TSS,P09,PEM,WA,ARW,Arid West,W-PRLH,XER-PRLH,PROB,FWS_ST_2005,Washington,F53025,WA,Target,10,Columbia Plateau,10a,Channeled Scablands,PEM,PUBPAB,PRLH,RIVERINE,XER_PEM,104108.8283,-1736751.694,1318419.256
8/24/2020,NWCA11-2720,5758,8/18/2011,1,NWC_WA-10022,WMTNS,West,WMT,Western Mountains,Okanogan,Not Coast,W_MTNS,"Western Mountains, Valleys, and Coast",LRR E,Region_10,Target_Sampled,H1702000601,Antoine Creek-Okanogan River,H170200060102,INLAND,48.93175335,48.93175335,-119.3449306,-119.3449306,Rocky Mountain Range and Forest Region,E,Pacific Northwest Region,H17,59,Northern Rocky Mountains,43A,Not_NEP,Not_NEP,WA,WA_E,W,WMT,USFS,NWC_11_NO,NWC_11_NO,OverSamp,NWC16_11_TSN,P24,PUBPAB,WA,WVM,Western Valleys & Mountains,W-PRLH,WMT-PRLH,PROB,FWS_ST_2005,Washington,F53047,WA,Target,15,Northern Rockies,15g,Western Okanogan Semiarid Foothills,PUBPAB,PEM,PRLH,DPRSS,WMT_PUBPAB,9220.18623,-1714034.348,1485530.398
8/24/2020,NWCA11-2721,4035,6/21/2011,1,NWC_WA-10023,WMTNS,West,WMT,Western Mountains,Pacific,Pacific Coast Region,W_MTNS,"Western Mountains, Valleys, and Coast","LRR A (MLRA 2, 4A, 4B)",Region_10,Target_Sampled,H1710010605,Naselle River-Frontal Willapa Bay,H171001060504,TIDAL,46.41954591,46.41954591,-123.8898159,-123.8898159,"Northwestern Forest, Forage, and Specialty Crop Region",A,Pacific Northwest Region,H17,5,Sitka Spruce Belt,4A,Not_NEP,Not_NEP,WA,WA_W,W,WMT,NGO,NWC_11_NO,NWC_11_NO,OverSamp,NWC16_11_TSN,P07,E2EM,WA,PAC,Pacific Coast,ALL-EH,ALL-EH,PROB,FWS_ST_2005,Washington,F53049,WA,Target,1,Coast Range,1b,Coastal Uplands,E2EM,E2EM,EH,TIDAL,WMT_E2EM,2706.09307,-2119130.555,1309819.467
8/24/2020,NWCA11-2732,4496,7/12/2011,1,NWC_WI-10003,PLNLOW,Plains and Lowlands,UMW,Upper Midwest,Douglas,Great Lakes Region,NE,Northcentral and Northeast,LRR K,Region_05,Target_Sampled,H0401030106,Amnicon River-Frontal Lake Superior,H040103010604,INLAND,46.43468222,46.43468222,-92.1010711,-92.1010711,Northern Lake States Forest and Forage Region,K,Great Lakes Region,H04,152,"Wisconsin and Minnesota Thin Loess and Till, Northern Part",90A,Not_NEP,Not_NEP,WI,WI,EMU,EMU,County,NWC_11_16,NWC_11_16,Base,NWC16_11_TSS,P23,PSS,WI,NCE,North Central East,EMU-PRLW,EMU-PRLW,PROB,FWS_ST_2005,Wisconsin,F55031,WI,Target,50,Northern Lakes and Forests,50b,Minnesota/Wisconsin Upland Till Plain,PSS,PFO,PRLW,FLATS,EMU_PSS,179459.6353,300391.8494,1004453.848
8/24/2020,NWCA11-2732,4495,7/27/2011,2,NWC_WI-10003,PLNLOW,Plains and Lowlands,UMW,Upper Midwest,Douglas,Great Lakes Region,NE,Northcentral and Northeast,LRR K,Region_05,Target_Sampled,H0401030106,Amnicon River-Frontal Lake Superior,H040103010604,INLAND,46.43468222,46.43468222,-92.1010711,-92.1010711,Northern Lake States Forest and Forage Region,K,Great Lakes Region,H04,152,"Wisconsin and Minnesota Thin Loess and Till, Northern Part",90A,Not_NEP,Not_NEP,WI,WI,EMU,EMU,County,NWC_11_16,NWC_11_16,Base,NWC16_11_TSS,P23,PSS,WI,NCE,North Central East,EMU-PRLW,EMU-PRLW,PROB,FWS_ST_2005,Wisconsin,F55031,WI,Target,50,Northern Lakes and Forests,50b,Minnesota/Wisconsin Upland Till Plain,PSS,PFO,PRLW,FLATS,EMU_PSS,179459.6353,300391.8494,1004453.848
8/24/2020,NWCA11-2734,4494,7/6/2011,1,NWC_WI-10005,PLNLOW,Plains and Lowlands,UMW,Upper Midwest,Vilas,Not Coast,NE,Northcentral and Northeast,LRR K,Region_05,Target_Sampled,H0705000201,Manitowish River,H070500020101,INLAND,46.10958388,46.10958388,-89.62171128,-89.62171128,Northern Lake States Forest and Forage Region,K,Upper Mississippi Region,H07,164,Northern Highland Sandy Drift,94D,Not_NEP,Not_NEP,WI,WI,EMU,EMU,State,NWC_11_16,NWC_11_16,Base,NWC16_11_TSS,P23,PSS,WI,NCE,North Central East,EMU-PRLW,EMU-PRLW,PROB,FWS_ST_2005,Wisconsin,F55125,WI,Target,50,Northern Lakes and Forests,50i,Northern Wisconsin Highlands Lakes Country,PSS,PFO,PRLW,FLATS,EMU_PSS,179459.6353,493600.4504,978805.7684
8/24/2020,NWCA11-2734,4493,7/29/2011,2,NWC_WI-10005,PLNLOW,Plains and Lowlands,UMW,Upper Midwest,Vilas,Not Coast,NE,Northcentral and Northeast,LRR K,Region_05,Target_Sampled,H0705000201,Manitowish River,H070500020101,INLAND,46.10958388,46.10958388,-89.62171128,-89.62171128,Northern Lake States Forest and Forage Region,K,Upper Mississippi Region,H07,164,Northern Highland Sandy Drift,94D,Not_NEP,Not_NEP,WI,WI,EMU,EMU,State,NWC_11_16,NWC_11_16,Base,NWC16_11_TSS,P23,PSS,WI,NCE,North Central East,EMU-PRLW,EMU-PRLW,PROB,FWS_ST_2005,Wisconsin,F55125,WI,Target,50,Northern Lakes and Forests,50i,Northern Wisconsin Highlands Lakes Country,PSS,PFO,PRLW,FLATS,EMU_PSS,179459.6353,493600.4504,978805.7684
8/24/2020,NWCA11-2736,4492,7/25/2011,1,NWC_WI-10007,PLNLOW,Plains and Lowlands,UMW,Upper Midwest,Douglas,Not Coast,NE,Northcentral and Northeast,LRR K,Region_05,Target_Sampled,H0703000102,Moose River-Saint Croix River,H070300010205,INLAND,46.21865121,46.21865121,-92.12563533,-92.12563533,Northern Lake States Forest and Forage Region,K,Upper Mississippi Region,H07,152,"Wisconsin and Minnesota Thin Loess and Till, Northern Part",90A,Not_NEP,Not_NEP,WI,WI,EMU,EMU,Non-Federal,NWC_11_NO,NWC_11_NO,Base,NWC16_11_TSN,P23,PFO,WI,NCE,North Central East,EMU-PRLW,EMU-PRLW,PROB,FWS_ST_2005,Wisconsin,F55031,WI,Target,50,Northern Lakes and Forests,50b,Minnesota/Wisconsin Upland Till Plain,PFO,PSS,PRLW,FLATS,EMU_PFO,563303.2153,299476.7205,980440.7793
8/24/2020,NWCA11-2737,4491,7/20/2011,1,NWC_WI-10008,PLNLOW,Plains and Lowlands,TPL,Temporate Plains,Dane,Not Coast,NE,Northcentral and Northeast,LRR K,Region_05,Target_Sampled,H0709000205,Headwaters Yahara River,H070900020503,INLAND,43.1783654,43.1783654,-89.27238163,-89.27238163,Northern Lake States Forest and Forage Region,K,Upper Mississippi Region,H07,166,Southern Wisconsin and Northern Illinois Drift Plain,95B,Not_NEP,Not_NEP,WI,WI,IPL,IPL,Non-Federal,NWC_11_NO,NWC_11_NO,Base,NWC16_11_TSN,P23,PF,WI,TPL,Temperate Plains,IPL-PRLH,IPL-PRLH,PROB,FWS_ST_2005,Wisconsin,F55025,WI,Target,53,Southeastern Wisconsin Till Plains,53c,Southeastern Wisconsin Savannah and Till Plain,PF,PEM,PRLH,DPRSS,IPL_PF,2670.25606,543677.2973,655090.7991
8/24/2020,NWCA11-2740,4490,7/11/2011,1,NWC_WI-10011,PLNLOW,Plains and Lowlands,UMW,Upper Midwest,Douglas,Great Lakes Region,NE,Northcentral and Northeast,LRR K,Region_05,Target_Sampled,H0401020116,Saint Louis River,H040102011602,INLAND,46.59460377,46.59460377,-92.21255789,-92.21255789,Northern Lake States Forest and Forage Region,K,Great Lakes Region,H04,157,Superior Lake Plain,92,Not_NEP,Not_NEP,WI,WI,EMU,EMU,Non-Federal,NWC_11_16,NWC_11_16,Base,NWC16_11_TSS,P23,PSS,WI,NCE,North Central East,EMU-PRLW,EMU-PRLW,PROB,FWS_ST_2005,Wisconsin,F55031,WI,Target,50,Northern Lakes and Forests,50a,Lake Superior Clay Plain,PSS,PFO,PRLW,DPRSS,EMU_PSS,179459.6353,291100.8249,1021816.131
8/24/2020,NWCA11-2742,4489,7/5/2011,1,NWC_WI-10012,PLNLOW,Plains and Lowlands,UMW,Upper Midwest,Forest,Not Coast,NE,Northcentral and Northeast,LRR K,Region_05,Target_Sampled,H0403010603,Iron River-Brule River,H040301060302,INLAND,46.04659333,46.04659333,-88.88621722,-88.88621722,Northern Lake States Forest and Forage Region,K,Great Lakes Region,H04,152,"Wisconsin and Minnesota Thin Loess and Till, Northern Part",90A,Not_NEP,Not_NEP,WI,WI,EMU,EMU,USFS,NWC_11_NO,NWC_11_NO,Base,NWC16_11_TSN,P23,PSS,WI,NCE,North Central East,EMU-PRLW,EMU-PRLW,PROB,FWS_ST_2005,Wisconsin,F55041,WI,Target,50,Northern Lakes and Forests,50j,Brule and Paint River Drumlins,PSS,PFO,PRLW,FLATS,EMU_PSS,179459.6353,550940.4819,975875.3789
8/24/2020,NWCA11-2743,4488,6/24/2011,1,NWC_WI-10013,PLNLOW,Plains and Lowlands,UMW,Upper Midwest,Rusk,Not Coast,NE,Northcentral and Northeast,LRR K,Region_05,Target_Sampled,H0705000106,Thornapple River,H070500010607,INLAND,45.58710461,45.58710461,-91.07677871,-91.07677871,Northern Lake States Forest and Forage Region,K,Upper Mississippi Region,H07,152,"Wisconsin and Minnesota Thin Loess and Till, Northern Part",90A,Not_NEP,Not_NEP,WI,WI,EMU,EMU,County,NWC_11_NO,NWC_11_NO,Base,NWC16_11_TSN,P23,PFO,WI,NCE,North Central East,EMU-PRLW,EMU-PRLW,PROB,FWS_ST_2005,Wisconsin,F55107,WI,Target,50,Northern Lakes and Forests,50g,Chippewa Lobe Rocky Ground Moraines,PFO,PFO,PRLW,FLATS,EMU_PFO,563303.2153,384116.1075,914171.5356
8/24/2020,NWCA11-2744,4487,6/20/2011,1,NWC_WI-10014,PLNLOW,Plains and Lowlands,UMW,Upper Midwest,Clark,Not Coast,NE,Northcentral and Northeast,LRR K,Region_05,Target_Sampled,H0704000705,Wedges Creek,H070400070502,INLAND,44.56440201,44.56440201,-90.80350007,-90.80350007,Northern Lake States Forest and Forage Region,K,Upper Mississippi Region,H07,150,Wisconsin Central Sands,89,Not_NEP,Not_NEP,WI,WI,EMU,EMU,County,NWC_11_16,NWC_11_16,Base,NWC16_11_TSS,P23,PEM,WI,NCE,North Central East,EMU-PRLW,EMU-PRLW,PROB,FWS_ST_2005,Wisconsin,F55019,WI,Target,51,North Central Hardwood Forests,51b,Central Wisconsin Undulating Till Plain,PEM,PFO,PRLW,FLATS,EMU_PEM,290738.8745,411635.5622,801694.8839
8/24/2020,NWCA11-2745,4486,7/8/2011,1,NWC_WI-10015,PLNLOW,Plains and Lowlands,UMW,Upper Midwest,Shawano,Not Coast,NE,Northcentral and Northeast,LRR K,Region_05,Target_Sampled,H0403020211,Pigeon River,H040302021101,INLAND,44.69398776,44.69398776,-88.82692026,-88.82692026,Northern Lake States Forest and Forage Region,K,Great Lakes Region,H04,165,Northeastern Wisconsin Drift Plain,95A,Not_NEP,Not_NEP,WI,WI,EMU,EMU,Non-Federal,NWC_11_NO,NWC_11_NO,Base,NWC16_11_TSN,P23,PF,WI,NCE,North Central East,EMU-PRLH,EMU-PRLH,PROB,FWS_ST_2005,Wisconsin,F55115,WI,Target,51,North Central Hardwood Forests,51f,Green Bay Till and Lacustrine Plain,PF,PF,PRLH,FLATS,EMU_PF,2670.25606,566863.6667,826273.4925
8/24/2020,NWCA11-2746,4485,7/26/2011,1,NWC_WI-10016,PLNLOW,Plains and Lowlands,UMW,Upper Midwest,Douglas,Not Coast,NE,Northcentral and Northeast,LRR K,Region_05,Target_Sampled,H0703000102,Moose River-Saint Croix River,H070300010205,INLAND,46.23844376,46.23844376,-92.13215353,-92.13215353,Northern Lake States Forest and Forage Region,K,Upper Mississippi Region,H07,152,"Wisconsin and Minnesota Thin Loess and Till, Northern Part",90A,Not_NEP,Not_NEP,WI,WI,EMU,EMU,Non-Federal,NWC_11_16,NWC_11_16,OverSamp,NWC16_11_TSS,P23,PEM,WI,NCE,North Central East,EMU-PRLH,EMU-PRLH,PROB,FWS_ST_2005,Wisconsin,F55031,WI,Target,50,Northern Lakes and Forests,50b,Minnesota/Wisconsin Upland Till Plain,PEM,PEM,PRLH,FLATS,EMU_PEM,290738.8745,298883.8332,982613.8522
8/24/2020,NWCA11-2747,4484,6/27/2011,1,NWC_WI-10017,PLNLOW,Plains and Lowlands,UMW,Upper Midwest,Marinette,Great Lakes Region,NE,Northcentral and Northeast,LRR K,Region_05,Target_Sampled,H0403010506,Lower Peshtigo River-Frontal Lake Michigan,H040301050603,INLAND,45.06202695,45.06202695,-87.82285444,-87.82285444,Northern Lake States Forest and Forage Region,K,Great Lakes Region,H04,165,Northeastern Wisconsin Drift Plain,95A,Not_NEP,Not_NEP,WI,WI,EMU,EMU,Non-Federal,NWC_11_NO,NWC_11_NO,OverSamp,NWC16_11_TSN,P23,PSS,WI,NCE,North Central East,EMU-PRLW,EMU-PRLW,PROB,FWS_ST_2005,Wisconsin,F55075,WI,Target,51,North Central Hardwood Forests,51f,Green Bay Till and Lacustrine Plain,PSS,PFO,PRLW,FLATS,EMU_PSS,179459.6353,642507.0629,873495.5485
8/24/2020,NWCA11-2748,4483,7/13/2011,1,NWC_WI-10018,PLNLOW,Plains and Lowlands,UMW,Upper Midwest,Douglas,Great Lakes Region,NE,Northcentral and Northeast,LRR K,Region_05,Target_Sampled,H0401030106,Amnicon River-Frontal Lake Superior,H040103010604,INLAND,46.44619882,46.44619882,-92.10155722,-92.10155722,Northern Lake States Forest and Forage Region,K,Great Lakes Region,H04,152,"Wisconsin and Minnesota Thin Loess and Till, Northern Part",90A,Not_NEP,Not_NEP,WI,WI,EMU,EMU,County,NWC_11_NO,NWC_11_NO,OverSamp,NWC16_11_TSN,P23,PSS,WI,NCE,North Central East,EMU-PRLH,EMU-PRLH,PROB,FWS_ST_2005,Wisconsin,F55031,WI,Target,50,Northern Lakes and Forests,50b,Minnesota/Wisconsin Upland Till Plain,PSS,PEM,PRLH,DPRSS,EMU_PSS,179459.6353,300302.0618,1005727.88
8/24/2020,NWCA11-2749,4482,6/28/2011,1,NWC_WI-10019,PLNLOW,Plains and Lowlands,UMW,Upper Midwest,Marinette,Great Lakes Region,NE,Northcentral and Northeast,LRR K,Region_05,Target_Sampled,H0403010506,Lower Peshtigo River-Frontal Lake Michigan,H040301050606,INLAND,45.04474776,45.04474776,-87.81136669,-87.81136669,Northern Lake States Forest and Forage Region,K,Great Lakes Region,H04,165,Northeastern Wisconsin Drift Plain,95A,Not_NEP,Not_NEP,WI,WI,EMU,EMU,Non-Federal,NWC_11_NO,NWC_11_NO,OverSamp,NWC16_11_TSN,P23,PF,WI,NCE,North Central East,EMU-PRLH,EMU-PRLH,PROB,FWS_ST_2005,Wisconsin,F55075,WI,Target,51,North Central Hardwood Forests,51f,Green Bay Till and Lacustrine Plain,PF,PEM,PRLH,FLATS,EMU_PF,2670.25606,643572.9162,871657.8501
8/24/2020,NWCA11-2752,4481,6/22/2011,1,NWC_WI-10022,PLNLOW,Plains and Lowlands,UMW,Upper Midwest,Clark,Not Coast,NE,Northcentral and Northeast,LRR K,Region_05,Target_Sampled,H0704000705,Wedges Creek,H070400070502,INLAND,44.57255275,44.57255275,-90.81921736,-90.81921736,Northern Lake States Forest and Forage Region,K,Upper Mississippi Region,H07,150,Wisconsin Central Sands,89,Not_NEP,Not_NEP,WI,WI,EMU,EMU,County,NWC_11_NO,NWC_11_NO,OverSamp,NWC16_11_TSN,P23,PSS,WI,NCE,North Central East,EMU-PRLW,EMU-PRLW,PROB,FWS_ST_2005,Wisconsin,F55019,WI,Target,51,North Central Hardwood Forests,51b,Central Wisconsin Undulating Till Plain,PSS,PFO,PRLW,FLATS,EMU_PSS,179459.6353,410342.2991,802533.4414
8/24/2020,NWCA11-2754,4480,7/24/2011,1,NWC_WI-10023,PLNLOW,Plains and Lowlands,UMW,Upper Midwest,Polk,Not Coast,NE,Northcentral and Northeast,LRR K,Region_05,Target_Sampled,H0703000507,Beaver Brook-Apple River,H070300050701,INLAND,45.51799627,45.51799627,-92.17418852,-92.17418852,Northern Lake States Forest and Forage Region,K,Upper Mississippi Region,H07,152,"Wisconsin and Minnesota Thin Loess and Till, Northern Part",90A,Not_NEP,Not_NEP,WI,WI,EMU,EMU,Non-Federal,NWC_11_NO,NWC_11_NO,OverSamp,NWC16_11_TSN,P23,PSS,WI,NCE,North Central East,EMU-PRLW,EMU-PRLW,PROB,FWS_ST_2005,Wisconsin,F55095,WI,Target,51,North Central Hardwood Forests,51a,St. Croix Stagnation Moraines,PSS,PFO,PRLW,FLATS,EMU_PSS,179459.6353,298856.7583,902556.3659
8/24/2020,NWCA11-2764,5759,5/16/2011,1,NWC_WV-10002,EHIGH,Eastern Highlands,SAP,Southern Appalachians,Wirt,Not Coast,E_MTNS,Eastern Mountains and Piedmont,LRR N (Excluding MLRA 122),Region_03,Target_Sampled,H0503020312,Middle Little Kanawha River,H050302031210,INLAND,39.10698447,39.10698447,-81.41812814,-81.41812814,East and Central Farming and Forest Region,N,Ohio-Tennessee Region,H05_H06,222,Central Allegheny Plateau,126,Not_NEP,Not_NEP,WV,WV_AP,EMU,EMU,Non-Federal,NWC_11_16,NWC_11_16,Revisit,NWC16_11_TSS,P02,PUBPAB,WV,SAP,Southern Appalachians,EMU-PRLH,EMU-PRLH,PROB,FWS_ST_2005,West Virginia,F54105,WV,Target,70,Western Allegheny Plateau,70a,Permian Hills,PUBPAB,PUBPAB,PRLH,DPRSS,EMU_PUBPAB,393.96705,1244415.594,275773.9829
8/24/2020,NWCA11-2764,3985,8/31/2011,2,NWC_WV-10002,EHIGH,Eastern Highlands,SAP,Southern Appalachians,Wirt,Not Coast,E_MTNS,Eastern Mountains and Piedmont,LRR N (Excluding MLRA 122),Region_03,Target_Sampled,H0503020312,Middle Little Kanawha River,H050302031210,INLAND,39.10698447,39.10698447,-81.41812814,-81.41812814,East and Central Farming and Forest Region,N,Ohio-Tennessee Region,H05_H06,222,Central Allegheny Plateau,126,Not_NEP,Not_NEP,WV,WV_AP,EMU,EMU,Non-Federal,NWC_11_16,NWC_11_16,Revisit,NWC16_11_TSS,P02,PUBPAB,WV,SAP,Southern Appalachians,EMU-PRLH,EMU-PRLH,PROB,FWS_ST_2005,West Virginia,F54105,WV,Target,70,Western Allegheny Plateau,70a,Permian Hills,PUBPAB,PUBPAB,PRLH,DPRSS,EMU_PUBPAB,393.96705,1244415.594,275773.9829
8/24/2020,NWCA11-2765,5760,7/6/2011,1,NWC_WV-10003,EHIGH,Eastern Highlands,SAP,Southern Appalachians,Pocahontas,Not Coast,E_MTNS,Eastern Mountains and Piedmont,LRR S (MLRA 147),Region_03,Target_Sampled,H0505000301,Deer Creek-Greenbrier River,H050500030103,INLAND,38.68724564,38.68724564,-79.76969451,-79.76969451,Northern Atlantic Slope Diversified Farming Region,S,Ohio-Tennessee Region,H05_H06,252,Northern Appalachian Ridges and Valleys,147,Not_NEP,Not_NEP,WV,WV_RV,EMU,EMU,USFS,NWC_11_16,NWC_11_16,Base,NWC16_11_TSS,P02,PEM,WV,SAP,Southern Appalachians,EMU-PRLH,EMU-PRLH,PROB,FWS_ST_2005,West Virginia,F54075,WV,Target,67,Ridge and Valley,67d,Northern Dissected Ridges and Knobs,PEM,PEM,PRLH,RIVERINE,EMU_PEM,1350.5316,1391788.561,252207.4059
8/24/2020,NWCA11-2765,3929,9/12/2011,2,NWC_WV-10003,EHIGH,Eastern Highlands,SAP,Southern Appalachians,Pocahontas,Not Coast,E_MTNS,Eastern Mountains and Piedmont,LRR S (MLRA 147),Region_03,Target_Sampled,H0505000301,Deer Creek-Greenbrier River,H050500030103,INLAND,38.68724564,38.68724564,-79.76969451,-79.76969451,Northern Atlantic Slope Diversified Farming Region,S,Ohio-Tennessee Region,H05_H06,252,Northern Appalachian Ridges and Valleys,147,Not_NEP,Not_NEP,WV,WV_RV,EMU,EMU,USFS,NWC_11_16,NWC_11_16,Base,NWC16_11_TSS,P02,PEM,WV,SAP,Southern Appalachians,EMU-PRLH,EMU-PRLH,PROB,FWS_ST_2005,West Virginia,F54075,WV,Target,67,Ridge and Valley,67d,Northern Dissected Ridges and Knobs,PEM,PEM,PRLH,RIVERINE,EMU_PEM,1350.5316,1391788.561,252207.4059
8/24/2020,NWCA11-2777,3406,6/2/2011,1,NWC_WV-10015,EHIGH,Eastern Highlands,SAP,Southern Appalachians,Tucker,Not Coast,E_MTNS,Eastern Mountains and Piedmont,LRR N (Excluding MLRA 122),Region_03,Target_Sampled,H0502000404,Dry Fork,H050200040407,INLAND,39.04179066,39.04179066,-79.60731301,-79.60731301,East and Central Farming and Forest Region,N,Ohio-Tennessee Region,H05_H06,223,Eastern Allegheny Plateau and Mountains,127,Not_NEP,Not_NEP,WV,WV_AP,EMU,EMU,Non-Federal,NWC_11_16,NWC_11_16,OverSamp,NWC16_11_TSS,P02,PEM,WV,SAP,Southern Appalachians,EMU-PRLW,EMU-PRLW,PROB,FWS_ST_2005,West Virginia,F54093,WV,Target,69,Central Appalachians,69a,Forested Hills and Mountains,PEM,PFO,PRLW,RIVERINE,EMU_PEM,1350.5316,1398754.697,293746.4679
8/24/2020,NWCA11-2780,5764,6/28/2011,1,NWC_WV-10018,EHIGH,Eastern Highlands,SAP,Southern Appalachians,Pocahontas,Not Coast,E_MTNS,Eastern Mountains and Piedmont,LRR S (MLRA 147),Region_03,Target_Sampled,H0505000301,Deer Creek-Greenbrier River,H050500030103,INLAND,38.67645914,38.67645914,-79.76639595,-79.76639595,Northern Atlantic Slope Diversified Farming Region,S,Ohio-Tennessee Region,H05_H06,252,Northern Appalachian Ridges and Valleys,147,Not_NEP,Not_NEP,WV,WV_RV,EMU,EMU,USFS,NWC_11_16,NWC_11_16,OverSamp,NWC16_11_TSS,P02,PEM,WV,SAP,Southern Appalachians,EMU-PRLH,EMU-PRLH,PROB,FWS_ST_2005,West Virginia,F54075,WV,Target,67,Ridge and Valley,67d,Northern Dissected Ridges and Knobs,PEM,PEM,PRLH,RIVERINE,EMU_PEM,1350.5316,1392274.186,251064.2981
8/24/2020,NWCA11-2781,5765,5/31/2011,1,NWC_WV-10019,EHIGH,Eastern Highlands,SAP,Southern Appalachians,Tucker,Not Coast,E_MTNS,Eastern Mountains and Piedmont,LRR N (Excluding MLRA 122),Region_03,Target_Sampled,H0502000404,Dry Fork,H050200040407,INLAND,39.03646223,39.03646223,-79.59606953,-79.59606953,East and Central Farming and Forest Region,N,Ohio-Tennessee Region,H05_H06,223,Eastern Allegheny Plateau and Mountains,127,Not_NEP,Not_NEP,WV,WV_AP,EMU,EMU,USFS,NWC_11_NO,NWC_11_NO,OverSamp,NWC16_11_TSN,P02,PSS,WV,SAP,Southern Appalachians,EMU-PRLW,EMU-PRLW,PROB,FWS_ST_2005,West Virginia,F54093,WV,Target,69,Central Appalachians,69a,Forested Hills and Mountains,PSS,PSS,PRLW,RIVERINE,EMU_PSS,591.99429,1399807.112,293323.6685
8/24/2020,NWCA11-2785,3497,7/6/2011,1,NWC_WY-10003,WMTNS,West,XER,Xeric,Sublette,Not Coast,ARID_W,Arid West,LRR D,Region_08,Target_Sampled,H1404010104,Forty Rod Creek-Green River,H140401010402,INLAND,42.97109452,42.97109452,-110.0829822,-110.0829822,Western Range and Irrigated Region,D,Upper Colorado Region,H14,43,Cool Central Desertic Basins and Plateaus,34A,Not_NEP,Not_NEP,WY,WY,W,XER,Non-Federal,NWC_11_16,NWC_11_16,Base,NWC16_11_TSS,P35,PEM,WY,ARW,Arid West,W-PRLH,XER-PRLH,PROB,FWS_ST_2005,Wyoming,F56035,WY,Target,18,Wyoming Basin,18c,Sub-Irrigated High Valleys,PEM,PEM,PRLH,RIVERINE,XER_PEM,41607.53285,-1138289.525,697183.3449
8/24/2020,NWCA11-2785,3501,7/25/2011,2,NWC_WY-10003,WMTNS,West,XER,Xeric,Sublette,Not Coast,ARID_W,Arid West,LRR D,Region_08,Target_Sampled,H1404010104,Forty Rod Creek-Green River,H140401010402,INLAND,42.97109452,42.97109452,-110.0829822,-110.0829822,Western Range and Irrigated Region,D,Upper Colorado Region,H14,43,Cool Central Desertic Basins and Plateaus,34A,Not_NEP,Not_NEP,WY,WY,W,XER,Non-Federal,NWC_11_16,NWC_11_16,Base,NWC16_11_TSS,P35,PEM,WY,ARW,Arid West,W-PRLH,XER-PRLH,PROB,FWS_ST_2005,Wyoming,F56035,WY,Target,18,Wyoming Basin,18c,Sub-Irrigated High Valleys,PEM,PEM,PRLH,RIVERINE,XER_PEM,41607.53285,-1138289.525,697183.3449
8/24/2020,NWCA11-2790,3852,8/18/2011,2,NWC_WY-10008,WMTNS,West,WMT,Western Mountains,Park,Not Coast,W_MTNS,"Western Mountains, Valleys, and Coast",LRR E,Region_08,Target_Sampled,H1007000109,Yellowstone River-Gardner River,H100700010903,INLAND,44.93843763,44.93843763,-110.7875083,-110.7875083,Rocky Mountain Range and Forest Region,E,Missouri Region,H10,60,Central Rocky Mountains,43B,Not_NEP,Not_NEP,WY,WY,W,WMT,NPS,NWC_11_16,NWC_11_16,Base,NWC16_11_TSS,P24,PEM,WY,WVM,Western Valleys & Mountains,W-PRLH,WMT-PRLH,PROB,FWS_ST_2005,Wyoming,F56029,WY,Target,17,Middle Rockies,17i,Absaroka-Gallatin Volcanic Mountains,PEM,PEM,PRLH,RIVERINE,WMT_PEM,3785.51129,-1160783.948,922577.1497
8/24/2020,NWCA11-2790,3502,7/21/2011,1,NWC_WY-10008,WMTNS,West,WMT,Western Mountains,Park,Not Coast,W_MTNS,"Western Mountains, Valleys, and Coast",LRR E,Region_08,Target_Sampled,H1007000109,Yellowstone River-Gardner River,H100700010903,INLAND,44.93843763,44.93843763,-110.7875083,-110.7875083,Rocky Mountain Range and Forest Region,E,Missouri Region,H10,60,Central Rocky Mountains,43B,Not_NEP,Not_NEP,WY,WY,W,WMT,NPS,NWC_11_16,NWC_11_16,Base,NWC16_11_TSS,P24,PEM,WY,WVM,Western Valleys & Mountains,W-PRLH,WMT-PRLH,PROB,FWS_ST_2005,Wyoming,F56029,WY,Target,17,Middle Rockies,17i,Absaroka-Gallatin Volcanic Mountains,PEM,PEM,PRLH,RIVERINE,WMT_PEM,3785.51129,-1160783.948,922577.1497
8/24/2020,NWCA11-2791,5773,6/18/2011,1,NWC_WY-10009,WMTNS,West,XER,Xeric,Carbon,Not Coast,ARID_W,Arid West,LRR D,Region_08,Target_Sampled,H1018000208,Jack Creek,H101800020801,INLAND,41.3930714,41.3930714,-107.0357174,-107.0357174,Western Range and Irrigated Region,D,Missouri Region,H10,43,Cool Central Desertic Basins and Plateaus,34A,Not_NEP,Not_NEP,WY,WY,W,XER,Non-Federal,NWC_11_NO,NWC_11_NO,Base,NWC16_11_TSN,P35,PEM,WY,ARW,Arid West,W-PRLH,XER-PRLH,PROB,FWS_ST_2005,Wyoming,F56007,WY,Target,18,Wyoming Basin,18a,Rolling Sagebrush Steppe,PEM,PEM,PRLH,SLOPE,XER_PEM,41607.53285,-913696.9173,489322.0646
8/24/2020,NWCA11-2794,3503,7/22/2011,1,NWC_WY-10012,WMTNS,West,WMT,Western Mountains,Park,Not Coast,W_MTNS,"Western Mountains, Valleys, and Coast",LRR E,Region_08,Target_Sampled,H1007000109,Yellowstone River-Gardner River,H100700010903,INLAND,44.93219977,44.93219977,-110.7841557,-110.7841557,Rocky Mountain Range and Forest Region,E,Missouri Region,H10,60,Central Rocky Mountains,43B,Not_NEP,Not_NEP,WY,WY,W,WMT,NPS,NWC_11_NO,NWC_11_NO,OverSamp,NWC16_11_TSN,P24,PEM,WY,WVM,Western Valleys & Mountains,W-PRLW,WMT-PRLW,PROB,FWS_ST_2005,Wyoming,F56029,WY,Target,17,Middle Rockies,17i,Absaroka-Gallatin Volcanic Mountains,PEM,PSS,PRLW,SLOPE,WMT_PEM,3785.51129,-1160630.471,921850.346
8/24/2020,NWCA11-2795,5774,6/18/2011,1,NWC_WY-10013,WMTNS,West,XER,Xeric,Carbon,Not Coast,ARID_W,Arid West,LRR D,Region_08,Target_Sampled,H1018000208,Jack Creek,H101800020801,INLAND,41.39189266,41.39189266,-107.0381954,-107.0381954,Western Range and Irrigated Region,D,Missouri Region,H10,43,Cool Central Desertic Basins and Plateaus,34A,Not_NEP,Not_NEP,WY,WY,W,XER,Non-Federal,NWC_11_NO,NWC_11_NO,OverSamp,NWC16_11_TSN,P35,PSS,WY,ARW,Arid West,W-PRLW,XER-PRLW,PROB,FWS_ST_2005,Wyoming,F56007,WY,Target,18,Wyoming Basin,18a,Rolling Sagebrush Steppe,PSS,PSS,PRLW,RIVERINE,XER_PSS,29029.92349,-913916.4528,489214.8393
8/24/2020,NWCA11-2798,3871,7/8/2011,1,NWC_WY-10016,WMTNS,West,XER,Xeric,Sublette,Not Coast,W_MTNS,"Western Mountains, Valleys, and Coast",LRR E,Region_08,Target_Sampled,H1404010102,Tosi Creek-Green River,H140401010205,INLAND,43.21267261,43.21267261,-109.9894127,-109.9894127,Rocky Mountain Range and Forest Region,E,Upper Colorado Region,H14,60,Central Rocky Mountains,43B,Not_NEP,Not_NEP,WY,WY,W,XER,USFS,NWC_11_NO,NWC_11_NO,OverSamp,NWC16_11_TSN,P35,PEM,WY,ARW,Arid West,W-PRLW,XER-PRLW,PROB,FWS_ST_2005,Wyoming,F56035,WY,Target,18,Wyoming Basin,18c,Sub-Irrigated High Valleys,PEM,PSS,PRLW,SLOPE,XER_PEM,41607.53285,-1126823.735,722757.4072
8/24/2020,NWCA11-2799,3504,7/7/2011,1,NWC_WY-10017,WMTNS,West,XER,Xeric,Sublette,Not Coast,ARID_W,Arid West,LRR D,Region_08,Target_Sampled,H1404010104,Forty Rod Creek-Green River,H140401010402,INLAND,42.97681328,42.97681328,-110.0762121,-110.0762121,Western Range and Irrigated Region,D,Upper Colorado Region,H14,43,Cool Central Desertic Basins and Plateaus,34A,Not_NEP,Not_NEP,WY,WY,W,XER,Non-Federal,NWC_11_16,NWC_11_16,OverSamp,NWC16_11_TSS,P35,PEM,WY,ARW,Arid West,W-PRLH,XER-PRLH,PROB,FWS_ST_2005,Wyoming,F56035,WY,Target,18,Wyoming Basin,18c,Sub-Irrigated High Valleys,PEM,PEM,PRLH,RIVERINE,XER_PEM,41607.53285,-1137652.044,697734.1504
8/24/2020,NWCA11-2800,3505,7/25/2011,1,NWC_WY-10018,WMTNS,West,XER,Xeric,Sublette,Not Coast,W_MTNS,"Western Mountains, Valleys, and Coast",LRR E,Region_08,Target_Sampled,H1404010102,Tosi Creek-Green River,H140401010205,INLAND,43.2128624,43.2128624,-109.9966651,-109.9966651,Rocky Mountain Range and Forest Region,E,Upper Colorado Region,H14,60,Central Rocky Mountains,43B,Not_NEP,Not_NEP,WY,WY,W,XER,Non-Federal,NWC_11_16,NWC_11_16,OverSamp,NWC16_11_TSS,P35,PSS,WY,ARW,Arid West,W-PRLW,XER-PRLW,PROB,FWS_ST_2005,Wyoming,F56035,WY,Target,18,Wyoming Basin,18c,Sub-Irrigated High Valleys,PSS,PSS,PRLW,RIVERINE,XER_PSS,29029.92349,-1127400.571,722864.3882
8/24/2020,NWCA11-2846,5775,6/21/2011,1,NWC_AR-10048,PLNLOW,Plains and Lowlands,CPL,Coastal Plains,Sevier,Not Coast,CSTL_PLAIN,Atlantic and Gulf Coastal Plain,LRR P,Region_06,Target_Sampled,H1114010903,Middle Little River,H111401090304,INLAND,34.05789007,34.05789007,-94.42901955,-94.42901955,"South Atlantic and Gulf Slope Cash Crops, Forest, and Livestock Region",P,Arkansas-White-Red Region,H11,239,Cretaceous Western Coastal Plain,135B,Not_NEP,Not_NEP,AR,AR,CPL,CPL,Non-Federal,NWC_11_NO,NWC_11_NO,OverSamp,NWC16_11_TSN,P14,PEM,AR,ICP,Inland Coastal Plains,CPL-PRLH,CPL-PRLH,PROB,FWS_ST_2005,Arkansas,F05133,AR,Target,35,South Central Plains,35b,Floodplains and Low Terraces,PEM,PEM,PRLH,RIVERINE,CPL_PEM,47532.75877,143935.7453,-384150.1393
8/24/2020,NWCA11-2847,5776,7/7/2011,1,NWC_AR-10049,PLNLOW,Plains and Lowlands,CPL,Coastal Plains,Clay,Not Coast,CSTL_PLAIN,Atlantic and Gulf Coastal Plain,LRR O,Region_06,Target_Sampled,H1101000710,Murray Creek Ditch-Black River,H110100071001,INLAND,36.36136448,36.36136448,-90.57887737,-90.57887737,Mississippi Delta Cotton and Feed Grains Region,O,Arkansas-White-Red Region,H11,230,Southern Mississippi River Alluvium,131A,Not_NEP,Not_NEP,AR,AR,CPL,CPL,Non-Federal,NWC_11_NO,NWC_11_NO,OverSamp,NWC16_11_TSN,P17,PFO,AR,ICP,Inland Coastal Plains,CPL-PRLW,CPL-PRLW,PROB,FWS_ST_2005,Arkansas,F05021,AR,Target,73,Mississippi Alluvial Plain,73g,Western Lowlands Pleistocene Valley Trains,PFO,PFO,PRLW,RIVERINE,CPL_PFO,167356.6679,481749.2287,-113832.6579
8/24/2020,NWCA11-2890,4464,9/21/2011,1,NWC_AZ-10022,WMTNS,West,WMT,Western Mountains,Apache,Not Coast,W_MTNS,"Western Mountains, Valleys, and Coast","LRR D (MLRA 22A, 22B, 39)",Region_09,Target_Sampled,H1506010101,Upper Black River,H150601010101,INLAND,33.87044394,33.87044394,-109.2681735,-109.2681735,Western Range and Irrigated Region,D,Lower Colorado Region,H15,51,Arizona and New Mexico Mountains,39,Not_NEP,Not_NEP,AZ,AZ,W,WMT,USFS,NWC_11_NO,NWC_11_NO,OverSamp,NWC16_11_TSN,P32,PEM,AZ,WVM,Western Valleys & Mountains,W-PRLH,WMT-PRLH,PROB,FWS_ST_2005,Arizona,F04001,AZ,Target,23,Arizona/New Mexico Mountains,23c,Montane Conifer Forests,PEM,PEM,PRLH,FRINGE,WMT_PEM,6093.678,-1214676.101,-321355.3025
8/24/2020,NWCA11-2897,4463,9/20/2011,1,NWC_AZ-10029,WMTNS,West,WMT,Western Mountains,Apache,Not Coast,W_MTNS,"Western Mountains, Valleys, and Coast","LRR D (MLRA 22A, 22B, 39)",Region_09,Target_Sampled,H1506010101,Upper Black River,H150601010101,INLAND,33.87716102,33.87716102,-109.2487603,-109.2487603,Western Range and Irrigated Region,D,Lower Colorado Region,H15,51,Arizona and New Mexico Mountains,39,Not_NEP,Not_NEP,AZ,AZ,W,WMT,USFS,NWC_11_16,NWC_11_16,OverSamp,NWC16_11_TSS,P32,PUBPAB,AZ,WVM,Western Valleys & Mountains,W-PRLH,WMT-PRLH,PROB,FWS_ST_2005,Arizona,F04001,AZ,Target,23,Arizona/New Mexico Mountains,23c,Montane Conifer Forests,PUBPAB,PEM,PRLH,RIVERINE,WMT_PUBPAB,531.1075,-1212806.099,-320859.9688
8/24/2020,NWCA11-2900,4462,9/6/2011,1,NWC_AZ-10032,WMTNS,West,WMT,Western Mountains,Apache,Not Coast,W_MTNS,"Western Mountains, Valleys, and Coast","LRR D (MLRA 22A, 22B, 39)",Region_09,Target_Sampled,H1506010101,Upper Black River,H150601010101,INLAND,33.87373812,33.87373812,-109.2439105,-109.2439105,Western Range and Irrigated Region,D,Lower Colorado Region,H15,51,Arizona and New Mexico Mountains,39,Not_NEP,Not_NEP,AZ,AZ,W,WMT,USFS,NWC_11_16,NWC_11_16,OverSamp,NWC16_11_TSS,P32,PEM,AZ,WVM,Western Valleys & Mountains,W-PRLH,WMT-PRLH,PROB,FWS_ST_2005,Arizona,F04001,AZ,Target,23,Arizona/New Mexico Mountains,23c,Montane Conifer Forests,PEM,PEM,PRLH,RIVERINE,WMT_PEM,6093.678,-1212418.15,-321300.6183
8/24/2020,NWCA11-2905,5777,7/27/2011,1,NWC_CA-10047,WMTNS,West,WMT,Western Mountains,San Diego,Pacific Coast Region,ARID_W,Arid West,LRR C,Region_09,Target_Sampled,H1807030301,Upper San Luis Rey River,H180703030105,INLAND,33.27438391,33.27438391,-116.7470251,-116.7470251,"California Subtropical Fruit, Truck, and Specialty Crop Region",C,California Region,H18,25,Southern California Mountains,20,Not_NEP,Not_NEP,CA,CA,W,WMT,Regional,NWC_11_NO,NWC_11_NO,OverSamp,NWC16_11_TSN,P07,PEM,CA,WVM,Western Valleys & Mountains,W-PRLH,WMT-PRLH,PROB,FWS_ST_2005,California,F06073,CA,Target,8,Southern California Mountains,8e,Southern California Lower Montane Shrub and Woodland,PEM,PEM,PRLH,SLOPE,WMT_PEM,18716.46424,-1904854.283,-264106.7187
8/24/2020,NWCA11-2908,5778,9/21/2011,1,NWC_CA-10050,WMTNS,West,XER,Xeric,San Mateo,Pacific Coast Region,ARID_W,Arid West,LRR C,Region_09,Target_Sampled,H1805000410,San Francisco Bay,H180500041001,TIDAL,37.53679543,37.53679543,-122.232025,-122.232025,"California Subtropical Fruit, Truck, and Specialty Crop Region",C,California Region,H18,19,Central California Coastal Valleys,14,San Franciso Estuary Partnership,NEP,CA,CA,W,XER,State,NWC_11_NO,NWC_11_NO,OverSamp,NWC16_11_TSN,P07,E2EM,CA,PAC,Pacific Coast,ALL-EH,ALL-EH,PROB,FWS_ST_2005,California,F06081,CA,Target,6,Central California Foothills and Coastal Mountains,6p,Bay Flats,E2EM,E2EM,EH,TIDAL,XER_E2EM,8674.34098,-2266980.118,319002.9076
8/24/2020,NWCA11-2910,5779,6/14/2011,1,NWC_CA-10052,WMTNS,West,XER,Xeric,Solano,Pacific Coast Region,ARID_W,Arid West,LRR C,Region_09,Target_Sampled,H1805000104,Suisun Bay,H180500010401,TIDAL,38.12654382,38.12654382,-121.9356579,-121.9356579,"California Subtropical Fruit, Truck, and Specialty Crop Region",C,California Region,H18,21,California Delta,16,San Franciso Estuary Partnership,NEP,CA,CA,W,XER,State,NWC_11_NO,NWC_11_NO,OverSamp,NWC16_11_TSN,P06,E2EM,CA,PAC,Pacific Coast,ALL-EH,ALL-EH,PROB,FWS_ST_2005,California,F06095,CA,Target,7,Central California Valley,7j,Delta,E2EM,E2EM,EH,TIDAL,XER_E2EM,8674.34098,-2224194.909,375624.1317
8/24/2020,NWCA11-2914,5780,7/21/2011,1,NWC_CA-10056,WMTNS,West,XER,Xeric,Solano,Pacific Coast Region,ARID_W,Arid West,LRR C,Region_09,Target_Sampled,H1805000104,Suisun Bay,H180500010401,INLAND,38.13181723,38.13181723,-121.9532149,-121.9532149,"California Subtropical Fruit, Truck, and Specialty Crop Region",C,California Region,H18,21,California Delta,16,San Franciso Estuary Partnership,NEP,CA,CA,W,XER,State,NWC_11_NO,NWC_11_NO,OverSamp,NWC16_11_TSN,P06,PF,CA,ARW,Arid West,W-PRLH,XER-PRLH,PROB,FWS_ST_2005,California,F06095,CA,Target,7,Central California Valley,7j,Delta,PF,PEM,PRLH,DPRSS,XER_PF,12505.18841,-2225503.547,376604.3431
8/24/2020,NWCA11-2917,5781,9/19/2011,1,NWC_CA-10059,WMTNS,West,XER,Xeric,Monterey,Pacific Coast Region,ARID_W,Arid West,LRR C,Region_09,Target_Sampled,H1806000513,Arroyo Seco,H180600051303,INLAND,36.11837075,36.11837075,-121.4661872,-121.4661872,"California Subtropical Fruit, Truck, and Specialty Crop Region",C,California Region,H18,20,Central California Coast Range,15,Not_NEP,Not_NEP,CA,CA,W,XER,USFS,NWC_11_16,NWC_11_16,OverSamp,NWC16_11_TSS,P07,PFO,CA,ARW,Arid West,W-PRLW,XER-PRLW,PROB,FWS_ST_2005,California,F06053,CA,Target,6,Central California Foothills and Coastal Mountains,6ag,Northern Santa Lucia Range,PFO,PFO,PRLW,RIVERINE,XER_PFO,13535.77613,-2244489.97,147749.6103
8/24/2020,NWCA11-2918,5782,7/7/2011,1,NWC_CA-10060,WMTNS,West,XER,Xeric,Sonoma,Pacific Coast Region,ARID_W,Arid West,LRR C,Region_09,Target_Sampled,H1805000208,San Pablo Bay,H180500020801,TIDAL,38.16413492,38.16413492,-122.5532047,-122.5532047,"California Subtropical Fruit, Truck, and Specialty Crop Region",C,California Region,H18,19,Central California Coastal Valleys,14,San Franciso Estuary Partnership,NEP,CA,CA,W,XER,State,NWC_11_16,NWC_11_16,OverSamp,NWC16_11_TSS,P07,E2EM,CA,PAC,Pacific Coast,ALL-EH,ALL-EH,PROB,FWS_ST_2005,California,F06097,CA,Target,6,Central California Foothills and Coastal Mountains,6p,Bay Flats,E2EM,E2EM,EH,TIDAL,XER_E2EM,8674.34098,-2274623.879,394295.107
8/24/2020,NWCA11-2921,5783,6/23/2011,1,NWC_CA-10063,WMTNS,West,XER,Xeric,Solano,Pacific Coast Region,ARID_W,Arid West,LRR C,Region_09,Target_Sampled,H1805000208,San Pablo Bay,H180500020801,INLAND,38.13932,38.13932,-122.3392113,-122.3392113,"California Subtropical Fruit, Truck, and Specialty Crop Region",C,California Region,H18,19,Central California Coastal Valleys,14,San Franciso Estuary Partnership,NEP,CA,CA,W,XER,FWS,NWC_11_NO,NWC_11_NO,OverSamp,NWC16_11_TSN,P07,PEM,CA,ARW,Arid West,W-PRLH,XER-PRLH,PROB,FWS_ST_2005,California,F06095,CA,Target,6,Central California Foothills and Coastal Mountains,6p,Bay Flats,PEM,PEM,PRLH,DPRSS,XER_PEM,18716.46424,-2257527.426,386518.0386
8/24/2020,NWCA11-2922,5784,10/4/2011,1,NWC_CA-10064,WMTNS,West,XER,Xeric,San Mateo,Pacific Coast Region,ARID_W,Arid West,LRR C,Region_09,Target_Sampled,H1805000410,San Francisco Bay,H180500041001,TIDAL,37.52065783,37.52065783,-122.2204244,-122.2204244,"California Subtropical Fruit, Truck, and Specialty Crop Region",C,California Region,H18,19,Central California Coastal Valleys,14,San Franciso Estuary Partnership,NEP,CA,CA,W,XER,State,NWC_11_NO,NWC_11_NO,OverSamp,NWC16_11_TSN,P07,E2EM,CA,PAC,Pacific Coast,ALL-EH,ALL-EH,PROB,FWS_ST_2005,California,F06081,CA,Target,6,Central California Foothills and Coastal Mountains,6p,Bay Flats,E2EM,E2EM,EH,TIDAL,XER_E2EM,8674.34098,-2266495.859,316986.0878
8/24/2020,NWCA11-2924,5785,6/13/2011,1,NWC_CA-10066,WMTNS,West,XER,Xeric,Solano,Pacific Coast Region,ARID_W,Arid West,LRR C,Region_09,Target_Sampled,H1805000104,Suisun Bay,H180500010401,INLAND,38.11291574,38.11291574,-121.9368828,-121.9368828,"California Subtropical Fruit, Truck, and Specialty Crop Region",C,California Region,H18,21,California Delta,16,San Franciso Estuary Partnership,NEP,CA,CA,W,XER,State,NWC_11_NO,NWC_11_NO,OverSamp,NWC16_11_TSN,P06,PF,CA,ARW,Arid West,W-PRLH,XER-PRLH,PROB,FWS_ST_2005,California,F06095,CA,Target,7,Central California Valley,7j,Delta,PF,PEM,PRLH,DPRSS,XER_PF,12505.18841,-2224709.074,374181.8444
8/24/2020,NWCA11-2930,5786,6/9/2011,1,NWC_CA-10072,WMTNS,West,XER,Xeric,Merced,Not Coast,ARID_W,Arid West,LRR C,Region_09,Target_Sampled,H1804000118,Lower Bear Creek,H180400011805,INLAND,37.2970215,37.2970215,-120.7937007,-120.7937007,"California Subtropical Fruit, Truck, and Specialty Crop Region",C,California Region,H18,22,Sacramento and San Joaquin Valleys,17,Not_NEP,Not_NEP,CA,CA,W,XER,Non-Federal,NWC_11_16,NWC_11_16,OverSamp,NWC16_11_TSS,P06,PSS,CA,ARW,Arid West,W-PRLH,XER-PRLH,PROB,FWS_ST_2005,California,F06047,CA,Target,7,Central California Valley,7n,Manteca/Merced Alluvium,PSS,PEM,PRLH,DPRSS,XER_PSS,15604.63775,-2152528.92,259648.7412
8/24/2020,NWCA11-2931,4111,5/20/2011,1,NWC_CA-10073,WMTNS,West,WMT,Western Mountains,San Diego,Pacific Coast Region,ARID_W,Arid West,LRR C,Region_09,Target_Sampled,H1807030405,Upper San Diego River,H180703040503,INLAND,32.99992649,32.99992649,-116.5606367,-116.5606367,"California Subtropical Fruit, Truck, and Specialty Crop Region",C,California Region,H18,25,Southern California Mountains,20,Not_NEP,Not_NEP,CA,CA,W,WMT,Regional,NWC_11_NO,NWC_11_NO,OverSamp,NWC16_11_TSN,P07,PEM,CA,WVM,Western Valleys & Mountains,W-PRLH,WMT-PRLH,PROB,FWS_ST_2005,California,F06073,CA,Target,8,Southern California Mountains,8e,Southern California Lower Montane Shrub and Woodland,PEM,PEM,PRLH,FRINGE,WMT_PEM,18716.46424,-1894587.076,-297748.2889
8/24/2020,NWCA11-2940,5787,7/11/2011,1,NWC_CA-10082,WMTNS,West,XER,Xeric,Sonoma,Pacific Coast Region,ARID_W,Arid West,LRR C,Region_09,Target_Sampled,H1805000208,San Pablo Bay,H180500020801,TIDAL,38.17745302,38.17745302,-122.5431308,-122.5431308,"California Subtropical Fruit, Truck, and Specialty Crop Region",C,California Region,H18,19,Central California Coastal Valleys,14,San Franciso Estuary Partnership,NEP,CA,CA,W,XER,State,NWC_11_NO,NWC_11_NO,OverSamp,NWC16_11_TSN,P07,E2EM,CA,PAC,Pacific Coast,ALL-EH,ALL-EH,PROB,FWS_ST_2005,California,F06097,CA,Target,6,Central California Foothills and Coastal Mountains,6p,Bay Flats,E2EM,E2EM,EH,TIDAL,XER_E2EM,8674.34098,-2273371.949,395488.944
8/24/2020,NWCA11-2941,5788,6/27/2011,1,NWC_CA-10083,WMTNS,West,XER,Xeric,Merced,Not Coast,ARID_W,Arid West,LRR C,Region_09,Target_Sampled,H1804000120,Salt Slough,H180400012007,INLAND,37.24250143,37.24250143,-120.8382958,-120.8382958,"California Subtropical Fruit, Truck, and Specialty Crop Region",C,California Region,H18,22,Sacramento and San Joaquin Valleys,17,Not_NEP,Not_NEP,CA,CA,W,XER,FWS,NWC_11_NO,NWC_11_NO,OverSamp,NWC16_11_TSN,P06,PEM,CA,ARW,Arid West,W-PRLH,XER-PRLH,PROB,FWS_ST_2005,California,F06047,CA,Target,7,Central California Valley,7m,San Joaquin Basin,PEM,PEM,PRLH,DPRSS,XER_PEM,34239.43113,-2157890.787,254757.6197
8/24/2020,NWCA11-2946,5789,9/6/2011,1,NWC_CA-10088,WMTNS,West,XER,Xeric,Colusa,Not Coast,ARID_W,Arid West,LRR C,Region_09,Target_Sampled,H1802015804,Lower Butte Creek,H180201580404,INLAND,39.21166566,39.21166566,-121.9360946,-121.9360946,"California Subtropical Fruit, Truck, and Specialty Crop Region",C,California Region,H18,22,Sacramento and San Joaquin Valleys,17,Not_NEP,Not_NEP,CA,CA,W,XER,Non-Federal,NWC_11_16,NWC_11_16,OverSamp,NWC16_11_TSS,P06,PF,CA,ARW,Arid West,W-PRLH,XER-PRLH,PROB,FWS_ST_2005,California,F06011,CA,Target,7,Central California Valley,7e,Sacramento/Feather Riverine Alluvium,PF,PEM,PRLH,DPRSS,XER_PF,22876.67862,-2191448.422,492758.2572
8/24/2020,NWCA11-2947,5790,6/22/2011,1,NWC_CA-10089,WMTNS,West,XER,Xeric,Solano,Pacific Coast Region,ARID_W,Arid West,LRR C,Region_09,Target_Sampled,H1805000208,San Pablo Bay,H180500020801,TIDAL,38.13470032,38.13470032,-122.3598675,-122.3598675,"California Subtropical Fruit, Truck, and Specialty Crop Region",C,California Region,H18,19,Central California Coastal Valleys,14,San Franciso Estuary Partnership,NEP,CA,CA,W,XER,FWS,NWC_11_NO,NWC_11_NO,OverSamp,NWC16_11_TSN,P07,E2EM,CA,PAC,Pacific Coast,ALL-EH,ALL-EH,PROB,FWS_ST_2005,California,F06095,CA,Target,6,Central California Foothills and Coastal Mountains,6p,Bay Flats,E2EM,E2EM,EH,TIDAL,XER_E2EM,8674.34098,-2259394.034,386510.9139
8/24/2020,NWCA11-2949,5791,7/9/2011,1,NWC_CA-10091,WMTNS,West,XER,Xeric,Sonoma,Pacific Coast Region,ARID_W,Arid West,LRR C,Region_09,Target_Sampled,H1805000208,San Pablo Bay,H180500020801,TIDAL,38.16800498,38.16800498,-122.5471033,-122.5471033,"California Subtropical Fruit, Truck, and Specialty Crop Region",C,California Region,H18,19,Central California Coastal Valleys,14,San Franciso Estuary Partnership,NEP,CA,CA,W,XER,State,NWC_11_NO,NWC_11_NO,OverSamp,NWC16_11_TSN,P07,E2EM,CA,PAC,Pacific Coast,ALL-EH,ALL-EH,PROB,FWS_ST_2005,California,F06097,CA,Target,6,Central California Foothills and Coastal Mountains,6p,Bay Flats,E2EM,E2EM,EH,TIDAL,XER_E2EM,8674.34098,-2273995.281,394566.0467
8/24/2020,NWCA11-2957,5792,6/2/2011,1,NWC_CO-10031,PLNLOW,Plains and Lowlands,SPL,Southern Plains,Washington,Not Coast,GT_PLAINS,Great Plains,LRR G,Region_08,Target_Sampled,H1019001207,Prewitt Reservoir-South Platte River,H101900120705,INLAND,40.43387345,40.43387345,-103.3293226,-103.3293226,Western Great Plains Range and Irrigated Region,G,Missouri Region,H10,96,"Central High Plains, Southern Part",67B,Not_NEP,Not_NEP,CO,CO,IPL,IPL,Non-Federal,NWC_11_NO,NWC_11_NO,OverSamp,NWC16_11_TSN,P27,PSS,CO,GPL,Great Plains,IPL-PRLW,IPL-PRLW,PROB,FWS_ST_2005,Colorado,F08121,CO,Target,25,High Plains,25d,Flat to Rolling Plains,PSS,PFO,PRLW,DPRSS,IPL_PSS,51666.5594,-615866.7316,352560.5254
8/24/2020,NWCA11-2959,3851,9/2/2011,1,NWC_CO-10033,WMTNS,West,XER,Xeric,Montrose,Not Coast,ARID_W,Arid West,LRR D,Region_08,Target_Sampled,H1402000502,Roubideau Creek,H140200050201,INLAND,38.45452702,38.45452702,-108.1926417,-108.1926417,Western Range and Irrigated Region,D,Upper Colorado Region,H14,46,"Southwestern Plateaus, Mesas, and Foothills",36,Not_NEP,Not_NEP,CO,CO,W,XER,USFS,NWC_11_NO,NWC_11_NO,OverSamp,NWC16_11_TSN,P08,PFO,CO,ARW,Arid West,W-PRLW,XER-PRLW,PROB,FWS_ST_2005,Colorado,F08085,CO,Target,20,Colorado Plateaus,20c,Semiarid Benchlands and Canyonlands,PFO,PSS,PRLW,RIVERINE,XER_PFO,5071.10096,-1051106.481,174504.766
8/24/2020,NWCA11-2960,5793,6/4/2011,1,NWC_CO-10034,PLNLOW,Plains and Lowlands,SPL,Southern Plains,Sedgwick,Not Coast,GT_PLAINS,Great Plains,"LRR H (MLRA 72, 73)",Region_08,Target_Sampled,H1025000602,Sand Creek,H102500060202,INLAND,40.86814725,40.86814725,-102.283127,-102.283127,Central Great Plains Winter Wheat and Range Region,H,Missouri Region,H10,105,Central High Tableland,72,Not_NEP,Not_NEP,CO,CO,IPL,IPL,Non-Federal,NWC_11_16,NWC_11_16,OverSamp,NWC16_11_TSS,P16,PF,CO,GPL,Great Plains,IPL-PRLH,IPL-PRLH,PROB,FWS_ST_2005,Colorado,F08115,CO,Target,25,High Plains,25d,Flat to Rolling Plains,PF,PEM,PRLH,DPRSS,IPL_PF,1184.50955,-524882.5549,394797.4698
8/24/2020,NWCA11-2961,3892,9/5/2011,1,NWC_CO-10035,PLNLOW,Plains and Lowlands,SPL,Southern Plains,Yuma,Not Coast,GT_PLAINS,Great Plains,"LRR H (MLRA 72, 73)",Region_08,Target_Sampled,H1025000308,North Sand Creek-South Fork Republican River,H102500030806,INLAND,39.68252037,39.68252037,-102.3511787,-102.3511787,Central Great Plains Winter Wheat and Range Region,H,Missouri Region,H10,105,Central High Tableland,72,Not_NEP,Not_NEP,CO,CO,IPL,IPL,Non-Federal,NWC_11_NO,NWC_11_NO,OverSamp,NWC16_11_TSN,P16,PF,CO,GPL,Great Plains,IPL-PRLH,IPL-PRLH,PROB,FWS_ST_2005,Colorado,F08125,CO,Target,25,High Plains,25d,Flat to Rolling Plains,PF,PF,PRLH,DPRSS,IPL_PF,1184.50955,-539429.2083,262648.3291
8/24/2020,NWCA11-2967,3850,9/1/2011,1,NWC_CO-10041,WMTNS,West,WMT,Western Mountains,Montrose,Not Coast,ARID_W,Arid West,LRR D,Region_08,Target_Sampled,H1402000502,Roubideau Creek,H140200050201,INLAND,38.44719687,38.44719687,-108.1909126,-108.1909126,Western Range and Irrigated Region,D,Upper Colorado Region,H14,46,"Southwestern Plateaus, Mesas, and Foothills",36,Not_NEP,Not_NEP,CO,CO,W,WMT,USFS,NWC_11_16,NWC_11_16,OverSamp,NWC16_11_TSS,P08,PFO,CO,WVM,Western Valleys & Mountains,W-PRLW,WMT-PRLW,PROB,FWS_ST_2005,Colorado,F08085,CO,Target,21,Southern Rockies,21f,Sedimentary Mid-Elevation Forests,PFO,PFO,PRLW,RIVERINE,WMT_PFO,5071.10096,-1051063.342,173670.7806
8/24/2020,NWCA11-2968,5794,6/14/2011,1,NWC_CO-10042,WMTNS,West,WMT,Western Mountains,Las Animas,Not Coast,W_MTNS,"Western Mountains, Valleys, and Coast",LRR E,Region_08,Target_Sampled,H1102000701,Headwaters Apishapa River,H110200070103,INLAND,37.35759091,37.35759091,-104.7929818,-104.7929818,Rocky Mountain Range and Forest Region,E,Arkansas-White-Red Region,H11,67,Southern Rocky Mountain Foothills,49,Not_NEP,Not_NEP,CO,CO,W,WMT,Non-Federal,NWC_11_NO,NWC_11_NO,OverSamp,NWC16_11_TSN,P29,PUBPAB,CO,WVM,Western Valleys & Mountains,W-PRLH,WMT-PRLH,PROB,FWS_ST_2005,Colorado,F08071,CO,Target,21,Southern Rockies,21f,Sedimentary Mid-Elevation Forests,PUBPAB,PEM,PRLH,DPRSS,WMT_PUBPAB,14192.62764,-770386.4095,19706.1649
8/24/2020,NWCA11-2974,3544,8/3/2011,1,NWC_CO-10048,WMTNS,West,WMT,Western Mountains,Lake,Not Coast,W_MTNS,"Western Mountains, Valleys, and Coast",LRR E,Region_08,Target_Sampled,H1102000102,Headwaters Arkansas River,H110200010202,INLAND,39.25699549,39.25699549,-106.2565426,-106.2565426,Rocky Mountain Range and Forest Region,E,Arkansas-White-Red Region,H11,65,Southern Rocky Mountains,48A,Not_NEP,Not_NEP,CO,CO,W,WMT,Non-Federal,NWC_11_16,NWC_11_16,OverSamp,NWC16_11_TSS,P29,PSS,CO,WVM,Western Valleys & Mountains,W-PRLW,WMT-PRLW,PROB,FWS_ST_2005,Colorado,F08065,CO,Target,21,Southern Rockies,21e,Sedimentary Subalpine Forests,PSS,PSS,PRLW,RIVERINE,WMT_PSS,70590.57104,-875220.4979,244203.1845
8/24/2020,NWCA11-3042,3735,8/9/2011,1,NWC_FL-10144,PLNLOW,Plains and Lowlands,CPL,Coastal Plains,Palm Beach,South East Coast Region,CSTL_PLAIN,Atlantic and Gulf Coastal Plain,LRR U,Region_04,Target_Sampled,H0309020206,Conservation Area 2,H030902020600,INLAND,26.36862342,26.36862342,-80.47787497,-80.47787497,"Florida Subtropical Fruit, Truck Crop, and Range Region",U,South Atlantic Gulf Region,H03,267,Florida Everglades and Associated Areas,156A,Not_NEP,Not_NEP,FL,FL_OTH,CPL,CPL,State,NWC_11_16,NWC_11_16,OverSamp,NWC16_11_TSS,P13,PEM,FL,ICP,Inland Coastal Plains,CPL-PRLH,CPL-PRLH,PROB,FWS_ST_2005,Florida,F12099,FL,Target,76,Southern Florida Coastal Plain,76a,Everglades,PEM,PEM,PRLH,FLATS,CPL_PEM,87209.06982,1554652.213,-1111312.945
8/24/2020,NWCA11-3043,5803,7/19/2011,1,NWC_FL-10145,PLNLOW,Plains and Lowlands,CPL,Coastal Plains,Osceola,Not Coast,CSTL_PLAIN,Atlantic and Gulf Coastal Plain,LRR U,Region_04,Target_Sampled,H0309010105,Davenport Creek,H030901010503,INLAND,28.33644347,28.33644347,-81.57937979,-81.57937979,"Florida Subtropical Fruit, Truck Crop, and Range Region",U,South Atlantic Gulf Region,H03,266,Southern Florida Flatwoods,155,Not_NEP,Not_NEP,FL,FL_SCP,CPL,CPL,Non-Federal,NWC_11_NO,NWC_11_NO,OverSamp,NWC16_11_TSN,P13,PFO,FL,ICP,Inland Coastal Plains,CPL-PRLW,CPL-PRLW,PROB,FWS_ST_2005,Florida,F12097,FL,Target,75,Southern Coastal Plain,75d,Eastern Florida Flatwoods,PFO,PFO,PRLW,RIVERINE,CPL_PFO,196067.7775,1412422.02,-914287.3535
8/24/2020,NWCA11-3045,5804,7/25/2011,1,NWC_FL-10147,PLNLOW,Plains and Lowlands,CPL,Coastal Plains,Madison,Gulf Coast Region,CSTL_PLAIN,Atlantic and Gulf Coastal Plain,"LRR T (MLRA 152A, 152B, 153A)",Region_04,Target_Sampled,H0311020501,Mill Creek-Suwannee River,H031102050104,INLAND,30.27338641,30.27338641,-83.36020134,-83.36020134,Atlantic and Gulf Coast Lowland Forest and Crop Region,T,South Atlantic Gulf Region,H03,259,Eastern Gulf Coast Flatwoods,152A,Not_NEP,Not_NEP,FL,FL_SCP,CPL,CPL,Non-Federal,NWC_11_NO,NWC_11_NO,OverSamp,NWC16_11_TSN,P13,PSS,FL,ICP,Inland Coastal Plains,CPL-PRLH,CPL-PRLH,PROB,FWS_ST_2005,Florida,F12079,FL,Target,75,Southern Coastal Plain,75a,Gulf Coast Flatwoods,PSS,PEM,PRLH,FLATS,CPL_PSS,62108.80868,1210645.605,-726434.9535
8/24/2020,NWCA11-3047,3695,8/16/2011,1,NWC_FL-10149,PLNLOW,Plains and Lowlands,CPL,Coastal Plains,Pasco,Gulf Coast Region,CSTL_PLAIN,Atlantic and Gulf Coastal Plain,LRR U,Region_04,Target_Sampled,H0310020703,Weeki Wachi River-Double Hammock Creek Frontal,H031002070307,TIDAL,28.32150993,28.32150993,-82.73068801,-82.73068801,"Florida Subtropical Fruit, Truck Crop, and Range Region",U,South Atlantic Gulf Region,H03,265,South-Central Florida Ridge,154,Not_NEP,Not_NEP,FL,FL_SCP,CPL,CPL,State,NWC_11_NO,NWC_11_NO,OverSamp,NWC16_11_TSN,P36,E2EM,FL,GFC,Gulf & Florida Coasts,ALL-EH,ALL-EH,PROB,FWS_ST_2005,Florida,F12101,FL,Target,75,Southern Coastal Plain,75l,Big Bend Coastal Marsh,E2EM,E2EM,EH,TIDAL,CPL_E2EM,9260.55838,1300653.214,-932354.7667
8/24/2020,NWCA11-3051,5805,7/20/2011,1,NWC_FL-10153,PLNLOW,Plains and Lowlands,CPL,Coastal Plains,Palm Beach,South East Coast Region,CSTL_PLAIN,Atlantic and Gulf Coastal Plain,LRR U,Region_04,Target_Sampled,H0309020606,Lower Loxahatchee River,H030902060604,TIDAL,26.95379841,26.95379841,-80.07951243,-80.07951243,"Florida Subtropical Fruit, Truck Crop, and Range Region",U,South Atlantic Gulf Region,H03,266,Southern Florida Flatwoods,155,Not_NEP,Not_NEP,FL,FL_SCP,CPL,CPL,State,NWC_11_NO,NWC_11_NO,OverSamp,NWC16_11_TSN,P13,E2EM,FL,GFC,Gulf & Florida Coasts,ALL-EW,ALL-EW,PROB,FWS_ST_2005,Florida,F12099,FL,Target,75,Southern Coastal Plain,75d,Eastern Florida Flatwoods,E2EM,E2SS,EW,TIDAL,CPL_E2EM,9260.55838,1583447.957,-1041240.498
8/24/2020,NWCA11-3052,5806,8/3/2011,1,NWC_FL-10154,PLNLOW,Plains and Lowlands,CPL,Coastal Plains,Dixie,Gulf Coast Region,CSTL_PLAIN,Atlantic and Gulf Coastal Plain,"LRR T (MLRA 152A, 152B, 153A)",Region_04,Target_Sampled,H0311010209,Rocky Creek-Bumblebee Creek Frontal,H031101020906,INLAND,29.44284915,29.44284915,-83.18237868,-83.18237868,Atlantic and Gulf Coast Lowland Forest and Crop Region,T,South Atlantic Gulf Region,H03,259,Eastern Gulf Coast Flatwoods,152A,Not_NEP,Not_NEP,FL,FL_SCP,CPL,CPL,FWS,NWC_11_NO,NWC_11_NO,OverSamp,NWC16_11_TSN,P13,PSS,FL,ICP,Inland Coastal Plains,CPL-PRLW,CPL-PRLW,PROB,FWS_ST_2005,Florida,F12029,FL,Target,75,Southern Coastal Plain,75a,Gulf Coast Flatwoods,PSS,PFO,PRLW,FLATS,CPL_PSS,62108.80868,1239964.059,-815452.8938
8/24/2020,NWCA11-3062,5807,9/23/2011,1,NWC_FL-10164,PLNLOW,Plains and Lowlands,CPL,Coastal Plains,Collier,Gulf Coast Region,CSTL_PLAIN,Atlantic and Gulf Coastal Plain,LRR U,Region_04,Target_Sampled,H0309020408,Rooker Bay,H030902040800,TIDAL,25.82277453,25.82277453,-81.41641982,-81.41641982,"Florida Subtropical Fruit, Truck Crop, and Range Region",U,South Atlantic Gulf Region,H03,267,Florida Everglades and Associated Areas,156A,Not_NEP,Not_NEP,FL,FL_OTH,CPL,CPL,NPS,NWC_11_NO,NWC_11_NO,OverSamp,NWC16_11_TSN,P36,E2SS,FL,GFC,Gulf & Florida Coasts,ALL-EW,ALL-EW,PROB,FWS_ST_2005,Florida,F12021,FL,Target,76,Southern Florida Coastal Plain,76d,Southern Coast and Islands,E2SS,E2SS,EW,TIDAL,CPL_E2SS,15934.01068,1470576.296,-1185446.959
8/24/2020,NWCA11-3063,4694,10/17/2011,1,NWC_FL-10165,PLNLOW,Plains and Lowlands,CPL,Coastal Plains,Marion,Not Coast,CSTL_PLAIN,Atlantic and Gulf Coastal Plain,LRR U,Region_04,Target_Sampled,H0308010205,Oklawaha Canal,H030801020505,INLAND,29.17279867,29.17279867,-81.98778327,-81.98778327,"Florida Subtropical Fruit, Truck Crop, and Range Region",U,South Atlantic Gulf Region,H03,266,Southern Florida Flatwoods,155,Not_NEP,Not_NEP,FL,FL_SCP,CPL,CPL,State,NWC_11_NO,NWC_11_NO,OverSamp,NWC16_11_TSN,P13,PFO,FL,ICP,Inland Coastal Plains,CPL-PRLW,CPL-PRLW,PROB,FWS_ST_2005,Florida,F12083,FL,Target,75,Southern Coastal Plain,75d,Eastern Florida Flatwoods,PFO,PFO,PRLW,SLOPE,CPL_PFO,196067.7775,1359121.022,-828739.8355
8/24/2020,NWCA11-3065,3920,9/11/2011,1,NWC_FL-10167,PLNLOW,Plains and Lowlands,CPL,Coastal Plains,Baker,South East Coast Region,CSTL_PLAIN,Atlantic and Gulf Coastal Plain,"LRR T (MLRA 152A, 152B, 153A)",Region_04,Target_Sampled,H0307020403,North Prong St. Marys River,H030702040303,INLAND,30.51900841,30.51900841,-82.31835041,-82.31835041,Atlantic and Gulf Coast Lowland Forest and Crop Region,T,South Atlantic Gulf Region,H03,261,Atlantic Coast Flatwoods,153A,Not_NEP,Not_NEP,FL,FL_SCP,CPL,CPL,State,NWC_11_NO,NWC_11_NO,OverSamp,NWC16_11_TSN,P13,PFO,FL,ICP,Inland Coastal Plains,CPL-PRLW,CPL-PRLW,PROB,FWS_ST_2005,Florida,F12003,FL,Target,75,Southern Coastal Plain,75g,Okefenokee Swamp,PFO,PFO,PRLW,FLATS,CPL_PFO,196067.7775,1305856.721,-685620.604
8/24/2020,NWCA11-3069,5808,9/19/2011,1,NWC_FL-10171,PLNLOW,Plains and Lowlands,CPL,Coastal Plains,St. Johns,South East Coast Region,CSTL_PLAIN,Atlantic and Gulf Coastal Plain,LRR U,Region_04,Target_Sampled,H0308020106,Tolomato River,H030802010601,TIDAL,30.03109695,30.03109695,-81.36939459,-81.36939459,"Florida Subtropical Fruit, Truck Crop, and Range Region",U,South Atlantic Gulf Region,H03,266,Southern Florida Flatwoods,155,Not_NEP,Not_NEP,FL,FL_SCP,CPL,CPL,State,NWC_11_NO,NWC_11_NO,OverSamp,NWC16_11_TSN,P36,E2EM,FL,GFC,Gulf & Florida Coasts,ALL-EH,ALL-EH,PROB,FWS_ST_2005,Florida,F12109,FL,Target,75,Southern Coastal Plain,75d,Eastern Florida Flatwoods,E2EM,E2EM,EH,TIDAL,CPL_E2EM,9260.55838,1404045.185,-725668.3819
8/24/2020,NWCA11-3073,4502,10/15/2011,1,NWC_FL-10175,PLNLOW,Plains and Lowlands,CPL,Coastal Plains,Taylor,Gulf Coast Region,CSTL_PLAIN,Atlantic and Gulf Coastal Plain,"LRR T (MLRA 152A, 152B, 153A)",Region_04,Target_Sampled,H0311010201,Ecofina River,H031101020104,TIDAL,30.05367819,30.05367819,-83.9033073,-83.9033073,Atlantic and Gulf Coast Lowland Forest and Crop Region,T,South Atlantic Gulf Region,H03,259,Eastern Gulf Coast Flatwoods,152A,Not_NEP,Not_NEP,FL,FL_SCP,CPL,CPL,State,NWC_11_NO,NWC_11_NO,OverSamp,NWC16_11_TSN,P13,PFO,FL,GFC,Gulf & Florida Coasts,ALL-EW,ALL-EW,PROB,FWS_ST_2005,Florida,F12123,FL,Target,75,Southern Coastal Plain,75a,Gulf Coast Flatwoods,PFO,E2SS,EW,RIVERINE,CPL_PFO,196067.7775,1162010.516,-757398.7593
8/24/2020,NWCA11-3077,5809,9/30/2011,1,NWC_FL-10179,PLNLOW,Plains and Lowlands,CPL,Coastal Plains,Franklin,Gulf Coast Region,CSTL_PLAIN,Atlantic and Gulf Coastal Plain,"LRR T (MLRA 152A, 152B, 153A)",Region_04,Target_Sampled,H0312000312,Ochlockonee Bay-Apalachee Bay,H031200031203,INLAND,29.96526896,29.96526896,-84.51252009,-84.51252009,Atlantic and Gulf Coast Lowland Forest and Crop Region,T,South Atlantic Gulf Region,H03,259,Eastern Gulf Coast Flatwoods,152A,Not_NEP,Not_NEP,FL,FL_SCP,CPL,CPL,State,NWC_11_NO,NWC_11_NO,OverSamp,NWC16_11_TSN,P13,PSS,FL,ICP,Inland Coastal Plains,CPL-PRLW,CPL-PRLW,PROB,FWS_ST_2005,Florida,F12037,FL,Target,75,Southern Coastal Plain,75a,Gulf Coast Flatwoods,PSS,PSS,PRLW,FLATS,CPL_PSS,62108.80868,1104965.419,-774400.7677
8/24/2020,NWCA11-3091,5810,10/8/2011,1,NWC_FL-10193,PLNLOW,Plains and Lowlands,CPL,Coastal Plains,Pinellas,Gulf Coast Region,CSTL_PLAIN,Atlantic and Gulf Coastal Plain,LRR U,Region_04,Target_Sampled,H0310020606,Alligator Creek-Salt Creek Frontal,H031002060602,TIDAL,27.88870506,27.88870506,-82.63768006,-82.63768006,"Florida Subtropical Fruit, Truck Crop, and Range Region",U,South Atlantic Gulf Region,H03,266,Southern Florida Flatwoods,155,Tampa Bay,NEP,FL,FL_SCP,CPL,CPL,Non-Federal,NWC_11_NO,NWC_11_NO,OverSamp,NWC16_11_TSN,P36,E2SS,FL,GFC,Gulf & Florida Coasts,ALL-EW,ALL-EW,PROB,FWS_ST_2005,Florida,F12103,FL,Target,75,Southern Coastal Plain,75b,Southwestern Florida Flatwoods,E2SS,E2SS,EW,TIDAL,CPL_E2SS,15934.01068,1316409.616,-978411.7385
8/24/2020,NWCA11-3093,5811,10/1/2011,1,NWC_FL-10195,PLNLOW,Plains and Lowlands,CPL,Coastal Plains,Wakulla,Gulf Coast Region,CSTL_PLAIN,Atlantic and Gulf Coastal Plain,"LRR T (MLRA 152A, 152B, 153A)",Region_04,Target_Sampled,H0312000110,Lower St. Marks River,H031200011003,TIDAL,30.08673599,30.08673599,-84.17240826,-84.17240826,Atlantic and Gulf Coast Lowland Forest and Crop Region,T,South Atlantic Gulf Region,H03,259,Eastern Gulf Coast Flatwoods,152A,Not_NEP,Not_NEP,FL,FL_SCP,CPL,CPL,FWS,NWC_11_NO,NWC_11_NO,OverSamp,NWC16_11_TSN,P36,E2EM,FL,GFC,Gulf & Florida Coasts,ALL-EH,ALL-EH,PROB,FWS_ST_2005,Florida,F12129,FL,Target,75,Southern Coastal Plain,75l,Big Bend Coastal Marsh,E2EM,E2EM,EH,TIDAL,CPL_E2EM,9260.55838,1135840.304,-757012.0939
8/24/2020,NWCA11-3270,4801,8/11/2011,1,NWC_IA-10030,PLNLOW,Plains and Lowlands,TPL,Temporate Plains,Emmet,Not Coast,MIDWEST,Midwest,LRR M,Region_07,Target_Sampled,H0710000204,Drainage Ditch 132-Des Moines River,H071000020401,INLAND,43.35515326,43.35515326,-94.79224299,-94.79224299,Central Feed Grains and Livestock Region,M,Upper Mississippi Region,H07,176,Central Iowa and Minnesota Till Prairies,103,Not_NEP,Not_NEP,IA,IA,IPL,IPL,Non-Federal,NWC_11_NO,NWC_11_NO,OverSamp,NWC16_11_TSN,P23,PFO,IA,TPL,Temperate Plains,IPL-PRLH,IPL-PRLH,PROB,FWS_ST_2005,Iowa,F19063,IA,Target,47,Western Corn Belt Plains,47b,Des Moines Lobe,PFO,PEM,PRLH,DPRSS,IPL_PFO,6397.56243,97430.22527,656198.4658
8/24/2020,NWCA11-3275,4800,8/3/2011,1,NWC_IA-10035,PLNLOW,Plains and Lowlands,TPL,Temporate Plains,Chickasaw,Not Coast,MIDWEST,Midwest,LRR M,Region_07,Target_Sampled,H0708010202,Headwaters Wapsipinicon River,H070801020204,INLAND,43.07321735,43.07321735,-92.45516539,-92.45516539,Central Feed Grains and Livestock Region,M,Upper Mississippi Region,H07,177,Eastern Iowa and Minnesota Till Prairies,104,Not_NEP,Not_NEP,IA,IA,IPL,IPL,Non-Federal,NWC_11_NO,NWC_11_NO,OverSamp,NWC16_11_TSN,P21,PEM,IA,TPL,Temperate Plains,IPL-PRLH,IPL-PRLH,PROB,FWS_ST_2005,Iowa,F19037,IA,Target,47,Western Corn Belt Plains,47c,Eastern Iowa and Minnesota Drift Plains,PEM,PEM,PRLH,DPRSS,IPL_PEM,23387.33069,287078.6988,629449.6222
8/24/2020,NWCA11-3278,4799,8/10/2011,1,NWC_IA-10038,PLNLOW,Plains and Lowlands,TPL,Temporate Plains,Palo Alto,Not Coast,MIDWEST,Midwest,LRR M,Region_07,Target_Sampled,H0710000204,Drainage Ditch 132-Des Moines River,H071000020403,INLAND,43.18243,43.18243,-94.76719,-94.76719,Central Feed Grains and Livestock Region,M,Upper Mississippi Region,H07,176,Central Iowa and Minnesota Till Prairies,103,Not_NEP,Not_NEP,IA,IA,IPL,IPL,Non-Federal,NWC_11_NO,NWC_11_NO,OverSamp,NWC16_11_TSN,P23,PF,IA,TPL,Temperate Plains,IPL-PRLH,IPL-PRLH,PROB,FWS_ST_2005,Iowa,F19147,IA,Target,47,Western Corn Belt Plains,47b,Des Moines Lobe,PF,PF,PRLH,DPRSS,IPL_PF,60.90784,99701.33602,636939.2987
8/24/2020,NWCA11-3284,4798,7/25/2011,1,NWC_IA-10044,PLNLOW,Plains and Lowlands,TPL,Temporate Plains,Louisa,Not Coast,MIDWEST,Midwest,LRR M,Region_07,Target_Sampled,H0708010107,Muscatine Slough-Mississippi River,H070801010705,INLAND,41.23536306,41.23536306,-91.11898228,-91.11898228,Central Feed Grains and Livestock Region,M,Upper Mississippi Region,H07,204,"Central Mississippi Valley Wooded Slopes, Northern Part",115C,Not_NEP,Not_NEP,IA,IA,IPL,IPL,Non-Federal,NWC_11_NO,NWC_11_NO,OverSamp,NWC16_11_TSN,P21,PFO,IA,TPL,Temperate Plains,IPL-PRLW,IPL-PRLW,PROB,FWS_ST_2005,Iowa,F19115,IA,Target,72,Interior River Valleys and Hills,72d,Upper Mississippi Alluvial Plain,PFO,PFO,PRLW,RIVERINE,IPL_PFO,34534.82114,405759.5073,428978.984
8/24/2020,NWCA11-3291,4701,8/24/2011,1,NWC_ID-10029,WMTNS,West,WMT,Western Mountains,Valley,Not Coast,W_MTNS,"Western Mountains, Valleys, and Coast",LRR E,Region_10,Target_Sampled,H1706020801,Johnson Creek,H170602080105,INLAND,44.73892627,44.73892627,-115.4579714,-115.4579714,Rocky Mountain Range and Forest Region,E,Pacific Northwest Region,H17,60,Central Rocky Mountains,43B,Not_NEP,Not_NEP,ID,ID,W,WMT,USFS,NWC_11_16,NWC_11_16,OverSamp,NWC16_11_TSS,P24,PFO,ID,WVM,Western Valleys & Mountains,W-PRLW,WMT-PRLW,PROB,FWS_ST_2005,Idaho,F16085,ID,Target,16,Idaho Batholith,16k,Southern Forested Mountains,PFO,PFO,PRLW,SLOPE,WMT_PFO,13027.13486,-1527408.162,966790.2608
8/24/2020,NWCA11-3292,4700,7/27/2011,1,NWC_ID-10030,WMTNS,West,WMT,Western Mountains,Valley,Not Coast,W_MTNS,"Western Mountains, Valleys, and Coast",LRR E,Region_10,Target_Sampled,H1705012004,Upper Deadwood River,H170501200403,INLAND,44.38383798,44.38383798,-115.6202926,-115.6202926,Rocky Mountain Range and Forest Region,E,Pacific Northwest Region,H17,60,Central Rocky Mountains,43B,Not_NEP,Not_NEP,ID,ID,W,WMT,USFS,NWC_11_NO,NWC_11_NO,OverSamp,NWC16_11_TSN,P24,PFO,ID,WVM,Western Valleys & Mountains,W-PRLW,WMT-PRLW,PROB,FWS_ST_2005,Idaho,F16085,ID,Target,16,Idaho Batholith,16k,Southern Forested Mountains,PFO,PFO,PRLW,RIVERINE,WMT_PFO,13027.13486,-1548077.258,930697.2596
8/24/2020,NWCA11-3297,4714,8/9/2011,1,NWC_ID-10035,WMTNS,West,WMT,Western Mountains,Idaho,Not Coast,W_MTNS,"Western Mountains, Valleys, and Coast",LRR E,Region_10,Target_Sampled,H1706030705,Weitas Creek,H170603070505,INLAND,46.46868676,46.46868676,-115.5790825,-115.5790825,Rocky Mountain Range and Forest Region,E,Pacific Northwest Region,H17,59,Northern Rocky Mountains,43A,Not_NEP,Not_NEP,ID,ID,W,WMT,USFS,NWC_11_NO,NWC_11_NO,OverSamp,NWC16_11_TSN,P24,PSS,ID,WVM,Western Valleys & Mountains,W-PRLW,WMT-PRLW,PROB,FWS_ST_2005,Idaho,F16049,ID,Target,15,Northern Rockies,15i,Clearwater Mountains and Breaks,PSS,PFO,PRLW,RIVERINE,WMT_PSS,33089.60789,-1497465.24,1156864.796
8/24/2020,NWCA11-3300,4707,7/7/2011,1,NWC_ID-10038,WMTNS,West,WMT,Western Mountains,Valley,Not Coast,W_MTNS,"Western Mountains, Valleys, and Coast",LRR E,Region_10,Target_Sampled,H1705012302,Lake Fork Creek-North Fork Payette River,H170501230204,INLAND,44.87373894,44.87373894,-116.1378088,-116.1378088,Rocky Mountain Range and Forest Region,E,Pacific Northwest Region,H17,60,Central Rocky Mountains,43B,Not_NEP,Not_NEP,ID,ID,W,WMT,Non-Federal,NWC_11_NO,NWC_11_NO,OverSamp,NWC16_11_TSN,P24,PFO,ID,WVM,Western Valleys & Mountains,W-PRLW,WMT-PRLW,PROB,FWS_ST_2005,Idaho,F16085,ID,Target,16,Idaho Batholith,16g,High Glacial Drift-Filled Valleys,PFO,PFO,PRLW,RIVERINE,WMT_PFO,13027.13486,-1576829.975,992577.6611
8/24/2020,NWCA11-3303,4705,7/26/2011,1,NWC_ID-10041,WMTNS,West,WMT,Western Mountains,Valley,Not Coast,W_MTNS,"Western Mountains, Valleys, and Coast",LRR E,Region_10,Target_Sampled,H1705012004,Upper Deadwood River,H170501200401,INLAND,44.39917572,44.39917572,-115.6191203,-115.6191203,Rocky Mountain Range and Forest Region,E,Pacific Northwest Region,H17,60,Central Rocky Mountains,43B,Not_NEP,Not_NEP,ID,ID,W,WMT,USFS,NWC_11_NO,NWC_11_NO,OverSamp,NWC16_11_TSN,P24,PSS,ID,WVM,Western Valleys & Mountains,W-PRLW,WMT-PRLW,PROB,FWS_ST_2005,Idaho,F16085,ID,Target,16,Idaho Batholith,16k,Southern Forested Mountains,PSS,PSS,PRLW,RIVERINE,WMT_PSS,33089.60789,-1547635.757,932350.9363
8/24/2020,NWCA11-3309,4699,8/29/2011,1,NWC_ID-10047,WMTNS,West,WMT,Western Mountains,Blaine,Not Coast,ARID_W,Arid West,LRR B,Region_10,Target_Sampled,H1704022101,Baugh Creek-Little Wood River,H170402210103,INLAND,43.55287577,43.55287577,-114.0533698,-114.0533698,Northwestern Wheat and Range Region,B,Pacific Northwest Region,H17,12,Central Rocky and Blue Mountain Foothills,10,Not_NEP,Not_NEP,ID,ID,W,WMT,State,NWC_11_NO,NWC_11_NO,OverSamp,NWC16_11_TSN,P24,PFO,ID,WVM,Western Valleys & Mountains,W-PRLW,WMT-PRLW,PROB,FWS_ST_2005,Idaho,F16013,ID,Target,16,Idaho Batholith,16f,Foothill Shrublands-Grasslands,PFO,PFO,PRLW,RIVERINE,WMT_PFO,13027.13486,-1443499.732,815174.6723
8/24/2020,NWCA11-3310,4698,9/19/2011,1,NWC_ID-10048,WMTNS,West,WMT,Western Mountains,Valley,Not Coast,W_MTNS,"Western Mountains, Valleys, and Coast",LRR E,Region_10,Target_Sampled,H1705012005,Lower Deadwood River,H170501200501,INLAND,44.38703857,44.38703857,-115.5922953,-115.5922953,Rocky Mountain Range and Forest Region,E,Pacific Northwest Region,H17,60,Central Rocky Mountains,43B,Not_NEP,Not_NEP,ID,ID,W,WMT,USFS,NWC_11_NO,NWC_11_NO,OverSamp,NWC16_11_TSN,P24,PSS,ID,WVM,Western Valleys & Mountains,W-PRLW,WMT-PRLW,PROB,FWS_ST_2005,Idaho,F16085,ID,Target,16,Idaho Batholith,16k,Southern Forested Mountains,PSS,PFO,PRLW,SLOPE,WMT_PSS,33089.60789,-1545826.628,930590.599
8/24/2020,NWCA11-3312,4706,7/17/2011,1,NWC_ID-10050,WMTNS,West,WMT,Western Mountains,Valley,Not Coast,W_MTNS,"Western Mountains, Valleys, and Coast",LRR E,Region_10,Target_Sampled,H1705012302,Lake Fork Creek-North Fork Payette River,H170501230204,INLAND,44.88499247,44.88499247,-116.1232907,-116.1232907,Rocky Mountain Range and Forest Region,E,Pacific Northwest Region,H17,60,Central Rocky Mountains,43B,Not_NEP,Not_NEP,ID,ID,W,WMT,Non-Federal,NWC_11_NO,NWC_11_NO,OverSamp,NWC16_11_TSN,P24,PUBPAB,ID,WVM,Western Valleys & Mountains,W-PRLW,WMT-PRLW,PROB,FWS_ST_2005,Idaho,F16085,ID,Target,16,Idaho Batholith,16g,High Glacial Drift-Filled Valleys,PUBPAB,PSS,PRLW,RIVERINE,WMT_PUBPAB,3771.38487,-1575446.965,993561.5014
8/24/2020,NWCA11-3315,4717,9/19/2011,1,NWC_IL-10025,PLNLOW,Plains and Lowlands,TPL,Temporate Plains,Kankakee,Not Coast,MIDWEST,Midwest,LRR M,Region_05,Target_Sampled,H0712000115,Rock Creek,H071200011503,INLAND,41.27694994,41.27694994,-87.86650539,-87.86650539,Central Feed Grains and Livestock Region,M,Upper Mississippi Region,H07,189,Northern Illinois and Indiana Heavy Till Plain,110,Not_NEP,Not_NEP,IL,IL,IPL,IPL,Non-Federal,NWC_11_NO,NWC_11_NO,OverSamp,NWC16_11_TSN,P11,PSS,IL,TPL,Temperate Plains,IPL-PRLH,IPL-PRLH,PROB,FWS_ST_2005,Illinois,F17091,IL,Target,54,Central Corn Belt Plains,54a,Illinois/Indiana Prairies,PSS,PEM,PRLH,RIVERINE,IPL_PSS,8603.08053,675212.1375,452124.1043
8/24/2020,NWCA11-3316,4791,9/14/2011,1,NWC_IL-10026,PLNLOW,Plains and Lowlands,CPL,Coastal Plains,Alexander,Not Coast,CSTL_PLAIN,Atlantic and Gulf Coastal Plain,LRR O,Region_05,Target_Sampled,H0714010508,Hobbs Creek-Mississippi River,H071401050804,INLAND,37.070539,37.070539,-89.242442,-89.242442,Mississippi Delta Cotton and Feed Grains Region,O,Upper Mississippi Region,H07,230,Southern Mississippi River Alluvium,131A,Not_NEP,Not_NEP,IL,IL,CPL,CPL,Non-Federal,NWC_11_NO,NWC_11_NO,OverSamp,NWC16_11_TSN,P17,PUBPAB,IL,ICP,Inland Coastal Plains,CPL-PRLH,CPL-PRLH,PROB,FWS_ST_2005,Illinois,F17003,IL,Target,73,Mississippi Alluvial Plain,73a,Northern Holocene Meander Belts,PUBPAB,PUBPAB,PRLH,DPRSS,CPL_PUBPAB,1910.60487,594686.6745,-26973.93671
8/24/2020,NWCA11-3317,4743,9/15/2011,1,NWC_IL-10027,PLNLOW,Plains and Lowlands,TPL,Temporate Plains,Randolph,Not Coast,MIDWEST,Midwest,LRR M,Region_05,Target_Sampled,H0714010502,Mary's River,H071401050204,INLAND,37.93961048,37.93961048,-89.81608541,-89.81608541,Central Feed Grains and Livestock Region,M,Upper Mississippi Region,H07,203,"Central Mississippi Valley Wooded Slopes, Western Part",115B,Not_NEP,Not_NEP,IL,IL,IPL,IPL,Non-Federal,NWC_11_NO,NWC_11_NO,OverSamp,NWC16_11_TSN,P25,PSS,IL,TPL,Temperate Plains,IPL-PRLW,IPL-PRLW,PROB,FWS_ST_2005,Illinois,F17157,IL,Target,72,Interior River Valleys and Hills,72l,Karstic Northern Ozarkian River Bluffs,PSS,PFO,PRLW,RIVERINE,IPL_PSS,5894.45673,537945.6112,66778.45044
8/24/2020,NWCA11-3322,4716,9/8/2011,1,NWC_IL-10032,PLNLOW,Plains and Lowlands,TPL,Temporate Plains,Lake,Not Coast,MIDWEST,Midwest,LRR M,Region_05,Target_Sampled,H0712000610,Squaw Creek-Fox River,H071200061004,INLAND,42.45861866,42.45861866,-88.07166441,-88.07166441,Central Feed Grains and Livestock Region,M,Upper Mississippi Region,H07,189,Northern Illinois and Indiana Heavy Till Plain,110,Not_NEP,Not_NEP,IL,IL,IPL,IPL,Non-Federal,NWC_11_NO,NWC_11_NO,OverSamp,NWC16_11_TSN,P11,PEM,IL,TPL,Temperate Plains,IPL-PRLH,IPL-PRLH,PROB,FWS_ST_2005,Illinois,F17097,IL,Target,53,Southeastern Wisconsin Till Plains,53b,Kettle Moraines,PEM,PEM,PRLH,FRINGE,IPL_PEM,29960.02657,647204.2475,582426.7107
8/24/2020,NWCA11-3340,4547,8/30/2011,1,NWC_IN-10024,PLNLOW,Plains and Lowlands,TPL,Temporate Plains,Vigo,Not Coast,MIDWEST,Midwest,LRR M,Region_05,Target_Sampled,H0512020308,Eel River,H051202030801,INLAND,39.33432721,39.33432721,-87.24211108,-87.24211108,Central Feed Grains and Livestock Region,M,Ohio-Tennessee Region,H05_H06,199,"Southern Illinois and Indiana Thin Loess and Till Plain, Eastern Part",114A,Not_NEP,Not_NEP,IN,IN,IPL,IPL,Non-Federal,NWC_11_NO,NWC_11_NO,OverSamp,NWC16_11_TSN,P21,PFO,IN,TPL,Temperate Plains,IPL-PRLW,IPL-PRLW,PROB,FWS_ST_2005,Indiana,F18167,IN,Target,72,Interior River Valleys and Hills,72b,Glaciated Wabash Lowlands,PFO,PFO,PRLW,DPRSS,IPL_PFO,294495.4143,746931.8272,240036.3422
8/24/2020,NWCA11-3344,4548,8/31/2011,1,NWC_IN-10028,PLNLOW,Plains and Lowlands,TPL,Temporate Plains,Vigo,Not Coast,MIDWEST,Midwest,LRR M,Region_05,Target_Sampled,H0512020308,Eel River,H051202030801,INLAND,39.33338845,39.33338845,-87.24539247,-87.24539247,Central Feed Grains and Livestock Region,M,Ohio-Tennessee Region,H05_H06,199,"Southern Illinois and Indiana Thin Loess and Till Plain, Eastern Part",114A,Not_NEP,Not_NEP,IN,IN,IPL,IPL,Non-Federal,NWC_11_NO,NWC_11_NO,OverSamp,NWC16_11_TSN,P21,PUBPAB,IN,TPL,Temperate Plains,IPL-PRLH,IPL-PRLH,PROB,FWS_ST_2005,Indiana,F18167,IN,Target,72,Interior River Valleys and Hills,72b,Glaciated Wabash Lowlands,PUBPAB,PEM,PRLH,DPRSS,IPL_PUBPAB,61602.22123,746662.4389,239905.7915
8/24/2020,NWCA11-3365,5812,6/28/2011,1,NWC_KS-10025,PLNLOW,Plains and Lowlands,SPL,Southern Plains,Hamilton,Not Coast,GT_PLAINS,Great Plains,"LRR H (MLRA 72, 73)",Region_07,Target_Sampled,H1103000101,East Bridge Creek-Arkansas River,H110300010104,INLAND,37.99183937,37.99183937,-101.8453683,-101.8453683,Central Great Plains Winter Wheat and Range Region,H,Arkansas-White-Red Region,H11,105,Central High Tableland,72,Not_NEP,Not_NEP,KS,KS,IPL,IPL,Non-Federal,NWC_11_NO,NWC_11_NO,OverSamp,NWC16_11_TSN,P16,PSS,KS,GPL,Great Plains,IPL-PRLW,IPL-PRLW,PROB,FWS_ST_2005,Kansas,F20075,KS,Target,25,High Plains,25b,Rolling Sand Plains,PSS,PSS,PRLW,RIVERINE,IPL_PSS,2905.21802,-508173.4819,70757.30979
8/24/2020,NWCA11-3369,5813,6/27/2011,1,NWC_KS-10029,PLNLOW,Plains and Lowlands,SPL,Southern Plains,Hamilton,Not Coast,GT_PLAINS,Great Plains,"LRR H (MLRA 72, 73)",Region_07,Target_Sampled,H1103000101,East Bridge Creek-Arkansas River,H110300010104,INLAND,37.99192026,37.99192026,-101.8480133,-101.8480133,Central Great Plains Winter Wheat and Range Region,H,Arkansas-White-Red Region,H11,105,Central High Tableland,72,Not_NEP,Not_NEP,KS,KS,IPL,IPL,Non-Federal,NWC_11_NO,NWC_11_NO,OverSamp,NWC16_11_TSN,P16,PSS,KS,GPL,Great Plains,IPL-PRLW,IPL-PRLW,PROB,FWS_ST_2005,Kansas,F20075,KS,Target,25,High Plains,25b,Rolling Sand Plains,PSS,PSS,PRLW,RIVERINE,IPL_PSS,2905.21802,-508402.574,70780.50548
8/24/2020,NWCA11-3374,5814,7/6/2011,1,NWC_KS-10034,PLNLOW,Plains and Lowlands,SPL,Southern Plains,Marion,Not Coast,GT_PLAINS,Great Plains,"LRR H (Excluding MLRA 72, 73)",Region_07,Target_Sampled,H1107020201,Marion Reservoir-Headwaters Cottonwood River,H110702020102,INLAND,38.55620107,38.55620107,-97.27298509,-97.27298509,Central Great Plains Winter Wheat and Range Region,H,Arkansas-White-Red Region,H11,107,Central Kansas Sandstone Hills,74,Not_NEP,Not_NEP,KS,KS,IPL,IPL,Non-Federal,NWC_11_NO,NWC_11_NO,OverSamp,NWC16_11_TSN,P19,PEM,KS,GPL,Great Plains,IPL-PRLH,IPL-PRLH,PROB,FWS_ST_2005,Kansas,F20115,KS,Target,27,Central Great Plains,27a,Smoky Hills,PEM,PEM,PRLH,RIVERINE,IPL_PEM,4336.95366,-109887.5419,119116.6016
8/24/2020,NWCA11-3383,5815,8/11/2011,1,NWC_KY-10027,PLNLOW,Plains and Lowlands,CPL,Coastal Plains,Carlisle,Not Coast,CSTL_PLAIN,Atlantic and Gulf Coastal Plain,LRR O,Region_04,Target_Sampled,H0801010002,Brewer Lake-Mississippi River,H080101000201,INLAND,36.81938673,36.81938673,-89.09266618,-89.09266618,Mississippi Delta Cotton and Feed Grains Region,O,Lower Mississippi Region,H08,230,Southern Mississippi River Alluvium,131A,Not_NEP,Not_NEP,KY,KY_OTH,CPL,CPL,Non-Federal,NWC_11_NO,NWC_11_NO,OverSamp,NWC16_11_TSN,P17,PEM,KY,ICP,Inland Coastal Plains,CPL-PRLW,CPL-PRLW,PROB,FWS_ST_2005,Kentucky,F21039,KY,Target,74,Mississippi Valley Loess Plains,74a,Bluff Hills,PEM,PFO,PRLW,FLATS,CPL_PEM,858.4652,609888.0145,-54092.66119
8/24/2020,NWCA11-3384,5819,9/28/2011,1,NWC_KY-10028,PLNLOW,Plains and Lowlands,CPL,Coastal Plains,Carlisle,Not Coast,CSTL_PLAIN,Atlantic and Gulf Coastal Plain,LRR O,Region_04,Target_Sampled,H0801010002,Brewer Lake-Mississippi River,H080101000201,INLAND,36.82220889,36.82220889,-89.11865464,-89.11865464,Mississippi Delta Cotton and Feed Grains Region,O,Lower Mississippi Region,H08,230,Southern Mississippi River Alluvium,131A,Not_NEP,Not_NEP,KY,KY_OTH,CPL,CPL,State,NWC_11_NO,NWC_11_NO,OverSamp,NWC16_11_TSN,P17,PEM,KY,ICP,Inland Coastal Plains,CPL-PRLH,CPL-PRLH,PROB,FWS_ST_2005,Kentucky,F21039,KY,Target,73,Mississippi Alluvial Plain,73a,Northern Holocene Meander Belts,PEM,PEM,PRLH,RIVERINE,CPL_PEM,858.4652,607574.4886,-53943.76743
8/24/2020,NWCA11-3388,5821,9/29/2011,1,NWC_KY-10032,PLNLOW,Plains and Lowlands,CPL,Coastal Plains,Carlisle,Not Coast,CSTL_PLAIN,Atlantic and Gulf Coastal Plain,LRR O,Region_04,Target_Sampled,H0801010002,Brewer Lake-Mississippi River,H080101000201,INLAND,36.81261648,36.81261648,-89.11793871,-89.11793871,Mississippi Delta Cotton and Feed Grains Region,O,Lower Mississippi Region,H08,230,Southern Mississippi River Alluvium,131A,Not_NEP,Not_NEP,KY,KY_OTH,CPL,CPL,Non-Federal,NWC_11_NO,NWC_11_NO,OverSamp,NWC16_11_TSN,P17,PUBPAB,KY,ICP,Inland Coastal Plains,CPL-PRLW,CPL-PRLW,PROB,FWS_ST_2005,Kentucky,F21039,KY,Target,73,Mississippi Alluvial Plain,73a,Northern Holocene Meander Belts,PUBPAB,PFO,PRLW,FRINGE,CPL_PUBPAB,2037.96967,607715.3507,-55011.10043
8/24/2020,NWCA11-3568,5822,7/13/2011,1,NWC_MD-10055,PLNLOW,Plains and Lowlands,CPL,Coastal Plains,Dorchester,North East Coast Region,CSTL_PLAIN,Atlantic and Gulf Coastal Plain,LRR T (MLRA 153D),Region_03,Target_Sampled,H0206000504,Little Choptank River,H020600050402,TIDAL,38.44964742,38.44964742,-76.28328952,-76.28328952,Atlantic and Gulf Coast Lowland Forest and Crop Region,T,Mid Atlantic Region,H02,264,Northern Tidewater Area,153D,Chesapeake Bay Watershed Initiative,Not_NEP,MD,MD_CP,CPL,CPL,Non-Federal,NWC_11_NO,NWC_11_NO,OverSamp,NWC16_11_TSN,P13,E2SS,MD,ATL,Atlantic Coast,ALL-EH,ALL-EH,PROB,FWS_ST_2005,Maryland,F24019,MD,Target,63,Middle Atlantic Coastal Plain,63b,Chesapeake-Pamlico Lowlands and Tidal Marshes,E2SS,E2EM,EH,TIDAL,CPL_E2SS,70.00131,1692326.809,282624.8579
8/24/2020,NWCA11-3572,4314,7/15/2011,1,NWC_MD-10059,PLNLOW,Plains and Lowlands,CPL,Coastal Plains,Dorchester,North East Coast Region,CSTL_PLAIN,Atlantic and Gulf Coastal Plain,LRR T (MLRA 153D),Region_03,Target_Sampled,H0206000504,Little Choptank River,H020600050402,INLAND,38.43786502,38.43786502,-76.28210298,-76.28210298,Atlantic and Gulf Coast Lowland Forest and Crop Region,T,Mid Atlantic Region,H02,264,Northern Tidewater Area,153D,Chesapeake Bay Watershed Initiative,Not_NEP,MD,MD_CP,CPL,CPL,NGO,NWC_11_NO,NWC_11_NO,OverSamp,NWC16_11_TSN,P13,PFO,MD,ICP,Inland Coastal Plains,CPL-PRLW,CPL-PRLW,PROB,FWS_ST_2005,Maryland,F24019,MD,Target,63,Middle Atlantic Coastal Plain,63b,Chesapeake-Pamlico Lowlands and Tidal Marshes,PFO,PFO,PRLW,FLATS,CPL_PFO,6040.84148,1692699.239,281353.6622
8/24/2020,NWCA11-3580,4315,9/15/2011,1,NWC_MD-10067,PLNLOW,Plains and Lowlands,CPL,Coastal Plains,Dorchester,North East Coast Region,CSTL_PLAIN,Atlantic and Gulf Coastal Plain,LRR T (MLRA 153D),Region_03,Target_Sampled,H0206000506,Honga River-Chesapeake Bay,H020600050604,TIDAL,38.27567447,38.27567447,-76.18541016,-76.18541016,Atlantic and Gulf Coast Lowland Forest and Crop Region,T,Mid Atlantic Region,H02,264,Northern Tidewater Area,153D,Chesapeake Bay Watershed Initiative,Not_NEP,MD,MD_CP,CPL,CPL,Non-Federal,NWC_11_NO,NWC_11_NO,OverSamp,NWC16_11_TSN,P36,E2SS,MD,ATL,Atlantic Coast,ALL-EH,ALL-EH,PROB,FWS_ST_2005,Maryland,F24019,MD,Target,63,Middle Atlantic Coastal Plain,63b,Chesapeake-Pamlico Lowlands and Tidal Marshes,E2SS,E2EM,EH,TIDAL,CPL_E2SS,70.00131,1704642.604,265294.4483
8/24/2020,NWCA11-3581,5823,6/17/2011,1,NWC_MD-10068,PLNLOW,Plains and Lowlands,CPL,Coastal Plains,Somerset,North East Coast Region,CSTL_PLAIN,Atlantic and Gulf Coastal Plain,LRR T (MLRA 153D),Region_03,Target_Sampled,H0208011003,Wicomico River,H020801100306,TIDAL,38.23954556,38.23954556,-75.803848,-75.803848,Atlantic and Gulf Coast Lowland Forest and Crop Region,T,Mid Atlantic Region,H02,264,Northern Tidewater Area,153D,Chesapeake Bay Watershed Initiative,Not_NEP,MD,MD_CP,CPL,CPL,Non-Federal,NWC_11_NO,NWC_11_NO,OverSamp,NWC16_11_TSN,P13,E2SS,MD,ATL,Atlantic Coast,ALL-EH,ALL-EH,PROB,FWS_ST_2005,Maryland,F24039,MD,Target,63,Middle Atlantic Coastal Plain,63b,Chesapeake-Pamlico Lowlands and Tidal Marshes,E2SS,E2EM,EH,TIDAL,CPL_E2SS,70.00131,1737831.515,268245.142
8/24/2020,NWCA11-3583,4290,8/5/2011,1,NWC_MD-10070,PLNLOW,Plains and Lowlands,CPL,Coastal Plains,Dorchester,North East Coast Region,CSTL_PLAIN,Atlantic and Gulf Coastal Plain,LRR T (MLRA 153D),Region_03,Target_Sampled,H0206000504,Little Choptank River,H020600050402,TIDAL,38.45196685,38.45196685,-76.2845001,-76.2845001,Atlantic and Gulf Coast Lowland Forest and Crop Region,T,Mid Atlantic Region,H02,264,Northern Tidewater Area,153D,Chesapeake Bay Watershed Initiative,Not_NEP,MD,MD_CP,CPL,CPL,Non-Federal,NWC_11_NO,NWC_11_NO,OverSamp,NWC16_11_TSN,P13,E2SS,MD,ATL,Atlantic Coast,ALL-EH,ALL-EH,PROB,FWS_ST_2005,Maryland,F24019,MD,Target,63,Middle Atlantic Coastal Plain,63b,Chesapeake-Pamlico Lowlands and Tidal Marshes,E2SS,E2EM,EH,TIDAL,CPL_E2SS,70.00131,1692170.848,282857.7037
8/24/2020,NWCA11-3586,4289,8/25/2011,1,NWC_MD-10073,PLNLOW,Plains and Lowlands,CPL,Coastal Plains,Dorchester,North East Coast Region,CSTL_PLAIN,Atlantic and Gulf Coastal Plain,LRR T (MLRA 153D),Region_03,Target_Sampled,H0206000504,Little Choptank River,H020600050402,TIDAL,38.44595799,38.44595799,-76.27864554,-76.27864554,Atlantic and Gulf Coast Lowland Forest and Crop Region,T,Mid Atlantic Region,H02,264,Northern Tidewater Area,153D,Chesapeake Bay Watershed Initiative,Not_NEP,MD,MD_CP,CPL,CPL,Non-Federal,NWC_11_NO,NWC_11_NO,OverSamp,NWC16_11_TSN,P13,E2EM,MD,ATL,Atlantic Coast,ALL-EH,ALL-EH,PROB,FWS_ST_2005,Maryland,F24019,MD,Target,63,Middle Atlantic Coastal Plain,63b,Chesapeake-Pamlico Lowlands and Tidal Marshes,E2EM,E2EM,EH,TIDAL,CPL_E2EM,5800.13635,1692804.876,282302.9026
8/24/2020,NWCA11-3588,4316,9/16/2011,1,NWC_MD-10075,PLNLOW,Plains and Lowlands,CPL,Coastal Plains,Somerset,North East Coast Region,CSTL_PLAIN,Atlantic and Gulf Coastal Plain,LRR T (MLRA 153D),Region_03,Target_Sampled,H0208011003,Wicomico River,H020801100306,TIDAL,38.23172369,38.23172369,-75.81330948,-75.81330948,Atlantic and Gulf Coast Lowland Forest and Crop Region,T,Mid Atlantic Region,H02,264,Northern Tidewater Area,153D,Chesapeake Bay Watershed Initiative,Not_NEP,MD,MD_CP,CPL,CPL,State,NWC_11_NO,NWC_11_NO,OverSamp,NWC16_11_TSN,P36,E2EM,MD,ATL,Atlantic Coast,ALL-EH,ALL-EH,PROB,FWS_ST_2005,Maryland,F24039,MD,Target,63,Middle Atlantic Coastal Plain,63b,Chesapeake-Pamlico Lowlands and Tidal Marshes,E2EM,E2EM,EH,TIDAL,CPL_E2EM,5800.13635,1737214.495,267215.1495
8/24/2020,NWCA11-3726,5842,7/26/2011,1,NWC_MO-10026,PLNLOW,Plains and Lowlands,TPL,Temporate Plains,Monroe,Not Coast,MIDWEST,Midwest,LRR M,Region_07,Target_Sampled,H0711000605,South Fork Salt River,H071100060509,INLAND,39.41305648,39.41305648,-91.80978516,-91.80978516,Central Feed Grains and Livestock Region,M,Upper Mississippi Region,H07,204,"Central Mississippi Valley Wooded Slopes, Northern Part",115C,Not_NEP,Not_NEP,MO,MO,IPL,IPL,Non-Federal,NWC_11_16,NWC_11_16,OverSamp,NWC16_11_TSS,P21,PEM,MO,TPL,Temperate Plains,IPL-PRLH,IPL-PRLH,PROB,FWS_ST_2005,Missouri,F29137,MO,Target,72,Interior River Valleys and Hills,72f,River Hills,PEM,PEM,PRLH,FRINGE,IPL_PEM,4362.46024,357371.2569,222298.1447
8/24/2020,NWCA11-3730,5841,7/27/2011,1,NWC_MO-10030,PLNLOW,Plains and Lowlands,TPL,Temporate Plains,Monroe,Not Coast,MIDWEST,Midwest,LRR M,Region_07,Target_Sampled,H0711000605,South Fork Salt River,H071100060509,INLAND,39.40705267,39.40705267,-91.80508323,-91.80508323,Central Feed Grains and Livestock Region,M,Upper Mississippi Region,H07,204,"Central Mississippi Valley Wooded Slopes, Northern Part",115C,Not_NEP,Not_NEP,MO,MO,IPL,IPL,Non-Federal,NWC_11_NO,NWC_11_NO,OverSamp,NWC16_11_TSN,P21,PSS,MO,TPL,Temperate Plains,IPL-PRLH,IPL-PRLH,PROB,FWS_ST_2005,Missouri,F29137,MO,Target,72,Interior River Valleys and Hills,72f,River Hills,PSS,PEM,PRLH,FRINGE,IPL_PSS,6474.93186,357801.7019,221643.6325
8/24/2020,NWCA11-3737,3849,6/28/2011,1,NWC_MO-10037,PLNLOW,Plains and Lowlands,TPL,Temporate Plains,Warren,Not Coast,MIDWEST,Midwest,LRR M,Region_07,Target_Sampled,H1030020005,Charrette Creek-Missouri River,H103002000508,INLAND,38.62930039,38.62930039,-91.2247639,-91.2247639,Central Feed Grains and Livestock Region,M,Missouri Region,H10,203,"Central Mississippi Valley Wooded Slopes, Western Part",115B,Not_NEP,Not_NEP,MO,MO,IPL,IPL,Non-Federal,NWC_11_16,NWC_11_16,OverSamp,NWC16_11_TSS,P25,PF,MO,TPL,Temperate Plains,IPL-PRLW,IPL-PRLW,PROB,FWS_ST_2005,Missouri,F29219,MO,Target,72,Interior River Valleys and Hills,72f,River Hills,PF,PFO,PRLW,RIVERINE,IPL_PF,1227.38525,411638.7413,136918.2705
8/24/2020,NWCA11-3803,5843,7/5/2011,1,NWC_MT-10025,WMTNS,West,WMT,Western Mountains,Jefferson,Not Coast,W_MTNS,"Western Mountains, Valleys, and Coast",LRR E,Region_08,Target_Sampled,H1002000504,Whitetail Creek,H100200050402,INLAND,45.98398573,45.98398573,-112.1790407,-112.1790407,Rocky Mountain Range and Forest Region,E,Missouri Region,H10,60,Central Rocky Mountains,43B,Not_NEP,Not_NEP,MT,MT,W,WMT,BLM,NWC_11_NO,NWC_11_NO,OverSamp,NWC16_11_TSN,P24,PSS,MT,WVM,Western Valleys & Mountains,W-PRLW,WMT-PRLW,PROB,FWS_ST_2005,Montana,F30043,MT,Target,17,Middle Rockies,17w,Townsend Basin,PSS,PSS,PRLW,RIVERINE,WMT_PSS,13520.72849,-1249315.181,1054899.675
8/24/2020,NWCA11-3814,5844,7/8/2011,1,NWC_MT-10036,WMTNS,West,WMT,Western Mountains,Powell,Not Coast,W_MTNS,"Western Mountains, Valleys, and Coast",LRR E,Region_08,Target_Sampled,H1701020309,Blackfoot River-Cottonwood Creek,H170102030901,INLAND,46.89647854,46.89647854,-113.107115,-113.107115,Rocky Mountain Range and Forest Region,E,Pacific Northwest Region,H17,62,Northern Rocky Mountain Valleys,44,Not_NEP,Not_NEP,MT,MT,W,WMT,Non-Federal,NWC_11_16,NWC_11_16,OverSamp,NWC16_11_TSS,P24,PSS,MT,WVM,Western Valleys & Mountains,W-PRLW,WMT-PRLW,PROB,FWS_ST_2005,Montana,F30077,MT,Target,17,Middle Rockies,17p,Foothill Potholes,PSS,PSS,PRLW,RIVERINE,WMT_PSS,13520.72849,-1302114.816,1166962.563
8/24/2020,NWCA11-3816,3672,8/15/2011,1,NWC_MT-10038,WMTNS,West,WMT,Western Mountains,Beaverhead,Not Coast,W_MTNS,"Western Mountains, Valleys, and Coast",LRR E,Region_08,Target_Sampled,H1002000110,Bloody Dick Creek,H100200011004,INLAND,45.06222251,45.06222251,-113.2806183,-113.2806183,Rocky Mountain Range and Forest Region,E,Missouri Region,H10,62,Northern Rocky Mountain Valleys,44,Not_NEP,Not_NEP,MT,MT,W,WMT,Non-Federal,NWC_11_NO,NWC_11_NO,OverSamp,NWC16_11_TSN,P24,PFO,MT,WVM,Western Valleys & Mountains,W-PRLH,WMT-PRLH,PROB,FWS_ST_2005,Montana,F30001,MT,Target,17,Middle Rockies,17aa,Dry Intermontane Sagebrush Valleys,PFO,PEM,PRLH,RIVERINE,WMT_PFO,4353.4331,-1351992.436,969119.3518
8/24/2020,NWCA11-3818,5845,6/23/2011,1,NWC_MT-10040,PLNLOW,Plains and Lowlands,NPL,Northern Plains,Sheridan,Not Coast,GT_PLAINS,Great Plains,LRR F,Region_08,Target_Sampled,H1006000609,Middle Big Muddy Creek,H100600060905,INLAND,48.59917728,48.59917728,-104.5094941,-104.5094941,Northern Great Plains Spring Wheat Region,F,Missouri Region,H10,72,Northern Dark Brown Glaciated Plains,53A,Not_NEP,Not_NEP,MT,MT,IPL,IPL,Tribal,NWC_11_NO,NWC_11_NO,OverSamp,NWC16_11_TSN,P33,PSS,MT,GPL,Great Plains,IPL-PRLH,IPL-PRLH,PROB,FWS_ST_2005,Montana,F30091,MT,Target,42,Northwestern Glaciated Plains,42i,Glaciated Dark Brown Prairie,PSS,PEM,PRLH,SLOPE,IPL_PSS,343010.1403,-633540.0011,1265757.468
8/24/2020,NWCA11-3821,5846,7/6/2011,1,NWC_MT-10043,WMTNS,West,WMT,Western Mountains,Jefferson,Not Coast,W_MTNS,"Western Mountains, Valleys, and Coast",LRR E,Region_08,Target_Sampled,H1002000502,Big Pipestone Creek,H100200050201,INLAND,45.96649116,45.96649116,-112.3893528,-112.3893528,Rocky Mountain Range and Forest Region,E,Missouri Region,H10,60,Central Rocky Mountains,43B,Not_NEP,Not_NEP,MT,MT,W,WMT,Non-Federal,NWC_11_NO,NWC_11_NO,OverSamp,NWC16_11_TSN,P24,PEM,MT,WVM,Western Valleys & Mountains,W-PRLH,WMT-PRLH,PROB,FWS_ST_2005,Montana,F30043,MT,Target,17,Middle Rockies,17ai,Elkhorn Mountains-Boulder Batholith,PEM,PEM,PRLH,SLOPE,WMT_PEM,14012.98118,-1265728.055,1055769.146
8/24/2020,NWCA11-3986,5158,9/21/2011,1,NWC_NJ-10041,PLNLOW,Plains and Lowlands,CPL,Coastal Plains,Ocean,North East Coast Region,CSTL_PLAIN,Atlantic and Gulf Coastal Plain,LRR T (MLRA 153D),Region_02,Target_Sampled,H0204030103,Toms River,H020403010305,INLAND,39.95983516,39.95983516,-74.20964339,-74.20964339,Atlantic and Gulf Coast Lowland Forest and Crop Region,T,Mid Atlantic Region,H02,264,Northern Tidewater Area,153D,Barnegat Bay,NEP,NJ,NJ,CPL,CPL,Non-Federal,NWC_11_NO,NWC_11_NO,OverSamp,NWC16_11_TSN,P13,PSS,NJ,ICP,Inland Coastal Plains,CPL-PRLW,CPL-PRLW,PROB,FWS_ST_2005,New Jersey,F34029,NJ,Target,84,Atlantic Coastal Pine Barrens,84b,Pine Barrens,PSS,PFO,PRLW,FLATS,CPL_PSS,1655.85779,1828864.986,486286.5017
8/24/2020,NWCA11-3988,5155,8/30/2011,1,NWC_NJ-10043,PLNLOW,Plains and Lowlands,CPL,Coastal Plains,Atlantic,North East Coast Region,CSTL_PLAIN,Atlantic and Gulf Coastal Plain,LRR T (MLRA 153D),Region_02,Target_Sampled,H0204030204,Great Egg Harbor Bay-Barrier Islands,H020403020408,TIDAL,39.35109743,39.35109743,-74.53768623,-74.53768623,Atlantic and Gulf Coast Lowland Forest and Crop Region,T,Mid Atlantic Region,H02,264,Northern Tidewater Area,153D,Not_NEP,Not_NEP,NJ,NJ,CPL,CPL,Non-Federal,NWC_11_NO,NWC_11_NO,OverSamp,NWC16_11_TSN,P36,E2EM,NJ,ATL,Atlantic Coast,ALL-EH,ALL-EH,PROB,FWS_ST_2005,New Jersey,F34001,NJ,Target,84,Atlantic Coastal Pine Barrens,84c,Barrier Islands/Coastal Marshes,E2EM,E2EM,EH,TIDAL,CPL_E2EM,7628.7723,1817081.135,413535.8349
8/24/2020,NWCA11-3989,5156,9/27/2011,1,NWC_NJ-10044,PLNLOW,Plains and Lowlands,CPL,Coastal Plains,Monmouth,North East Coast Region,CSTL_PLAIN,Atlantic and Gulf Coastal Plain,LRR S (MLRA 149A),Region_02,Target_Sampled,H0203010404,Raritan Bay-Lower Bay,H020301040402,TIDAL,40.43198185,40.43198185,-73.99264072,-73.99264072,Northern Atlantic Slope Diversified Farming Region,S,Mid Atlantic Region,H02,254,Northern Coastal Plain,149A,New York-New Jersey Harbor,NEP,NJ,NJ,CPL,CPL,NPS,NWC_11_NO,NWC_11_NO,OverSamp,NWC16_11_TSN,P36,E2SS,NJ,ATL,Atlantic Coast,ALL-EH,ALL-EH,PROB,FWS_ST_2005,New Jersey,F34025,NJ,Target,84,Atlantic Coastal Pine Barrens,84c,Barrier Islands/Coastal Marshes,E2SS,E2EM,EH,TIDAL,CPL_E2SS,44.91971,1834612.494,541967.9279
8/24/2020,NWCA11-3990,5157,9/20/2011,1,NWC_NJ-10045,PLNLOW,Plains and Lowlands,CPL,Coastal Plains,Ocean,North East Coast Region,CSTL_PLAIN,Atlantic and Gulf Coastal Plain,LRR T (MLRA 153D),Region_02,Target_Sampled,H0204030104,Barnegat Bay,H020403010403,INLAND,39.86711216,39.86711216,-74.29209188,-74.29209188,Atlantic and Gulf Coast Lowland Forest and Crop Region,T,Mid Atlantic Region,H02,264,Northern Tidewater Area,153D,Barnegat Bay,NEP,NJ,NJ,CPL,CPL,Non-Federal,NWC_11_NO,NWC_11_NO,OverSamp,NWC16_11_TSN,P13,PEM,NJ,ICP,Inland Coastal Plains,CPL-PRLW,CPL-PRLW,PROB,FWS_ST_2005,New Jersey,F34029,NJ,Target,84,Atlantic Coastal Pine Barrens,84b,Pine Barrens,PEM,PSS,PRLW,FLATS,CPL_PEM,23165.27489,1824418.773,474582.9385
8/24/2020,NWCA11-4025,3506,7/14/2011,1,NWC_NM-10019,WMTNS,West,WMT,Western Mountains,Colfax,Not Coast,W_MTNS,"Western Mountains, Valleys, and Coast",LRR E,Region_06,Target_Sampled,H1108000101,Chicorica Creek,H110800010104,INLAND,36.99077003,36.99077003,-104.4551256,-104.4551256,Rocky Mountain Range and Forest Region,E,Arkansas-White-Red Region,H11,67,Southern Rocky Mountain Foothills,49,Not_NEP,Not_NEP,NM,NM,W,WMT,Non-Federal,NWC_11_NO,NWC_11_NO,OverSamp,NWC16_11_TSN,P29,PEM,NM,WVM,Western Valleys & Mountains,W-PRLH,WMT-PRLH,PROB,FWS_ST_2005,New Mexico,F35007,NM,Target,21,Southern Rockies,21j,Grassland Parks,PEM,PEM,PRLH,DPRSS,WMT_PEM,13421.27809,-744517.5428,-23922.48664
8/24/2020,NWCA11-4029,3508,8/2/2011,1,NWC_NM-10023,WMTNS,West,WMT,Western Mountains,Colfax,Not Coast,W_MTNS,"Western Mountains, Valleys, and Coast",LRR E,Region_06,Target_Sampled,H1108000101,Chicorica Creek,H110800010104,INLAND,36.98554293,36.98554293,-104.4565093,-104.4565093,Rocky Mountain Range and Forest Region,E,Arkansas-White-Red Region,H11,67,Southern Rocky Mountain Foothills,49,Not_NEP,Not_NEP,NM,NM,W,WMT,Non-Federal,NWC_11_16,NWC_11_16,OverSamp,NWC16_11_TSS,P29,PUBPAB,NM,WVM,Western Valleys & Mountains,W-PRLH,WMT-PRLH,PROB,FWS_ST_2005,New Mexico,F35007,NM,Target,21,Southern Rockies,21j,Grassland Parks,PUBPAB,PEM,PRLH,DPRSS,WMT_PUBPAB,1430.73275,-744691.1152,-24495.01618
8/24/2020,NWCA11-4031,3511,8/4/2011,1,NWC_NM-10025,WMTNS,West,XER,Xeric,Rio Arriba,Not Coast,ARID_W,Arid West,LRR D,Region_06,Target_Sampled,H1408010306,Outlet Canon Largo,H140801030606,INLAND,36.39230044,36.39230044,-107.467777,-107.467777,Western Range and Irrigated Region,D,Upper Colorado Region,H14,46,"Southwestern Plateaus, Mesas, and Foothills",36,Not_NEP,Not_NEP,NM,NM,W,XER,BLM,NWC_11_NO,NWC_11_NO,OverSamp,NWC16_11_TSN,P08,PEM,NM,ARW,Arid West,W-PRLW,XER-PRLW,PROB,FWS_ST_2005,New Mexico,F35039,NM,Target,22,Arizona/New Mexico Plateau,22n,Near-Rockies Valleys and Mesas,PEM,PSS,PRLW,RIVERINE,XER_PEM,22551.32872,-1016749.454,-62691.00153
8/24/2020,NWCA11-4116,5058,8/10/2011,1,NWC_OK-10028,EHIGH,Eastern Highlands,SAP,Southern Appalachians,Le Flore,Not Coast,E_MTNS,Eastern Mountains and Piedmont,LRR N (Excluding MLRA 122),Region_06,Target_Sampled,H1111010406,City of Fort Smith-Arkansas River,H111101040603,INLAND,35.28582983,35.28582983,-94.64654457,-94.64654457,East and Central Farming and Forest Region,N,Arkansas-White-Red Region,H11,210,"Arkansas Valley and Ridges, Eastern Part",118A,Not_NEP,Not_NEP,OK,OK,EMU,EMU,Non-Federal,NWC_11_NO,NWC_11_NO,OverSamp,NWC16_11_TSN,P25,PSS,OK,SAP,Southern Appalachians,EMU-PRLW,EMU-PRLW,PROB,FWS_ST_2005,Oklahoma,F40079,OK,Target,37,Arkansas Valley,37b,Arkansas River Floodplain,PSS,PFO,PRLW,FRINGE,EMU_PSS,10388.5194,122051.3037,-247131.6228
8/24/2020,NWCA11-4138,3804,6/20/2011,1,NWC_OR-10026,WMTNS,West,WMT,Western Mountains,Coos,Pacific Coast Region,W_MTNS,"Western Mountains, Valleys, and Coast",LRR A (MLRA 1),Region_10,Target_Sampled,H1710030502,South Fork Coquille River,H171003050201,INLAND,42.7550119,42.7550119,-124.025367,-124.025367,"Northwestern Forest, Forage, and Specialty Crop Region",A,Pacific Northwest Region,H17,1,"Northern Pacific Coast Range, Foothills, and Valleys",1,Not_NEP,Not_NEP,OR,OR,W,WMT,USFS,NWC_11_NO,NWC_11_NO,OverSamp,NWC16_11_TSN,P07,PUBPAB,OR,WVM,Western Valleys & Mountains,W-PRLW,WMT-PRLW,PROB,FWS_ST_2005,Oregon,F41011,OR,Target,1,Coast Range,1g,Mid-Coastal Sedimentary,PUBPAB,PSS,PRLW,SLOPE,WMT_PUBPAB,609.34502,-2247733.847,922395.5505
8/24/2020,NWCA11-4141,3803,6/22/2011,1,NWC_OR-10029,WMTNS,West,WMT,Western Mountains,Coos,Pacific Coast Region,W_MTNS,"Western Mountains, Valleys, and Coast","LRR A (MLRA 2, 4A, 4B)",Region_10,Target_Sampled,H1710030403,Coos Bay-Frontal Pacific Ocean,H171003040306,INLAND,43.3482429,43.3482429,-124.2655645,-124.2655645,"Northwestern Forest, Forage, and Specialty Crop Region",A,Pacific Northwest Region,H17,5,Sitka Spruce Belt,4A,Not_NEP,Not_NEP,OR,OR,W,WMT,Non-Federal,NWC_11_NO,NWC_11_NO,OverSamp,NWC16_11_TSN,P07,PSS,OR,WVM,Western Valleys & Mountains,W-PRLH,WMT-PRLH,PROB,FWS_ST_2005,Oregon,F41011,OR,Target,1,Coast Range,1b,Coastal Uplands,PSS,PEM,PRLH,FRINGE,WMT_PSS,2103.26098,-2247009.972,991455.4403
8/24/2020,NWCA11-4145,3802,7/21/2011,1,NWC_OR-10033,WMTNS,West,WMT,Western Mountains,Douglas,Pacific Coast Region,W_MTNS,"Western Mountains, Valleys, and Coast",LRR A (MLRA 1),Region_10,Target_Sampled,H1710030303,Elk Creek,H171003030309,INLAND,43.71638105,43.71638105,-123.5210853,-123.5210853,"Northwestern Forest, Forage, and Specialty Crop Region",A,Pacific Northwest Region,H17,1,"Northern Pacific Coast Range, Foothills, and Valleys",1,Not_NEP,Not_NEP,OR,OR,W,WMT,BLM,NWC_11_16,NWC_11_16,OverSamp,NWC16_11_TSS,P07,PSS,OR,WVM,Western Valleys & Mountains,W-PRLW,WMT-PRLW,PROB,FWS_ST_2005,Oregon,F41019,OR,Target,1,Coast Range,1g,Mid-Coastal Sedimentary,PSS,PSS,PRLW,RIVERINE,WMT_PSS,2103.26098,-2177780.312,1013455.605
8/24/2020,NWCA11-4147,3801,8/9/2011,1,NWC_OR-10035,WMTNS,West,WMT,Western Mountains,Lincoln,Pacific Coast Region,W_MTNS,"Western Mountains, Valleys, and Coast","LRR A (MLRA 2, 4A, 4B)",Region_10,Target_Sampled,H1710020407,Lower Siletz River-Frontal Pacific Ocean,H171002040707,INLAND,44.91976848,44.91976848,-124.0051041,-124.0051041,"Northwestern Forest, Forage, and Specialty Crop Region",A,Pacific Northwest Region,H17,5,Sitka Spruce Belt,4A,Not_NEP,Not_NEP,OR,OR,W,WMT,FWS,NWC_11_NO,NWC_11_NO,OverSamp,NWC16_11_TSN,P07,E2EM,OR,WVM,Western Valleys & Mountains,W-PRLH,WMT-PRLH,PROB,FWS_ST_2005,Oregon,F41041,OR,Target,1,Coast Range,1a,Coastal Lowlands,E2EM,PEM,PRLH,FLATS,WMT_E2EM,537.14306,-2176025.492,1152970.037
8/24/2020,NWCA11-4151,3798,7/11/2011,1,NWC_OR-10039,WMTNS,West,WMT,Western Mountains,Lincoln,Pacific Coast Region,W_MTNS,"Western Mountains, Valleys, and Coast","LRR A (MLRA 2, 4A, 4B)",Region_10,Target_Sampled,H1710020407,Lower Siletz River-Frontal Pacific Ocean,H171002040709,INLAND,44.91899488,44.91899488,-124.0122569,-124.0122569,"Northwestern Forest, Forage, and Specialty Crop Region",A,Pacific Northwest Region,H17,5,Sitka Spruce Belt,4A,Not_NEP,Not_NEP,OR,OR,W,WMT,Non-Federal,NWC_11_16,NWC_11_16,OverSamp,NWC16_11_TSS,P07,E2EM,OR,WVM,Western Valleys & Mountains,W-PRLW,WMT-PRLW,PROB,FWS_ST_2005,Oregon,F41041,OR,Target,1,Coast Range,1a,Coastal Lowlands,E2EM,PSS,PRLW,FLATS,WMT_E2EM,537.14306,-2176590.095,1153051.451
8/24/2020,NWCA11-4151,3797,8/16/2011,2,NWC_OR-10039,WMTNS,West,WMT,Western Mountains,Lincoln,Pacific Coast Region,W_MTNS,"Western Mountains, Valleys, and Coast","LRR A (MLRA 2, 4A, 4B)",Region_10,Target_Sampled,H1710020407,Lower Siletz River-Frontal Pacific Ocean,H171002040709,INLAND,44.91899488,44.91899488,-124.0122569,-124.0122569,"Northwestern Forest, Forage, and Specialty Crop Region",A,Pacific Northwest Region,H17,5,Sitka Spruce Belt,4A,Not_NEP,Not_NEP,OR,OR,W,WMT,Non-Federal,NWC_11_16,NWC_11_16,OverSamp,NWC16_11_TSS,P07,E2EM,OR,WVM,Western Valleys & Mountains,W-PRLW,WMT-PRLW,PROB,FWS_ST_2005,Oregon,F41041,OR,Target,1,Coast Range,1a,Coastal Lowlands,E2EM,PSS,PRLW,FLATS,WMT_E2EM,537.14306,-2176590.095,1153051.451
8/24/2020,NWCA11-4294,5847,6/25/2011,1,NWC_SD-10036,PLNLOW,Plains and Lowlands,TPL,Temporate Plains,Clark,Not Coast,GT_PLAINS,Great Plains,LRR F,Region_08,Target_Sampled,H1017020201,Dry Lake Number One,H101702020105,INLAND,44.78735123,44.78735123,-97.75674525,-97.75674525,Northern Great Plains Spring Wheat Region,F,Missouri Region,H10,77,Central Black Glaciated Plains,55B,Not_NEP,Not_NEP,SD,SD,IPL,IPL,Non-Federal,NWC_11_NO,NWC_11_NO,OverSamp,NWC16_11_TSN,P23,PF,SD,TPL,Temperate Plains,IPL-PRLH,IPL-PRLH,PROB,FWS_ST_2005,South Dakota,F46025,SD,Target,46,Northern Glaciated Plains,46k,Prairie Coteau,PF,PEM,PRLH,SLOPE,IPL_PF,1966.19078,-138761.3379,816548.04
8/24/2020,NWCA11-4298,5848,6/28/2011,1,NWC_SD-10040,PLNLOW,Plains and Lowlands,NPL,Northern Plains,McPherson,Not Coast,GT_PLAINS,Great Plains,LRR F,Region_08,Target_Sampled,H1013010603,Long Lake,H101301060309,INLAND,45.72949764,45.72949764,-99.45014344,-99.45014344,Northern Great Plains Spring Wheat Region,F,Missouri Region,H10,73,Central Dark Brown Glaciated Plains,53B,Not_NEP,Not_NEP,SD,SD,IPL,IPL,Non-Federal,NWC_11_NO,NWC_11_NO,OverSamp,NWC16_11_TSN,P23,PEM,SD,GPL,Great Plains,IPL-PRLH,IPL-PRLH,PROB,FWS_ST_2005,South Dakota,F46089,SD,Target,42,Northwestern Glaciated Plains,42a,Missouri Coteau,PEM,PEM,PRLH,DPRSS,IPL_PEM,85338.31071,-268671.7665,924916.5074
8/24/2020,NWCA11-4411,5849,8/31/2011,1,NWC_UT-10019,WMTNS,West,WMT,Western Mountains,Morgan,Not Coast,W_MTNS,"Western Mountains, Valleys, and Coast",LRR E,Region_08,Target_Sampled,H1602010106,Lost Creek,H160201010603,INLAND,41.26541155,41.26541155,-111.2972353,-111.2972353,Rocky Mountain Range and Forest Region,E,Great Basin Region,H16,64,Wasatch and Uinta Mountains,47,Not_NEP,Not_NEP,UT,UT,W,WMT,Non-Federal,NWC_11_NO,NWC_11_NO,OverSamp,NWC16_11_TSN,P20,PUBPAB,UT,WVM,Western Valleys & Mountains,W-PRLH,WMT-PRLH,PROB,FWS_ST_2005,Utah,F49029,UT,Target,19,Wasatch and Uinta Mountains,19f,Semiarid Foothills,PUBPAB,PUBPAB,PRLH,DPRSS,WMT_PUBPAB,311.64914,-1266194.023,524048.9792
8/24/2020,NWCA11-4414,5850,8/1/2011,1,NWC_UT-10022,WMTNS,West,WMT,Western Mountains,Piute,Not Coast,W_MTNS,"Western Mountains, Valleys, and Coast",LRR E,Region_08,Target_Sampled,H1603000302,Beaver Creek-Sevier River,H160300030203,INLAND,38.44114324,38.44114324,-112.0613275,-112.0613275,Rocky Mountain Range and Forest Region,E,Great Basin Region,H16,64,Wasatch and Uinta Mountains,47,Not_NEP,Not_NEP,UT,UT,W,WMT,USFS,NWC_11_NO,NWC_11_NO,OverSamp,NWC16_11_TSN,P20,PUBPAB,UT,WVM,Western Valleys & Mountains,W-PRLH,WMT-PRLH,PROB,FWS_ST_2005,Utah,F49031,UT,Target,19,Wasatch and Uinta Mountains,19e,High Plateaus,PUBPAB,PUBPAB,PRLH,DPRSS,WMT_PUBPAB,311.64914,-1382077.119,222553.6688
8/24/2020,NWCA11-4419,5851,8/24/2011,1,NWC_UT-10027,WMTNS,West,WMT,Western Mountains,Daggett,Not Coast,W_MTNS,"Western Mountains, Valleys, and Coast",LRR E,Region_08,Target_Sampled,H1404010606,Sheep Creek,H140401060601,INLAND,40.90643774,40.90643774,-109.9565743,-109.9565743,Rocky Mountain Range and Forest Region,E,Upper Colorado Region,H14,64,Wasatch and Uinta Mountains,47,Not_NEP,Not_NEP,UT,UT,W,WMT,USFS,NWC_11_16,NWC_11_16,OverSamp,NWC16_11_TSS,P20,PEM,UT,WVM,Western Valleys & Mountains,W-PRLH,WMT-PRLH,PROB,FWS_ST_2005,Utah,F49009,UT,Target,19,Wasatch and Uinta Mountains,19c,Mid-Elevation Uinta Mountains,PEM,PEM,PRLH,SLOPE,WMT_PEM,29253.72728,-1161943.094,467202.8963
8/24/2020,NWCA11-4423,5852,8/23/2011,1,NWC_UT-10031,WMTNS,West,WMT,Western Mountains,Daggett,Not Coast,W_MTNS,"Western Mountains, Valleys, and Coast",LRR E,Region_08,Target_Sampled,H1404010606,Sheep Creek,H140401060602,INLAND,40.91193572,40.91193572,-109.9399735,-109.9399735,Rocky Mountain Range and Forest Region,E,Upper Colorado Region,H14,64,Wasatch and Uinta Mountains,47,Not_NEP,Not_NEP,UT,UT,W,WMT,USFS,NWC_11_NO,NWC_11_NO,OverSamp,NWC16_11_TSN,P20,PFO,UT,WVM,Western Valleys & Mountains,W-PRLW,WMT-PRLW,PROB,FWS_ST_2005,Utah,F49009,UT,Target,19,Wasatch and Uinta Mountains,19c,Mid-Elevation Uinta Mountains,PFO,PFO,PRLW,DPRSS,WMT_PFO,2124.75648,-1160480.954,467609.1063
8/24/2020,NWCA11-4486,5921,7/14/2011,1,NWC_VT-10020,EHIGH,Eastern Highlands,NAP,Northern Appalachians,Addison,Not Coast,NE,Northcentral and Northeast,LRR R (Excluding MLRA 143),Region_01,Target_Sampled,H0415040203,Middlebury River-Otter Creek,H041504020306,INLAND,43.91901157,43.91901157,-73.11488042,-73.11488042,Northeastern Forage and Forest Region,R,Mid Atlantic Region,H02,246,St. Lawrence-Champlain Plain,142,Not_NEP,Not_NEP,VT,VT_GLHL,EMU,EMU,Non-Federal,NWC_11_NO,NWC_11_NO,OverSamp,NWC16_11_TSN,P01,PEM,VT,NCE,North Central East,EMU-PRLH,EMU-PRLH,PROB,FWS_ST_2005,Vermont,F50001,VT,Target,83,Eastern Great Lakes Lowlands,83b,Champlain Lowlands,PEM,PEM,PRLH,DPRSS,EMU_PEM,24370.80252,1813402.896,937906.8551
8/24/2020,NWCA11-4495,5341,7/21/2011,1,NWC_VT-10029,EHIGH,Eastern Highlands,NAP,Northern Appalachians,Caledonia,Not Coast,NE,Northcentral and Northeast,LRR R (Excluding MLRA 143),Region_01,Target_Sampled,H0108010302,Stevens River-Connecticut River,H010801030204,INLAND,44.37391972,44.37391972,-72.17072338,-72.17072338,Northeastern Forage and Forest Region,R,New England Region,H01,249,"New England and Eastern New York Upland, Northern Part",144B,Not_NEP,Not_NEP,VT,VT_NAAMH,EMU,EMU,Non-Federal,NWC_11_16,NWC_11_16,OverSamp,NWC16_11_TSS,P01,PSS,VT,NCE,North Central East,EMU-PRLW,EMU-PRLW,PROB,FWS_ST_2005,Vermont,F50005,VT,Target,58,Northeastern Highlands,58l,Northern Piedmont,PSS,PFO,PRLW,RIVERINE,EMU_PSS,15790.49319,1874091.04,1005416.194
8/24/2020,NWCA11-4499,4076,7/25/2011,2,NWC_WA-10031,WMTNS,West,WMT,Western Mountains,Pacific,Pacific Coast Region,W_MTNS,"Western Mountains, Valleys, and Coast","LRR A (MLRA 2, 4A, 4B)",Region_10,Target_Sampled,H1710010605,Naselle River-Frontal Willapa Bay,H171001060504,TIDAL,46.42459022,46.42459022,-123.8834607,-123.8834607,"Northwestern Forest, Forage, and Specialty Crop Region",A,Pacific Northwest Region,H17,5,Sitka Spruce Belt,4A,Not_NEP,Not_NEP,WA,WA_W,W,WMT,NGO,NWC_11_16,NWC_11_16,OverSamp,NWC16_11_TSS,P07,E2EM,WA,PAC,Pacific Coast,ALL-EH,ALL-EH,PROB,FWS_ST_2005,Washington,F53049,WA,Target,1,Coast Range,1b,Coastal Uplands,E2EM,E2EM,EH,TIDAL,WMT_E2EM,2706.09307,-2118499.881,1310213.075
8/24/2020,NWCA11-4499,4034,6/20/2011,1,NWC_WA-10031,WMTNS,West,WMT,Western Mountains,Pacific,Pacific Coast Region,W_MTNS,"Western Mountains, Valleys, and Coast","LRR A (MLRA 2, 4A, 4B)",Region_10,Target_Sampled,H1710010605,Naselle River-Frontal Willapa Bay,H171001060504,TIDAL,46.42459022,46.42459022,-123.8834607,-123.8834607,"Northwestern Forest, Forage, and Specialty Crop Region",A,Pacific Northwest Region,H17,5,Sitka Spruce Belt,4A,Not_NEP,Not_NEP,WA,WA_W,W,WMT,NGO,NWC_11_16,NWC_11_16,OverSamp,NWC16_11_TSS,P07,E2EM,WA,PAC,Pacific Coast,ALL-EH,ALL-EH,PROB,FWS_ST_2005,Washington,F53049,WA,Target,1,Coast Range,1b,Coastal Uplands,E2EM,E2EM,EH,TIDAL,WMT_E2EM,2706.09307,-2118499.881,1310213.075
8/24/2020,NWCA11-4503,4078,6/23/2011,1,NWC_WA-10035,WMTNS,West,WMT,Western Mountains,Pacific,Pacific Coast Region,W_MTNS,"Western Mountains, Valleys, and Coast","LRR A (MLRA 2, 4A, 4B)",Region_10,Target_Sampled,H1710010605,Naselle River-Frontal Willapa Bay,H171001060504,TIDAL,46.4198428,46.4198428,-123.8880407,-123.8880407,"Northwestern Forest, Forage, and Specialty Crop Region",A,Pacific Northwest Region,H17,5,Sitka Spruce Belt,4A,Not_NEP,Not_NEP,WA,WA_W,W,WMT,NGO,NWC_11_NO,NWC_11_NO,OverSamp,NWC16_11_TSN,P07,E2EM,WA,PAC,Pacific Coast,ALL-EH,ALL-EH,PROB,FWS_ST_2005,Washington,F53049,WA,Target,1,Coast Range,1b,Coastal Uplands,E2EM,E2EM,EH,RIVERINE,WMT_E2EM,2706.09307,-2118990.049,1309811.39
8/24/2020,NWCA11-4505,3898,6/13/2011,1,NWC_WA-10037,WMTNS,West,WMT,Western Mountains,Grays Harbor,Pacific Coast Region,W_MTNS,"Western Mountains, Valleys, and Coast",LRR A (MLRA 1),Region_10,Target_Sampled,H1710010401,Satsop River,H171001040105,INLAND,47.187875,47.187875,-123.5667537,-123.5667537,"Northwestern Forest, Forage, and Specialty Crop Region",A,Pacific Northwest Region,H17,1,"Northern Pacific Coast Range, Foothills, and Valleys",1,Not_NEP,Not_NEP,WA,WA_W,W,WMT,Non-Federal,NWC_11_NO,NWC_11_NO,OverSamp,NWC16_11_TSN,P26,PSS,WA,WVM,Western Valleys & Mountains,W-PRLH,WMT-PRLH,PROB,FWS_ST_2005,Washington,F53027,WA,Target,1,Coast Range,1f,Willapa Hills,PSS,PEM,PRLH,DPRSS,WMT_PSS,6432.4187,-2070946.587,1384177.135
8/24/2020,NWCA11-4522,4050,8/2/2011,1,NWC_WA-10054,WMTNS,West,WMT,Western Mountains,Snohomish,Pacific Coast Region,W_MTNS,"Western Mountains, Valleys, and Coast","LRR A (MLRA 2, 4A, 4B)",Region_10,Target_Sampled,H1711001911,Skagit Bay-Whidbey Basin,H171100191100,TIDAL,48.28772468,48.28772468,-122.376949,-122.376949,"Northwestern Forest, Forage, and Specialty Crop Region",A,Pacific Northwest Region,H17,2,Willamette and Puget Sound Valleys,2,Puget Sound Partnership,NEP,WA,WA_W,W,WMT,Non-Federal,NWC_11_NO,NWC_11_NO,OverSamp,NWC16_11_TSN,P26,E2EM,WA,PAC,Pacific Coast,ALL-EH,ALL-EH,PROB,FWS_ST_2005,Washington,F53061,WA,Target,2,Puget Lowland,2b,Eastern Puget Riverine Lowlands,E2EM,E2EM,EH,TIDAL,WMT_E2EM,2706.09307,-1950659.931,1475546.546
8/24/2020,NWCA11-4526,4077,6/29/2011,1,NWC_WA-10058,WMTNS,West,WMT,Western Mountains,Skagit,Pacific Coast Region,W_MTNS,"Western Mountains, Valleys, and Coast","LRR A (MLRA 2, 4A, 4B)",Region_10,Target_Sampled,H1711000204,Telegraph Slough-Frontal Padilla Bay,H171100020403,INLAND,48.46471824,48.46471824,-122.5492507,-122.5492507,"Northwestern Forest, Forage, and Specialty Crop Region",A,Pacific Northwest Region,H17,2,Willamette and Puget Sound Valleys,2,Puget Sound Partnership,NEP,WA,WA_W,W,WMT,Non-Federal,NWC_11_16,NWC_11_16,OverSamp,NWC16_11_TSS,P26,PFO,WA,WVM,Western Valleys & Mountains,W-PRLW,WMT-PRLW,PROB,FWS_ST_2005,Washington,F53057,WA,Target,2,Puget Lowland,2c,San Juan Islands,PFO,PFO,PRLW,FLATS,WMT_PFO,11147.69964,-1957695.789,1497828.681
8/24/2020,NWCA11-4577,5853,7/18/2011,1,NWC_WV-10035,EHIGH,Eastern Highlands,SAP,Southern Appalachians,Pocahontas,Not Coast,E_MTNS,Eastern Mountains and Piedmont,LRR S (MLRA 147),Region_03,Target_Sampled,H0505000301,Deer Creek-Greenbrier River,H050500030103,INLAND,38.67615636,38.67615636,-79.76699456,-79.76699456,Northern Atlantic Slope Diversified Farming Region,S,Ohio-Tennessee Region,H05_H06,252,Northern Appalachian Ridges and Valleys,147,Not_NEP,Not_NEP,WV,WV_RV,EMU,EMU,USFS,NWC_11_NO,NWC_11_NO,OverSamp,NWC16_11_TSN,P02,PEM,WV,SAP,Southern Appalachians,EMU-PRLW,EMU-PRLW,PROB,FWS_ST_2005,West Virginia,F54075,WV,Target,67,Ridge and Valley,67d,Northern Dissected Ridges and Knobs,PEM,PSS,PRLW,RIVERINE,EMU_PEM,1350.5316,1392229.116,251022.0848
8/24/2020,NWCA11-4579,3984,8/24/2011,1,NWC_WV-10037,EHIGH,Eastern Highlands,SAP,Southern Appalachians,Putnam,Not Coast,E_MTNS,Eastern Mountains and Piedmont,LRR N (Excluding MLRA 122),Region_03,Target_Sampled,H0505000806,Sixteenmile Creek-Kanawha River,H050500080602,INLAND,38.620974,38.620974,-81.9773614,-81.9773614,East and Central Farming and Forest Region,N,Ohio-Tennessee Region,H05_H06,222,Central Allegheny Plateau,126,Not_NEP,Not_NEP,WV,WV_AP,EMU,EMU,Non-Federal,NWC_11_16,NWC_11_16,OverSamp,NWC16_11_TSS,P02,PFO,WV,SAP,Southern Appalachians,EMU-PRLW,EMU-PRLW,PROB,FWS_ST_2005,West Virginia,F54079,WV,Target,70,Western Allegheny Plateau,70b,Monongahela Transition Zone,PFO,PSS,PRLW,RIVERINE,EMU_PFO,2282.73761,1205053.324,214708.3653
8/24/2020,NWCA11-4581,5854,7/20/2011,1,NWC_WV-10039,EHIGH,Eastern Highlands,SAP,Southern Appalachians,Pocahontas,Not Coast,E_MTNS,Eastern Mountains and Piedmont,LRR S (MLRA 147),Region_03,Target_Sampled,H0505000301,Deer Creek-Greenbrier River,H050500030103,INLAND,38.68795221,38.68795221,-79.76607219,-79.76607219,Northern Atlantic Slope Diversified Farming Region,S,Ohio-Tennessee Region,H05_H06,252,Northern Appalachian Ridges and Valleys,147,Not_NEP,Not_NEP,WV,WV_RV,EMU,EMU,USFS,NWC_11_NO,NWC_11_NO,OverSamp,NWC16_11_TSN,P02,PEM,WV,SAP,Southern Appalachians,EMU-PRLH,EMU-PRLH,PROB,FWS_ST_2005,West Virginia,F54075,WV,Target,67,Ridge and Valley,67d,Northern Dissected Ridges and Knobs,PEM,PEM,PRLH,RIVERINE,EMU_PEM,1350.5316,1392082.694,252338.5057
8/24/2020,NWCA11-4583,3512,7/22/2011,1,NWC_WY-10019,WMTNS,West,WMT,Western Mountains,Park,Not Coast,W_MTNS,"Western Mountains, Valleys, and Coast",LRR E,Region_08,Target_Sampled,H1007000109,Yellowstone River-Gardner River,H100700010903,INLAND,44.92793302,44.92793302,-110.7784521,-110.7784521,Rocky Mountain Range and Forest Region,E,Missouri Region,H10,60,Central Rocky Mountains,43B,Not_NEP,Not_NEP,WY,WY,W,WMT,NPS,NWC_11_NO,NWC_11_NO,OverSamp,NWC16_11_TSN,P24,PEM,WY,WVM,Western Valleys & Mountains,W-PRLH,WMT-PRLH,PROB,FWS_ST_2005,Wyoming,F56029,WY,Target,17,Middle Rockies,17j,Yellowstone Plateau,PEM,PEM,PRLH,RIVERINE,WMT_PEM,3785.51129,-1160259.88,921311.5599
8/24/2020,NWCA11-4692,4461,9/8/2011,1,NWC_AZ-10042,WMTNS,West,WMT,Western Mountains,Apache,Not Coast,W_MTNS,"Western Mountains, Valleys, and Coast","LRR D (MLRA 22A, 22B, 39)",Region_09,Target_Sampled,H1506010101,Upper Black River,H150601010101,INLAND,33.88027323,33.88027323,-109.2537157,-109.2537157,Western Range and Irrigated Region,D,Lower Colorado Region,H15,51,Arizona and New Mexico Mountains,39,Not_NEP,Not_NEP,AZ,AZ,W,WMT,USFS,NWC_11_NO,NWC_11_NO,OverSamp,NWC16_11_TSN,P32,PEM,AZ,WVM,Western Valleys & Mountains,W-PRLH,WMT-PRLH,PROB,FWS_ST_2005,Arizona,F04001,AZ,Target,23,Arizona/New Mexico Mountains,23c,Montane Conifer Forests,PEM,PEM,PRLH,RIVERINE,WMT_PEM,6093.678,-1213208.432,-320452.3327
8/24/2020,NWCA11-4699,4460,9/20/2011,1,NWC_AZ-10049,WMTNS,West,WMT,Western Mountains,Apache,Not Coast,W_MTNS,"Western Mountains, Valleys, and Coast","LRR D (MLRA 22A, 22B, 39)",Region_09,Target_Sampled,H1506010101,Upper Black River,H150601010101,INLAND,33.87567511,33.87567511,-109.2466718,-109.2466718,Western Range and Irrigated Region,D,Lower Colorado Region,H15,51,Arizona and New Mexico Mountains,39,Not_NEP,Not_NEP,AZ,AZ,W,WMT,USFS,NWC_11_NO,NWC_11_NO,OverSamp,NWC16_11_TSN,P32,PUBPAB,AZ,WVM,Western Valleys & Mountains,W-PRLH,WMT-PRLH,PROB,FWS_ST_2005,Arizona,F04001,AZ,Target,23,Arizona/New Mexico Mountains,23c,Montane Conifer Forests,PUBPAB,PEM,PRLH,RIVERINE,WMT_PUBPAB,531.1075,-1212639.229,-321051.0451
8/24/2020,NWCA11-4703,4442,9/7/2011,1,NWC_AZ-10053,WMTNS,West,WMT,Western Mountains,Apache,Not Coast,W_MTNS,"Western Mountains, Valleys, and Coast","LRR D (MLRA 22A, 22B, 39)",Region_09,Target_Sampled,H1506010101,Upper Black River,H150601010101,INLAND,33.87466741,33.87466741,-109.2440173,-109.2440173,Western Range and Irrigated Region,D,Lower Colorado Region,H15,51,Arizona and New Mexico Mountains,39,Not_NEP,Not_NEP,AZ,AZ,W,WMT,USFS,NWC_11_NO,NWC_11_NO,OverSamp,NWC16_11_TSN,P32,PEM,AZ,WVM,Western Valleys & Mountains,W-PRLH,WMT-PRLH,PROB,FWS_ST_2005,Arizona,F04001,AZ,Target,23,Arizona/New Mexico Mountains,23c,Montane Conifer Forests,PEM,PEM,PRLH,RIVERINE,WMT_PEM,6093.678,-1212413.441,-321196.4232
8/24/2020,NWCA11-4706,5855,7/10/2011,1,NWC_CA-10094,WMTNS,West,XER,Xeric,Sonoma,Pacific Coast Region,ARID_W,Arid West,LRR C,Region_09,Target_Sampled,H1805000208,San Pablo Bay,H180500020801,TIDAL,38.1692299,38.1692299,-122.5330036,-122.5330036,"California Subtropical Fruit, Truck, and Specialty Crop Region",C,California Region,H18,19,Central California Coastal Valleys,14,San Franciso Estuary Partnership,NEP,CA,CA,W,XER,State,NWC_11_NO,NWC_11_NO,OverSamp,NWC16_11_TSN,P07,E2EM,CA,PAC,Pacific Coast,ALL-EH,ALL-EH,PROB,FWS_ST_2005,California,F06097,CA,Target,6,Central California Foothills and Coastal Mountains,6p,Bay Flats,E2EM,E2EM,EH,TIDAL,XER_E2EM,8674.34098,-2272781.232,394360.7283
8/24/2020,NWCA11-4708,5856,6/8/2011,1,NWC_CA-10096,WMTNS,West,XER,Xeric,Merced,Not Coast,ARID_W,Arid West,LRR C,Region_09,Target_Sampled,H1804000120,Salt Slough,H180400012007,INLAND,37.23981567,37.23981567,-120.8233337,-120.8233337,"California Subtropical Fruit, Truck, and Specialty Crop Region",C,California Region,H18,22,Sacramento and San Joaquin Valleys,17,Not_NEP,Not_NEP,CA,CA,W,XER,FWS,NWC_11_NO,NWC_11_NO,OverSamp,NWC16_11_TSN,P06,PEM,CA,ARW,Arid West,W-PRLH,XER-PRLH,PROB,FWS_ST_2005,California,F06047,CA,Target,7,Central California Valley,7m,San Joaquin Basin,PEM,PEM,PRLH,DPRSS,XER_PEM,34239.43113,-2156698.341,254127.2206
8/24/2020,NWCA11-4709,5857,9/13/2011,1,NWC_CA-10097,WMTNS,West,XER,Xeric,Marin,Pacific Coast Region,ARID_W,Arid West,LRR C,Region_09,Target_Sampled,H1805000505,Drakes Bay-Frontal Pacific Ocean,H180500050506,INLAND,37.83899027,37.83899027,-122.5164574,-122.5164574,"California Subtropical Fruit, Truck, and Specialty Crop Region",C,California Region,H18,20,Central California Coast Range,15,San Franciso Estuary Partnership,NEP,CA,CA,W,XER,NPS,NWC_11_NO,NWC_11_NO,OverSamp,NWC16_11_TSN,P07,PSS,CA,ARW,Arid West,W-PRLW,XER-PRLW,PROB,FWS_ST_2005,California,F06041,CA,Target,6,Central California Foothills and Coastal Mountains,6o,Marin Hills,PSS,PFO,PRLW,RIVERINE,XER_PSS,8530.03788,-2281595.188,358382.5591
8/24/2020,NWCA11-4713,5858,8/2/2011,1,NWC_CA-10101,WMTNS,West,XER,Xeric,Solano,Pacific Coast Region,ARID_W,Arid West,LRR C,Region_09,Target_Sampled,H1805000208,San Pablo Bay,H180500020801,TIDAL,38.13321479,38.13321479,-122.3509133,-122.3509133,"California Subtropical Fruit, Truck, and Specialty Crop Region",C,California Region,H18,19,Central California Coastal Valleys,14,San Franciso Estuary Partnership,NEP,CA,CA,W,XER,FWS,NWC_11_NO,NWC_11_NO,OverSamp,NWC16_11_TSN,P07,E2EM,CA,PAC,Pacific Coast,ALL-EH,ALL-EH,PROB,FWS_ST_2005,California,F06095,CA,Target,6,Central California Foothills and Coastal Mountains,6p,Bay Flats,E2EM,E2EM,EH,TIDAL,XER_E2EM,8674.34098,-2258691.887,386137.9182
8/24/2020,NWCA11-4716,5859,7/28/2011,1,NWC_CA-10104,WMTNS,West,XER,Xeric,Ventura,Pacific Coast Region,ARID_W,Arid West,LRR C,Region_09,Target_Sampled,H1807010302,McGrath Lake-Frontal Pacific Ocean,H180701030202,TIDAL,34.2290428,34.2290428,-119.2613957,-119.2613957,"California Subtropical Fruit, Truck, and Specialty Crop Region",C,California Region,H18,24,Southern California Coastal Plain,19,Not_NEP,Not_NEP,CA,CA,W,XER,State,NWC_11_NO,NWC_11_NO,OverSamp,NWC16_11_TSN,P07,E2EM,CA,PAC,Pacific Coast,ALL-EH,ALL-EH,PROB,FWS_ST_2005,California,F06111,CA,Target,85,Southern California/Northern Baja Coast,85b,Oxnard Plain and Valleys,E2EM,E2EM,EH,TIDAL,XER_E2EM,8674.34098,-2105488.413,-107232.8924
8/24/2020,NWCA11-4717,5860,8/1/2011,1,NWC_CA-10105,WMTNS,West,XER,Xeric,Solano,Pacific Coast Region,ARID_W,Arid West,LRR C,Region_09,Target_Sampled,H1805000104,Suisun Bay,H180500010401,INLAND,38.1326404,38.1326404,-121.9371875,-121.9371875,"California Subtropical Fruit, Truck, and Specialty Crop Region",C,California Region,H18,21,California Delta,16,San Franciso Estuary Partnership,NEP,CA,CA,W,XER,Non-Federal,NWC_11_16,NWC_11_16,OverSamp,NWC16_11_TSS,P06,E2EM,CA,ARW,Arid West,W-PRLH,XER-PRLH,PROB,FWS_ST_2005,California,F06095,CA,Target,7,Central California Valley,7j,Delta,E2EM,PEM,PRLH,DPRSS,XER_E2EM,8674.34098,-2224138.617,376317.9712
8/24/2020,NWCA11-4718,5861,9/5/2011,1,NWC_CA-10106,WMTNS,West,XER,Xeric,Colusa,Not Coast,ARID_W,Arid West,LRR C,Region_09,Target_Sampled,H1802015804,Lower Butte Creek,H180201580404,INLAND,39.21074637,39.21074637,-121.9498339,-121.9498339,"California Subtropical Fruit, Truck, and Specialty Crop Region",C,California Region,H18,22,Sacramento and San Joaquin Valleys,17,Not_NEP,Not_NEP,CA,CA,W,XER,Non-Federal,NWC_11_NO,NWC_11_NO,OverSamp,NWC16_11_TSN,P06,PF,CA,ARW,Arid West,W-PRLH,XER-PRLH,PROB,FWS_ST_2005,California,F06011,CA,Target,7,Central California Valley,7c,Butte Sink/Sutter and Colusa Basins,PF,PEM,PRLH,DPRSS,XER_PF,22876.67862,-2192608.113,492975.9513
8/24/2020,NWCA11-4721,5862,7/8/2011,1,NWC_CA-10109,WMTNS,West,XER,Xeric,Sonoma,Pacific Coast Region,ARID_W,Arid West,LRR C,Region_09,Target_Sampled,H1805000208,San Pablo Bay,H180500020801,TIDAL,38.17255247,38.17255247,-122.5564495,-122.5564495,"California Subtropical Fruit, Truck, and Specialty Crop Region",C,California Region,H18,19,Central California Coastal Valleys,14,San Franciso Estuary Partnership,NEP,CA,CA,W,XER,State,NWC_11_NO,NWC_11_NO,OverSamp,NWC16_11_TSN,P07,E2EM,CA,PAC,Pacific Coast,ALL-EH,ALL-EH,PROB,FWS_ST_2005,California,F06097,CA,Target,6,Central California Foothills and Coastal Mountains,6p,Bay Flats,E2EM,E2EM,EH,TIDAL,XER_E2EM,8674.34098,-2274634.331,395279.6577
8/24/2020,NWCA11-4729,5863,9/14/2011,1,NWC_CA-10117,WMTNS,West,XER,Xeric,Solano,Pacific Coast Region,ARID_W,Arid West,LRR C,Region_09,Target_Sampled,H1805000104,Suisun Bay,H180500010401,INLAND,38.12337983,38.12337983,-121.9368082,-121.9368082,"California Subtropical Fruit, Truck, and Specialty Crop Region",C,California Region,H18,21,California Delta,16,San Franciso Estuary Partnership,NEP,CA,CA,W,XER,State,NWC_11_NO,NWC_11_NO,OverSamp,NWC16_11_TSN,P06,PF,CA,ARW,Arid West,W-PRLH,XER-PRLH,PROB,FWS_ST_2005,California,F06095,CA,Target,7,Central California Valley,7j,Delta,PF,PEM,PRLH,DPRSS,XER_PF,12505.18841,-2224386.688,375309.5467
8/24/2020,NWCA11-5069,4797,8/2/2011,1,NWC_IA-10053,PLNLOW,Plains and Lowlands,TPL,Temporate Plains,Worth,Not Coast,MIDWEST,Midwest,LRR M,Region_07,Target_Sampled,H0708020301,Upper Winnebago River,H070802030108,INLAND,43.27375117,43.27375117,-93.46073805,-93.46073805,Central Feed Grains and Livestock Region,M,Upper Mississippi Region,H07,176,Central Iowa and Minnesota Till Prairies,103,Not_NEP,Not_NEP,IA,IA,IPL,IPL,Non-Federal,NWC_11_16,NWC_11_16,OverSamp,NWC16_11_TSS,P21,PEM,IA,TPL,Temperate Plains,IPL-PRLH,IPL-PRLH,PROB,FWS_ST_2005,Iowa,F19195,IA,Target,47,Western Corn Belt Plains,47b,Des Moines Lobe,PEM,PEM,PRLH,DPRSS,IPL_PEM,23387.33069,205067.2078,649230.2905
8/24/2020,NWCA11-5071,4796,7/28/2011,1,NWC_IA-10055,PLNLOW,Plains and Lowlands,TPL,Temporate Plains,Louisa,Not Coast,MIDWEST,Midwest,LRR M,Region_07,Target_Sampled,H0708010107,Muscatine Slough-Mississippi River,H070801010705,INLAND,41.20718962,41.20718962,-91.10449918,-91.10449918,Central Feed Grains and Livestock Region,M,Upper Mississippi Region,H07,204,"Central Mississippi Valley Wooded Slopes, Northern Part",115C,Not_NEP,Not_NEP,IA,IA,IPL,IPL,Non-Federal,NWC_11_NO,NWC_11_NO,OverSamp,NWC16_11_TSN,P21,PEM,IA,TPL,Temperate Plains,IPL-PRLW,IPL-PRLW,PROB,FWS_ST_2005,Iowa,F19115,IA,Target,72,Interior River Valleys and Hills,72d,Upper Mississippi Alluvial Plain,PEM,PSS,PRLW,RIVERINE,IPL_PEM,23387.33069,407124.8319,425891.0078
8/24/2020,NWCA11-5086,4795,8/4/2011,1,NWC_IA-10070,PLNLOW,Plains and Lowlands,TPL,Temporate Plains,Chickasaw,Not Coast,MIDWEST,Midwest,LRR M,Region_07,Target_Sampled,H0708010202,Headwaters Wapsipinicon River,H070801020204,INLAND,43.06962395,43.06962395,-92.4505482,-92.4505482,Central Feed Grains and Livestock Region,M,Upper Mississippi Region,H07,177,Eastern Iowa and Minnesota Till Prairies,104,Not_NEP,Not_NEP,IA,IA,IPL,IPL,Non-Federal,NWC_11_NO,NWC_11_NO,OverSamp,NWC16_11_TSN,P21,PUBPAB,IA,TPL,Temperate Plains,IPL-PRLW,IPL-PRLW,PROB,FWS_ST_2005,Iowa,F19037,IA,Target,47,Western Corn Belt Plains,47c,Eastern Iowa and Minnesota Drift Plains,PUBPAB,PFO,PRLW,DPRSS,IPL_PUBPAB,3291.95714,287467.4363,629062.4825
8/24/2020,NWCA11-5167,5297,6/30/2011,1,NWC_KS-10047,PLNLOW,Plains and Lowlands,SPL,Southern Plains,Hamilton,Not Coast,GT_PLAINS,Great Plains,"LRR H (MLRA 72, 73)",Region_07,Target_Sampled,H1103000101,East Bridge Creek-Arkansas River,H110300010104,INLAND,37.99143654,37.99143654,-101.8353618,-101.8353618,Central Great Plains Winter Wheat and Range Region,H,Arkansas-White-Red Region,H11,105,Central High Tableland,72,Not_NEP,Not_NEP,KS,KS,IPL,IPL,Non-Federal,NWC_11_16,NWC_11_16,OverSamp,NWC16_11_TSS,P16,PSS,KS,GPL,Great Plains,IPL-PRLW,IPL-PRLW,PROB,FWS_ST_2005,Kansas,F20075,KS,Target,25,High Plains,25b,Rolling Sand Plains,PSS,PSS,PRLW,RIVERINE,IPL_PSS,2905.21802,-507307.4158,70658.7821
8/24/2020,NWCA11-5174,5296,7/8/2011,1,NWC_KS-10054,PLNLOW,Plains and Lowlands,SPL,Southern Plains,Marion,Not Coast,GT_PLAINS,Great Plains,"LRR H (Excluding MLRA 72, 73)",Region_07,Target_Sampled,H1107020201,Marion Reservoir-Headwaters Cottonwood River,H110702020102,INLAND,38.55820547,38.55820547,-97.27387424,-97.27387424,Central Great Plains Winter Wheat and Range Region,H,Arkansas-White-Red Region,H11,107,Central Kansas Sandstone Hills,74,Not_NEP,Not_NEP,KS,KS,IPL,IPL,Non-Federal,NWC_11_NO,NWC_11_NO,OverSamp,NWC16_11_TSN,P19,PEM,KS,GPL,Great Plains,IPL-PRLH,IPL-PRLH,PROB,FWS_ST_2005,Kansas,F20115,KS,Target,27,Central Great Plains,27a,Smoky Hills,PEM,PEM,PRLH,RIVERINE,IPL_PEM,4336.95366,-109961.2797,119342.2765
8/24/2020,NWCA11-5528,5298,7/28/2011,1,NWC_MO-10050,PLNLOW,Plains and Lowlands,TPL,Temporate Plains,Monroe,Not Coast,MIDWEST,Midwest,LRR M,Region_07,Target_Sampled,H0711000605,South Fork Salt River,H071100060509,INLAND,39.40886055,39.40886055,-91.80649473,-91.80649473,Central Feed Grains and Livestock Region,M,Upper Mississippi Region,H07,204,"Central Mississippi Valley Wooded Slopes, Northern Part",115C,Not_NEP,Not_NEP,MO,MO,IPL,IPL,Non-Federal,NWC_11_NO,NWC_11_NO,OverSamp,NWC16_11_TSN,P21,PSS,MO,TPL,Temperate Plains,IPL-PRLH,IPL-PRLH,PROB,FWS_ST_2005,Missouri,F29137,MO,Target,72,Interior River Valleys and Hills,72f,River Hills,PSS,PEM,PRLH,FRINGE,IPL_PSS,6474.93186,357672.4497,221840.7347
8/24/2020,NWCA11-5529,3848,6/29/2011,1,NWC_MO-10051,PLNLOW,Plains and Lowlands,TPL,Temporate Plains,Warren,Not Coast,MIDWEST,Midwest,LRR M,Region_07,Target_Sampled,H1030020005,Charrette Creek-Missouri River,H103002000508,INLAND,38.64317641,38.64317641,-91.22510379,-91.22510379,Central Feed Grains and Livestock Region,M,Missouri Region,H10,203,"Central Mississippi Valley Wooded Slopes, Western Part",115B,Not_NEP,Not_NEP,MO,MO,IPL,IPL,Non-Federal,NWC_11_NO,NWC_11_NO,OverSamp,NWC16_11_TSN,P25,PSS,MO,TPL,Temperate Plains,IPL-PRLW,IPL-PRLW,PROB,FWS_ST_2005,Missouri,F29219,MO,Target,72,Interior River Valleys and Hills,72f,River Hills,PSS,PFO,PRLW,RIVERINE,IPL_PSS,15361.61652,411531.3534,138470.1492
8/24/2020,NWCA11-5539,5766,8/10/2011,1,NWC_MO-10061,PLNLOW,Plains and Lowlands,TPL,Temporate Plains,Shelby,Not Coast,MIDWEST,Midwest,LRR M,Region_07,Target_Sampled,H0711000401,North River,H071100040104,INLAND,39.83516171,39.83516171,-91.88890587,-91.88890587,Central Feed Grains and Livestock Region,M,Upper Mississippi Region,H07,204,"Central Mississippi Valley Wooded Slopes, Northern Part",115C,Not_NEP,Not_NEP,MO,MO,IPL,IPL,Non-Federal,NWC_11_16,NWC_11_16,OverSamp,NWC16_11_TSS,P21,PFO,MO,TPL,Temperate Plains,IPL-PRLW,IPL-PRLW,PROB,FWS_ST_2005,Missouri,F29205,MO,Target,72,Interior River Valleys and Hills,72f,River Hills,PFO,PFO,PRLW,RIVERINE,IPL_PFO,24232.31085,348581.872,269261.9586
8/24/2020,NWCA11-5610,5302,7/7/2011,1,NWC_MT-10054,WMTNS,West,WMT,Western Mountains,Jefferson,Not Coast,W_MTNS,"Western Mountains, Valleys, and Coast",LRR E,Region_08,Target_Sampled,H1002000502,Big Pipestone Creek,H100200050202,INLAND,45.89343691,45.89343691,-112.3910016,-112.3910016,Rocky Mountain Range and Forest Region,E,Missouri Region,H10,60,Central Rocky Mountains,43B,Not_NEP,Not_NEP,MT,MT,W,WMT,USFS,NWC_11_NO,NWC_11_NO,OverSamp,NWC16_11_TSN,P24,PSS,MT,WVM,Western Valleys & Mountains,W-PRLH,WMT-PRLH,PROB,FWS_ST_2005,Montana,F30043,MT,Target,17,Middle Rockies,17ai,Elkhorn Mountains-Boulder Batholith,PSS,PEM,PRLH,SLOPE,WMT_PSS,13520.72849,-1267245.998,1047801.347
8/24/2020,NWCA11-5614,5300,7/13/2011,1,NWC_MT-10058,WMTNS,West,WMT,Western Mountains,Jefferson,Not Coast,W_MTNS,"Western Mountains, Valleys, and Coast",LRR E,Region_08,Target_Sampled,H1002000502,Big Pipestone Creek,H100200050202,INLAND,45.89931374,45.89931374,-112.3846431,-112.3846431,Rocky Mountain Range and Forest Region,E,Missouri Region,H10,60,Central Rocky Mountains,43B,Not_NEP,Not_NEP,MT,MT,W,WMT,Non-Federal,NWC_11_16,NWC_11_16,OverSamp,NWC16_11_TSS,P24,PUBPAB,MT,WVM,Western Valleys & Mountains,W-PRLH,WMT-PRLH,PROB,FWS_ST_2005,Montana,F30043,MT,Target,17,Middle Rockies,17ai,Elkhorn Mountains-Boulder Batholith,PUBPAB,PEM,PRLH,SLOPE,WMT_PUBPAB,2378.87283,-1266647.345,1048359.376
8/24/2020,NWCA11-5615,5299,7/21/2011,1,NWC_MT-10059,WMTNS,West,WMT,Western Mountains,Lewis and Clark,Not Coast,W_MTNS,"Western Mountains, Valleys, and Coast",LRR E,Region_08,Target_Sampled,H1003010402,South Fork Sun River,H100301040202,INLAND,47.45111751,47.45111751,-112.8267705,-112.8267705,Rocky Mountain Range and Forest Region,E,Missouri Region,H10,60,Central Rocky Mountains,43B,Not_NEP,Not_NEP,MT,MT,W,WMT,USFS,NWC_11_NO,NWC_11_NO,OverSamp,NWC16_11_TSN,P24,PSS,MT,WVM,Western Valleys & Mountains,W-PRLW,WMT-PRLW,PROB,FWS_ST_2005,Montana,F30049,MT,Target,41,Canadian Rockies,41d,Southern Carbonate Front,PSS,PSS,PRLW,RIVERINE,WMT_PSS,13520.72849,-1270197.194,1223534.139
8/24/2020,NWCA11-5616,5301,7/21/2011,1,NWC_MT-10060,WMTNS,West,WMT,Western Mountains,Beaverhead,Not Coast,W_MTNS,"Western Mountains, Valleys, and Coast",LRR E,Region_08,Target_Sampled,H1002000404,Big Hole River-Wisdom,H100200040408,INLAND,45.61481908,45.61481908,-113.5632427,-113.5632427,Rocky Mountain Range and Forest Region,E,Missouri Region,H10,62,Northern Rocky Mountain Valleys,44,Not_NEP,Not_NEP,MT,MT,W,WMT,Non-Federal,NWC_11_16,NWC_11_16,OverSamp,NWC16_11_TSS,P24,PEM,MT,WVM,Western Valleys & Mountains,W-PRLH,WMT-PRLH,PROB,FWS_ST_2005,Montana,F30001,MT,Target,17,Middle Rockies,17ac,Big Hole,PEM,PEM,PRLH,SLOPE,WMT_PEM,14012.98118,-1362563.488,1033567.519
8/24/2020,NWCA11-5915,5053,8/16/2011,1,NWC_OK-10051,PLNLOW,Plains and Lowlands,SPL,Southern Plains,Harper,Not Coast,GT_PLAINS,Great Plains,"LRR H (Excluding MLRA 72, 73)",Region_06,Target_Sampled,H1104000801,Horse Creek-Cimarron River,H110400080103,INLAND,36.91803187,36.91803187,-99.98224202,-99.98224202,Central Great Plains Winter Wheat and Range Region,H,Arkansas-White-Red Region,H11,115,"Southern High Plains, Breaks",77E,Not_NEP,Not_NEP,OK,OK,IPL,IPL,Non-Federal,NWC_11_NO,NWC_11_NO,OverSamp,NWC16_11_TSN,P19,PF,OK,GPL,Great Plains,IPL-PRLH,IPL-PRLH,PROB,FWS_ST_2005,Oklahoma,F40059,OK,Target,26,Southwestern Tablelands,26a,Canadian/Cimarron Breaks,PF,PEM,PRLH,DPRSS,IPL_PF,760.77269,-351358.7234,-57851.67862
8/24/2020,NWCA11-5917,5054,9/1/2011,1,NWC_OK-10053,PLNLOW,Plains and Lowlands,CPL,Coastal Plains,Atoka,Not Coast,CSTL_PLAIN,Atlantic and Gulf Coastal Plain,LRR P,Region_06,Target_Sampled,H1114010306,Lower Muddy Boggy Creek,H111401030603,INLAND,34.27283687,34.27283687,-95.82904419,-95.82904419,"South Atlantic and Gulf Slope Cash Crops, Forest, and Livestock Region",P,Arkansas-White-Red Region,H11,239,Cretaceous Western Coastal Plain,135B,Not_NEP,Not_NEP,OK,OK,CPL,CPL,Non-Federal,NWC_11_NO,NWC_11_NO,OverSamp,NWC16_11_TSN,P14,PSS,OK,ICP,Inland Coastal Plains,CPL-PRLW,CPL-PRLW,PROB,FWS_ST_2005,Oklahoma,F40005,OK,Target,35,South Central Plains,35d,Cretaceous Dissected Uplands,PSS,PFO,PRLW,RIVERINE,CPL_PSS,5114.67926,15620.72779,-361298.7903
8/24/2020,NWCA11-5918,5056,8/11/2011,1,NWC_OK-10054,EHIGH,Eastern Highlands,SAP,Southern Appalachians,Le Flore,Not Coast,E_MTNS,Eastern Mountains and Piedmont,LRR N (Excluding MLRA 122),Region_06,Target_Sampled,H1111010406,City of Fort Smith-Arkansas River,H111101040604,INLAND,35.28599517,35.28599517,-94.65406926,-94.65406926,East and Central Farming and Forest Region,N,Arkansas-White-Red Region,H11,210,"Arkansas Valley and Ridges, Eastern Part",118A,Not_NEP,Not_NEP,OK,OK,EMU,EMU,Non-Federal,NWC_11_NO,NWC_11_NO,OverSamp,NWC16_11_TSN,P25,PFO,OK,SAP,Southern Appalachians,EMU-PRLW,EMU-PRLW,PROB,FWS_ST_2005,Oklahoma,F40079,OK,Target,37,Arkansas Valley,37b,Arkansas River Floodplain,PFO,PFO,PRLW,FRINGE,EMU_PFO,53392.40773,121372.529,-247122.7575
8/24/2020,NWCA11-6086,5303,6/29/2011,1,NWC_SD-10050,PLNLOW,Plains and Lowlands,NPL,Northern Plains,Faulk,Not Coast,GT_PLAINS,Great Plains,LRR F,Region_08,Target_Sampled,H1016000704,Lower North Fork Snake Creek,H101600070402,INLAND,45.17261648,45.17261648,-99.18814922,-99.18814922,Northern Great Plains Spring Wheat Region,F,Missouri Region,H10,73,Central Dark Brown Glaciated Plains,53B,Not_NEP,Not_NEP,SD,SD,IPL,IPL,Non-Federal,NWC_11_16,NWC_11_16,OverSamp,NWC16_11_TSS,P23,PEM,SD,GPL,Great Plains,IPL-PRLH,IPL-PRLH,PROB,FWS_ST_2005,South Dakota,F46049,SD,Target,42,Northwestern Glaciated Plains,42a,Missouri Coteau,PEM,PEM,PRLH,DPRSS,IPL_PEM,85338.31071,-250353.7715,862338.7304
8/24/2020,NWCA11-6092,5304,8/1/2011,1,NWC_SD-10056,PLNLOW,Plains and Lowlands,TPL,Temporate Plains,Edmunds,Not Coast,GT_PLAINS,Great Plains,LRR F,Region_08,Target_Sampled,H1016000803,Lower Preachers Run-Scatterwood Lakes,H101600080304,INLAND,45.41769728,45.41769728,-98.76864607,-98.76864607,Northern Great Plains Spring Wheat Region,F,Missouri Region,H10,73,Central Dark Brown Glaciated Plains,53B,Not_NEP,Not_NEP,SD,SD,IPL,IPL,Non-Federal,NWC_11_NO,NWC_11_NO,OverSamp,NWC16_11_TSN,P10,PEM,SD,TPL,Temperate Plains,IPL-PRLH,IPL-PRLH,PROB,FWS_ST_2005,South Dakota,F46045,SD,Target,46,Northern Glaciated Plains,46i,Drift Plains,PEM,PEM,PRLH,DPRSS,IPL_PEM,92711.70909,-216627.8878,888547.4049
8/24/2020,NWCA11-6101,5306,7/1/2011,1,NWC_SD-10065,PLNLOW,Plains and Lowlands,TPL,Temporate Plains,Faulk,Not Coast,GT_PLAINS,Great Plains,LRR F,Region_08,Target_Sampled,H1016000805,Lower South Fork Snake Creek,H101600080501,INLAND,45.03430426,45.03430426,-98.7991137,-98.7991137,Northern Great Plains Spring Wheat Region,F,Missouri Region,H10,78,Southern Black Glaciated Plains,55C,Not_NEP,Not_NEP,SD,SD,IPL,IPL,Non-Federal,NWC_11_NO,NWC_11_NO,OverSamp,NWC16_11_TSN,P10,PEM,SD,TPL,Temperate Plains,IPL-PRLH,IPL-PRLH,PROB,FWS_ST_2005,South Dakota,F46049,SD,Target,46,Northern Glaciated Plains,46n,James River Lowland,PEM,PEM,PRLH,DPRSS,IPL_PEM,92711.70909,-220266.8291,845995.7081
8/24/2020,NWCA11-6301,4075,7/12/2011,1,NWC_WA-10063,WMTNS,West,WMT,Western Mountains,Pacific,Pacific Coast Region,W_MTNS,"Western Mountains, Valleys, and Coast","LRR A (MLRA 2, 4A, 4B)",Region_10,Target_Sampled,H1710010605,Naselle River-Frontal Willapa Bay,H171001060504,TIDAL,46.42461835,46.42461835,-123.8872007,-123.8872007,"Northwestern Forest, Forage, and Specialty Crop Region",A,Pacific Northwest Region,H17,5,Sitka Spruce Belt,4A,Not_NEP,Not_NEP,WA,WA_W,W,WMT,NGO,NWC_11_NO,NWC_11_NO,OverSamp,NWC16_11_TSN,P07,E2EM,WA,PAC,Pacific Coast,ALL-EH,ALL-EH,PROB,FWS_ST_2005,Washington,F53049,WA,Target,1,Coast Range,1b,Coastal Uplands,E2EM,E2EM,EH,TIDAL,WMT_E2EM,2706.09307,-2118774.93,1310299.439
8/24/2020,NWCA11-6302,4074,7/27/2011,1,NWC_WA-10064,WMTNS,West,WMT,Western Mountains,Grays Harbor,Pacific Coast Region,W_MTNS,"Western Mountains, Valleys, and Coast","LRR A (MLRA 2, 4A, 4B)",Region_10,Target_Sampled,H1710010404,Cloquallam Creek-Chehalis River,H171001040407,INLAND,46.94897909,46.94897909,-123.6526185,-123.6526185,"Northwestern Forest, Forage, and Specialty Crop Region",A,Pacific Northwest Region,H17,5,Sitka Spruce Belt,4A,Not_NEP,Not_NEP,WA,WA_W,W,WMT,Non-Federal,NWC_11_NO,NWC_11_NO,OverSamp,NWC16_11_TSN,P26,PFO,WA,WVM,Western Valleys & Mountains,W-PRLW,WMT-PRLW,PROB,FWS_ST_2005,Washington,F53027,WA,Target,1,Coast Range,1f,Willapa Hills,PFO,PFO,PRLW,RIVERINE,WMT_PFO,11147.69964,-2084796.917,1360731.978
8/24/2020,NWCA11-6308,5307,8/17/2011,1,NWC_WA-10070,WMTNS,West,XER,Xeric,Grant,Not Coast,ARID_W,Arid West,LRR B,Region_10,Target_Sampled,H1702001308,Lower Wilson Creek,H170200130805,INLAND,47.41102811,47.41102811,-119.0882959,-119.0882959,Northwestern Wheat and Range Region,B,Pacific Northwest Region,H17,10,Columbia Plateau,8,Not_NEP,Not_NEP,WA,WA_E,W,XER,Non-Federal,NWC_11_16,NWC_11_16,OverSamp,NWC16_11_TSS,P09,PEM,WA,ARW,Arid West,W-PRLH,XER-PRLH,PROB,FWS_ST_2005,Washington,F53025,WA,Target,10,Columbia Plateau,10a,Channeled Scablands,PEM,PEM,PRLH,RIVERINE,XER_PEM,104108.8283,-1735880.46,1318266.95
8/24/2020,NWCA11-6315,4052,8/10/2011,1,NWC_WA-10077,WMTNS,West,WMT,Western Mountains,Whatcom,Pacific Coast Region,W_MTNS,"Western Mountains, Valleys, and Coast","LRR A (MLRA 2, 4A, 4B)",Region_10,Target_Sampled,H1711000405,Nooksack River-Frontal Bellingham Bay,H171100040502,INLAND,48.93629787,48.93629787,-122.47981,-122.47981,"Northwestern Forest, Forage, and Specialty Crop Region",A,Pacific Northwest Region,H17,2,Willamette and Puget Sound Valleys,2,Puget Sound Partnership,NEP,WA,WA_W,W,WMT,Non-Federal,NWC_11_16,NWC_11_16,OverSamp,NWC16_11_TSS,P26,PUBPAB,WA,WVM,Western Valleys & Mountains,W-PRLH,WMT-PRLH,PROB,FWS_ST_2005,Washington,F53073,WA,Target,2,Puget Lowland,2a,Fraser Lowland,PUBPAB,PEM,PRLH,DPRSS,WMT_PUBPAB,2145.7891,-1938444.615,1546260.692
8/24/2020,NWCA11-6363,3990,8/29/2011,1,NWC_WV-10041,EHIGH,Eastern Highlands,SAP,Southern Appalachians,Ohio,Not Coast,E_MTNS,Eastern Mountains and Piedmont,LRR N (Excluding MLRA 122),Region_03,Target_Sampled,H0503010606,Wheeling Creek,H050301060602,INLAND,40.03688744,40.03688744,-80.5776268,-80.5776268,East and Central Farming and Forest Region,N,Ohio-Tennessee Region,H05_H06,222,Central Allegheny Plateau,126,Not_NEP,Not_NEP,WV,WV_AP,EMU,EMU,Non-Federal,NWC_11_NO,NWC_11_NO,OverSamp,NWC16_11_TSN,P02,PEM,WV,SAP,Southern Appalachians,EMU-PRLH,EMU-PRLH,PROB,FWS_ST_2005,West Virginia,F54069,WV,Target,70,Western Allegheny Plateau,70a,Permian Hills,PEM,PEM,PRLH,FRINGE,EMU_PEM,1350.5316,1298693.081,389934.8516
8/24/2020,NWCA11-6368,3983,8/22/2011,1,NWC_WV-10046,EHIGH,Eastern Highlands,SAP,Southern Appalachians,Putnam,Not Coast,E_MTNS,Eastern Mountains and Piedmont,LRR N (Excluding MLRA 122),Region_03,Target_Sampled,H0505000806,Sixteenmile Creek-Kanawha River,H050500080602,INLAND,38.6197826,38.6197826,-81.97704826,-81.97704826,East and Central Farming and Forest Region,N,Ohio-Tennessee Region,H05_H06,222,Central Allegheny Plateau,126,Not_NEP,Not_NEP,WV,WV_AP,EMU,EMU,Non-Federal,NWC_11_NO,NWC_11_NO,OverSamp,NWC16_11_TSN,P02,PFO,WV,SAP,Southern Appalachians,EMU-PRLW,EMU-PRLW,PROB,FWS_ST_2005,West Virginia,F54079,WV,Target,70,Western Allegheny Plateau,70b,Monongahela Transition Zone,PFO,PFO,PRLW,RIVERINE,EMU_PFO,2282.73761,1205099.672,214580.2474
8/24/2020,NWCA11-7004,5308,7/19/2011,1,NWC_KS-10064,PLNLOW,Plains and Lowlands,SPL,Southern Plains,Saline,Not Coast,GT_PLAINS,Great Plains,"LRR H (Excluding MLRA 72, 73)",Region_07,Target_Sampled,H1026000802,Gypsum Creek,H102600080206,INLAND,38.72374654,38.72374654,-97.5140529,-97.5140529,Central Great Plains Winter Wheat and Range Region,H,Missouri Region,H10,107,Central Kansas Sandstone Hills,74,Not_NEP,Not_NEP,KS,KS,IPL,IPL,Non-Federal,NWC_11_16,NWC_11_16,OverSamp,NWC16_11_TSS,P19,PUBPAB_KS_US,KS,GPL,Great Plains,IPL-PRLW,IPL-PRLW,PROB,FWS_ST_2005,Kansas,F20169,KS_Unsamp,Target,27,Central Great Plains,27a,Smoky Hills,PUBPAB,PFO,PRLW,DPRSS,IPL_PUBPAB,2369.53077,-130396.3714,138198.9233
8/24/2020,NWCA11-7006,5309,7/11/2011,1,NWC_KS-10066,PLNLOW,Plains and Lowlands,TPL,Temporate Plains,Doniphan,Not Coast,MIDWEST,Midwest,LRR M,Region_07,Target_Sampled,H1024000513,Mill and Easter Creeks-Missouri River,H102400051303,INLAND,39.83369262,39.83369262,-95.0705749,-95.0705749,Central Feed Grains and Livestock Region,M,Missouri Region,H10,182,Iowa and Missouri Deep Loess Hills,107B,Not_NEP,Not_NEP,KS,KS,IPL,IPL,Non-Federal,NWC_11_16,NWC_11_16,OverSamp,NWC16_11_TSS,P34,PUBPAB_KS_US,KS,TPL,Temperate Plains,IPL-PRLH,IPL-PRLH,PROB,FWS_ST_2005,Kansas,F20043,KS_Unsamp,Target,47,Western Corn Belt Plains,47h,Nebraska/Kansas Loess Hills,PUBPAB,PEM,PRLH,DPRSS,IPL_PUBPAB,3321.71377,78831.38999,261941.9038
8/24/2020,NWCA11-ID-0001,4725,9/9/2011,1,NWC_ID-10051,WMTNS,West,XER,Xeric,Bingham,Not Coast,ARID_W,Arid West,LRR B,Region_10,Target_Sampled,H1704020503,Headwaters Willow Creek,H170402050302,INLAND,43.12337,43.12337,-111.65538,-111.65538,Northwestern Wheat and Range Region,B,Pacific Northwest Region,H17,18,Eastern Idaho Plateaus,13,Not_NEP,Not_NEP,ID,ID,W,XER,State,NWC_11_NO,NWC_11_NO,HAND,HAND,P20,None,ID,ARW,Arid West,W-PRLH,XER-PRLH,HAND,HAND,Idaho,F16011,None,Target,80,Northern Basin and Range,80i,Sagebrush Steppe Valleys,None,PEM,PRLH,DPRSS,NONE,0,-1261499.521,733839.3185
8/24/2020,NWCA11-ID-0012,4726,6/29/2011,1,NWC_ID-10052,WMTNS,West,XER,Xeric,Canyon,Not Coast,ARID_W,Arid West,LRR B,Region_10,Target_Sampled,H1705011404,Mason Creek-Boise River,H170501140410,INLAND,43.69493,43.69493,-116.60582,-116.60582,Northwestern Wheat and Range Region,B,Pacific Northwest Region,H17,14,Snake River Plains,11,Not_NEP,Not_NEP,ID,ID,W,XER,Non-Federal,NWC_11_NO,NWC_11_NO,HAND,HAND,P28,None,ID,ARW,Arid West,W-PRLW,XER-PRLW,HAND,HAND,Idaho,F16027,None,Target,12,Snake River Plain,12a,Treasure Valley,None,PFO,PRLW,RIVERINE,NONE,0,-1641170.68,872129.0884
8/24/2020,NWCA11-ID-0015,4776,9/8/2011,1,NWC_ID-10053,WMTNS,West,WMT,Western Mountains,Bear Lake,Not Coast,W_MTNS,"Western Mountains, Valleys, and Coast",LRR E,Region_10,Target_Sampled,H1601020104,Montpelier Creek-Bear River,H160102010401,INLAND,42.44756,42.44756,-111.17056,-111.17056,Rocky Mountain Range and Forest Region,E,Great Basin Region,H16,60,Central Rocky Mountains,43B,Not_NEP,Not_NEP,ID,ID,W,WMT,USFS,NWC_11_NO,NWC_11_NO,HAND,HAND,P20,None,ID,WVM,Western Valleys & Mountains,W-PRLW,WMT-PRLW,HAND,HAND,Idaho,F16007,None,Target,17,Middle Rockies,17o,Partly Forested Mountains,None,PSS,PRLW,RIVERINE,NONE,0,-1234775.144,652943.6106
8/24/2020,NWCA11-ID-0018,4900,7/13/2011,1,NWC_ID-10054,WMTNS,West,WMT,Western Mountains,Bonner,Not Coast,W_MTNS,"Western Mountains, Valleys, and Coast",LRR E,Region_10,Target_Sampled,H1701021504,Upper West Branch Priest River,H170102150402,INLAND,48.44086,48.44086,-117.0202,-117.0202,Rocky Mountain Range and Forest Region,E,Pacific Northwest Region,H17,62,Northern Rocky Mountain Valleys,44,Not_NEP,Not_NEP,ID,ID,W,WMT,USFS,NWC_11_NO,NWC_11_NO,HAND,HAND,P24,None,ID,WVM,Western Valleys & Mountains,W-PRLW,WMT-PRLW,HAND,HAND,Idaho,F16017,None,Target,15,Northern Rockies,15u,Inland Maritime Foothills and Valleys,None,PSS,PRLW,RIVERINE,NONE,0,-1558143.114,1392978.083
8/24/2020,NWCA11-ID-0020,4901,7/5/2011,1,NWC_ID-10055,WMTNS,West,WMT,Western Mountains,Valley,Not Coast,W_MTNS,"Western Mountains, Valleys, and Coast",LRR E,Region_10,Target_Sampled,H1706020804,Upper South Fork Salmon River,H170602080404,INLAND,44.66697,44.66697,-115.66865,-115.66865,Rocky Mountain Range and Forest Region,E,Pacific Northwest Region,H17,60,Central Rocky Mountains,43B,Not_NEP,Not_NEP,ID,ID,W,WMT,USFS,NWC_11_NO,NWC_11_NO,HAND,HAND,P24,None,ID,WVM,Western Valleys & Mountains,W-PRLW,WMT-PRLW,HAND,HAND,Idaho,F16085,None,Target,16,Idaho Batholith,16k,Southern Forested Mountains,None,PFO,PRLW,RIVERINE,NONE,0,-1545356.978,962352.8407
8/24/2020,NWCA11-ID-0031,4902,7/14/2011,1,NWC_ID-10056,WMTNS,West,WMT,Western Mountains,Bonner,Not Coast,W_MTNS,"Western Mountains, Valleys, and Coast",LRR E,Region_10,Target_Sampled,H1701021501,Upper Priest River,H170102150108,INLAND,48.76704,48.76704,-116.87421,-116.87421,Rocky Mountain Range and Forest Region,E,Pacific Northwest Region,H17,62,Northern Rocky Mountain Valleys,44,Not_NEP,Not_NEP,ID,ID,W,WMT,USFS,NWC_11_NO,NWC_11_NO,HAND,HAND,P24,None,ID,WVM,Western Valleys & Mountains,W-PRLW,WMT-PRLW,HAND,HAND,Idaho,F16017,None,Target,15,Northern Rockies,15u,Inland Maritime Foothills and Valleys,None,PFO,PRLW,FRINGE,NONE,0,-1539677.696,1425615.506
8/24/2020,NWCA11-ID-0044,4903,8/30/2011,1,NWC_ID-10057,WMTNS,West,WMT,Western Mountains,Custer,Not Coast,ARID_W,Arid West,LRR B,Region_10,Target_Sampled,H1704021701,Summit Creek,H170402170101,INLAND,44.31792,44.31792,-113.53282,-113.53282,Northwestern Wheat and Range Region,B,Pacific Northwest Region,H17,17,Lost River Valleys and Mountains,12,Not_NEP,Not_NEP,ID,ID,W,WMT,Non-Federal,NWC_11_NO,NWC_11_NO,HAND,HAND,P24,None,ID,WVM,Western Valleys & Mountains,W-PRLH,WMT-PRLH,HAND,HAND,Idaho,F16037,None,Target,17,Middle Rockies,17aa,Dry Intermontane Sagebrush Valleys,None,PEM,PRLH,FLATS,NONE,0,-1386705.829,891257.3459
8/24/2020,NWCA11-ID-0045,4904,9/10/2011,1,NWC_ID-10058,WMTNS,West,WMT,Western Mountains,Bonneville,Not Coast,W_MTNS,"Western Mountains, Valleys, and Coast",LRR E,Region_10,Target_Sampled,H1704010402,McCoy Creek,H170401040203,INLAND,43.14698,43.14698,-111.24838,-111.24838,Rocky Mountain Range and Forest Region,E,Pacific Northwest Region,H17,60,Central Rocky Mountains,43B,Not_NEP,Not_NEP,ID,ID,W,WMT,USFS,NWC_11_NO,NWC_11_NO,HAND,HAND,P20,None,ID,WVM,Western Valleys & Mountains,W-PRLW,WMT-PRLW,HAND,HAND,Idaho,F16019,None,Target,17,Middle Rockies,17n,High Elevation Valleys,None,PSS,PRLW,RIVERINE,NONE,0,-1228568.195,731109.3418
8/24/2020,NWCA11-ID-0059,4905,7/15/2011,1,NWC_ID-10059,WMTNS,West,WMT,Western Mountains,Clearwater,Not Coast,W_MTNS,"Western Mountains, Valleys, and Coast",LRR E,Region_10,Target_Sampled,H1706030701,Lake Creek-North Fork Clearwater River,H170603070105,INLAND,46.84217,46.84217,-115.14641,-115.14641,Rocky Mountain Range and Forest Region,E,Pacific Northwest Region,H17,59,Northern Rocky Mountains,43A,Not_NEP,Not_NEP,ID,ID,W,WMT,USFS,NWC_11_NO,NWC_11_NO,HAND,HAND,P24,None,ID,WVM,Western Valleys & Mountains,W-PRLW,WMT-PRLW,HAND,HAND,Idaho,F16035,None,Target,15,Northern Rockies,15p,St. Joe Schist-Gneiss Zone,None,PFO,PRLW,SLOPE,NONE,0,-1456547.862,1190658.868
8/24/2020,NWCA11-ID-0062,4906,8/10/2011,1,NWC_ID-10060,WMTNS,West,WMT,Western Mountains,Idaho,Not Coast,W_MTNS,"Western Mountains, Valleys, and Coast",LRR E,Region_10,Target_Sampled,H1706021003,Hazard Creek,H170602100302,INLAND,45.22456,45.22456,-116.1468,-116.1468,Rocky Mountain Range and Forest Region,E,Pacific Northwest Region,H17,60,Central Rocky Mountains,43B,Not_NEP,Not_NEP,ID,ID,W,WMT,USFS,NWC_11_NO,NWC_11_NO,HAND,HAND,P24,None,ID,WVM,Western Valleys & Mountains,W-PRLW,WMT-PRLW,HAND,HAND,Idaho,F16049,None,Target,16,Idaho Batholith,16k,Southern Forested Mountains,None,PFO,PRLW,RIVERINE,NONE,0,-1569310.147,1030887.088
8/24/2020,NWCA11-ID-0066,4909,9/11/2011,1,NWC_ID-10061,WMTNS,West,WMT,Western Mountains,Bonneville,Not Coast,W_MTNS,"Western Mountains, Valleys, and Coast",LRR E,Region_10,Target_Sampled,H1704020502,Outlet Grays Lake,H170402050203,INLAND,43.2682,43.2682,-111.52486,-111.52486,Rocky Mountain Range and Forest Region,E,Pacific Northwest Region,H17,60,Central Rocky Mountains,43B,Not_NEP,Not_NEP,ID,ID,W,WMT,State,NWC_11_NO,NWC_11_NO,HAND,HAND,P20,None,ID,WVM,Western Valleys & Mountains,W-PRLW,WMT-PRLW,HAND,HAND,Idaho,F16019,None,Target,17,Middle Rockies,17o,Partly Forested Mountains,None,PSS,PRLW,RIVERINE,NONE,0,-1248445.941,748072.6101
8/24/2020,NWCA11-ID-0068,4907,9/13/2011,1,NWC_ID-10062,WMTNS,West,WMT,Western Mountains,Lemhi,Not Coast,ARID_W,Arid West,LRR B,Region_10,Target_Sampled,H1704021702,Sawmill Creek,H170402170203,INLAND,44.27361,44.27361,-113.29405,-113.29405,Northwestern Wheat and Range Region,B,Pacific Northwest Region,H17,17,Lost River Valleys and Mountains,12,Not_NEP,Not_NEP,ID,ID,W,WMT,USFS,NWC_11_NO,NWC_11_NO,HAND,HAND,P24,None,ID,WVM,Western Valleys & Mountains,W-PRLW,WMT-PRLW,HAND,HAND,Idaho,F16059,None,Target,17,Middle Rockies,17ab,Dry Gneissic-Schistose-Volcanic Hills,None,PSS,PRLW,RIVERINE,NONE,0,-1368925.154,882939.8828
8/24/2020,NWCA11-ID-0069,4908,8/16/2011,1,NWC_ID-10063,WMTNS,West,WMT,Western Mountains,Fremont,Not Coast,W_MTNS,"Western Mountains, Valleys, and Coast",LRR E,Region_10,Target_Sampled,H1704020205,Robinson Creek,H170402020503,INLAND,44.08524,44.08524,-111.20007,-111.20007,Rocky Mountain Range and Forest Region,E,Pacific Northwest Region,H17,60,Central Rocky Mountains,43B,Not_NEP,Not_NEP,ID,ID,W,WMT,Non-Federal,NWC_11_NO,NWC_11_NO,HAND,HAND,P28,None,ID,WVM,Western Valleys & Mountains,W-PRLW,WMT-PRLW,HAND,HAND,Idaho,F16043,None,Target,17,Middle Rockies,17j,Yellowstone Plateau,None,PSS,PRLW,RIVERINE,NONE,0,-1208033.47,833854.0824
8/24/2020,NWCA11-ID-0084,4910,9/7/2011,1,NWC_ID-10064,WMTNS,West,XER,Xeric,Cassia,Not Coast,ARID_W,Arid West,LRR D,Region_10,Target_Sampled,H1704020906,Marsh Creek,H170402090602,INLAND,42.33286,42.33286,-113.57729,-113.57729,Western Range and Irrigated Region,D,Pacific Northwest Region,H17,32,Owyhee High Plateau,25,Not_NEP,Not_NEP,ID,ID,W,XER,USFS,NWC_11_NO,NWC_11_NO,HAND,HAND,P03,None,ID,ARW,Arid West,W-PRLW,XER-PRLW,HAND,HAND,Idaho,F16031,None,Target,80,Northern Basin and Range,80c,High Elevation Forests and Shrublands,None,PFO,PRLW,RIVERINE,NONE,0,-1430940.744,674064.7193
8/24/2020,NWCA11-MN-0001,5868,9/1/2011,2,NWC_MN-10001,PLNLOW,Plains and Lowlands,UMW,Upper Midwest,Aitkin,Not Coast,NE,Northcentral and Northeast,LRR K,Region_05,Target_Sampled,H0701010305,Headwaters Big Sandy Lake,H070101030506,INLAND,46.81048931,46.81048931,-93.14851728,-93.14851728,Northern Lake States Forest and Forage Region,K,Upper Mississippi Region,H07,149,Northern Minnesota Glacial Lake Basins,88,Not_NEP,Not_NEP,MN,MN,EMU,EMU,State,NWC_11_NO,NWC_11_NO,Base,NWC16_11_TSN,P23,Mixed Wood Shield,MN,NCE,North Central East,EMU-PRLW,EMU-PRLW,PROB,MN_FRAME_2011,Minnesota,F27001,Include,Target,50,Northern Lakes and Forests,50b,Minnesota/Wisconsin Upland Till Plain,PFO,PFO,PRLW,FLATS,EMU_PFO,617165.8552,218471.2254,1043204.8
8/24/2020,NWCA11-MN-0001,5871,6/28/2011,1,NWC_MN-10001,PLNLOW,Plains and Lowlands,UMW,Upper Midwest,Aitkin,Not Coast,NE,Northcentral and Northeast,LRR K,Region_05,Target_Sampled,H0701010305,Headwaters Big Sandy Lake,H070101030506,INLAND,46.81048931,46.81048931,-93.14851728,-93.14851728,Northern Lake States Forest and Forage Region,K,Upper Mississippi Region,H07,149,Northern Minnesota Glacial Lake Basins,88,Not_NEP,Not_NEP,MN,MN,EMU,EMU,State,NWC_11_NO,NWC_11_NO,Base,NWC16_11_TSN,P23,Mixed Wood Shield,MN,NCE,North Central East,EMU-PRLW,EMU-PRLW,PROB,MN_FRAME_2011,Minnesota,F27001,Include,Target,50,Northern Lakes and Forests,50b,Minnesota/Wisconsin Upland Till Plain,PFO,PFO,PRLW,FLATS,EMU_PFO,617165.8552,218471.2254,1043204.8
8/24/2020,NWCA11-MN-0002,5869,8/4/2011,1,NWC_MN-10002,PLNLOW,Plains and Lowlands,UMW,Upper Midwest,Wright,Not Coast,MIDWEST,Midwest,LRR M,Region_05,Target_Sampled,H0701020406,North Fork Crow River,H070102040609,INLAND,45.12936302,45.12936302,-93.8239321,-93.8239321,Central Feed Grains and Livestock Region,M,Upper Mississippi Region,H07,176,Central Iowa and Minnesota Till Prairies,103,Not_NEP,Not_NEP,MN,MN,EMU,EMU,Non-Federal,NWC_11_16,NWC_11_16,Base,NWC16_11_TSS,P23,Mixed Wood Plains,MN,NCE,North Central East,EMU-PRLH,EMU-PRLH,PROB,MN_FRAME_2011,Minnesota,F27171,Include,Target,51,North Central Hardwood Forests,51i,Big Woods,PEM,PEM,PRLH,FLATS,EMU_PEM,209909.3913,171005.988,855285.4341
8/24/2020,NWCA11-MN-0002,5236,8/23/2011,2,NWC_MN-10002,PLNLOW,Plains and Lowlands,UMW,Upper Midwest,Wright,Not Coast,MIDWEST,Midwest,LRR M,Region_05,Target_Sampled,H0701020406,North Fork Crow River,H070102040609,INLAND,45.12936302,45.12936302,-93.8239321,-93.8239321,Central Feed Grains and Livestock Region,M,Upper Mississippi Region,H07,176,Central Iowa and Minnesota Till Prairies,103,Not_NEP,Not_NEP,MN,MN,EMU,EMU,Non-Federal,NWC_11_16,NWC_11_16,Base,NWC16_11_TSS,P23,Mixed Wood Plains,MN,NCE,North Central East,EMU-PRLH,EMU-PRLH,PROB,MN_FRAME_2011,Minnesota,F27171,Include,Target,51,North Central Hardwood Forests,51i,Big Woods,PEM,PEM,PRLH,FLATS,EMU_PEM,209909.3913,171005.988,855285.4341
8/24/2020,NWCA11-MN-0003,5873,7/27/2011,1,NWC_MN-10003,PLNLOW,Plains and Lowlands,UMW,Upper Midwest,Cook,Great Lakes Region,NE,Northcentral and Northeast,LRR K,Region_05,Target_Sampled,H0401010106,Cascade River-Frontal Lake Superior,H040101010602,INLAND,47.88139102,47.88139102,-90.56111485,-90.56111485,Northern Lake States Forest and Forage Region,K,Great Lakes Region,H04,159,"Superior Stony and Rocky Loamy Plains and Hills, Western Part",93A,Not_NEP,Not_NEP,MN,MN,EMU,EMU,USFS,NWC_11_NO,NWC_11_NO,Base,NWC16_11_TSN,P23,Mixed Wood Shield,MN,NCE,North Central East,EMU-PRLW,EMU-PRLW,PROB,MN_FRAME_2011,Minnesota,F27031,Include,Target,50,Northern Lakes and Forests,50n,Boundary Lakes and Hills,PFO,PFO,PRLW,RIVERINE,EMU_PFO,617165.8552,409773.9546,1170022.614
8/24/2020,NWCA11-MN-0004,5875,8/16/2011,1,NWC_MN-10004,PLNLOW,Plains and Lowlands,TPL,Temporate Plains,Clearwater,Not Coast,NE,Northcentral and Northeast,LRR K,Region_05,Target_Sampled,H0902030502,Middle Clearwater River,H090203050205,INLAND,47.91621952,47.91621952,-95.53082603,-95.53082603,Northern Lake States Forest and Forage Region,K,Souris-Red-Rainy Region,H09,149,Northern Minnesota Glacial Lake Basins,88,Not_NEP,Not_NEP,MN,MN,IPL,IPL,Tribal,NWC_11_NO,NWC_11_NO,Base,NWC16_11_TSN,P10,Temperate Prairies,MN,TPL,Temperate Plains,IPL-PRLH,IPL-PRLH,PROB,MN_FRAME_2011,Minnesota,F27029,Include,Target,48,Lake Agassiz Plain,48d,Lake Agassiz Plains,PEM,PEM,PRLH,FLATS,IPL_PEM,106793.1242,35348.47915,1162222.837
8/24/2020,NWCA11-MN-0005,5876,7/28/2011,1,NWC_MN-10005,PLNLOW,Plains and Lowlands,UMW,Upper Midwest,St. Louis,Great Lakes Region,NE,Northcentral and Northeast,LRR K,Region_05,Target_Sampled,H0401020106,West Swan River-East Swan River,H040102010602,INLAND,47.44227021,47.44227021,-92.83921312,-92.83921312,Northern Lake States Forest and Forage Region,K,Great Lakes Region,H04,149,Northern Minnesota Glacial Lake Basins,88,Not_NEP,Not_NEP,MN,MN,EMU,EMU,Non-Federal,NWC_11_16,NWC_11_16,Base,NWC16_11_TSS,P23,Mixed Wood Shield,MN,NCE,North Central East,EMU-PRLW,EMU-PRLW,PROB,MN_FRAME_2011,Minnesota,F27137,Include,Target,50,Northern Lakes and Forests,50m,Mesabi Range,PSS,PSS,PRLW,FLATS,EMU_PSS,617165.8552,239836.9113,1113798.844
8/24/2020,NWCA11-MN-0006,5878,8/1/2011,1,NWC_MN-10006,PLNLOW,Plains and Lowlands,UMW,Upper Midwest,Morrison,Not Coast,NE,Northcentral and Northeast,LRR K,Region_05,Target_Sampled,H0701010408,Swan River,H070101040805,INLAND,45.85260342,45.85260342,-94.58520521,-94.58520521,Northern Lake States Forest and Forage Region,K,Upper Mississippi Region,H07,80,Northern Minnesota Gray Drift,57,Not_NEP,Not_NEP,MN,MN,EMU,EMU,Non-Federal,NWC_11_NO,NWC_11_NO,Base,NWC16_11_TSN,P23,Mixed Wood Plains,MN,NCE,North Central East,EMU-PRLH,EMU-PRLH,PROB,MN_FRAME_2011,Minnesota,F27097,Include,Target,51,North Central Hardwood Forests,51k,McGrath Till Plain and Drumlins,PEM,PEM,PRLH,DPRSS,EMU_PEM,209909.3913,109990.4074,934529.4171
8/24/2020,NWCA11-MN-0007,5910,8/9/2011,1,NWC_MN-10007,PLNLOW,Plains and Lowlands,UMW,Upper Midwest,Polk,Not Coast,NE,Northcentral and Northeast,LRR K,Region_05,Target_Sampled,H0902030504,Poplar River,H090203050401,INLAND,47.55232638,47.55232638,-95.58586757,-95.58586757,Northern Lake States Forest and Forage Region,K,Souris-Red-Rainy Region,H09,80,Northern Minnesota Gray Drift,57,Not_NEP,Not_NEP,MN,MN,EMU,EMU,Non-Federal,NWC_11_16,NWC_11_16,Base,NWC16_11_TSS,P23,Mixed Wood Plains,MN,NCE,North Central East,EMU-PRLH,EMU-PRLH,PROB,MN_FRAME_2011,Minnesota,F27119,Include,Target,51,North Central Hardwood Forests,51j,Alexandria Moraines and Detroit Lakes Outwash Plain,PSS,PEM,PRLH,DPRSS,EMU_PSS,209909.3913,31376.60901,1122036.789
8/24/2020,NWCA11-MN-0008,5885,8/18/2011,1,NWC_MN-10008,PLNLOW,Plains and Lowlands,TPL,Temporate Plains,Kittson,Not Coast,GT_PLAINS,Great Plains,LRR F,Region_05,Target_Sampled,H0902031206,North Branch Two Rivers,H090203120606,INLAND,48.82007342,48.82007342,-96.98673401,-96.98673401,Northern Great Plains Spring Wheat Region,F,Souris-Red-Rainy Region,H09,79,Red River Valley of the North,56,Not_NEP,Not_NEP,MN,MN,IPL,IPL,Non-Federal,NWC_11_NO,NWC_11_NO,Base,NWC16_11_TSN,P10,Temperate Prairies,MN,TPL,Temperate Plains,IPL-PRLH,IPL-PRLH,PROB,MN_FRAME_2011,Minnesota,F27069,Include,Target,48,Lake Agassiz Plain,48a,Glacial Lake Agassiz Basin,PEM,PEM,PRLH,FLATS,IPL_PEM,106793.1242,-73308.01577,1262046.493
8/24/2020,NWCA11-MN-0010,5882,8/11/2011,1,NWC_MN-10010,PLNLOW,Plains and Lowlands,UMW,Upper Midwest,Koochiching,Not Coast,NE,Northcentral and Northeast,LRR K,Region_05,Target_Sampled,H0903000607,City of Big Falls-Big Fork River,H090300060701,INLAND,47.96105302,47.96105302,-93.63516699,-93.63516699,Northern Lake States Forest and Forage Region,K,Souris-Red-Rainy Region,H09,149,Northern Minnesota Glacial Lake Basins,88,Not_NEP,Not_NEP,MN,MN,EMU,EMU,State,NWC_11_16,NWC_11_16,Base,NWC16_11_TSS,P10,Mixed Wood Shield,MN,NCE,North Central East,EMU-PRLW,EMU-PRLW,PROB,MN_FRAME_2011,Minnesota,F27071,Include,Target,49,Northern Minnesota Wetlands,49b,Forested Lake Plains,PFO,PFO,PRLW,FLATS,EMU_PFO,617165.8552,178030.4101,1169295.898
8/24/2020,NWCA11-MN-0011,5883,8/12/2011,1,NWC_MN-10011,PLNLOW,Plains and Lowlands,UMW,Upper Midwest,Otter Tail,Not Coast,NE,Northcentral and Northeast,LRR K,Region_05,Target_Sampled,H0902010306,Otter Tail Lake-Otter Tail River,H090201030602,INLAND,46.59056752,46.59056752,-95.62185967,-95.62185967,Northern Lake States Forest and Forage Region,K,Souris-Red-Rainy Region,H09,155,Central Minnesota Sandy Outwash,91A,Not_NEP,Not_NEP,MN,MN,EMU,EMU,Non-Federal,NWC_11_NO,NWC_11_NO,Base,NWC16_11_TSN,P23,Mixed Wood Plains,MN,NCE,North Central East,EMU-PRLW,EMU-PRLW,PROB,MN_FRAME_2011,Minnesota,F27111,Include,Target,51,North Central Hardwood Forests,51j,Alexandria Moraines and Detroit Lakes Outwash Plain,PEM,PSS,PRLW,DPRSS,EMU_PEM,209909.3913,29073.06652,1015625.233
8/24/2020,NWCA11-MN-0017,5888,6/28/2011,1,NWC_MN-10017,PLNLOW,Plains and Lowlands,UMW,Upper Midwest,Pine,Not Coast,NE,Northcentral and Northeast,LRR K,Region_05,Target_Sampled,H0703000305,Grindstone River,H070300030503,INLAND,46.05053768,46.05053768,-92.94901057,-92.94901057,Northern Lake States Forest and Forage Region,K,Upper Mississippi Region,H07,152,"Wisconsin and Minnesota Thin Loess and Till, Northern Part",90A,Not_NEP,Not_NEP,MN,MN,EMU,EMU,Non-Federal,NWC_11_NO,NWC_11_NO,Base,NWC16_11_TSN,P23,Mixed Wood Shield,MN,NCE,North Central East,EMU-PRLW,EMU-PRLW,PROB,MN_FRAME_2011,Minnesota,F27115,Include,Target,50,Northern Lakes and Forests,50b,Minnesota/Wisconsin Upland Till Plain,PEM,PSS,PRLW,FLATS,EMU_PEM,617165.8552,236455.8358,959478.9152
8/24/2020,NWCA11-MN-0018,5890,6/23/2011,1,NWC_MN-10018,PLNLOW,Plains and Lowlands,UMW,Upper Midwest,Washington,Not Coast,NE,Northcentral and Northeast,LRR K,Region_05,Target_Sampled,H0701020603,Rice Creek,H070102060302,INLAND,45.20368509,45.20368509,-92.91925419,-92.91925419,Northern Lake States Forest and Forage Region,K,Upper Mississippi Region,H07,153,"Wisconsin and Minnesota Thin Loess and Till, Southern Part",90B,Not_NEP,Not_NEP,MN,MN,EMU,EMU,Non-Federal,NWC_11_NO,NWC_11_NO,Base,NWC16_11_TSN,P23,Mixed Wood Plains,MN,NCE,North Central East,EMU-PRLW,EMU-PRLW,PROB,MN_FRAME_2011,Minnesota,F27163,Include,Target,51,North Central Hardwood Forests,51a,St. Croix Stagnation Moraines,PFO,PFO,PRLW,DPRSS,EMU_PFO,209909.3913,241810.7723,865514.4389
8/24/2020,NWCA11-MN-0019,5892,8/15/2011,1,NWC_MN-10019,PLNLOW,Plains and Lowlands,TPL,Temporate Plains,Mahnomen,Not Coast,MIDWEST,Midwest,LRR M,Region_05,Target_Sampled,H0902010807,Marsh Creek,H090201080703,INLAND,47.42212069,47.42212069,-96.02988914,-96.02988914,Central Feed Grains and Livestock Region,M,Souris-Red-Rainy Region,H09,173,Rolling Till Prairie,102A,Not_NEP,Not_NEP,MN,MN,IPL,IPL,Tribal,NWC_11_NO,NWC_11_NO,Base,NWC16_11_TSN,P23,Temperate Prairies,MN,TPL,Temperate Plains,IPL-PRLH,IPL-PRLH,PROB,MN_FRAME_2011,Minnesota,F27087,Include,Target,48,Lake Agassiz Plain,48d,Lake Agassiz Plains,PFO,PEM,PRLH,DPRSS,IPL_PFO,106793.1242,-2269.072352,1107583.854
8/24/2020,NWCA11-MN-0020,5894,8/17/2011,1,NWC_MN-10020,PLNLOW,Plains and Lowlands,UMW,Upper Midwest,Beltrami,Not Coast,NE,Northcentral and Northeast,LRR K,Region_05,Target_Sampled,H0902030203,Manomin Creek,H090203020300,INLAND,48.12189153,48.12189153,-95.13415244,-95.13415244,Northern Lake States Forest and Forage Region,K,Souris-Red-Rainy Region,H09,149,Northern Minnesota Glacial Lake Basins,88,Not_NEP,Not_NEP,MN,MN,EMU,EMU,Tribal,NWC_11_NO,NWC_11_NO,Base,NWC16_11_TSN,P10,Mixed Wood Shield,MN,NCE,North Central East,EMU-PRLW,EMU-PRLW,PROB,MN_FRAME_2011,Minnesota,F27007,Include,Target,49,Northern Minnesota Wetlands,49a,Peatlands,PFO,PFO,PRLW,FLATS,EMU_PFO,617165.8552,65027.37772,1185110.587
8/24/2020,NWCA11-MN-0021,5895,8/8/2011,1,NWC_MN-10021,PLNLOW,Plains and Lowlands,UMW,Upper Midwest,Beltrami,Not Coast,NE,Northcentral and Northeast,LRR K,Region_05,Target_Sampled,H0701010104,Turtle River,H070101010409,INLAND,47.57609578,47.57609578,-94.51528939,-94.51528939,Northern Lake States Forest and Forage Region,K,Upper Mississippi Region,H07,80,Northern Minnesota Gray Drift,57,Not_NEP,Not_NEP,MN,MN,EMU,EMU,State,NWC_11_NO,NWC_11_NO,Base,NWC16_11_TSN,P23,Mixed Wood Shield,MN,NCE,North Central East,EMU-PRLH,EMU-PRLH,PROB,MN_FRAME_2011,Minnesota,F27007,Include,Target,50,Northern Lakes and Forests,50r,Chippewa Plains,PEM,PEM,PRLH,FLATS,EMU_PEM,617165.8552,112443.3834,1125472.098
8/24/2020,NWCA11-MN-0024,5897,8/10/2011,1,NWC_MN-10024,PLNLOW,Plains and Lowlands,UMW,Upper Midwest,Lake of the Woods,Not Coast,NE,Northcentral and Northeast,LRR K,Region_05,Target_Sampled,H0903000703,North Branch Rapid River,H090300070303,INLAND,48.46242007,48.46242007,-95.14854739,-95.14854739,Northern Lake States Forest and Forage Region,K,Souris-Red-Rainy Region,H09,149,Northern Minnesota Glacial Lake Basins,88,Not_NEP,Not_NEP,MN,MN,EMU,EMU,State,NWC_11_16,NWC_11_16,Base,NWC16_11_TSS,P10,Mixed Wood Shield,MN,NCE,North Central East,EMU-PRLW,EMU-PRLW,PROB,MN_FRAME_2011,Minnesota,F27077,Include,Target,49,Northern Minnesota Wetlands,49a,Peatlands,PFO,PFO,PRLW,FLATS,EMU_PFO,617165.8552,63610.24287,1222609.188
8/24/2020,NWCA11-MN-0025,5898,8/3/2011,1,NWC_MN-10025,PLNLOW,Plains and Lowlands,TPL,Temporate Plains,Meeker,Not Coast,MIDWEST,Midwest,LRR M,Region_05,Target_Sampled,H0701020403,Jewetts Creek-North Fork Crow River,H070102040302,INLAND,45.17368052,45.17368052,-94.63704451,-94.63704451,Central Feed Grains and Livestock Region,M,Upper Mississippi Region,H07,176,Central Iowa and Minnesota Till Prairies,103,Not_NEP,Not_NEP,MN,MN,IPL,IPL,Non-Federal,NWC_11_NO,NWC_11_NO,Base,NWC16_11_TSN,P23,Temperate Prairies,MN,TPL,Temperate Plains,IPL-PRLW,IPL-PRLW,PROB,MN_FRAME_2011,Minnesota,F27093,Include,Target,47,Western Corn Belt Plains,47b,Des Moines Lobe,PSS,PSS,PRLW,RIVERINE,IPL_PSS,106793.1242,107042.6525,859024.9002
8/24/2020,NWCA11-MN-0026,5900,8/31/2011,1,NWC_MN-10026,PLNLOW,Plains and Lowlands,UMW,Upper Midwest,Koochiching,Not Coast,NE,Northcentral and Northeast,LRR K,Region_05,Target_Sampled,H0903000609,Bear River,H090300060903,INLAND,48.40682295,48.40682295,-93.63881003,-93.63881003,Northern Lake States Forest and Forage Region,K,Souris-Red-Rainy Region,H09,149,Northern Minnesota Glacial Lake Basins,88,Not_NEP,Not_NEP,MN,MN,EMU,EMU,Non-Federal,NWC_11_NO,NWC_11_NO,Base,NWC16_11_TSN,P10,Mixed Wood Shield,MN,NCE,North Central East,EMU-PRLW,EMU-PRLW,PROB,MN_FRAME_2011,Minnesota,F27071,Include,Target,49,Northern Minnesota Wetlands,49b,Forested Lake Plains,PSS,PFO,PRLW,FLATS,EMU_PSS,617165.8552,176535.8329,1218396.71
8/24/2020,NWCA11-MN-0027,5902,8/2/2011,1,NWC_MN-10027,PLNLOW,Plains and Lowlands,TPL,Temporate Plains,Stevens,Not Coast,MIDWEST,Midwest,LRR M,Region_05,Target_Sampled,H0702000203,Middle Pomme de Terre River,H070200020304,INLAND,45.6440147,45.6440147,-95.85278726,-95.85278726,Central Feed Grains and Livestock Region,M,Upper Mississippi Region,H07,173,Rolling Till Prairie,102A,Not_NEP,Not_NEP,MN,MN,IPL,IPL,Non-Federal,NWC_11_16,NWC_11_16,Base,NWC16_11_TSS,P23,Temperate Prairies,MN,TPL,Temperate Plains,IPL-PRLH,IPL-PRLH,PROB,MN_FRAME_2011,Minnesota,F27149,Include,Target,46,Northern Glaciated Plains,46e,Tewaukon/Big Stone Stagnation Moraine,PEM,PEM,PRLH,DPRSS,IPL_PEM,106793.1242,11481.06835,910551.7654
8/24/2020,NWCA11-MN-0029,5904,8/22/2011,1,NWC_MN-10029,PLNLOW,Plains and Lowlands,UMW,Upper Midwest,Isanti,Not Coast,NE,Northcentral and Northeast,LRR K,Region_05,Target_Sampled,H0701020705,Middle Rum River,H070102070505,INLAND,45.65363979,45.65363979,-93.23111357,-93.23111357,Northern Lake States Forest and Forage Region,K,Upper Mississippi Region,H07,156,Wisconsin and Minnesota Sandy Outwash,91B,Not_NEP,Not_NEP,MN,MN,EMU,EMU,Non-Federal,NWC_11_NO,NWC_11_NO,Base,NWC16_11_TSN,P23,Mixed Wood Plains,MN,NCE,North Central East,EMU-PRLW,EMU-PRLW,PROB,MN_FRAME_2011,Minnesota,F27059,Include,Target,51,North Central Hardwood Forests,51k,McGrath Till Plain and Drumlins,PSS,PSS,PRLW,SLOPE,EMU_PSS,209909.3913,215882.8344,914757.4098
8/24/2020,NWCA11-MN-0030,5906,8/30/2011,1,NWC_MN-10030,PLNLOW,Plains and Lowlands,UMW,Upper Midwest,Lake of the Woods,Not Coast,NE,Northcentral and Northeast,LRR K,Region_05,Target_Sampled,H0903000807,Rainy River,H090300080704,INLAND,48.60055926,48.60055926,-94.65191038,-94.65191038,Northern Lake States Forest and Forage Region,K,Souris-Red-Rainy Region,H09,149,Northern Minnesota Glacial Lake Basins,88,Not_NEP,Not_NEP,MN,MN,EMU,EMU,Non-Federal,NWC_11_16,NWC_11_16,Base,NWC16_11_TSS,P10,Mixed Wood Shield,MN,NCE,North Central East,EMU-PRLW,EMU-PRLW,PROB,MN_FRAME_2011,Minnesota,F27077,Include,Target,49,Northern Minnesota Wetlands,49a,Peatlands,PFO,PFO,PRLW,FLATS,EMU_PFO,617165.8552,100495.2844,1238239.019
8/24/2020,NWCA11-MN-0032,5908,8/24/2011,1,NWC_MN-10032,PLNLOW,Plains and Lowlands,TPL,Temporate Plains,Freeborn,Not Coast,MIDWEST,Midwest,LRR M,Region_05,Target_Sampled,H0708020201,Headwaters Shell Rock River,H070802020101,INLAND,43.72300705,43.72300705,-93.35369396,-93.35369396,Central Feed Grains and Livestock Region,M,Upper Mississippi Region,H07,176,Central Iowa and Minnesota Till Prairies,103,Not_NEP,Not_NEP,MN,MN,IPL,IPL,Non-Federal,NWC_11_16,NWC_11_16,Base,NWC16_11_TSS,P21,Temperate Prairies,MN,TPL,Temperate Plains,IPL-PRLW,IPL-PRLW,PROB,MN_FRAME_2011,Minnesota,F27047,Include,Target,47,Western Corn Belt Plains,47c,Eastern Iowa and Minnesota Drift Plains,PFO,PSS,PRLW,DPRSS,IPL_PFO,106793.1242,212313.5714,699592.1793
8/24/2020,NWCA11-ND-5001,3456,7/6/2011,1,NWC_ND-10001,PLNLOW,Plains and Lowlands,TPL,Temporate Plains,Stutsman,Not Coast,GT_PLAINS,Great Plains,LRR F,Region_08,Target_Sampled,H1016000106,Jamestown Reservoir,H101600010607,INLAND,47.1998662,47.1998662,-98.78775465,-98.78775465,Northern Great Plains Spring Wheat Region,F,Missouri Region,H10,77,Central Black Glaciated Plains,55B,Not_NEP,Not_NEP,ND,ND,IPL,IPL,Non-Federal,NWC_11_16,NWC_11_16,Revisit,NWC16_11_TSS,P10,PEM,ND,TPL,Temperate Plains,IPL-PRLH,IPL-PRLH,PROB,FWS_ST_2005,North Dakota,F38093,ND,Target,46,Northern Glaciated Plains,46f,End Moraine Complex,PEM,PEM,PRLH,DPRSS,IPL_PEM,62284.64362,-212326.2398,1086128.783
8/24/2020,NWCA11-ND-5001,3457,7/21/2011,2,NWC_ND-10001,PLNLOW,Plains and Lowlands,TPL,Temporate Plains,Stutsman,Not Coast,GT_PLAINS,Great Plains,LRR F,Region_08,Target_Sampled,H1016000106,Jamestown Reservoir,H101600010607,INLAND,47.1998662,47.1998662,-98.78775465,-98.78775465,Northern Great Plains Spring Wheat Region,F,Missouri Region,H10,77,Central Black Glaciated Plains,55B,Not_NEP,Not_NEP,ND,ND,IPL,IPL,Non-Federal,NWC_11_16,NWC_11_16,Revisit,NWC16_11_TSS,P10,PEM,ND,TPL,Temperate Plains,IPL-PRLH,IPL-PRLH,PROB,FWS_ST_2005,North Dakota,F38093,ND,Target,46,Northern Glaciated Plains,46f,End Moraine Complex,PEM,PEM,PRLH,DPRSS,IPL_PEM,62284.64362,-212326.2398,1086128.783
8/24/2020,NWCA11-ND-5003,3631,7/21/2011,2,NWC_ND-10003,PLNLOW,Plains and Lowlands,NPL,Northern Plains,Sheridan,Not Coast,GT_PLAINS,Great Plains,LRR F,Region_08,Target_Sampled,H0902020202,Headwaters Sheyenne River,H090202020201,INLAND,47.60235854,47.60235854,-100.4083563,-100.4083563,Northern Great Plains Spring Wheat Region,F,Souris-Red-Rainy Region,H09,77,Central Black Glaciated Plains,55B,Not_NEP,Not_NEP,ND,ND,IPL,IPL,Non-Federal,NWC_11_16,NWC_11_16,Base,NWC16_11_TSS,P23,PEM,ND,GPL,Great Plains,IPL-PRLH,IPL-PRLH,PROB,FWS_ST_2005,North Dakota,F38083,ND,Target,42,Northwestern Glaciated Plains,42a,Missouri Coteau,PEM,PEM,PRLH,DPRSS,IPL_PEM,22698.46127,-333622.7376,1135233.516
8/24/2020,NWCA11-ND-5003,3630,7/7/2011,1,NWC_ND-10003,PLNLOW,Plains and Lowlands,NPL,Northern Plains,Sheridan,Not Coast,GT_PLAINS,Great Plains,LRR F,Region_08,Target_Sampled,H0902020202,Headwaters Sheyenne River,H090202020201,INLAND,47.60235854,47.60235854,-100.4083563,-100.4083563,Northern Great Plains Spring Wheat Region,F,Souris-Red-Rainy Region,H09,77,Central Black Glaciated Plains,55B,Not_NEP,Not_NEP,ND,ND,IPL,IPL,Non-Federal,NWC_11_16,NWC_11_16,Base,NWC16_11_TSS,P23,PEM,ND,GPL,Great Plains,IPL-PRLH,IPL-PRLH,PROB,FWS_ST_2005,North Dakota,F38083,ND,Target,42,Northwestern Glaciated Plains,42a,Missouri Coteau,PEM,PEM,PRLH,DPRSS,IPL_PEM,22698.46127,-333622.7376,1135233.516
8/24/2020,NWCA11-ND-5004,3632,7/18/2011,1,NWC_ND-10004,PLNLOW,Plains and Lowlands,TPL,Temporate Plains,Bottineau,Not Coast,GT_PLAINS,Great Plains,LRR F,Region_08,Target_Sampled,H0901000308,Boundary Creek,H090100030803,INLAND,48.87971857,48.87971857,-100.6634893,-100.6634893,Northern Great Plains Spring Wheat Region,F,Souris-Red-Rainy Region,H09,76,Northern Black Glaciated Plains,55A,Not_NEP,Not_NEP,ND,ND,IPL,IPL,Non-Federal,NWC_11_NO,NWC_11_NO,Base,NWC16_11_TSN,P10,PEM,ND,TPL,Temperate Plains,IPL-PRLH,IPL-PRLH,PROB,FWS_ST_2005,North Dakota,F38009,ND,Target,46,Northern Glaciated Plains,46c,Glacial Lake Basins,PEM,PEM,PRLH,SLOPE,IPL_PEM,62284.64362,-346013.0077,1276712.752
8/24/2020,NWCA11-ND-5006,3643,7/11/2011,1,NWC_ND-10006,PLNLOW,Plains and Lowlands,TPL,Temporate Plains,Nelson,Not Coast,GT_PLAINS,Great Plains,LRR F,Region_08,Target_Sampled,H0902020303,McVille Coulee-Sheyenne River,H090202030302,INLAND,47.82536138,47.82536138,-98.17375965,-98.17375965,Northern Great Plains Spring Wheat Region,F,Souris-Red-Rainy Region,H09,77,Central Black Glaciated Plains,55B,Not_NEP,Not_NEP,ND,ND,IPL,IPL,FWS,NWC_11_NO,NWC_11_NO,Base,NWC16_11_TSN,P10,PEM,ND,TPL,Temperate Plains,IPL-PRLH,IPL-PRLH,PROB,FWS_ST_2005,North Dakota,F38063,ND,Target,46,Northern Glaciated Plains,46i,Drift Plains,PEM,PEM,PRLH,DPRSS,IPL_PEM,62284.64362,-163990.9318,1153987.066
8/24/2020,NWCA11-ND-5007,3636,7/13/2011,1,NWC_ND-10007,PLNLOW,Plains and Lowlands,NPL,Northern Plains,Billings,Not Coast,GT_PLAINS,Great Plains,LRR F,Region_08,Target_Sampled,H1011020501,Beicegel Creek,H101102050101,INLAND,47.24484479,47.24484479,-103.2891672,-103.2891672,Northern Great Plains Spring Wheat Region,F,Missouri Region,H10,75,Rolling Soft Shale Plain,54,Not_NEP,Not_NEP,ND,ND,IPL,IPL,State,NWC_11_NO,NWC_11_NO,Base,NWC16_11_TSN,P33,PSS,ND,GPL,Great Plains,IPL-PRLH,IPL-PRLH,PROB,FWS_ST_2005,North Dakota,F38007,ND,Target,43,Northwestern Great Plains,43b,Little Missouri Badlands,PSS,PEM,PRLH,RIVERINE,IPL_PSS,6105.2518,-554325.5819,1109257.141
8/24/2020,NWCA11-ND-5008,3637,7/20/2011,1,NWC_ND-10008,PLNLOW,Plains and Lowlands,TPL,Temporate Plains,Renville,Not Coast,GT_PLAINS,Great Plains,LRR F,Region_08,Target_Sampled,H0901000502,Little Deep Creek,H090100050201,INLAND,48.85374785,48.85374785,-101.734306,-101.734306,Northern Great Plains Spring Wheat Region,F,Souris-Red-Rainy Region,H09,76,Northern Black Glaciated Plains,55A,Not_NEP,Not_NEP,ND,ND,IPL,IPL,Non-Federal,NWC_11_NO,NWC_11_NO,Base,NWC16_11_TSN,P10,PEM,ND,TPL,Temperate Plains,IPL-PRLH,IPL-PRLH,PROB,FWS_ST_2005,North Dakota,F38075,ND,Target,46,Northern Glaciated Plains,46g,Northern Black Prairie,PEM,PEM,PRLH,DPRSS,IPL_PEM,62284.64362,-425548.1835,1278209.805
8/24/2020,NWCA11-ND-5010,3638,7/5/2011,1,NWC_ND-10010,PLNLOW,Plains and Lowlands,TPL,Temporate Plains,Ransom,Not Coast,GT_PLAINS,Great Plains,LRR F,Region_08,Target_Sampled,H0902020405,Pigeon Point-Sheyenne River,H090202040501,INLAND,46.35418968,46.35418968,-97.46821227,-97.46821227,Northern Great Plains Spring Wheat Region,F,Souris-Red-Rainy Region,H09,79,Red River Valley of the North,56,Not_NEP,Not_NEP,ND,ND,IPL,IPL,Non-Federal,NWC_11_NO,NWC_11_NO,Base,NWC16_11_TSN,P10,PEM,ND,TPL,Temperate Plains,IPL-PRLH,IPL-PRLH,PROB,FWS_ST_2005,North Dakota,F38073,ND,Target,48,Lake Agassiz Plain,48b,Beach Ridges and Sand Deltas,PEM,PEM,PRLH,DPRSS,IPL_PEM,62284.64362,-113283.094,990241.9886
8/24/2020,NWCA11-ND-5011,3639,7/7/2011,1,NWC_ND-10011,PLNLOW,Plains and Lowlands,NPL,Northern Plains,Burleigh,Not Coast,GT_PLAINS,Great Plains,LRR F,Region_08,Target_Sampled,H1013010106,Painted Woods Creek,H101301010602,INLAND,47.18449931,47.18449931,-100.4013753,-100.4013753,Northern Great Plains Spring Wheat Region,F,Missouri Region,H10,73,Central Dark Brown Glaciated Plains,53B,Not_NEP,Not_NEP,ND,ND,IPL,IPL,FWS,NWC_11_NO,NWC_11_NO,Base,NWC16_11_TSN,P23,PEM,ND,GPL,Great Plains,IPL-PRLH,IPL-PRLH,PROB,FWS_ST_2005,North Dakota,F38015,ND,Target,42,Northwestern Glaciated Plains,42a,Missouri Coteau,PEM,PEM,PRLH,DPRSS,IPL_PEM,22698.46127,-335232.7788,1089079.283
8/24/2020,NWCA11-ND-5012,3640,7/19/2011,1,NWC_ND-10012,PLNLOW,Plains and Lowlands,NPL,Northern Plains,Burke,Not Coast,GT_PLAINS,Great Plains,LRR F,Region_08,Target_Sampled,H0901000709,East Branch Short Creek,H090100070904,INLAND,48.76973667,48.76973667,-102.6442219,-102.6442219,Northern Great Plains Spring Wheat Region,F,Souris-Red-Rainy Region,H09,73,Central Dark Brown Glaciated Plains,53B,Not_NEP,Not_NEP,ND,ND,IPL,IPL,Non-Federal,NWC_11_NO,NWC_11_NO,Base,NWC16_11_TSN,P23,PEM,ND,GPL,Great Plains,IPL-PRLH,IPL-PRLH,PROB,FWS_ST_2005,North Dakota,F38013,ND,Target,42,Northwestern Glaciated Plains,42d,Northern Missouri Coteau,PEM,PEM,PRLH,DPRSS,IPL_PEM,22698.46127,-493616.501,1273394.931
8/24/2020,NWCA11-ND-5013,3641,7/12/2011,1,NWC_ND-10013,PLNLOW,Plains and Lowlands,TPL,Temporate Plains,Pierce,Not Coast,GT_PLAINS,Great Plains,LRR F,Region_08,Target_Sampled,H0901000406,Snake Creek,H090100040602,INLAND,48.38973022,48.38973022,-99.7300172,-99.7300172,Northern Great Plains Spring Wheat Region,F,Souris-Red-Rainy Region,H09,76,Northern Black Glaciated Plains,55A,Not_NEP,Not_NEP,ND,ND,IPL,IPL,State,NWC_11_NO,NWC_11_NO,Base,NWC16_11_TSN,P10,PEM,ND,TPL,Temperate Plains,IPL-PRLH,IPL-PRLH,PROB,FWS_ST_2005,North Dakota,F38069,ND,Target,46,Northern Glaciated Plains,46f,End Moraine Complex,PEM,PEM,PRLH,DPRSS,IPL_PEM,62284.64362,-278907.9893,1219795.694
8/24/2020,NWCA11-ND-5015,4787,7/14/2011,1,NWC_ND-10015,PLNLOW,Plains and Lowlands,NPL,Northern Plains,Adams,Not Coast,GT_PLAINS,Great Plains,LRR F,Region_08,Target_Sampled,H1013020504,Goose Creek,H101302050404,INLAND,46.16899306,46.16899306,-102.4654163,-102.4654163,Northern Great Plains Spring Wheat Region,F,Missouri Region,H10,75,Rolling Soft Shale Plain,54,Not_NEP,Not_NEP,ND,ND,IPL,IPL,Non-Federal,NWC_11_16,NWC_11_16,Base,NWC16_11_TSS,P33,PEM,ND,GPL,Great Plains,IPL-PRLH,IPL-PRLH,PROB,FWS_ST_2005,North Dakota,F38001,ND,Target,43,Northwestern Great Plains,43a,Missouri Plateau,PEM,PEM,PRLH,RIVERINE,IPL_PEM,201513.8362,-499884.6148,985837.571
8/24/2020,NWCA11-ND-5016,4939,6/22/2011,1,NWC_ND-10016,PLNLOW,Plains and Lowlands,TPL,Temporate Plains,Pembina,Not Coast,GT_PLAINS,Great Plains,LRR F,Region_08,Target_Sampled,H0902031609,Lower Tongue River,H090203160901,INLAND,48.79833409,48.79833409,-97.73304305,-97.73304305,Northern Great Plains Spring Wheat Region,F,Souris-Red-Rainy Region,H09,79,Red River Valley of the North,56,Not_NEP,Not_NEP,ND,ND,IPL,IPL,Non-Federal,NWC_11_16,NWC_11_16,Base,NWC16_11_TSS,P10,PFO,ND,TPL,Temperate Plains,IPL-PRLW,IPL-PRLW,PROB,FWS_ST_2005,North Dakota,F38067,ND,Target,48,Lake Agassiz Plain,48b,Beach Ridges and Sand Deltas,PFO,PFO,PRLW,RIVERINE,IPL_PFO,1171.98102,-128792.7497,1260450.611
8/24/2020,NWCA11-ND-5017,5040,7/27/2011,1,NWC_ND-10017,PLNLOW,Plains and Lowlands,TPL,Temporate Plains,Walsh,Not Coast,GT_PLAINS,Great Plains,LRR F,Region_08,Target_Sampled,H0902020113,McHugh Slough,H090202011301,INLAND,48.35182675,48.35182675,-98.22834375,-98.22834375,Northern Great Plains Spring Wheat Region,F,Souris-Red-Rainy Region,H09,76,Northern Black Glaciated Plains,55A,Not_NEP,Not_NEP,ND,ND,IPL,IPL,Non-Federal,NWC_11_NO,NWC_11_NO,Base,NWC16_11_TSN,P10,PEM,ND,TPL,Temperate Plains,IPL-PRLH,IPL-PRLH,PROB,FWS_ST_2005,North Dakota,F38099,ND,Target,46,Northern Glaciated Plains,46i,Drift Plains,PEM,PEM,PRLH,DPRSS,IPL_PEM,62284.64362,-166747.3633,1212102.644
8/24/2020,NWCA11-ND-5018,5247,6/28/2011,1,NWC_ND-10018,PLNLOW,Plains and Lowlands,TPL,Temporate Plains,Bottineau,Not Coast,GT_PLAINS,Great Plains,LRR F,Region_08,Target_Sampled,H0901000322,Hulse Coulee-Souris River,H090100032202,INLAND,48.95548828,48.95548828,-101.23654,-101.23654,Northern Great Plains Spring Wheat Region,F,Souris-Red-Rainy Region,H09,76,Northern Black Glaciated Plains,55A,Not_NEP,Not_NEP,ND,ND,IPL,IPL,Non-Federal,NWC_11_NO,NWC_11_NO,Base,NWC16_11_TSN,P10,PEM,ND,TPL,Temperate Plains,IPL-PRLH,IPL-PRLH,PROB,FWS_ST_2005,North Dakota,F38009,ND,Target,46,Northern Glaciated Plains,46g,Northern Black Prairie,PEM,PEM,PRLH,DPRSS,IPL_PEM,62284.64362,-388031.9898,1287239.799
8/24/2020,NWCA11-ND-5019,5041,7/6/2011,1,NWC_ND-10019,PLNLOW,Plains and Lowlands,TPL,Temporate Plains,Nelson,Not Coast,GT_PLAINS,Great Plains,LRR F,Region_08,Target_Sampled,H0902020113,McHugh Slough,H090202011305,INLAND,47.93109344,47.93109344,-98.22120929,-98.22120929,Northern Great Plains Spring Wheat Region,F,Souris-Red-Rainy Region,H09,77,Central Black Glaciated Plains,55B,Not_NEP,Not_NEP,ND,ND,IPL,IPL,FWS,NWC_11_NO,NWC_11_NO,Base,NWC16_11_TSN,P10,PEM,ND,TPL,Temperate Plains,IPL-PRLH,IPL-PRLH,PROB,FWS_ST_2005,North Dakota,F38063,ND,Target,46,Northern Glaciated Plains,46i,Drift Plains,PEM,PEM,PRLH,FLATS,IPL_PEM,62284.64362,-167297.3257,1165731.468
8/24/2020,NWCA11-ND-5021,5042,6/16/2011,1,NWC_ND-10021,PLNLOW,Plains and Lowlands,NPL,Northern Plains,Dickey,Not Coast,GT_PLAINS,Great Plains,LRR F,Region_08,Target_Sampled,H1016000405,Elm Lake,H101600040501,INLAND,46.10872783,46.10872783,-98.89692164,-98.89692164,Northern Great Plains Spring Wheat Region,F,Missouri Region,H10,73,Central Dark Brown Glaciated Plains,53B,Not_NEP,Not_NEP,ND,ND,IPL,IPL,Non-Federal,NWC_11_NO,NWC_11_NO,Base,NWC16_11_TSN,P23,PEM,ND,GPL,Great Plains,IPL-PRLH,IPL-PRLH,PROB,FWS_ST_2005,North Dakota,F38021,ND,Target,42,Northwestern Glaciated Plains,42a,Missouri Coteau,PEM,PEM,PRLH,FRINGE,IPL_PEM,22698.46127,-224322.3613,965559.5152
8/24/2020,NWCA11-ND-5023,5043,6/30/2011,1,NWC_ND-10023,PLNLOW,Plains and Lowlands,NPL,Northern Plains,Burleigh,Not Coast,GT_PLAINS,Great Plains,LRR F,Region_08,Target_Sampled,H1013010314,McKenzie Slough State Game Management Area,H101301031401,INLAND,46.91598189,46.91598189,-100.2000472,-100.2000472,Northern Great Plains Spring Wheat Region,F,Missouri Region,H10,73,Central Dark Brown Glaciated Plains,53B,Not_NEP,Not_NEP,ND,ND,IPL,IPL,Non-Federal,NWC_11_NO,NWC_11_NO,Base,NWC16_11_TSN,P23,PEM,ND,GPL,Great Plains,IPL-PRLH,IPL-PRLH,PROB,FWS_ST_2005,North Dakota,F38015,ND,Target,42,Northwestern Glaciated Plains,42a,Missouri Coteau,PEM,PEM,PRLH,DPRSS,IPL_PEM,22698.46127,-321221.3368,1058705.24
8/24/2020,NWCA11-ND-5027,5044,7/25/2011,1,NWC_ND-10027,PLNLOW,Plains and Lowlands,NPL,Northern Plains,Slope,Not Coast,GT_PLAINS,Great Plains,LRR F,Region_08,Target_Sampled,H1013020503,Chanta Peta Creek,H101302050301,INLAND,46.42675111,46.42675111,-103.0896042,-103.0896042,Northern Great Plains Spring Wheat Region,F,Missouri Region,H10,75,Rolling Soft Shale Plain,54,Not_NEP,Not_NEP,ND,ND,IPL,IPL,Non-Federal,NWC_11_NO,NWC_11_NO,Base,NWC16_11_TSN,P33,PEM,ND,GPL,Great Plains,IPL-PRLH,IPL-PRLH,PROB,FWS_ST_2005,North Dakota,F38087,ND,Target,43,Northwestern Great Plains,43a,Missouri Plateau,PEM,PEM,PRLH,SLOPE,IPL_PEM,201513.8362,-545928.6503,1017784.64
8/24/2020,NWCA11-ND-5030,5047,7/26/2011,1,NWC_ND-10030,PLNLOW,Plains and Lowlands,TPL,Temporate Plains,Walsh,Not Coast,GT_PLAINS,Great Plains,LRR F,Region_08,Target_Sampled,H0902020113,McHugh Slough,H090202011301,INLAND,48.23662272,48.23662272,-98.26238479,-98.26238479,Northern Great Plains Spring Wheat Region,F,Souris-Red-Rainy Region,H09,76,Northern Black Glaciated Plains,55A,Not_NEP,Not_NEP,ND,ND,IPL,IPL,Non-Federal,NWC_11_NO,NWC_11_NO,Base,NWC16_11_TSN,P10,PEM,ND,TPL,Temperate Plains,IPL-PRLH,IPL-PRLH,PROB,FWS_ST_2005,North Dakota,F38099,ND,Target,46,Northern Glaciated Plains,46i,Drift Plains,PEM,PEM,PRLH,DPRSS,IPL_PEM,62284.64362,-169596.2527,1199476.554
8/24/2020,NWCA11-ND-5032,5048,6/30/2011,1,NWC_ND-10032,PLNLOW,Plains and Lowlands,TPL,Temporate Plains,Bottineau,Not Coast,GT_PLAINS,Great Plains,LRR F,Region_08,Target_Sampled,H0901000504,Lower Cut Bank Creek,H090100050402,INLAND,48.6880035,48.6880035,-101.2200212,-101.2200212,Northern Great Plains Spring Wheat Region,F,Souris-Red-Rainy Region,H09,76,Northern Black Glaciated Plains,55A,Not_NEP,Not_NEP,ND,ND,IPL,IPL,Non-Federal,NWC_11_NO,NWC_11_NO,Base,NWC16_11_TSN,P10,PEM,ND,TPL,Temperate Plains,IPL-PRLH,IPL-PRLH,PROB,FWS_ST_2005,North Dakota,F38009,ND,Target,46,Northern Glaciated Plains,46g,Northern Black Prairie,PEM,PEM,PRLH,DPRSS,IPL_PEM,62284.64362,-388423.33,1257815.366
8/24/2020,NWCA11-ND-5034,5049,7/5/2011,1,NWC_ND-10034,PLNLOW,Plains and Lowlands,TPL,Temporate Plains,Steele,Not Coast,GT_PLAINS,Great Plains,LRR F,Region_08,Target_Sampled,H0902020501,Headwaters Maple River,H090202050102,INLAND,47.27393339,47.27393339,-97.74974209,-97.74974209,Northern Great Plains Spring Wheat Region,F,Souris-Red-Rainy Region,H09,77,Central Black Glaciated Plains,55B,Not_NEP,Not_NEP,ND,ND,IPL,IPL,Non-Federal,NWC_11_NO,NWC_11_NO,Base,NWC16_11_TSN,P10,PEM,ND,TPL,Temperate Plains,IPL-PRLH,IPL-PRLH,PROB,FWS_ST_2005,North Dakota,F38091,ND,Target,46,Northern Glaciated Plains,46i,Drift Plains,PEM,PEM,PRLH,DPRSS,IPL_PEM,62284.64362,-133127.9675,1092429.75
8/24/2020,NWCA11-ND-5037,5050,7/18/2011,1,NWC_ND-10037,PLNLOW,Plains and Lowlands,NPL,Northern Plains,McLean,Not Coast,GT_PLAINS,Great Plains,LRR F,Region_08,Target_Sampled,H1013010105,City of McCluskey,H101301010505,INLAND,47.36765836,47.36765836,-100.806231,-100.806231,Northern Great Plains Spring Wheat Region,F,Missouri Region,H10,73,Central Dark Brown Glaciated Plains,53B,Not_NEP,Not_NEP,ND,ND,IPL,IPL,FWS,NWC_11_NO,NWC_11_NO,Base,NWC16_11_TSN,P23,PUBPAB,ND,GPL,Great Plains,IPL-PRLH,IPL-PRLH,PROB,FWS_ST_2005,North Dakota,F38055,ND,Target,42,Northwestern Glaciated Plains,42a,Missouri Coteau,PUBPAB,PEM,PRLH,FRINGE,IPL_PUBPAB,3503.5706,-365019.9334,1110796.931
8/24/2020,NWCA11-ND-5040,5183,6/27/2011,1,NWC_ND-10040,PLNLOW,Plains and Lowlands,TPL,Temporate Plains,Rolette,Not Coast,GT_PLAINS,Great Plains,LRR F,Region_08,Target_Sampled,H0901000403,Ox Creek,H090100040301,INLAND,48.8177986,48.8177986,-99.68523507,-99.68523507,Northern Great Plains Spring Wheat Region,F,Souris-Red-Rainy Region,H09,76,Northern Black Glaciated Plains,55A,Not_NEP,Not_NEP,ND,ND,IPL,IPL,Tribal,NWC_11_NO,NWC_11_NO,Base,NWC16_11_TSN,P10,PEM,ND,TPL,Temperate Plains,IPL-PRLH,IPL-PRLH,PROB,FWS_ST_2005,North Dakota,F38079,ND,Target,46,Northern Glaciated Plains,46g,Northern Black Prairie,PEM,PEM,PRLH,DPRSS,IPL_PEM,62284.64362,-273735.3558,1266724.037
8/24/2020,NWCA11-ND-5042,5184,7/14/2011,1,NWC_ND-10042,PLNLOW,Plains and Lowlands,TPL,Temporate Plains,McHenry,Not Coast,GT_PLAINS,Great Plains,LRR F,Region_08,Target_Sampled,H0901000302,Lower Wintering River,H090100030204,INLAND,48.07131867,48.07131867,-100.4196745,-100.4196745,Northern Great Plains Spring Wheat Region,F,Souris-Red-Rainy Region,H09,77,Central Black Glaciated Plains,55B,Not_NEP,Not_NEP,ND,ND,IPL,IPL,Non-Federal,NWC_11_NO,NWC_11_NO,Base,NWC16_11_TSN,P10,PEM,ND,TPL,Temperate Plains,IPL-PRLH,IPL-PRLH,PROB,FWS_ST_2005,North Dakota,F38049,ND,Target,46,Northern Glaciated Plains,46i,Drift Plains,PEM,PEM,PRLH,DPRSS,IPL_PEM,62284.64362,-332073.0456,1186962.664
8/24/2020,NWCA11-ND-5043,5185,6/21/2011,1,NWC_ND-10043,PLNLOW,Plains and Lowlands,NPL,Northern Plains,Logan,Not Coast,GT_PLAINS,Great Plains,LRR F,Region_08,Target_Sampled,H1013010307,Streeter Flats,H101301030702,INLAND,46.53659176,46.53659176,-99.4299626,-99.4299626,Northern Great Plains Spring Wheat Region,F,Missouri Region,H10,73,Central Dark Brown Glaciated Plains,53B,Not_NEP,Not_NEP,ND,ND,IPL,IPL,Non-Federal,NWC_11_NO,NWC_11_NO,Base,NWC16_11_TSN,P23,PEM,ND,GPL,Great Plains,IPL-PRLH,IPL-PRLH,PROB,FWS_ST_2005,North Dakota,F38047,ND,Target,42,Northwestern Glaciated Plains,42a,Missouri Coteau,PEM,PEM,PRLH,DPRSS,IPL_PEM,22698.46127,-263869.6529,1014348.614
8/24/2020,NWCA11-ND-5046,5186,6/29/2011,1,NWC_ND-10046,PLNLOW,Plains and Lowlands,NPL,Northern Plains,Burleigh,Not Coast,GT_PLAINS,Great Plains,LRR F,Region_08,Target_Sampled,H1013010314,McKenzie Slough State Game Management Area,H101301031401,INLAND,46.91706278,46.91706278,-100.2371464,-100.2371464,Northern Great Plains Spring Wheat Region,F,Missouri Region,H10,73,Central Dark Brown Glaciated Plains,53B,Not_NEP,Not_NEP,ND,ND,IPL,IPL,Non-Federal,NWC_11_NO,NWC_11_NO,Base,NWC16_11_TSN,P23,PSS,ND,GPL,Great Plains,IPL-PRLH,IPL-PRLH,PROB,FWS_ST_2005,North Dakota,F38015,ND,Target,42,Northwestern Glaciated Plains,42a,Missouri Coteau,PSS,PEM,PRLH,DPRSS,IPL_PSS,687.69383,-324051.4987,1058950.716
8/24/2020,NWCA11-ND-5048,5187,7/13/2011,1,NWC_ND-10048,PLNLOW,Plains and Lowlands,NPL,Northern Plains,Ward,Not Coast,GT_PLAINS,Great Plains,LRR F,Region_08,Target_Sampled,H1011010131,Nelson-Carlson Lakes,H101101013100,INLAND,48.02947708,48.02947708,-101.6110665,-101.6110665,Northern Great Plains Spring Wheat Region,F,Missouri Region,H10,73,Central Dark Brown Glaciated Plains,53B,Not_NEP,Not_NEP,ND,ND,IPL,IPL,Non-Federal,NWC_11_NO,NWC_11_NO,Base,NWC16_11_TSN,P23,PUBPAB,ND,GPL,Great Plains,IPL-PRLH,IPL-PRLH,PROB,FWS_ST_2005,North Dakota,F38101,ND,Target,42,Northwestern Glaciated Plains,42a,Missouri Coteau,PUBPAB,PEM,PRLH,DPRSS,IPL_PUBPAB,3503.5706,-421767.7296,1187081.157
8/24/2020,NWCA11-ND-5049,5188,6/13/2011,1,NWC_ND-10049,PLNLOW,Plains and Lowlands,NPL,Northern Plains,McIntosh,Not Coast,GT_PLAINS,Great Plains,LRR F,Region_08,Target_Sampled,H1013010603,Long Lake,H101301060303,INLAND,46.00808582,46.00808582,-99.08770196,-99.08770196,Northern Great Plains Spring Wheat Region,F,Missouri Region,H10,73,Central Dark Brown Glaciated Plains,53B,Not_NEP,Not_NEP,ND,ND,IPL,IPL,Non-Federal,NWC_11_NO,NWC_11_NO,Base,NWC16_11_TSN,P23,PEM,ND,GPL,Great Plains,IPL-PRLH,IPL-PRLH,PROB,FWS_ST_2005,North Dakota,F38051,ND,Target,42,Northwestern Glaciated Plains,42a,Missouri Coteau,PEM,PEM,PRLH,DPRSS,IPL_PEM,22698.46127,-239453.1642,954861.8175
8/24/2020,NWCA11-ND-5052,3434,6/16/2011,1,NWC_ND-10052,PLNLOW,Plains and Lowlands,NPL,Northern Plains,Dickey,Not Coast,GT_PLAINS,Great Plains,LRR F,Region_08,Target_Sampled,H1016000405,Elm Lake,H101600040501,INLAND,46.11828843,46.11828843,-98.87643565,-98.87643565,Northern Great Plains Spring Wheat Region,F,Missouri Region,H10,73,Central Dark Brown Glaciated Plains,53B,Not_NEP,Not_NEP,ND,ND,IPL,IPL,FWS,NWC_11_NO,NWC_11_NO,OverSamp,NWC16_11_TSN,P23,PEM,ND,GPL,Great Plains,IPL-PRLH,IPL-PRLH,PROB,FWS_ST_2005,North Dakota,F38021,ND,Target,42,Northwestern Glaciated Plains,42a,Missouri Coteau,PEM,PEM,PRLH,DPRSS,IPL_PEM,22698.46127,-222704.4166,966571.6665
8/24/2020,NWCA11-ND-5055,5189,7/15/2011,1,NWC_ND-10055,PLNLOW,Plains and Lowlands,TPL,Temporate Plains,Pierce,Not Coast,GT_PLAINS,Great Plains,LRR F,Region_08,Target_Sampled,H0901000406,Snake Creek,H090100040602,INLAND,48.37873379,48.37873379,-99.73721115,-99.73721115,Northern Great Plains Spring Wheat Region,F,Souris-Red-Rainy Region,H09,76,Northern Black Glaciated Plains,55A,Not_NEP,Not_NEP,ND,ND,IPL,IPL,State,NWC_11_NO,NWC_11_NO,OverSamp,NWC16_11_TSN,P10,PUBPAB,ND,TPL,Temperate Plains,IPL-PRLH,IPL-PRLH,PROB,FWS_ST_2005,North Dakota,F38069,ND,Target,46,Northern Glaciated Plains,46f,End Moraine Complex,PUBPAB,PEM,PRLH,DPRSS,IPL_PUBPAB,9613.8079,-279493.2367,1218606.918
8/24/2020,NWCA11-ND-5056,5190,6/22/2011,1,NWC_ND-10056,PLNLOW,Plains and Lowlands,NPL,Northern Plains,Logan,Not Coast,GT_PLAINS,Great Plains,LRR F,Region_08,Target_Sampled,H1013010307,Streeter Flats,H101301030706,INLAND,46.58920695,46.58920695,-99.42079069,-99.42079069,Northern Great Plains Spring Wheat Region,F,Missouri Region,H10,73,Central Dark Brown Glaciated Plains,53B,Not_NEP,Not_NEP,ND,ND,IPL,IPL,Non-Federal,NWC_11_NO,NWC_11_NO,OverSamp,NWC16_11_TSN,P23,PEM,ND,GPL,Great Plains,IPL-PRLH,IPL-PRLH,PROB,FWS_ST_2005,North Dakota,F38047,ND,Target,42,Northwestern Glaciated Plains,42b,Collapsed Glacial Outwash,PEM,PEM,PRLH,DPRSS,IPL_PEM,22698.46127,-262954.5329,1020149.77
8/24/2020,NWCA11-ND-5059,5192,7/25/2011,1,NWC_ND-10059,PLNLOW,Plains and Lowlands,TPL,Temporate Plains,Walsh,Not Coast,GT_PLAINS,Great Plains,LRR F,Region_08,Target_Sampled,H0902030802,Middle Branch Forest River,H090203080201,INLAND,48.47515575,48.47515575,-98.21756328,-98.21756328,Northern Great Plains Spring Wheat Region,F,Souris-Red-Rainy Region,H09,76,Northern Black Glaciated Plains,55A,Not_NEP,Not_NEP,ND,ND,IPL,IPL,Non-Federal,NWC_11_NO,NWC_11_NO,OverSamp,NWC16_11_TSN,P10,PF,ND,TPL,Temperate Plains,IPL-PRLH,IPL-PRLH,PROB,FWS_ST_2005,North Dakota,F38099,ND,Target,46,Northern Glaciated Plains,46i,Drift Plains,PF,PEM,PRLH,DPRSS,IPL_PF,3018.54921,-165623.9849,1225658.593
8/24/2020,NWCA11-ND-5062,5191,7/11/2011,1,NWC_ND-10062,PLNLOW,Plains and Lowlands,NPL,Northern Plains,Ward,Not Coast,GT_PLAINS,Great Plains,LRR F,Region_08,Target_Sampled,H0901000202,Stony Creek,H090100020201,INLAND,48.59271618,48.59271618,-102.2321306,-102.2321306,Northern Great Plains Spring Wheat Region,F,Souris-Red-Rainy Region,H09,76,Northern Black Glaciated Plains,55A,Not_NEP,Not_NEP,ND,ND,IPL,IPL,Non-Federal,NWC_11_NO,NWC_11_NO,OverSamp,NWC16_11_TSN,P23,PEM,ND,GPL,Great Plains,IPL-PRLH,IPL-PRLH,PROB,FWS_ST_2005,North Dakota,F38101,ND,Target,42,Northwestern Glaciated Plains,42d,Northern Missouri Coteau,PEM,PEM,PRLH,DPRSS,IPL_PEM,22698.46127,-464322.354,1251893.558
8/24/2020,NWCA11-ND-5065,5193,6/28/2011,1,NWC_ND-10065,PLNLOW,Plains and Lowlands,NPL,Northern Plains,Kidder,Not Coast,GT_PLAINS,Great Plains,LRR F,Region_08,Target_Sampled,H1013010301,Karl T Frederick State Game Management Area,H101301030103,INLAND,47.19718569,47.19718569,-99.92472159,-99.92472159,Northern Great Plains Spring Wheat Region,F,Missouri Region,H10,73,Central Dark Brown Glaciated Plains,53B,Not_NEP,Not_NEP,ND,ND,IPL,IPL,FWS,NWC_11_16,NWC_11_16,OverSamp,NWC16_11_TSS,P23,PEM,ND,GPL,Great Plains,IPL-PRLH,IPL-PRLH,PROB,FWS_ST_2005,North Dakota,F38043,ND,Target,42,Northwestern Glaciated Plains,42a,Missouri Coteau,PEM,PEM,PRLH,DPRSS,IPL_PEM,22698.46127,-298892.2028,1088890.65
8/24/2020,NWCA11-ND-5066,5039,6/28/2011,1,NWC_ND-10066,PLNLOW,Plains and Lowlands,TPL,Temporate Plains,Renville,Not Coast,GT_PLAINS,Great Plains,LRR F,Region_08,Target_Sampled,H0901000502,Little Deep Creek,H090100050201,INLAND,48.85173124,48.85173124,-101.7407641,-101.7407641,Northern Great Plains Spring Wheat Region,F,Souris-Red-Rainy Region,H09,76,Northern Black Glaciated Plains,55A,Not_NEP,Not_NEP,ND,ND,IPL,IPL,Non-Federal,NWC_11_NO,NWC_11_NO,OverSamp,NWC16_11_TSN,P10,PEM,ND,TPL,Temperate Plains,IPL-PRLH,IPL-PRLH,PROB,FWS_ST_2005,North Dakota,F38075,ND,Target,46,Northern Glaciated Plains,46g,Northern Black Prairie,PEM,PEM,PRLH,DPRSS,IPL_PEM,62284.64362,-426040.2456,1278017.51
8/24/2020,NWCA11-ND-5067,5051,6/15/2011,1,NWC_ND-10067,PLNLOW,Plains and Lowlands,NPL,Northern Plains,McIntosh,Not Coast,GT_PLAINS,Great Plains,LRR F,Region_08,Target_Sampled,H1013010602,Dry Lake,H101301060203,INLAND,46.13702989,46.13702989,-99.3487305,-99.3487305,Northern Great Plains Spring Wheat Region,F,Missouri Region,H10,73,Central Dark Brown Glaciated Plains,53B,Not_NEP,Not_NEP,ND,ND,IPL,IPL,Non-Federal,NWC_11_NO,NWC_11_NO,OverSamp,NWC16_11_TSN,P23,PEM,ND,GPL,Great Plains,IPL-PRLH,IPL-PRLH,PROB,FWS_ST_2005,North Dakota,F38051,ND,Target,42,Northwestern Glaciated Plains,42a,Missouri Coteau,PEM,PEM,PRLH,DPRSS,IPL_PEM,22698.46127,-259183.9253,969847.4284
8/24/2020,NWCA11-ND-5068,5246,6/20/2011,1,NWC_ND-10068,PLNLOW,Plains and Lowlands,TPL,Temporate Plains,Pembina,Not Coast,GT_PLAINS,Great Plains,LRR F,Region_08,Target_Sampled,H0902031608,Upper Tongue River,H090203160804,INLAND,48.78548089,48.78548089,-97.75794233,-97.75794233,Northern Great Plains Spring Wheat Region,F,Souris-Red-Rainy Region,H09,79,Red River Valley of the North,56,Not_NEP,Not_NEP,ND,ND,IPL,IPL,State,NWC_11_16,NWC_11_16,OverSamp,NWC16_11_TSS,P10,PSS,ND,TPL,Temperate Plains,IPL-PRLW,IPL-PRLW,PROB,FWS_ST_2005,North Dakota,F38067,ND,Target,48,Lake Agassiz Plain,48b,Beach Ridges and Sand Deltas,PSS,PSS,PRLW,FLATS,IPL_PSS,1887.03386,-130669.0899,1259071.863
8/24/2020,NWCA11-ND-5069,5194,6/23/2011,1,NWC_ND-10069,PLNLOW,Plains and Lowlands,NPL,Northern Plains,Stutsman,Not Coast,GT_PLAINS,Great Plains,LRR F,Region_08,Target_Sampled,H1016000204,Middle Pipestem Creek,H101600020401,INLAND,47.13159761,47.13159761,-99.20890347,-99.20890347,Northern Great Plains Spring Wheat Region,F,Missouri Region,H10,73,Central Dark Brown Glaciated Plains,53B,Not_NEP,Not_NEP,ND,ND,IPL,IPL,Non-Federal,NWC_11_NO,NWC_11_NO,OverSamp,NWC16_11_TSN,P23,PEM,ND,GPL,Great Plains,IPL-PRLH,IPL-PRLH,PROB,FWS_ST_2005,North Dakota,F38093,ND,Target,42,Northwestern Glaciated Plains,42a,Missouri Coteau,PEM,PEM,PRLH,RIVERINE,IPL_PEM,22698.46127,-244646.0825,1079594.626
8/24/2020,NWCA11-ND-5072,5195,7/12/2011,1,NWC_ND-10072,PLNLOW,Plains and Lowlands,NPL,Northern Plains,Mountrail,Not Coast,GT_PLAINS,Great Plains,LRR F,Region_08,Target_Sampled,H1011010124,Lower Shell Creek,H101101012404,INLAND,48.11077248,48.11077248,-102.2092494,-102.2092494,Northern Great Plains Spring Wheat Region,F,Missouri Region,H10,73,Central Dark Brown Glaciated Plains,53B,Not_NEP,Not_NEP,ND,ND,IPL,IPL,Non-Federal,NWC_11_NO,NWC_11_NO,OverSamp,NWC16_11_TSN,P23,PEM,ND,GPL,Great Plains,IPL-PRLH,IPL-PRLH,PROB,FWS_ST_2005,North Dakota,F38061,ND,Target,42,Northwestern Glaciated Plains,42c,Miissouri Coteau Slope,PEM,PEM,PRLH,DPRSS,IPL_PEM,22698.46127,-466085.3367,1198820.628
8/24/2020,NWCA11-ND-5073,5196,6/29/2011,1,NWC_ND-10073,PLNLOW,Plains and Lowlands,NPL,Northern Plains,Burleigh,Not Coast,GT_PLAINS,Great Plains,LRR F,Region_08,Target_Sampled,H1013010314,McKenzie Slough State Game Management Area,H101301031401,INLAND,46.9127371,46.9127371,-100.2236319,-100.2236319,Northern Great Plains Spring Wheat Region,F,Missouri Region,H10,73,Central Dark Brown Glaciated Plains,53B,Not_NEP,Not_NEP,ND,ND,IPL,IPL,Non-Federal,NWC_11_NO,NWC_11_NO,OverSamp,NWC16_11_TSN,P23,PEM,ND,GPL,Great Plains,IPL-PRLH,IPL-PRLH,PROB,FWS_ST_2005,North Dakota,F38015,ND,Target,42,Northwestern Glaciated Plains,42a,Missouri Coteau,PEM,PEM,PRLH,DPRSS,IPL_PEM,22698.46127,-323039.8804,1058426.371
8/24/2020,NWCA11-ND-5075,5197,6/20/2011,1,NWC_ND-10075,PLNLOW,Plains and Lowlands,NPL,Northern Plains,LaMoure,Not Coast,GT_PLAINS,Great Plains,LRR F,Region_08,Target_Sampled,H1016000307,Bone Hill Creek,H101600030701,INLAND,46.56502845,46.56502845,-98.98947293,-98.98947293,Northern Great Plains Spring Wheat Region,F,Missouri Region,H10,73,Central Dark Brown Glaciated Plains,53B,Not_NEP,Not_NEP,ND,ND,IPL,IPL,Non-Federal,NWC_11_NO,NWC_11_NO,OverSamp,NWC16_11_TSN,P23,PUBPAB,ND,GPL,Great Plains,IPL-PRLH,IPL-PRLH,PROB,FWS_ST_2005,North Dakota,F38045,ND,Target,42,Northwestern Glaciated Plains,42a,Missouri Coteau,PUBPAB,PEM,PRLH,FRINGE,IPL_PUBPAB,3503.5706,-229895.335,1016353.721
8/24/2020,NWCA11-ND-5077,5093,6/14/2011,1,NWC_ND-10077,PLNLOW,Plains and Lowlands,TPL,Temporate Plains,Dickey,Not Coast,GT_PLAINS,Great Plains,LRR F,Region_08,Target_Sampled,H1016000314,Mud Lake Reservoir-Sand Lake,H101600031405,INLAND,46.06065259,46.06065259,-98.0993411,-98.0993411,Northern Great Plains Spring Wheat Region,F,Missouri Region,H10,77,Central Black Glaciated Plains,55B,Not_NEP,Not_NEP,ND,ND,IPL,IPL,Non-Federal,NWC_11_NO,NWC_11_NO,OverSamp,NWC16_11_TSN,P10,PEM,ND,TPL,Temperate Plains,IPL-PRLH,IPL-PRLH,PROB,FWS_ST_2005,North Dakota,F38021,ND,Target,46,Northern Glaciated Plains,46d,Glacial Lake Deltas,PEM,PEM,PRLH,DPRSS,IPL_PEM,62284.64362,-162691.7171,958602.5094
8/24/2020,NWCA11-ND-5078,5244,6/29/2011,1,NWC_ND-10078,PLNLOW,Plains and Lowlands,TPL,Temporate Plains,Bottineau,Not Coast,GT_PLAINS,Great Plains,LRR F,Region_08,Target_Sampled,H0901000504,Lower Cut Bank Creek,H090100050402,INLAND,48.67247306,48.67247306,-101.2071914,-101.2071914,Northern Great Plains Spring Wheat Region,F,Souris-Red-Rainy Region,H09,76,Northern Black Glaciated Plains,55A,Not_NEP,Not_NEP,ND,ND,IPL,IPL,Non-Federal,NWC_11_NO,NWC_11_NO,OverSamp,NWC16_11_TSN,P10,PSS,ND,TPL,Temperate Plains,IPL-PRLH,IPL-PRLH,PROB,FWS_ST_2005,North Dakota,F38009,ND,Target,46,Northern Glaciated Plains,46g,Northern Black Prairie,PSS,PEM,PRLH,DPRSS,IPL_PSS,1887.03386,-387563.1567,1256057.481
8/24/2020,NWCA11-ND-5079,5092,7/22/2011,1,NWC_ND-10079,PLNLOW,Plains and Lowlands,TPL,Temporate Plains,Wells,Not Coast,GT_PLAINS,Great Plains,LRR F,Region_08,Target_Sampled,H1016000201,Headwaters Pipestem Creek,H101600020104,INLAND,47.46639735,47.46639735,-99.52462886,-99.52462886,Northern Great Plains Spring Wheat Region,F,Missouri Region,H10,77,Central Black Glaciated Plains,55B,Not_NEP,Not_NEP,ND,ND,IPL,IPL,Non-Federal,NWC_11_NO,NWC_11_NO,OverSamp,NWC16_11_TSN,P10,PEM,ND,TPL,Temperate Plains,IPL-PRLH,IPL-PRLH,PROB,FWS_ST_2005,North Dakota,F38103,ND,Target,46,Northern Glaciated Plains,46i,Drift Plains,PEM,PEM,PRLH,DPRSS,IPL_PEM,62284.64362,-267333.9718,1117433.907
8/24/2020,NWCA11-ND-5082,5245,6/23/2011,1,NWC_ND-10082,PLNLOW,Plains and Lowlands,TPL,Temporate Plains,Pembina,Not Coast,GT_PLAINS,Great Plains,LRR F,Region_08,Target_Sampled,H0902031609,Lower Tongue River,H090203160901,INLAND,48.79781827,48.79781827,-97.73677587,-97.73677587,Northern Great Plains Spring Wheat Region,F,Souris-Red-Rainy Region,H09,79,Red River Valley of the North,56,Not_NEP,Not_NEP,ND,ND,IPL,IPL,Non-Federal,NWC_11_NO,NWC_11_NO,OverSamp,NWC16_11_TSN,P10,PFO,ND,TPL,Temperate Plains,IPL-PRLW,IPL-PRLW,PROB,FWS_ST_2005,North Dakota,F38067,ND,Target,48,Lake Agassiz Plain,48b,Beach Ridges and Sand Deltas,PFO,PFO,PRLW,RIVERINE,IPL_PFO,1171.98102,-129071.1632,1260398.981
8/24/2020,NWCA11-ND-5083,4845,7/6/2011,1,NWC_ND-10083,PLNLOW,Plains and Lowlands,TPL,Temporate Plains,Nelson,Not Coast,GT_PLAINS,Great Plains,LRR F,Region_08,Target_Sampled,H0902020303,McVille Coulee-Sheyenne River,H090202030302,INLAND,47.82251729,47.82251729,-98.1796108,-98.1796108,Northern Great Plains Spring Wheat Region,F,Souris-Red-Rainy Region,H09,77,Central Black Glaciated Plains,55B,Not_NEP,Not_NEP,ND,ND,IPL,IPL,Non-Federal,NWC_11_NO,NWC_11_NO,OverSamp,NWC16_11_TSN,P10,PEM,ND,TPL,Temperate Plains,IPL-PRLH,IPL-PRLH,PROB,FWS_ST_2005,North Dakota,F38063,ND,Target,46,Northern Glaciated Plains,46i,Drift Plains,PEM,PEM,PRLH,FRINGE,IPL_PEM,62284.64362,-164439.4692,1153683.424
8/24/2020,NWCA11-ND-5084,4846,6/27/2011,1,NWC_ND-10084,PLNLOW,Plains and Lowlands,NPL,Northern Plains,Kidder,Not Coast,GT_PLAINS,Great Plains,LRR F,Region_08,Target_Sampled,H1013010308,Dawson State Wildlife Management Area,H101301030802,INLAND,46.83646093,46.83646093,-99.6063608,-99.6063608,Northern Great Plains Spring Wheat Region,F,Missouri Region,H10,73,Central Dark Brown Glaciated Plains,53B,Not_NEP,Not_NEP,ND,ND,IPL,IPL,Non-Federal,NWC_11_NO,NWC_11_NO,OverSamp,NWC16_11_TSN,P23,PEM,ND,GPL,Great Plains,IPL-PRLH,IPL-PRLH,PROB,FWS_ST_2005,North Dakota,F38043,ND,Target,42,Northwestern Glaciated Plains,42b,Collapsed Glacial Outwash,PEM,PEM,PRLH,DPRSS,IPL_PEM,22698.46127,-276173.5429,1048043.362
8/24/2020,NWCA11-ND-5085,4872,7/20/2011,1,NWC_ND-10085,PLNLOW,Plains and Lowlands,NPL,Northern Plains,Sheridan,Not Coast,GT_PLAINS,Great Plains,LRR F,Region_08,Target_Sampled,H0901000302,Lower Wintering River,H090100030201,INLAND,47.73912773,47.73912773,-100.5637594,-100.5637594,Northern Great Plains Spring Wheat Region,F,Souris-Red-Rainy Region,H09,73,Central Dark Brown Glaciated Plains,53B,Not_NEP,Not_NEP,ND,ND,IPL,IPL,Non-Federal,NWC_11_NO,NWC_11_NO,OverSamp,NWC16_11_TSN,P23,PUBPAB,ND,GPL,Great Plains,IPL-PRLH,IPL-PRLH,PROB,FWS_ST_2005,North Dakota,F38083,ND,Target,42,Northwestern Glaciated Plains,42a,Missouri Coteau,PUBPAB,PEM,PRLH,DPRSS,IPL_PUBPAB,3503.5706,-344649.8178,1150871.563
8/24/2020,NWCA11-ND-5089,4873,7/19/2011,1,NWC_ND-10089,PLNLOW,Plains and Lowlands,NPL,Northern Plains,McLean,Not Coast,GT_PLAINS,Great Plains,LRR F,Region_08,Target_Sampled,H1013010105,City of McCluskey,H101301010505,INLAND,47.37425103,47.37425103,-100.79192,-100.79192,Northern Great Plains Spring Wheat Region,F,Missouri Region,H10,73,Central Dark Brown Glaciated Plains,53B,Not_NEP,Not_NEP,ND,ND,IPL,IPL,FWS,NWC_11_NO,NWC_11_NO,OverSamp,NWC16_11_TSN,P23,PEM,ND,GPL,Great Plains,IPL-PRLH,IPL-PRLH,PROB,FWS_ST_2005,North Dakota,F38055,ND,Target,42,Northwestern Glaciated Plains,42a,Missouri Coteau,PEM,PEM,PRLH,DPRSS,IPL_PEM,22698.46127,-363897.2532,1111469.759
8/24/2020,NWCA11-ND-5091,4874,7/21/2011,1,NWC_ND-10091,PLNLOW,Plains and Lowlands,TPL,Temporate Plains,Wells,Not Coast,GT_PLAINS,Great Plains,LRR F,Region_08,Target_Sampled,H1016000102,Big Slough,H101600010202,INLAND,47.62162658,47.62162658,-99.73563419,-99.73563419,Northern Great Plains Spring Wheat Region,F,Missouri Region,H10,77,Central Black Glaciated Plains,55B,Not_NEP,Not_NEP,ND,ND,IPL,IPL,Non-Federal,NWC_11_NO,NWC_11_NO,OverSamp,NWC16_11_TSN,P10,PEM,ND,TPL,Temperate Plains,IPL-PRLH,IPL-PRLH,PROB,FWS_ST_2005,North Dakota,F38103,ND,Target,46,Northern Glaciated Plains,46i,Drift Plains,PEM,PEM,PRLH,DPRSS,IPL_PEM,22698.46127,-282656.3513,1135178.079
8/24/2020,NWCA11-ND-5093,4875,7/6/2011,1,NWC_ND-10093,PLNLOW,Plains and Lowlands,TPL,Temporate Plains,Nelson,Not Coast,GT_PLAINS,Great Plains,LRR F,Region_08,Target_Sampled,H0902020113,McHugh Slough,H090202011305,INLAND,47.93046556,47.93046556,-98.2264968,-98.2264968,Northern Great Plains Spring Wheat Region,F,Souris-Red-Rainy Region,H09,77,Central Black Glaciated Plains,55B,Not_NEP,Not_NEP,ND,ND,IPL,IPL,FWS,NWC_11_NO,NWC_11_NO,OverSamp,NWC16_11_TSN,P10,PEM,ND,TPL,Temperate Plains,IPL-PRLH,IPL-PRLH,PROB,FWS_ST_2005,North Dakota,F38063,ND,Target,46,Northern Glaciated Plains,46i,Drift Plains,PEM,PEM,PRLH,FLATS,IPL_PEM,62284.64362,-167697.1207,1165671.549
8/24/2020,NWCA11-ND-5094,4858,7/26/2011,1,NWC_ND-10094,PLNLOW,Plains and Lowlands,TPL,Temporate Plains,Sheridan,Not Coast,GT_PLAINS,Great Plains,LRR F,Region_08,Target_Sampled,H0902020202,Headwaters Sheyenne River,H090202020206,INLAND,47.72499232,47.72499232,-100.1859614,-100.1859614,Northern Great Plains Spring Wheat Region,F,Souris-Red-Rainy Region,H09,77,Central Black Glaciated Plains,55B,Not_NEP,Not_NEP,ND,ND,IPL,IPL,Non-Federal,NWC_11_NO,NWC_11_NO,OverSamp,NWC16_11_TSN,P10,PEM,ND,TPL,Temperate Plains,IPL-PRLH,IPL-PRLH,PROB,FWS_ST_2005,North Dakota,F38083,ND,Target,46,Northern Glaciated Plains,46i,Drift Plains,PEM,PEM,PRLH,DPRSS,IPL_PEM,62284.64362,-316206.9439,1147999.309
8/24/2020,NWCA11-ND-5095,4876,7/26/2011,1,NWC_ND-10095,PLNLOW,Plains and Lowlands,TPL,Temporate Plains,Walsh,Not Coast,GT_PLAINS,Great Plains,LRR F,Region_08,Target_Sampled,H0902020113,McHugh Slough,H090202011301,INLAND,48.23514552,48.23514552,-98.26929896,-98.26929896,Northern Great Plains Spring Wheat Region,F,Souris-Red-Rainy Region,H09,76,Northern Black Glaciated Plains,55A,Not_NEP,Not_NEP,ND,ND,IPL,IPL,Non-Federal,NWC_11_NO,NWC_11_NO,OverSamp,NWC16_11_TSN,P10,PEM,ND,TPL,Temperate Plains,IPL-PRLH,IPL-PRLH,PROB,FWS_ST_2005,North Dakota,F38099,ND,Target,46,Northern Glaciated Plains,46i,Drift Plains,PEM,PEM,PRLH,DPRSS,IPL_PEM,62284.64362,-170118.3506,1199326.206
8/24/2020,NWCA11-OH-3003,3987,6/6/2011,1,NWC_OH-10003,EHIGH,Eastern Highlands,SAP,Southern Appalachians,Tuscarawas,Not Coast,E_MTNS,Eastern Mountains and Piedmont,LRR N (Excluding MLRA 122),Region_05,Target_Sampled,H0504000110,South Fork Sugar Creek,H050400011005,INLAND,40.61655811,40.61655811,-81.60673637,-81.60673637,East and Central Farming and Forest Region,N,Ohio-Tennessee Region,H05_H06,220,Western Allegheny Plateau,124,Not_NEP,Not_NEP,OH,OH_AP,EMU,EMU,Non-Federal,NWC_11_16,NWC_11_16,Base,NWC16_11_TSS,P02,PSS,OH,SAP,Southern Appalachians,EMU-PRLW,EMU-PRLW,PROB,OH_FRAME_2011,Ohio,F39157,None,Target,70,Western Allegheny Plateau,70e,Unglaciated Upper Muskingum Basin,PSS,PEM,PRLW,DEPRESSION,EMU_PSS,12765.47399,1202923.362,440531.7924
8/24/2020,NWCA11-OH-3003,3989,8/10/2011,2,NWC_OH-10003,EHIGH,Eastern Highlands,SAP,Southern Appalachians,Tuscarawas,Not Coast,E_MTNS,Eastern Mountains and Piedmont,LRR N (Excluding MLRA 122),Region_05,Target_Sampled,H0504000110,South Fork Sugar Creek,H050400011005,INLAND,40.61655811,40.61655811,-81.60673637,-81.60673637,East and Central Farming and Forest Region,N,Ohio-Tennessee Region,H05_H06,220,Western Allegheny Plateau,124,Not_NEP,Not_NEP,OH,OH_AP,EMU,EMU,Non-Federal,NWC_11_16,NWC_11_16,Base,NWC16_11_TSS,P02,PSS,OH,SAP,Southern Appalachians,EMU-PRLW,EMU-PRLW,PROB,OH_FRAME_2011,Ohio,F39157,None,Target,70,Western Allegheny Plateau,70e,Unglaciated Upper Muskingum Basin,PSS,PEM,PRLW,DEPRESSION,EMU_PSS,12765.47399,1202923.362,440531.7924
8/24/2020,NWCA11-OH-3004,3986,8/30/2011,1,NWC_OH-10004,EHIGH,Eastern Highlands,NAP,Northern Appalachians,Stark,Not Coast,NE,Northcentral and Northeast,LRR R (Excluding MLRA 143),Region_05,Target_Sampled,H0504000105,Nimishillen Creek,H050400010503,INLAND,40.82559058,40.82559058,-81.43189717,-81.43189717,Northeastern Forage and Forest Region,R,Ohio-Tennessee Region,H05_H06,243,Lake Erie Glaciated Plateau,139,Not_NEP,Not_NEP,OH,OH_APG,EMU,EMU,Non-Federal,NWC_11_NO,NWC_11_NO,Base,NWC16_11_TSN,P21,PSS,OH,NCE,North Central East,EMU-PRLW,EMU-PRLW,PROB,OH_FRAME_2011,Ohio,F39151,None,Target,61,Erie Drift Plain,61e,Summit Interlobate Area,PSS,PSS,PRLW,DPRSS,EMU_PSS,12765.47399,1213846.905,465894.8898
8/24/2020,NWCA11-OH-3005,3742,7/20/2011,1,NWC_OH-10005,PLNLOW,Plains and Lowlands,TPL,Temporate Plains,Fairfield,Not Coast,MIDWEST,Midwest,LRR M,Region_05,Target_Sampled,H0506000117,Headwaters Walnut Creek,H050600011705,INLAND,39.83432108,39.83432108,-82.72935038,-82.72935038,Central Feed Grains and Livestock Region,M,Ohio-Tennessee Region,H05_H06,195,"Indiana and Ohio Till Plain, Eastern Part",111E,Not_NEP,Not_NEP,OH,OH_OTH,IPL,IPL,Non-Federal,NWC_11_16,NWC_11_16,Base,NWC16_11_TSS,P21,PEM,OH,TPL,Temperate Plains,IPL-PRLH,IPL-PRLH,PROB,OH_FRAME_2011,Ohio,F39045,None,Target,55,Eastern Corn Belt Plains,55b,Loamy High Lime Till Plains,PEM,PEM,PRLH,DPRSS,IPL_PEM,16169.97718,1121935.078,340089.1473
8/24/2020,NWCA11-OH-3005,3992,8/8/2011,2,NWC_OH-10005,PLNLOW,Plains and Lowlands,TPL,Temporate Plains,Fairfield,Not Coast,MIDWEST,Midwest,LRR M,Region_05,Target_Sampled,H0506000117,Headwaters Walnut Creek,H050600011705,INLAND,39.83432108,39.83432108,-82.72935038,-82.72935038,Central Feed Grains and Livestock Region,M,Ohio-Tennessee Region,H05_H06,195,"Indiana and Ohio Till Plain, Eastern Part",111E,Not_NEP,Not_NEP,OH,OH_OTH,IPL,IPL,Non-Federal,NWC_11_16,NWC_11_16,Base,NWC16_11_TSS,P21,PEM,OH,TPL,Temperate Plains,IPL-PRLH,IPL-PRLH,PROB,OH_FRAME_2011,Ohio,F39045,None,Target,55,Eastern Corn Belt Plains,55b,Loamy High Lime Till Plains,PEM,PEM,PRLH,DPRSS,IPL_PEM,16169.97718,1121935.078,340089.1473
8/24/2020,NWCA11-OH-3006,3545,7/13/2011,1,NWC_OH-10006,PLNLOW,Plains and Lowlands,TPL,Temporate Plains,Ottawa,Great Lakes Region,NE,Northcentral and Northeast,LRR L,Region_05,Target_Sampled,H0410001114,Muddy Creek-Frontal Sandusky Bay,H041000111405,INLAND,41.46571527,41.46571527,-83.03576797,-83.03576797,"Lake State Fruit, Truck Crop, and Dairy Region",L,Great Lakes Region,H04,170,Erie-Huron Lake Plain,99,Not_NEP,Not_NEP,OH,OH_OTH,IPL,IPL,Non-Federal,NWC_11_NO,NWC_11_NO,Base,NWC16_11_TSN,P11,PEM,OH,TPL,Temperate Plains,IPL-PRLH,IPL-PRLH,PROB,OH_FRAME_2011,Ohio,F39123,None,Target,57,Huron/Erie Lake Plains,57d,Marblehead Drift/Limestone Plain,PEM,PEM,PRLH,DPRSS,IPL_PEM,16169.97718,1071344.174,517530.8064
8/24/2020,NWCA11-OH-3014,3876,7/11/2011,1,NWC_OH-10014,EHIGH,Eastern Highlands,SAP,Southern Appalachians,Jefferson,Not Coast,E_MTNS,Eastern Mountains and Piedmont,LRR N (Excluding MLRA 122),Region_05,Target_Sampled,H0503010107,Headwaters Yellow Creek,H050301010704,INLAND,40.54080187,40.54080187,-80.8398151,-80.8398151,East and Central Farming and Forest Region,N,Ohio-Tennessee Region,H05_H06,220,Western Allegheny Plateau,124,Not_NEP,Not_NEP,OH,OH_AP,EMU,EMU,Non-Federal,NWC_11_NO,NWC_11_NO,Base,NWC16_11_TSN,P02,PUBPAB,OH,SAP,Southern Appalachians,EMU-PRLH,EMU-PRLH,PROB,OH_FRAME_2011,Ohio,F39081,None,Target,70,Western Allegheny Plateau,70c,Pittsburgh Low Plateau,PUBPAB,PEM,PRLH,SLOPE,EMU_PUBPAB,9315.36677,1267836.342,442118.3192
8/24/2020,NWCA11-OH-3019,4881,6/15/2011,1,NWC_OH-10019,PLNLOW,Plains and Lowlands,TPL,Temporate Plains,Richland,Great Lakes Region,MIDWEST,Midwest,LRR M,Region_05,Target_Sampled,H0410001204,Marsh Run-West Branch Huron River,H041000120402,INLAND,40.980512,40.980512,-82.627928,-82.627928,Central Feed Grains and Livestock Region,M,Great Lakes Region,H04,195,"Indiana and Ohio Till Plain, Eastern Part",111E,Not_NEP,Not_NEP,OH,OH_OTH,IPL,IPL,Non-Federal,NWC_11_16,NWC_11_16,Base,NWC16_11_TSS,P11,PFO,OH,TPL,Temperate Plains,IPL-PRLW,IPL-PRLW,PROB,OH_FRAME_2011,Ohio,F39139,None,Target,55,Eastern Corn Belt Plains,55a,Clayey High Lime Till Plains,PFO,PSS,PRLW,DPRSS,IPL_PFO,45355.12881,1112446.212,468417.754
8/24/2020,NWCA11-OH-3020,3454,6/29/2011,1,NWC_OH-10020,EHIGH,Eastern Highlands,NAP,Northern Appalachians,Medina,Not Coast,MIDWEST,Midwest,LRR M,Region_05,Target_Sampled,H0504000305,Headwaters Killbuck Creek,H050400030502,INLAND,40.9991539,40.9991539,-82.01442268,-82.01442268,Central Feed Grains and Livestock Region,M,Ohio-Tennessee Region,H05_H06,195,"Indiana and Ohio Till Plain, Eastern Part",111E,Not_NEP,Not_NEP,OH,OH_APG,EMU,EMU,Non-Federal,NWC_11_NO,NWC_11_NO,Base,NWC16_11_TSN,P21,PEM,OH,NCE,North Central East,EMU-PRLH,EMU-PRLH,PROB,OH_FRAME_2011,Ohio,F39103,None,Target,61,Erie Drift Plain,61c,Low Lime Drift Plain,PEM,PEM,PRLH,DPRSS,EMU_PEM,16169.97718,1162817.893,477827.8319
8/24/2020,NWCA11-OH-3022,4883,6/8/2011,1,NWC_OH-10022,EHIGH,Eastern Highlands,SAP,Southern Appalachians,Perry,Not Coast,E_MTNS,Eastern Mountains and Piedmont,LRR N (Excluding MLRA 122),Region_05,Target_Sampled,H0503020407,Sunday Creek,H050302040703,INLAND,39.58538688,39.58538688,-82.10314437,-82.10314437,East and Central Farming and Forest Region,N,Ohio-Tennessee Region,H05_H06,220,Western Allegheny Plateau,124,Not_NEP,Not_NEP,OH,OH_AP,EMU,EMU,Non-Federal,NWC_11_NO,NWC_11_NO,Base,NWC16_11_TSN,P02,PSS,OH,SAP,Southern Appalachians,EMU-PRLH,EMU-PRLH,PROB,OH_FRAME_2011,Ohio,F39127,None,Target,70,Western Allegheny Plateau,70f,Ohio/Kentucky Carboniferous Plateau,PSS,PEM,PRLH,RIVERINE,EMU_PSS,12765.47399,1178571.565,320057.2067
8/24/2020,NWCA11-OH-3025,4885,6/22/2011,1,NWC_OH-10025,PLNLOW,Plains and Lowlands,TPL,Temporate Plains,Marion,Not Coast,MIDWEST,Midwest,LRR M,Region_05,Target_Sampled,H0506000104,Panther Creek-Scioto River,H050600010405,INLAND,40.59523133,40.59523133,-83.40685158,-83.40685158,Central Feed Grains and Livestock Region,M,Ohio-Tennessee Region,H05_H06,192,"Indiana and Ohio Till Plain, Northeastern Part",111B,Not_NEP,Not_NEP,OH,OH_OTH,IPL,IPL,Non-Federal,NWC_11_NO,NWC_11_NO,Base,NWC16_11_TSN,P11,PEM,OH,TPL,Temperate Plains,IPL-PRLH,IPL-PRLH,PROB,OH_FRAME_2011,Ohio,F39101,None,Target,55,Eastern Corn Belt Plains,55a,Clayey High Lime Till Plains,PEM,PEM,PRLH,RIVERINE,IPL_PEM,16169.97718,1053738.786,416793.5319
8/24/2020,NWCA11-OH-3030,3993,8/3/2011,1,NWC_OH-10030,PLNLOW,Plains and Lowlands,TPL,Temporate Plains,Ottawa,Great Lakes Region,NE,Northcentral and Northeast,LRR L,Region_05,Target_Sampled,H0410001006,Toussaint Creek,H041000100603,INLAND,41.56001265,41.56001265,-83.06669802,-83.06669802,"Lake State Fruit, Truck Crop, and Dairy Region",L,Great Lakes Region,H04,170,Erie-Huron Lake Plain,99,Not_NEP,Not_NEP,OH,OH_OTH,IPL,IPL,Non-Federal,NWC_11_16,NWC_11_16,Base,NWC16_11_TSS,P11,PEM,OH,TPL,Temperate Plains,IPL-PRLH,IPL-PRLH,PROB,OH_FRAME_2011,Ohio,F39123,None,Target,57,Huron/Erie Lake Plains,57d,Marblehead Drift/Limestone Plain,PEM,PEM,PRLH,DPRSS,IPL_PEM,16169.97718,1067372.102,527638.8682
8/24/2020,NWCA11-OH-3031,3878,7/6/2011,1,NWC_OH-10031,EHIGH,Eastern Highlands,NAP,Northern Appalachians,Wayne,Not Coast,NE,Northcentral and Northeast,LRR R (Excluding MLRA 143),Region_05,Target_Sampled,H0504000306,Apple Creek-Killbuck Creek,H050400030604,INLAND,40.7325257,40.7325257,-81.97442367,-81.97442367,Northeastern Forage and Forest Region,R,Ohio-Tennessee Region,H05_H06,243,Lake Erie Glaciated Plateau,139,Not_NEP,Not_NEP,OH,OH_APG,EMU,EMU,State,NWC_11_16,NWC_11_16,Base,NWC16_11_TSS,P21,PFO,OH,NCE,North Central East,EMU-PRLW,EMU-PRLW,PROB,OH_FRAME_2011,Ohio,F39169,None,Target,61,Erie Drift Plain,61c,Low Lime Drift Plain,PFO,PFO,PRLW,DPRSS,EMU_PFO,45355.12881,1170510.152,448783.9993
8/24/2020,NWCA11-R001,4770,9/10/2011,1,NWC_FL-10196,PLNLOW,Plains and Lowlands,CPL,Coastal Plains,Collier,Gulf Coast Region,CSTL_PLAIN,Atlantic and Gulf Coastal Plain,LRR U,Region_04,Target_Sampled,H0309020402,Cocohatchee River,H030902040204,INLAND,26.47135,26.47135,-81.53571,-81.53571,"Florida Subtropical Fruit, Truck Crop, and Range Region",U,South Atlantic Gulf Region,H03,266,Southern Florida Flatwoods,155,Not_NEP,Not_NEP,FL,FL_SCP,CPL,CPL,Regional,NWC_11_NO,NWC_11_NO,HAND,HAND,P13,None,FL,ICP,Inland Coastal Plains,CPL-PRLH,CPL-PRLH,HAND,HAND,Florida,F12021,None,Target,75,Southern Coastal Plain,75b,Southwestern Florida Flatwoods,None,PEM,PRLH,FLATS,NONE,0,1447840.015,-1116871.266
8/24/2020,NWCA11-R002,4386,7/13/2011,1,NWC_VA-10050,PLNLOW,Plains and Lowlands,CPL,Coastal Plains,York,North East Coast Region,CSTL_PLAIN,Atlantic and Gulf Coastal Plain,LRR T (MLRA 153B),Region_03,Target_Sampled,H0208010801,Back River-Lower Chesapeake Bay,H020801080101,TIDAL,37.21704,37.21704,-76.40781,-76.40781,Atlantic and Gulf Coast Lowland Forest and Crop Region,T,Mid Atlantic Region,H02,262,Tidewater Area,88,Chesapeake Bay Watershed Initiative,Not_NEP,VA,VA_CP,CPL,CPL,State,NWC_11_NO,NWC_11_NO,HAND,HAND,P36,None,VA,ATL,Atlantic Coast,ALL-EW,ALL-EW,HAND,HAND,Virginia,F51199,None,Target,63,Middle Atlantic Coastal Plain,63b,Chesapeake-Pamlico Lowlands and Tidal Marshes,None,E2SS,EW,TIDAL,NONE,0,1710070.614,145192.5512
8/24/2020,NWCA11-R003,4771,9/14/2011,1,NWC_NC-10060,PLNLOW,Plains and Lowlands,CPL,Coastal Plains,Carteret,South East Coast Region,CSTL_PLAIN,Atlantic and Gulf Coastal Plain,LRR T (MLRA 153B),Region_04,Target_Sampled,H0302030107,Bogue Banks-Shackleford Banks,H030203010704,TIDAL,34.69811,34.69811,-76.5993,-76.5993,Atlantic and Gulf Coast Lowland Forest and Crop Region,T,South Atlantic Gulf Region,H03,262,Tidewater Area,88,Albemarle-Pamlico Sounds,NEP,NC,NC_CP,CPL,CPL,State,NWC_11_NO,NWC_11_NO,HAND,HAND,P36,None,NC,ATL,Atlantic Coast,ALL-EH,ALL-EH,HAND,HAND,North Carolina,F37031,None,Target,63,Middle Atlantic Coastal Plain,63g,Carolinian Barrier Islands and Coastal Marshes,None,E2EM,EH,TIDAL,NONE,0,1750770.656,-134427.1845
8/24/2020,NWCA11-R004,4388,8/16/2011,1,NWC_NY-10023,EHIGH,Eastern Highlands,NAP,Northern Appalachians,Lewis,Great Lakes Region,NE,Northcentral and Northeast,LRR R (MLRA 143),Region_02,Target_Sampled,H0415030203,Middle Branch Oswegatchie River,H041503020304,INLAND,44.08433,44.08433,-75.32777,-75.32777,Northeastern Forage and Forest Region,R,Great Lakes Region,H04,247,Northeastern Mountains,143,Not_NEP,Not_NEP,NY,NY_NAAMH,EMU,EMU,State,NWC_11_NO,NWC_11_NO,HAND,HAND,P01,None,NY,NCE,North Central East,EMU-PRLW,EMU-PRLW,HAND,HAND,New York,F36049,None,Target,58,Northeastern Highlands,58ab,Northern and Western Adirondack Foothills,None,PSS,PRLW,FLATS,NONE,0,1637002.793,915687.8337
8/24/2020,NWCA11-R005,4390,8/5/2011,1,NWC_NY-10024,EHIGH,Eastern Highlands,NAP,Northern Appalachians,St. Lawrence,Great Lakes Region,NE,Northcentral and Northeast,LRR R (MLRA 143),Region_02,Target_Sampled,H0415030505,Jordan River-Raquette River,H041503050504,INLAND,44.37851,44.37851,-74.68353,-74.68353,Northeastern Forage and Forest Region,R,Great Lakes Region,H04,247,Northeastern Mountains,143,Not_NEP,Not_NEP,NY,NY_NAAMH,EMU,EMU,State,NWC_11_NO,NWC_11_NO,HAND,HAND,P01,None,NY,NCE,North Central East,EMU-PRLW,EMU-PRLW,HAND,HAND,New York,F36089,None,Target,58,Northeastern Highlands,58ab,Northern and Western Adirondack Foothills,None,PFO,PRLW,DPRSS,NONE,0,1679880.337,958924.7331
8/24/2020,NWCA11-R006,4446,6/14/2011,1,NWC_SC-10060,PLNLOW,Plains and Lowlands,CPL,Coastal Plains,Georgetown,South East Coast Region,CSTL_PLAIN,Atlantic and Gulf Coastal Plain,LRR T (MLRA 153B),Region_04,Target_Sampled,H0304020804,North Inlet,H030402080402,TIDAL,33.32997,33.32997,-79.18111,-79.18111,Atlantic and Gulf Coast Lowland Forest and Crop Region,T,South Atlantic Gulf Region,H03,262,Tidewater Area,153B,Not_NEP,Not_NEP,SC,SC_SCP,CPL,CPL,State,NWC_11_NO,NWC_11_NO,HAND,HAND,P36,None,SC,ATL,Atlantic Coast,ALL-EH,ALL-EH,HAND,HAND,South Carolina,F45043,None,Target,75,Southern Coastal Plain,75j,Sea Islands/Coastal Marsh,None,E2EM,EH,TIDAL,NONE,0,1547328.332,-329376.9493
8/24/2020,NWCA11-R007,4772,6/13/2011,1,NWC_SC-10061,PLNLOW,Plains and Lowlands,CPL,Coastal Plains,Colleton,South East Coast Region,CSTL_PLAIN,Atlantic and Gulf Coastal Plain,LRR T (MLRA 153B),Region_04,Target_Sampled,H0305020707,Combahee River,H030502070706,TIDAL,32.54745,32.54745,-80.5279,-80.5279,Atlantic and Gulf Coast Lowland Forest and Crop Region,T,South Atlantic Gulf Region,H03,262,Tidewater Area,153B,Not_NEP,Not_NEP,SC,SC_SCP,CPL,CPL,State,NWC_11_NO,NWC_11_NO,HAND,HAND,P36,None,SC,ATL,Atlantic Coast,ALL-EH,ALL-EH,HAND,HAND,South Carolina,F45029,None,Target,75,Southern Coastal Plain,75j,Sea Islands/Coastal Marsh,None,E2EM,EH,TIDAL,NONE,0,1438723.427,-436603.2098
8/24/2020,NWCA11-R008,5631,6/13/2011,1,NWC_LA-10106,PLNLOW,Plains and Lowlands,CPL,Coastal Plains,Natchitoches,Not Coast,CSTL_PLAIN,Atlantic and Gulf Coastal Plain,LRR O,Region_06,Target_Sampled,H1114020705,Kisatchie Wilderness Area,H111402070501,INLAND,31.57348,31.57348,-93.04121,-93.04121,Mississippi Delta Cotton and Feed Grains Region,O,Arkansas-White-Red Region,H11,232,Red River Alluvium,131C,Not_NEP,Not_NEP,LA,LA,CPL,CPL,USFS,NWC_11_NO,NWC_11_NO,HAND,HAND,P14,None,LA,ICP,Inland Coastal Plains,CPL-PRLW,CPL-PRLW,HAND,HAND,Louisiana,F22069,None,Target,35,South Central Plains,35g,Red River Bottomlands,None,PFO,PRLW,RIVERINE,NONE,0,279685.6812,-658154.233
8/24/2020,NWCA11-R009,4391,8/2/2011,1,NWC_NY-10025,EHIGH,Eastern Highlands,NAP,Northern Appalachians,Lewis,Great Lakes Region,NE,Northcentral and Northeast,LRR R (Excluding MLRA 143),Region_02,Target_Sampled,H0414020201,East Branch Fish Creek,H041402020101,INLAND,43.67245,43.67245,-75.56264,-75.56264,Northeastern Forage and Forest Region,R,Great Lakes Region,H04,245,Tughill Plateau,141,Not_NEP,Not_NEP,NY,NY_NAAMH,EMU,EMU,Non-Federal,NWC_11_NO,NWC_11_NO,HAND,HAND,P02,None,NY,NCE,North Central East,EMU-PRLW,EMU-PRLW,HAND,HAND,New York,F36049,None,Target,58,Northeastern Highlands,58ae,Tug Hill Plateau,None,PSS,PRLW,DPRSS,NONE,0,1628497.165,866780.9877
8/24/2020,NWCA11-R010,4317,6/30/2011,1,NWC_PA-10017,EHIGH,Eastern Highlands,SAP,Southern Appalachians,Huntingdon,Not Coast,E_MTNS,Eastern Mountains and Piedmont,LRR S (MLRA 147),Region_03,Target_Sampled,H0205030206,Shaver Creek,H020503020601,INLAND,40.7229,40.7229,-77.8611,-77.8611,Northern Atlantic Slope Diversified Farming Region,S,Mid Atlantic Region,H02,252,Northern Appalachian Ridges and Valleys,147,Chesapeake Bay Watershed Initiative,Not_NEP,PA,PA_RV,EMU,EMU,State,NWC_11_NO,NWC_11_NO,HAND,HAND,P02,None,PA,SAP,Southern Appalachians,EMU-PRLW,EMU-PRLW,HAND,HAND,Pennsylvania,F42061,None,Target,67,Ridge and Valley,67c,Northern Sandstone Ridges,None,PFO,PRLW,RIVERINE,NONE,0,1510295.091,505746.8261
8/24/2020,NWCA11-R011,5632,6/8/2011,1,NWC_LA-10107,PLNLOW,Plains and Lowlands,CPL,Coastal Plains,Rapides,Gulf Coast Region,CSTL_PLAIN,Atlantic and Gulf Coastal Plain,LRR O,Region_06,Target_Sampled,H0808010202,Upper Bayou Boeuf,H080801020202,INLAND,31.2123,31.2123,-92.57018,-92.57018,Mississippi Delta Cotton and Feed Grains Region,O,Lower Mississippi Region,H08,232,Red River Alluvium,131C,Not_NEP,Not_NEP,LA,LA,CPL,CPL,USFS,NWC_11_NO,NWC_11_NO,HAND,HAND,P14,None,LA,ICP,Inland Coastal Plains,CPL-PRLW,CPL-PRLW,HAND,HAND,Louisiana,F22079,None,Target,35,South Central Plains,35g,Red River Bottomlands,None,PFO,PRLW,RIVERINE,NONE,0,325643.174,-696828.445
8/24/2020,NWCA11-R012,4773,9/13/2011,1,NWC_NC-10061,PLNLOW,Plains and Lowlands,CPL,Coastal Plains,New Hanover,South East Coast Region,CSTL_PLAIN,Atlantic and Gulf Coastal Plain,LRR T (MLRA 153B),Region_04,Target_Sampled,H0303000508,Walden Creek-Cape Fear River,H030300050803,TIDAL,33.95586,33.95586,-77.93398,-77.93398,Atlantic and Gulf Coast Lowland Forest and Crop Region,T,South Atlantic Gulf Region,H03,262,Tidewater Area,88,Not_NEP,Not_NEP,NC,NC_CP,CPL,CPL,State,NWC_11_NO,NWC_11_NO,HAND,HAND,P36,None,NC,ATL,Atlantic Coast,ALL-EH,ALL-EH,HAND,HAND,North Carolina,F37129,None,Target,63,Middle Atlantic Coastal Plain,63g,Carolinian Barrier Islands and Coastal Marshes,None,E2EM,EH,TIDAL,NONE,0,1647515.561,-239671.1733
8/24/2020,NWCA11-R013,4774,9/21/2011,1,NWC_IL-10034,EHIGH,Eastern Highlands,SAP,Southern Appalachians,Johnson,Not Coast,E_MTNS,Eastern Mountains and Piedmont,LRR N (Excluding MLRA 122),Region_05,Target_Sampled,H0514020605,Lick Creek-Cache River,H051402060508,INLAND,37.35522,37.35522,-88.9479,-88.9479,East and Central Farming and Forest Region,N,Ohio-Tennessee Region,H05_H06,214,"Kentucky and Indiana Sandstone and Shale Hills and Valleys, Southern Part",120A,Not_NEP,Not_NEP,IL,IL,EMU,EMU,State,NWC_11_NO,NWC_11_NO,HAND,HAND,P14,None,IL,SAP,Southern Appalachians,EMU-PRLW,EMU-PRLW,HAND,HAND,Illinois,F17087,None,Target,71,Interior Plateau,71n,Southern Shawnee Hills,None,PFO,PRLW,RIVERINE,NONE,0,618195.6137,6722.537324
8/24/2020,NWCA11-R014,4024,7/19/2011,1,NWC_MI-10020,PLNLOW,Plains and Lowlands,UMW,Upper Midwest,Gogebic,Not Coast,NE,Northcentral and Northeast,LRR K,Region_05,Target_Sampled,H0707000103,Pioneer Creek-Wisconsin River,H070700010301,INLAND,46.19511,46.19511,-89.29469,-89.29469,Northern Lake States Forest and Forage Region,K,Upper Mississippi Region,H07,160,"Superior Stony and Rocky Loamy Plains and Hills, Eastern Part",93B,Not_NEP,Not_NEP,MI,MI,EMU,EMU,USFS,NWC_11_NO,NWC_11_NO,HAND,HAND,P23,None,MI,NCE,North Central East,EMU-PRLW,EMU-PRLW,HAND,HAND,Michigan,F26053,None,Target,50,Northern Lakes and Forests,50i,Northern Wisconsin Highlands Lakes Country,None,PSS,PRLW,FRINGE,NONE,0,518197.9116,990012.9122
8/24/2020,NWCA11-R015,4392,8/18/2011,1,NWC_NY-10026,EHIGH,Eastern Highlands,NAP,Northern Appalachians,Jefferson,Great Lakes Region,NE,Northcentral and Northeast,LRR R (Excluding MLRA 143),Region_02,Target_Sampled,H0415010203,Perch River,H041501020302,INLAND,44.1197,44.1197,-75.92458,-75.92458,Northeastern Forage and Forest Region,R,Great Lakes Region,H04,246,St. Lawrence-Champlain Plain,142,Not_NEP,Not_NEP,NY,NY_GLHL,EMU,EMU,State,NWC_11_NO,NWC_11_NO,HAND,HAND,P21,None,NY,NCE,North Central East,EMU-PRLW,EMU-PRLW,HAND,HAND,New York,F36045,None,Target,83,Eastern Great Lakes Lowlands,83c,Ontario Lowlands,None,PFO,PRLW,FLATS,NONE,0,1589631.235,909409.4361
8/24/2020,NWCA11-R016,4384,8/17/2011,1,NWC_NY-10027,EHIGH,Eastern Highlands,NAP,Northern Appalachians,Lewis,Great Lakes Region,NE,Northcentral and Northeast,LRR R (MLRA 143),Region_02,Target_Sampled,H0415030204,Upper West Branch Oswegatchie River,H041503020402,INLAND,44.0555,44.0555,-75.34264,-75.34264,Northeastern Forage and Forest Region,R,Great Lakes Region,H04,247,Northeastern Mountains,143,Not_NEP,Not_NEP,NY,NY_NAAMH,EMU,EMU,State,NWC_11_NO,NWC_11_NO,HAND,HAND,P01,None,NY,NCE,North Central East,EMU-PRLW,EMU-PRLW,HAND,HAND,New York,F36049,None,Target,58,Northeastern Highlands,58ab,Northern and Western Adirondack Foothills,None,PSS,PRLW,RIVERINE,NONE,0,1636537.136,912292.8421
8/24/2020,NWCA11-R017,4385,8/23/2011,1,NWC_NY-10028,EHIGH,Eastern Highlands,NAP,Northern Appalachians,Ulster,North East Coast Region,NE,Northcentral and Northeast,LRR R (Excluding MLRA 143),Region_02,Target_Sampled,H0202000705,Upper Roundout Creek,H020200070505,INLAND,41.88046,41.88046,-74.38261,-74.38261,Northeastern Forage and Forest Region,R,Mid Atlantic Region,H02,244,Glaciated Allegheny Plateau and Catskill Mountains,140,New York-New Jersey Harbor,NEP,NY,NY_OTH,EMU,EMU,State,NWC_11_NO,NWC_11_NO,HAND,HAND,P02,None,NY,NCE,North Central East,EMU-PRLW,EMU-PRLW,HAND,HAND,New York,F36111,None,Target,60,Northern Allegheny Plateau,60c,Catskills Transition,None,PFO,PRLW,FLATS,NONE,0,1766100.348,692492.9718
8/24/2020,NWCA11-R018,4775,8/28/2011,1,NWC_MO-10062,PLNLOW,Plains and Lowlands,TPL,Temporate Plains,Vernon,Not Coast,MIDWEST,Midwest,LRR M,Region_07,Target_Sampled,H1029010302,Little Osage River,H102901030204,INLAND,37.994,37.994,-94.356,-94.356,Central Feed Grains and Livestock Region,M,Missouri Region,H10,196,Cherokee Prairies,112,Not_NEP,Not_NEP,MO,MO,IPL,IPL,State,NWC_11_NO,NWC_11_NO,HAND,HAND,P19,None,MO,TPL,Temperate Plains,IPL-PRLW,IPL-PRLW,HAND,HAND,Missouri,F29217,None,Target,40,Central Irregular Plains,40d,Cherokee Plains,None,PFO,PRLW,RIVERINE,NONE,0,143001.7746,56602.94531
8/24/2020,NWCA11-R019,5622,6/26/2011,1,NWC_MT-10061,PLNLOW,Plains and Lowlands,NPL,Northern Plains,Blaine,Not Coast,GT_PLAINS,Great Plains,LRR F,Region_08,Target_Sampled,H1005001003,Woody Island Coulee,H100500100304,INLAND,48.96783,48.96783,-108.48048,-108.48048,Northern Great Plains Spring Wheat Region,F,Missouri Region,H10,71,Brown Glaciated Plain,52,Not_NEP,Not_NEP,MT,MT,IPL,IPL,BLM,NWC_11_NO,NWC_11_NO,HAND,HAND,P23,None,MT,GPL,Great Plains,IPL-PRLH,IPL-PRLH,HAND,HAND,Montana,F30005,None,Target,42,Northwestern Glaciated Plains,42m,Cherry Patch Moraines,None,PEM,PRLH,DPRSS,NONE,0,-922447.1948,1338560.753
8/24/2020,NWCA11-R020,5623,6/28/2011,1,NWC_MT-10062,PLNLOW,Plains and Lowlands,NPL,Northern Plains,Blaine,Not Coast,GT_PLAINS,Great Plains,LRR F,Region_08,Target_Sampled,H1005001003,Woody Island Coulee,H100500100303,INLAND,48.98042,48.98042,-108.626798,-108.626798,Northern Great Plains Spring Wheat Region,F,Missouri Region,H10,71,Brown Glaciated Plain,52,Not_NEP,Not_NEP,MT,MT,IPL,IPL,BLM,NWC_11_NO,NWC_11_NO,HAND,HAND,P23,None,MT,GPL,Great Plains,IPL-PRLH,IPL-PRLH,HAND,HAND,Montana,F30005,None,Target,42,Northwestern Glaciated Plains,42m,Cherry Patch Moraines,None,PEM,PRLH,DPRSS,NONE,0,-933015.1777,1341360.075
8/24/2020,NWCA11-R021,4777,6/9/2011,1,NWC_FL-10197,PLNLOW,Plains and Lowlands,CPL,Coastal Plains,Collier,Not Coast,CSTL_PLAIN,Atlantic and Gulf Coastal Plain,LRR U,Region_04,Target_Sampled,H0309020410,Big Cypress Swamp,H030902041000,INLAND,25.98619,25.98619,-81.24259,-81.24259,"Florida Subtropical Fruit, Truck Crop, and Range Region",U,South Atlantic Gulf Region,H03,267,Florida Everglades and Associated Areas,156A,Not_NEP,Not_NEP,FL,FL_OTH,CPL,CPL,Non-Federal,NWC_11_NO,NWC_11_NO,HAND,HAND,P13,None,FL,ICP,Inland Coastal Plains,CPL-PRLW,CPL-PRLW,HAND,HAND,Florida,F12021,None,Target,76,Southern Florida Coastal Plain,76b,Big Cypress,None,PFO,PRLW,DPRSS,NONE,0,1485190.642,-1165021.32
8/24/2020,NWCA11-R022,4778,6/7/2011,1,NWC_FL-10198,PLNLOW,Plains and Lowlands,CPL,Coastal Plains,Polk,Not Coast,CSTL_PLAIN,Atlantic and Gulf Coastal Plain,LRR U,Region_04,Target_Sampled,H0309010113,Blue Jordan Swamp,H030901011302,INLAND,27.79029,27.79029,-81.46208,-81.46208,"Florida Subtropical Fruit, Truck Crop, and Range Region",U,South Atlantic Gulf Region,H03,265,South-Central Florida Ridge,154,Not_NEP,Not_NEP,FL,FL_SCP,CPL,CPL,State,NWC_11_NO,NWC_11_NO,HAND,HAND,P13,None,FL,ICP,Inland Coastal Plains,CPL-PRLH,CPL-PRLH,HAND,HAND,Florida,F12105,None,Target,75,Southern Coastal Plain,75c,Central Florida Ridges and Uplands,None,PEM,PRLH,DPRSS,NONE,0,1433013.065,-972151.9897
8/24/2020,NWCA11-R023,4779,9/7/2011,1,NWC_FL-10199,PLNLOW,Plains and Lowlands,CPL,Coastal Plains,Orange,South East Coast Region,CSTL_PLAIN,Atlantic and Gulf Coastal Plain,LRR U,Region_04,Target_Sampled,H0308010114,Wekiva River,H030801011405,INLAND,28.73972,28.73972,-81.4829,-81.4829,"Florida Subtropical Fruit, Truck Crop, and Range Region",U,South Atlantic Gulf Region,H03,265,South-Central Florida Ridge,154,Not_NEP,Not_NEP,FL,FL_SCP,CPL,CPL,State,NWC_11_NO,NWC_11_NO,HAND,HAND,P13,None,FL,ICP,Inland Coastal Plains,CPL-PRLW,CPL-PRLW,HAND,HAND,Florida,F12095,None,Target,75,Southern Coastal Plain,75d,Eastern Florida Flatwoods,None,PFO,PRLW,FLATS,NONE,0,1415012.535,-868772.9628
8/24/2020,NWCA11-R024,4497,6/15/2011,1,NWC_SC-10062,PLNLOW,Plains and Lowlands,CPL,Coastal Plains,Georgetown,South East Coast Region,CSTL_PLAIN,Atlantic and Gulf Coastal Plain,LRR T (MLRA 153B),Region_04,Target_Sampled,H0304020804,North Inlet,H030402080402,TIDAL,33.34816,33.34816,-79.18911,-79.18911,Atlantic and Gulf Coast Lowland Forest and Crop Region,T,South Atlantic Gulf Region,H03,262,Tidewater Area,153B,Not_NEP,Not_NEP,SC,SC_SCP,CPL,CPL,State,NWC_11_NO,NWC_11_NO,HAND,HAND,P36,None,SC,ATL,Atlantic Coast,ALL-EH,ALL-EH,HAND,HAND,South Carolina,F45043,None,Target,75,Southern Coastal Plain,75j,Sea Islands/Coastal Marsh,None,E2EM,EH,TIDAL,NONE,0,1546242.617,-327507.8074
8/24/2020,NWCA11-R025,4780,7/20/2011,1,NWC_NE-10022,PLNLOW,Plains and Lowlands,SPL,Southern Plains,Garden,Not Coast,GT_PLAINS,Great Plains,LRR G,Region_07,Target_Sampled,H1018000915,Headwaters Blue Creek,H101800091503,INLAND,41.7481,41.7481,-102.3931,-102.3931,Western Great Plains Range and Irrigated Region,G,Missouri Region,H10,92,Nebraska Sand Hills,65,Not_NEP,Not_NEP,NE,NE,IPL,IPL,FWS,NWC_11_NO,NWC_11_NO,HAND,HAND,P22,None,NE,GPL,Great Plains,IPL-PRLH,IPL-PRLH,HAND,HAND,Nebraska,F31069,None,Target,44,Nebraska Sand Hills,44d,Lakes Area,None,PEM,PRLH,FRINGE,NONE,0,-527434.1865,493691.452
8/24/2020,NWCA11-R026,4781,7/27/2011,1,NWC_MT-10063,PLNLOW,Plains and Lowlands,NPL,Northern Plains,Phillips,Not Coast,GT_PLAINS,Great Plains,LRR F,Region_08,Target_Sampled,H1004010409,Beauchamp Creek,H100401040902,INLAND,47.78462,47.78462,-108.26495,-108.26495,Northern Great Plains Spring Wheat Region,F,Missouri Region,H10,71,Brown Glaciated Plain,52,Not_NEP,Not_NEP,MT,MT,IPL,IPL,Non-Federal,NWC_11_NO,NWC_11_NO,HAND,HAND,P33,None,MT,GPL,Great Plains,IPL-PRLH,IPL-PRLH,HAND,HAND,Montana,F30071,None,Target,42,Northwestern Glaciated Plains,42j,Glaciated Northern Grasslands,None,PEM,PRLH,DPRSS,NONE,0,-923374.5557,1207283.514
8/24/2020,NWCA11-R027,3936,8/20/2011,1,NWC_AR-10050,PLNLOW,Plains and Lowlands,CPL,Coastal Plains,Phillips,Not Coast,CSTL_PLAIN,Atlantic and Gulf Coastal Plain,LRR O,Region_06,Target_Sampled,H0802010001,Tunica Lake-Mississippi River,H080201000102,INLAND,34.59932,34.59932,-90.59626,-90.59626,Mississippi Delta Cotton and Feed Grains Region,O,Lower Mississippi Region,H08,230,Southern Mississippi River Alluvium,131A,Not_NEP,Not_NEP,AR,AR,CPL,CPL,USFS,NWC_11_NO,NWC_11_NO,HAND,HAND,P17,None,AR,ICP,Inland Coastal Plains,CPL-PRLW,CPL-PRLW,HAND,HAND,Arkansas,F05107,None,Target,73,Mississippi Alluvial Plain,73a,Northern Holocene Meander Belts,None,PSS,PRLW,FLATS,NONE,0,491414.9253,-310831.3215
8/24/2020,NWCA11-R028,5633,9/9/2011,1,NWC_FL-10200,PLNLOW,Plains and Lowlands,CPL,Coastal Plains,Brevard,South East Coast Region,CSTL_PLAIN,Atlantic and Gulf Coastal Plain,LRR U,Region_04,Target_Sampled,H0308020303,St. Sebastian River-Vero Beach Main Canal Frontal,H030802030304,INLAND,27.84147,27.84147,-80.56868,-80.56868,"Florida Subtropical Fruit, Truck Crop, and Range Region",U,South Atlantic Gulf Region,H03,266,Southern Florida Flatwoods,155,Indian River Lagoon,NEP,FL,FL_SCP,CPL,CPL,State,NWC_11_NO,NWC_11_NO,HAND,HAND,P13,None,FL,ICP,Inland Coastal Plains,CPL-PRLW,CPL-PRLW,HAND,HAND,Florida,F12009,None,Target,75,Southern Coastal Plain,75d,Eastern Florida Flatwoods,None,PFO,PRLW,DPRSS,NONE,0,1519410.287,-952695.3732
8/24/2020,NWCA11-R029,5634,9/8/2011,1,NWC_FL-10201,PLNLOW,Plains and Lowlands,CPL,Coastal Plains,Marion,South East Coast Region,CSTL_PLAIN,Atlantic and Gulf Coastal Plain,LRR U,Region_04,Target_Sampled,H0308010119,Lake Kerr,H030801011902,INLAND,29.32274,29.32274,-81.7468,-81.7468,"Florida Subtropical Fruit, Truck Crop, and Range Region",U,South Atlantic Gulf Region,H03,265,South-Central Florida Ridge,154,Not_NEP,Not_NEP,FL,FL_SCP,CPL,CPL,USFS,NWC_11_NO,NWC_11_NO,HAND,HAND,P13,None,FL,ICP,Inland Coastal Plains,CPL-PRLH,CPL-PRLH,HAND,HAND,Florida,F12083,None,Target,75,Southern Coastal Plain,75c,Central Florida Ridges and Uplands,None,PUBPAB,PRLH,UND,NONE,0,1379839.394,-808840.3381
8/24/2020,NWCA11-R030,4498,6/8/2011,1,NWC_FL-10202,PLNLOW,Plains and Lowlands,CPL,Coastal Plains,Wakulla,Gulf Coast Region,CSTL_PLAIN,Atlantic and Gulf Coastal Plain,"LRR T (MLRA 152A, 152B, 153A)",Region_04,Target_Sampled,H0312000311,Lower Sopchoppy River,H031200031102,INLAND,30.04171,30.04171,-84.44545,-84.44545,Atlantic and Gulf Coast Lowland Forest and Crop Region,T,South Atlantic Gulf Region,H03,259,Eastern Gulf Coast Flatwoods,152A,Not_NEP,Not_NEP,FL,FL_SCP,CPL,CPL,FWS,NWC_11_NO,NWC_11_NO,HAND,HAND,P13,None,FL,ICP,Inland Coastal Plains,CPL-PRLH,CPL-PRLH,HAND,HAND,Florida,F12129,None,Target,75,Southern Coastal Plain,75a,Gulf Coast Flatwoods,None,PUBPAB,PRLH,FLATS,NONE,0,1110356.232,-765198.448
8/24/2020,NWCA11-R031,5635,9/22/2011,1,NWC_KY-10033,PLNLOW,Plains and Lowlands,CPL,Coastal Plains,Hickman,Not Coast,CSTL_PLAIN,Atlantic and Gulf Coastal Plain,LRR P,Region_04,Target_Sampled,H0801020105,Obion Creek,H080102010505,INLAND,36.74187,36.74187,-88.85434,-88.85434,"South Atlantic and Gulf Slope Cash Crops, Forest, and Livestock Region",P,Lower Mississippi Region,H08,236,Southern Mississippi Valley Loess,134,Not_NEP,Not_NEP,KY,KY_OTH,CPL,CPL,State,NWC_11_NO,NWC_11_NO,HAND,HAND,P14,None,KY,ICP,Inland Coastal Plains,CPL-PRLW,CPL-PRLW,HAND,HAND,Kentucky,F21105,None,Target,74,Mississippi Valley Loess Plains,74b,Loess Plains,None,PFO,PRLW,DPRSS,NONE,0,631544.5896,-61197.05543
8/24/2020,NWCA11-R032,5637,8/27/2011,1,NWC_MO-10063,PLNLOW,Plains and Lowlands,TPL,Temporate Plains,Linn,Not Coast,MIDWEST,Midwest,LRR M,Region_07,Target_Sampled,H1028010309,Locust Creek,H102801030904,INLAND,39.751,39.751,-93.225,-93.225,Central Feed Grains and Livestock Region,M,Missouri Region,H10,188,Iowa and Missouri Heavy Till Plain,109,Not_NEP,Not_NEP,MO,MO,IPL,IPL,State,NWC_11_NO,NWC_11_NO,HAND,HAND,P34,None,MO,TPL,Temperate Plains,IPL-PRLH,IPL-PRLH,HAND,HAND,Missouri,F29115,None,Target,40,Central Irregular Plains,40a,Loess Flats and Till Plains,None,PEM,PRLH,RIVERINE,NONE,0,235609.0389,255730.305
8/24/2020,NWCA11-R033,5638,6/6/2011,1,NWC_MI-10021,PLNLOW,Plains and Lowlands,UMW,Upper Midwest,Baraga,Not Coast,NE,Northcentral and Northeast,LRR K,Region_05,Target_Sampled,H0403010701,Headwaters Michigamee Creek,H040301070104,INLAND,46.59842,46.59842,-88.13,-88.13,Northern Lake States Forest and Forage Region,K,Great Lakes Region,H04,160,"Superior Stony and Rocky Loamy Plains and Hills, Eastern Part",93B,Not_NEP,Not_NEP,MI,MI,EMU,EMU,State,NWC_11_NO,NWC_11_NO,HAND,HAND,P23,None,MI,NCE,North Central East,EMU-PRLW,EMU-PRLW,HAND,HAND,Michigan,F26013,None,Target,50,Northern Lakes and Forests,50w,Michigamme Highland,None,PFO,PRLW,FRINGE,NONE,0,604317.9434,1041474.503
8/24/2020,NWCA11-R034,4288,8/28/2011,1,NWC_PA-10018,EHIGH,Eastern Highlands,SAP,Southern Appalachians,Mifflin,Not Coast,E_MTNS,Eastern Mountains and Piedmont,LRR S (MLRA 147),Region_03,Target_Sampled,H0205030405,Upper Juniata River,H020503040501,INLAND,40.4242,40.4242,-77.7188,-77.7188,Northern Atlantic Slope Diversified Farming Region,S,Mid Atlantic Region,H02,252,Northern Appalachian Ridges and Valleys,147,Chesapeake Bay Watershed Initiative,Not_NEP,PA,PA_RV,EMU,EMU,State,NWC_11_NO,NWC_11_NO,HAND,HAND,P02,None,PA,SAP,Southern Appalachians,EMU-PRLW,EMU-PRLW,HAND,HAND,Pennsylvania,F42087,None,Target,67,Ridge and Valley,67c,Northern Sandstone Ridges,None,PFO,PRLW,RIVERINE,NONE,0,1528393.874,475177.0006
8/24/2020,NWCA11-R035,5639,6/29/2011,1,NWC_CO-10049,PLNLOW,Plains and Lowlands,SPL,Southern Plains,Yuma,Not Coast,GT_PLAINS,Great Plains,"LRR H (MLRA 72, 73)",Region_08,Target_Sampled,H1025000107,Spring Canyon-Arikaree River,H102500010703,INLAND,39.75988,39.75988,-102.50215,-102.50215,Central Great Plains Winter Wheat and Range Region,H,Missouri Region,H10,105,Central High Tableland,72,Not_NEP,Not_NEP,CO,CO,IPL,IPL,NGO,NWC_11_NO,NWC_11_NO,HAND,HAND,P16,None,CO,GPL,Great Plains,IPL-PRLH,IPL-PRLH,HAND,HAND,Colorado,F08125,None,Target,25,High Plains,25b,Rolling Sand Plains,None,PEM,PRLH,RIVERINE,NONE,0,-551639.3195,272164.0956
8/24/2020,NWCA11-R036,4742,8/21/2011,1,NWC_AR-10051,PLNLOW,Plains and Lowlands,CPL,Coastal Plains,Phillips,Not Coast,CSTL_PLAIN,Atlantic and Gulf Coastal Plain,LRR O,Region_06,Target_Sampled,H0802010001,Tunica Lake-Mississippi River,H080201000102,INLAND,34.6313,34.6313,-90.61653,-90.61653,Mississippi Delta Cotton and Feed Grains Region,O,Lower Mississippi Region,H08,230,Southern Mississippi River Alluvium,131A,Not_NEP,Not_NEP,AR,AR,CPL,CPL,USFS,NWC_11_NO,NWC_11_NO,HAND,HAND,P17,None,AR,ICP,Inland Coastal Plains,CPL-PRLW,CPL-PRLW,HAND,HAND,Arkansas,F05107,None,Target,73,Mississippi Alluvial Plain,73a,Northern Holocene Meander Belts,None,PSS,PRLW,RIVERINE,NONE,0,489371.0494,-307365.0338
8/24/2020,NWCA11-R037,5640,6/5/2011,1,NWC_LA-10108,PLNLOW,Plains and Lowlands,CPL,Coastal Plains,Rapides,Gulf Coast Region,CSTL_PLAIN,Atlantic and Gulf Coastal Plain,LRR P,Region_06,Target_Sampled,H0808010202,Upper Bayou Boeuf,H080801020202,INLAND,31.19851,31.19851,-92.56514,-92.56514,"South Atlantic and Gulf Slope Cash Crops, Forest, and Livestock Region",P,Lower Mississippi Region,H08,235,Western Coastal Plain,133B,Not_NEP,Not_NEP,LA,LA,CPL,CPL,USFS,NWC_11_NO,NWC_11_NO,HAND,HAND,P14,None,LA,ICP,Inland Coastal Plains,CPL-PRLH,CPL-PRLH,HAND,HAND,Louisiana,F22079,None,Target,35,South Central Plains,35e,Southern Tertiary Uplands,None,PEM,PRLH,FRINGE,NONE,0,326176.926,-698344.34
8/24/2020,NWCA11-R038,5641,6/9/2011,1,NWC_LA-10109,PLNLOW,Plains and Lowlands,CPL,Coastal Plains,Natchitoches,Not Coast,CSTL_PLAIN,Atlantic and Gulf Coastal Plain,LRR O,Region_06,Target_Sampled,H1114020703,Lower Kisatchie Bayou,H111402070305,INLAND,31.56334,31.56334,-93.12518,-93.12518,Mississippi Delta Cotton and Feed Grains Region,O,Arkansas-White-Red Region,H11,232,Red River Alluvium,131C,Not_NEP,Not_NEP,LA,LA,CPL,CPL,USFS,NWC_11_NO,NWC_11_NO,HAND,HAND,P14,None,LA,ICP,Inland Coastal Plains,CPL-PRLW,CPL-PRLW,HAND,HAND,Louisiana,F22069,None,Target,35,South Central Plains,35e,Southern Tertiary Uplands,None,PFO,PRLW,RIVERINE,NONE,0,271784.8463,-659526.2293
8/24/2020,NWCA11-R041,5642,7/27/2011,1,NWC_IA-10071,PLNLOW,Plains and Lowlands,TPL,Temporate Plains,Cerro Gordo,Not Coast,MIDWEST,Midwest,LRR M,Region_07,Target_Sampled,H0708020401,Bailey Creek,H070802040101,INLAND,43.02182,43.02182,-93.42311,-93.42311,Central Feed Grains and Livestock Region,M,Upper Mississippi Region,H07,176,Central Iowa and Minnesota Till Prairies,103,Not_NEP,Not_NEP,IA,IA,IPL,IPL,FWS,NWC_11_NO,NWC_11_NO,HAND,HAND,P21,None,IA,TPL,Temperate Plains,IPL-PRLH,IPL-PRLH,HAND,HAND,Iowa,F19033,None,Target,47,Western Corn Belt Plains,47b,Des Moines Lobe,None,PUBPAB,PRLH,DPRSS,NONE,0,208868.1123,621185.6043
8/24/2020,NWCA11-R042,5643,6/24/2011,1,NWC_MN-10033,PLNLOW,Plains and Lowlands,UMW,Upper Midwest,Carlton,Not Coast,NE,Northcentral and Northeast,LRR K,Region_05,Target_Sampled,H0703000302,Moose River,H070300030202,INLAND,46.55181,46.55181,-92.73373,-92.73373,Northern Lake States Forest and Forage Region,K,Upper Mississippi Region,H07,152,"Wisconsin and Minnesota Thin Loess and Till, Northern Part",90A,Not_NEP,Not_NEP,MN,MN,EMU,EMU,Non-Federal,NWC_11_NO,NWC_11_NO,HAND,HAND,P23,None,MN,NCE,North Central East,EMU-PRLH,EMU-PRLH,HAND,HAND,Minnesota,F27017,None,Target,50,Northern Lakes and Forests,50b,Minnesota/Wisconsin Upland Till Plain,None,PEM,PRLH,RIVERINE,NONE,0,251223.7874,1015590.4
8/24/2020,NWCA11-R043,5644,6/21/2011,1,NWC_ND-10096,PLNLOW,Plains and Lowlands,NPL,Northern Plains,Burke,Not Coast,GT_PLAINS,Great Plains,LRR F,Region_08,Target_Sampled,H0901000202,Stony Creek,H090100020201,INLAND,48.66959,48.66959,-102.40417,-102.40417,Northern Great Plains Spring Wheat Region,F,Souris-Red-Rainy Region,H09,73,Central Dark Brown Glaciated Plains,53B,Not_NEP,Not_NEP,ND,ND,IPL,IPL,FWS,NWC_11_NO,NWC_11_NO,HAND,HAND,P23,None,ND,GPL,Great Plains,IPL-PRLH,IPL-PRLH,HAND,HAND,North Dakota,F38013,None,Target,42,Northwestern Glaciated Plains,42d,Northern Missouri Coteau,None,PEM,PRLH,DPRSS,NONE,0,-476551.4967,1261182.964
8/24/2020,NWCA11-R044,5645,7/23/2011,1,NWC_NE-10023,PLNLOW,Plains and Lowlands,SPL,Southern Plains,Cherry,Not Coast,GT_PLAINS,Great Plains,LRR G,Region_07,Target_Sampled,H1015000411,Plum Creek,H101500041101,INLAND,42.45984,42.45984,-100.54142,-100.54142,Western Great Plains Range and Irrigated Region,G,Missouri Region,H10,92,Nebraska Sand Hills,65,Not_NEP,Not_NEP,NE,NE,IPL,IPL,FWS,NWC_11_NO,NWC_11_NO,HAND,HAND,P22,None,NE,GPL,Great Plains,IPL-PRLW,IPL-PRLW,HAND,HAND,Nebraska,F31031,None,Target,44,Nebraska Sand Hills,44d,Lakes Area,None,PSS,PRLW,FRINGE,NONE,0,-371006.8777,564416.9013
8/24/2020,NWCA11-R045,4381,9/28/2011,1,NWC_NY-10029,PLNLOW,Plains and Lowlands,CPL,Coastal Plains,Suffolk,North East Coast Region,NE,Northcentral and Northeast,LRR S (MLRA 149B),Region_02,Target_Sampled,H0203020204,Great South Bay-Fire Island Inlet,H020302020401,INLAND,40.76442,40.76442,-73.15237,-73.15237,Northern Atlantic Slope Diversified Farming Region,S,Mid Atlantic Region,H02,255,Long Island-Cape Cod Coastal Lowland,149B,Not_NEP,Not_NEP,NY,NY_ACPB,CPL,CPL,State,NWC_11_NO,NWC_11_NO,HAND,HAND,P36,None,NY,ICP,Inland Coastal Plains,CPL-PRLW,CPL-PRLW,HAND,HAND,New York,F36103,None,Target,84,Atlantic Coastal Pine Barrens,84a,Cape Cod/Long Island,None,PFO,PRLW,FLATS,NONE,0,1894465.128,594657.8367
8/24/2020,NWCA11-R046,4383,9/25/2011,1,NWC_NY-10030,PLNLOW,Plains and Lowlands,CPL,Coastal Plains,Suffolk,North East Coast Region,NE,Northcentral and Northeast,LRR S (MLRA 149B),Region_02,Target_Sampled,H0203020205,Peconic River,H020302020504,INLAND,40.88637,40.88637,-72.56787,-72.56787,Northern Atlantic Slope Diversified Farming Region,S,Mid Atlantic Region,H02,255,Long Island-Cape Cod Coastal Lowland,149B,Peconic Estuary Program,NEP,NY,NY_ACPB,CPL,CPL,County,NWC_11_NO,NWC_11_NO,HAND,HAND,P36,None,NY,ICP,Inland Coastal Plains,CPL-PRLW,CPL-PRLW,HAND,HAND,New York,F36103,None,Target,84,Atlantic Coastal Pine Barrens,84a,Cape Cod/Long Island,None,PSS,PRLW,DPRSS,NONE,0,1938623.421,619699.8396
8/24/2020,NWCA11-R047,5630,9/4/2011,1,NWC_OK-10055,PLNLOW,Plains and Lowlands,CPL,Coastal Plains,McCurtain,Not Coast,CSTL_PLAIN,Atlantic and Gulf Coastal Plain,LRR P,Region_06,Target_Sampled,H1114010704,Lower Little River,H111401070409,INLAND,33.95031,33.95031,-94.7196,-94.7196,"South Atlantic and Gulf Slope Cash Crops, Forest, and Livestock Region",P,Arkansas-White-Red Region,H11,239,Cretaceous Western Coastal Plain,135B,Not_NEP,Not_NEP,OK,OK,CPL,CPL,FWS,NWC_11_NO,NWC_11_NO,HAND,HAND,P14,None,OK,ICP,Inland Coastal Plains,CPL-PRLW,CPL-PRLW,HAND,HAND,Oklahoma,F40089,None,Target,35,South Central Plains,35b,Floodplains and Low Terraces,None,PFO,PRLW,RIVERINE,NONE,0,117476.0762,-396571.4735
8/24/2020,NWCA11-R048,4287,9/9/2011,1,NWC_PA-10019,EHIGH,Eastern Highlands,NAP,Northern Appalachians,Monroe,Not Coast,NE,Northcentral and Northeast,LRR R (Excluding MLRA 143),Region_03,Target_Sampled,H0204010601,Tobyhanna Creek,H020401060102,INLAND,41.1737,41.1737,-75.4436,-75.4436,Northeastern Forage and Forest Region,R,Mid Atlantic Region,H02,244,Glaciated Allegheny Plateau and Catskill Mountains,140,Not_NEP,Not_NEP,PA,PA_AP,EMU,EMU,State,NWC_11_NO,NWC_11_NO,HAND,HAND,P02,None,PA,NCE,North Central East,EMU-PRLW,EMU-PRLW,HAND,HAND,Pennsylvania,F42089,None,Target,62,North Central Appalachians,62a,Pocono High Plateau,None,PSS,PRLW,DPRSS,NONE,0,1697788.218,595994.6457
8/24/2020,NWCA11-R049,4387,7/14/2011,1,NWC_VA-10051,PLNLOW,Plains and Lowlands,CPL,Coastal Plains,Chesapeake,South East Coast Region,CSTL_PLAIN,Atlantic and Gulf Coastal Plain,LRR T (MLRA 153B),Region_03,Target_Sampled,H0301020506,Dismal Swamp Canal-Lake Drummond,H030102050603,INLAND,36.62575,36.62575,-76.47355,-76.47355,Atlantic and Gulf Coast Lowland Forest and Crop Region,T,South Atlantic Gulf Region,H03,262,Tidewater Area,153B,Albemarle-Pamlico Sounds,NEP,VA,VA_CP,CPL,CPL,FWS,NWC_11_NO,NWC_11_NO,HAND,HAND,P13,None,VA,ICP,Inland Coastal Plains,CPL-PRLW,CPL-PRLW,HAND,HAND,Virginia,F51550,None,Target,63,Middle Atlantic Coastal Plain,63c,Swamps and Peatlands,None,PFO,PRLW,FLATS,NONE,0,1717930.684,79154.32152
8/24/2020,NWCA11-R050,5665,6/25/2011,1,NWC_WI-10035,PLNLOW,Plains and Lowlands,UMW,Upper Midwest,Douglas,Not Coast,NE,Northcentral and Northeast,LRR K,Region_05,Target_Sampled,H0703000103,Upper Tamarack River,H070300010301,INLAND,46.3599,46.3599,-92.1802,-92.1802,Northern Lake States Forest and Forage Region,K,Upper Mississippi Region,H07,152,"Wisconsin and Minnesota Thin Loess and Till, Northern Part",90A,Not_NEP,Not_NEP,WI,WI,EMU,EMU,County,NWC_11_NO,NWC_11_NO,HAND,HAND,P23,None,WI,NCE,North Central East,EMU-PRLW,EMU-PRLW,HAND,HAND,Wisconsin,F55031,None,Target,50,Northern Lakes and Forests,50b,Minnesota/Wisconsin Upland Till Plain,None,PSS,PRLW,UND,NONE,0,294631.8593,995922.117
8/24/2020,NWCA11-R051,5646,6/28/2011,1,NWC_LA-10110,PLNLOW,Plains and Lowlands,CPL,Coastal Plains,Natchitoches,Not Coast,CSTL_PLAIN,Atlantic and Gulf Coastal Plain,LRR P,Region_06,Target_Sampled,H1114020802,Lower Saline Bayou,H111402080203,INLAND,31.98385,31.98385,-92.90447,-92.90447,"South Atlantic and Gulf Slope Cash Crops, Forest, and Livestock Region",P,Arkansas-White-Red Region,H11,235,Western Coastal Plain,133B,Not_NEP,Not_NEP,LA,LA,CPL,CPL,USFS,NWC_11_NO,NWC_11_NO,HAND,HAND,P14,None,LA,ICP,Inland Coastal Plains,CPL-PRLW,CPL-PRLW,HAND,HAND,Louisiana,F22069,None,Target,35,South Central Plains,35e,Southern Tertiary Uplands,None,PFO,PRLW,RIVERINE,NONE,0,291118.3653,-612062.3245
8/24/2020,NWCA11-R052,4389,7/11/2011,1,NWC_VA-10052,PLNLOW,Plains and Lowlands,CPL,Coastal Plains,James City,North East Coast Region,CSTL_PLAIN,Atlantic and Gulf Coastal Plain,LRR P,Region_03,Target_Sampled,H0208010701,Upper York River,H020801070104,TIDAL,37.41522,37.41522,-76.71689,-76.71689,"South Atlantic and Gulf Slope Cash Crops, Forest, and Livestock Region",P,Mid Atlantic Region,H02,234,Southern Coastal Plain,133A,Chesapeake Bay Watershed Initiative,Not_NEP,VA,VA_CP,CPL,CPL,State,NWC_11_NO,NWC_11_NO,HAND,HAND,P14,None,VA,ATL,Atlantic Coast,ALL-EH,ALL-EH,HAND,HAND,Virginia,F51095,None,Target,65,Southeastern Plains,65m,Rolling Coastal Plain,None,E2EM,EH,TIDAL,NONE,0,1678991.906,161427.1384
8/24/2020,NWCA11-R053,5666,9/20/2011,1,NWC_IL-10035,PLNLOW,Plains and Lowlands,TPL,Temporate Plains,Fayette,Not Coast,MIDWEST,Midwest,LRR M,Region_05,Target_Sampled,H0714020206,Carlyle Reservoir-Kaskaskia River,H071402020604,INLAND,38.9066,38.9066,-89.1006,-89.1006,Central Feed Grains and Livestock Region,M,Upper Mississippi Region,H07,197,Central Claypan Areas,113,Not_NEP,Not_NEP,IL,IL,IPL,IPL,Non-Federal,NWC_11_NO,NWC_11_NO,HAND,HAND,P21,None,IL,TPL,Temperate Plains,IPL-PRLW,IPL-PRLW,HAND,HAND,Illinois,F17051,None,Target,72,Interior River Valleys and Hills,72j,Southern Illinoian Till Plain,None,PFO,PRLW,RIVERINE,NONE,0,592220.9213,179162.3278
8/24/2020,NWCA11-R054,5667,6/16/2011,1,NWC_MN-10034,PLNLOW,Plains and Lowlands,TPL,Temporate Plains,Lyon,Not Coast,MIDWEST,Midwest,LRR M,Region_05,Target_Sampled,H0702000603,City of Marshall-Redwood River,H070200060301,INLAND,44.36568,44.36568,-95.97195,-95.97195,Central Feed Grains and Livestock Region,M,Upper Mississippi Region,H07,173,Rolling Till Prairie,102A,Not_NEP,Not_NEP,MN,MN,IPL,IPL,State,NWC_11_NO,NWC_11_NO,HAND,HAND,P23,None,MN,TPL,Temperate Plains,IPL-PRLH,IPL-PRLH,HAND,HAND,Minnesota,F27083,None,Target,46,Northern Glaciated Plains,46k,Prairie Coteau,None,PEM,PRLH,FRINGE,NONE,0,2229.595218,768298.2498
8/24/2020,NWCA11-R055,5668,7/21/2011,1,NWC_NE-10024,PLNLOW,Plains and Lowlands,SPL,Southern Plains,Cherry,Not Coast,GT_PLAINS,Great Plains,LRR G,Region_07,Target_Sampled,H1015000411,Plum Creek,H101500041101,INLAND,42.4577,42.4577,-100.5391,-100.5391,Western Great Plains Range and Irrigated Region,G,Missouri Region,H10,92,Nebraska Sand Hills,65,Not_NEP,Not_NEP,NE,NE,IPL,IPL,FWS,NWC_11_NO,NWC_11_NO,HAND,HAND,P22,None,NE,GPL,Great Plains,IPL-PRLH,IPL-PRLH,HAND,HAND,Nebraska,F31031,None,Target,44,Nebraska Sand Hills,44d,Lakes Area,None,PEM,PRLH,FRINGE,NONE,0,-370828.9147,564168.8716
8/24/2020,NWCA11-R056,5669,6/22/2011,1,NWC_ND-10097,PLNLOW,Plains and Lowlands,TPL,Temporate Plains,Rolette,Not Coast,GT_PLAINS,Great Plains,LRR F,Region_08,Target_Sampled,H0901000407,Willow Creek,H090100040703,INLAND,48.858,48.858,-100.1277,-100.1277,Northern Great Plains Spring Wheat Region,F,Souris-Red-Rainy Region,H09,76,Northern Black Glaciated Plains,55A,Not_NEP,Not_NEP,ND,ND,IPL,IPL,State,NWC_11_NO,NWC_11_NO,HAND,HAND,P10,None,ND,TPL,Temperate Plains,IPL-PRLH,IPL-PRLH,HAND,HAND,North Dakota,F38079,None,Target,46,Northern Glaciated Plains,46b,Turtle Mountains,None,PEM,PRLH,RIVERINE,NONE,0,-306389.7633,1272489.394
8/24/2020,NWCA11-R057,5670,6/30/2011,1,NWC_CO-10050,PLNLOW,Plains and Lowlands,SPL,Southern Plains,Lincoln,Not Coast,GT_PLAINS,Great Plains,LRR G,Region_08,Target_Sampled,H1102000801,Steels Fork,H110200080102,INLAND,38.75774,38.75774,-103.92896,-103.92896,Western Great Plains Range and Irrigated Region,G,Arkansas-White-Red Region,H11,97,Upper Arkansas Valley Rolling Plains,69,Not_NEP,Not_NEP,CO,CO,IPL,IPL,Non-Federal,NWC_11_NO,NWC_11_NO,HAND,HAND,P27,None,CO,GPL,Great Plains,IPL-PRLH,IPL-PRLH,HAND,HAND,Colorado,F08073,None,Target,26,Southwestern Tablelands,26e,Piedmont Plains and Tablelands,None,PEM,PRLH,SLOPE,NONE,0,-681793.5038,169429.1032
8/24/2020,NWCA11-R058,5295,6/17/2011,1,NWC_NC-10062,PLNLOW,Plains and Lowlands,CPL,Coastal Plains,New Hanover,South East Coast Region,CSTL_PLAIN,Atlantic and Gulf Coastal Plain,LRR T (MLRA 153B),Region_04,Target_Sampled,H0302030205,Masonboro Inlet-Mason Inlet,H030203020502,TIDAL,34.14189,34.14189,-77.85281,-77.85281,Atlantic and Gulf Coast Lowland Forest and Crop Region,T,South Atlantic Gulf Region,H03,262,Tidewater Area,153B,Not_NEP,Not_NEP,NC,NC_CP,CPL,CPL,State,NWC_11_NO,NWC_11_NO,HAND,HAND,P36,None,NC,ATL,Atlantic Coast,ALL-EH,ALL-EH,HAND,HAND,North Carolina,F37129,None,Target,63,Middle Atlantic Coastal Plain,63g,Carolinian Barrier Islands and Coastal Marshes,None,E2EM,EH,TIDAL,NONE,0,1650881.592,-217847.141
8/24/2020,NWCA11-R059,5671,7/28/2011,1,NWC_IA-10072,PLNLOW,Plains and Lowlands,TPL,Temporate Plains,Winnebago,Not Coast,MIDWEST,Midwest,LRR M,Region_07,Target_Sampled,H0708020301,Upper Winnebago River,H070802030108,INLAND,43.26011,43.26011,-93.55391,-93.55391,Central Feed Grains and Livestock Region,M,Upper Mississippi Region,H07,176,Central Iowa and Minnesota Till Prairies,103,Not_NEP,Not_NEP,IA,IA,IPL,IPL,State,NWC_11_NO,NWC_11_NO,HAND,HAND,P21,None,IA,TPL,Temperate Plains,IPL-PRLH,IPL-PRLH,HAND,HAND,Iowa,F19189,None,Target,47,Western Corn Belt Plains,47b,Des Moines Lobe,None,PUBPAB,PRLH,DPRSS,NONE,0,197583.6684,647510.2169
8/24/2020,NWCA11-R060,5672,9/23/2011,1,NWC_KY-10034,EHIGH,Eastern Highlands,SAP,Southern Appalachians,Logan,Not Coast,E_MTNS,Eastern Mountains and Piedmont,LRR N (MLRA 122),Region_04,Target_Sampled,H0513020607,Elk Fork-Red River,H051302060703,INLAND,36.68411,36.68411,-87.02784,-87.02784,East and Central Farming and Forest Region,N,Ohio-Tennessee Region,H05_H06,218,Highland Rim and Pennyroyal,122,Not_NEP,Not_NEP,KY,KY_ILP,EMU,EMU,Non-Federal,NWC_11_NO,NWC_11_NO,HAND,HAND,P12,None,KY,SAP,Southern Appalachians,EMU-PRLW,EMU-PRLW,HAND,HAND,Kentucky,F21141,None,Target,71,Interior Plateau,71e,Western Pennyroyal Karst Plain,None,PSS,PRLW,DPRSS,NONE,0,793152.6419,-53953.66737
8/24/2020,NWCA11-R061,5673,7/24/2011,1,NWC_NE-10025,PLNLOW,Plains and Lowlands,NPL,Northern Plains,Boyd,Not Coast,GT_PLAINS,Great Plains,LRR G,Region_07,Target_Sampled,H1015000705,Turkey Creek-Niobrara River,H101500070502,INLAND,42.8487,42.8487,-98.8451,-98.8451,Western Great Plains Range and Irrigated Region,G,Missouri Region,H10,90,Southern Rolling Pierre Shale Plains,63B,Not_NEP,Not_NEP,NE,NE,IPL,IPL,State,NWC_11_NO,NWC_11_NO,HAND,HAND,P33,None,NE,GPL,Great Plains,IPL-PRLW,IPL-PRLW,HAND,HAND,Nebraska,F31015,None,Target,42,Northwestern Glaciated Plains,42h,Southern River Breaks,None,PSS,PRLW,RIVERINE,NONE,0,-231180.4586,602473.1626
8/24/2020,NWCA11-R062,5674,9/27/2011,1,NWC_OH-10032,PLNLOW,Plains and Lowlands,TPL,Temporate Plains,Hardin,Not Coast,MIDWEST,Midwest,LRR M,Region_05,Target_Sampled,H0506000101,Headwaters Scioto River,H050600010103,INLAND,40.56611,40.56611,-83.623056,-83.623056,Central Feed Grains and Livestock Region,M,Ohio-Tennessee Region,H05_H06,192,"Indiana and Ohio Till Plain, Northeastern Part",111B,Not_NEP,Not_NEP,OH,OH_OTH,IPL,IPL,State,NWC_11_NO,NWC_11_NO,HAND,HAND,P11,None,OH,TPL,Temperate Plains,IPL-PRLW,IPL-PRLW,HAND,HAND,Ohio,F39065,None,Target,55,Eastern Corn Belt Plains,55a,Clayey High Lime Till Plains,None,PFO,PRLW,DPRSS,NONE,0,1036174.68,411182.4684
8/24/2020,NWCA11-R063,5675,7/28/2011,1,NWC_MT-10064,PLNLOW,Plains and Lowlands,NPL,Northern Plains,Chouteau,Not Coast,W_MTNS,"Western Mountains, Valleys, and Coast",LRR E,Region_08,Target_Sampled,H1003010213,Highwood Creek,H100301021302,INLAND,47.491774,47.491774,-110.715147,-110.715147,Rocky Mountain Range and Forest Region,E,Missouri Region,H10,63,Northern Rocky Mountain Foothills,46,Not_NEP,Not_NEP,MT,MT,IPL,IPL,Non-Federal,NWC_11_NO,NWC_11_NO,HAND,HAND,P24,None,MT,GPL,Great Plains,IPL-PRLW,IPL-PRLW,HAND,HAND,Montana,F30015,None,Target,42,Northwestern Glaciated Plains,42r,Foothill Grassland,None,PSS,PRLW,RIVERINE,NONE,0,-1111473.666,1201503.341
8/24/2020,NWCA11-R064,5676,9/5/2011,1,NWC_OK-10056,PLNLOW,Plains and Lowlands,SPL,Southern Plains,Okmulgee,Not Coast,E_MTNS,Eastern Mountains and Piedmont,LRR N (Excluding MLRA 122),Region_06,Target_Sampled,H1110030309,City of Okmulgee-Deep Fork of Canadian River,H111003030905,INLAND,35.6578,35.6578,-96.0383,-96.0383,East and Central Farming and Forest Region,N,Arkansas-White-Red Region,H11,211,"Arkansas Valley and Ridges, Western Part",118B,Not_NEP,Not_NEP,OK,OK,IPL,IPL,State,NWC_11_NO,NWC_11_NO,HAND,HAND,P19,None,OK,GPL,Great Plains,IPL-PRLW,IPL-PRLW,HAND,HAND,Oklahoma,F40111,None,Target,29,Cross Timbers,29a,Northern Cross Timbers,None,PFO,PRLW,RIVERINE,NONE,0,-3437.13686,-206363.5486
8/24/2020,NWCA11-R065,3935,8/20/2011,1,NWC_AR-10052,PLNLOW,Plains and Lowlands,CPL,Coastal Plains,Lee,Not Coast,CSTL_PLAIN,Atlantic and Gulf Coastal Plain,LRR O,Region_06,Target_Sampled,H0802020316,L'Anguille River-St. Francis River,H080202031607,INLAND,34.726458,34.726458,-90.677175,-90.677175,Mississippi Delta Cotton and Feed Grains Region,O,Lower Mississippi Region,H08,230,Southern Mississippi River Alluvium,131A,Not_NEP,Not_NEP,AR,AR,CPL,CPL,Non-Federal,NWC_11_NO,NWC_11_NO,HAND,HAND,P17,None,AR,ICP,Inland Coastal Plains,CPL-PRLH,CPL-PRLH,HAND,HAND,Arkansas,F05077,None,Target,73,Mississippi Alluvial Plain,73a,Northern Holocene Meander Belts,None,PEM,PRLH,DPRSS,NONE,0,483268.2476,-297049.0394
8/24/2020,NWCA11-R066,5677,7/25/2011,1,NWC_NE-10026,PLNLOW,Plains and Lowlands,TPL,Temporate Plains,Stanton,Not Coast,MIDWEST,Midwest,LRR M,Region_07,Target_Sampled,H1022000302,Humbug Creek-Elkhorn River,H102200030203,INLAND,41.93385,41.93385,-97.2847,-97.2847,Central Feed Grains and Livestock Region,M,Missouri Region,H10,175,Loess Uplands,102C,Not_NEP,Not_NEP,NE,NE,IPL,IPL,State,NWC_11_NO,NWC_11_NO,HAND,HAND,P21,None,NE,TPL,Temperate Plains,IPL-PRLH,IPL-PRLH,HAND,HAND,Nebraska,F31167,None,Target,47,Western Corn Belt Plains,47l,Transitional Sandy Plain,None,PUBPAB,PRLH,FRINGE,NONE,0,-105784.2604,497441.1659
8/24/2020,NWCA11-R067,2811,6/8/2011,1,NWC_FL-10203,PLNLOW,Plains and Lowlands,CPL,Coastal Plains,Santa Rosa,Gulf Coast Region,CSTL_PLAIN,Atlantic and Gulf Coastal Plain,"LRR T (MLRA 152A, 152B, 153A)",Region_04,Target_Sampled,H0314010308,Lower Yellow River,H031401030806,TIDAL,30.54231,30.54231,-86.99638,-86.99638,Atlantic and Gulf Coast Lowland Forest and Crop Region,T,South Atlantic Gulf Region,H03,259,Eastern Gulf Coast Flatwoods,152A,Not_NEP,Not_NEP,FL,FL_SCP,CPL,CPL,State,NWC_11_NO,NWC_11_NO,HAND,HAND,P36,None,FL,GFC,Gulf & Florida Coasts,ALL-EH,ALL-EH,HAND,HAND,Florida,F12113,None,Target,75,Southern Coastal Plain,75i,Floodplains and Low Terraces,None,E2EM,EH,TIDAL,NONE,0,860799.5953,-736387.2674
8/24/2020,NWCA11-R069,5678,9/15/2011,1,NWC_NC-10063,PLNLOW,Plains and Lowlands,CPL,Coastal Plains,Craven,South East Coast Region,CSTL_PLAIN,Atlantic and Gulf Coastal Plain,"LRR T (MLRA 152A, 152B, 153A)",Region_04,Target_Sampled,H0302030101,Headwaters White Oak River,H030203010103,INLAND,34.93388,34.93388,-77.08636,-77.08636,Atlantic and Gulf Coast Lowland Forest and Crop Region,T,South Atlantic Gulf Region,H03,261,Atlantic Coast Flatwoods,153A,Albemarle-Pamlico Sounds,NEP,NC,NC_CP,CPL,CPL,State,NWC_11_NO,NWC_11_NO,HAND,HAND,P13,None,NC,ICP,Inland Coastal Plains,CPL-PRLW,CPL-PRLW,HAND,HAND,North Carolina,F37049,None,Target,63,Middle Atlantic Coastal Plain,63c,Swamps and Peatlands,None,PFO,PRLW,FLATS,NONE,0,1702192.115,-117435.4317
8/24/2020,NWCA11-R070,4393,7/10/2011,1,NWC_NC-10064,PLNLOW,Plains and Lowlands,CPL,Coastal Plains,Bertie,South East Coast Region,CSTL_PLAIN,Atlantic and Gulf Coastal Plain,"LRR T (MLRA 152A, 152B, 153A)",Region_04,Target_Sampled,H0301010708,Outlet Cashie River,H030101070806,INLAND,35.9376,35.9376,-76.8779,-76.8779,Atlantic and Gulf Coast Lowland Forest and Crop Region,T,South Atlantic Gulf Region,H03,261,Atlantic Coast Flatwoods,153A,Albemarle-Pamlico Sounds,NEP,NC,NC_CP,CPL,CPL,State,NWC_11_NO,NWC_11_NO,HAND,HAND,P13,None,NC,ICP,Inland Coastal Plains,CPL-PRLW,CPL-PRLW,HAND,HAND,North Carolina,F37015,None,Target,63,Middle Atlantic Coastal Plain,63n,Mid-Atlantic Floodplains and Low Terraces,None,PFO,PRLW,RIVERINE,NONE,0,1698247.028,-3601.129557
8/24/2020,NWCA11-R071,4394,7/8/2011,1,NWC_NC-10065,PLNLOW,Plains and Lowlands,CPL,Coastal Plains,Hyde,South East Coast Region,CSTL_PLAIN,Atlantic and Gulf Coastal Plain,LRR T (MLRA 153B),Region_04,Target_Sampled,H0302010502,Pamlico Sound-Ocracoke Inlet,H030201050207,TIDAL,35.0862,35.0862,-75.99199,-75.99199,Atlantic and Gulf Coast Lowland Forest and Crop Region,T,South Atlantic Gulf Region,H03,262,Tidewater Area,153B,Albemarle-Pamlico Sounds,NEP,NC,NC_CP,CPL,CPL,NPS,NWC_11_NO,NWC_11_NO,HAND,HAND,P36,None,NC,ATL,Atlantic Coast,ALL-EH,ALL-EH,HAND,HAND,North Carolina,F37095,None,Target,63,Middle Atlantic Coastal Plain,63g,Carolinian Barrier Islands and Coastal Marshes,None,E2EM,EH,TIDAL,NONE,0,1795702.863,-80608.16503
8/24/2020,NWCA11-R072,4741,9/25/2011,1,NWC_AL-10040,PLNLOW,Plains and Lowlands,CPL,Coastal Plains,Baldwin,Gulf Coast Region,CSTL_PLAIN,Atlantic and Gulf Coastal Plain,LRR P,Region_04,Target_Sampled,H0316020401,Cedar Creek-Tensaw River,H031602040103,INLAND,31.124092,31.124092,-87.942731,-87.942731,"South Atlantic and Gulf Slope Cash Crops, Forest, and Livestock Region",P,South Atlantic Gulf Region,H03,234,Southern Coastal Plain,133A,Mobile Bay,NEP,AL,AL_SCP,CPL,CPL,State,NWC_11_NO,NWC_11_NO,HAND,HAND,P13,None,AL,ICP,Inland Coastal Plains,CPL-PRLW,CPL-PRLW,HAND,HAND,Alabama,F01003,None,Target,75,Southern Coastal Plain,75i,Floodplains and Low Terraces,None,PFO,PRLW,FLATS,NONE,0,765075.5436,-680065.7091
8/24/2020,NWCA11-R073,5679,6/11/2011,1,NWC_FL-10204,PLNLOW,Plains and Lowlands,CPL,Coastal Plains,Collier,Gulf Coast Region,CSTL_PLAIN,Atlantic and Gulf Coastal Plain,LRR U,Region_04,Target_Sampled,H0309020407,Henderson Creek-Barron River Frontal,H030902040700,TIDAL,25.89391,25.89391,-81.45987,-81.45987,"Florida Subtropical Fruit, Truck Crop, and Range Region",U,South Atlantic Gulf Region,H03,267,Florida Everglades and Associated Areas,156A,Not_NEP,Not_NEP,FL,FL_OTH,CPL,CPL,State,NWC_11_NO,NWC_11_NO,HAND,HAND,P36,None,FL,GFC,Gulf & Florida Coasts,ALL-EW,ALL-EW,HAND,HAND,Florida,F12021,None,Target,76,Southern Florida Coastal Plain,76d,Southern Coast and Islands,None,E2SS,EW,TIDAL,NONE,0,1465039.449,-1178403.18
8/24/2020,NWCA11-R074,5680,9/11/2011,1,NWC_FL-10205,PLNLOW,Plains and Lowlands,CPL,Coastal Plains,Miami-Dade,Gulf Coast Region,CSTL_PLAIN,Atlantic and Gulf Coastal Plain,LRR U,Region_04,Target_Sampled,H0309020213,Everglades National Park,H030902021300,INLAND,25.72468,25.72468,-80.75384,-80.75384,"Florida Subtropical Fruit, Truck Crop, and Range Region",U,South Atlantic Gulf Region,H03,267,Florida Everglades and Associated Areas,156A,Not_NEP,Not_NEP,FL,FL_OTH,CPL,CPL,NPS,NWC_11_NO,NWC_11_NO,HAND,HAND,P13,None,FL,ICP,Inland Coastal Plains,CPL-PRLH,CPL-PRLH,HAND,HAND,Florida,F12086,None,Target,76,Southern Florida Coastal Plain,76a,Everglades,None,PEM,PRLH,UND,NONE,0,1538546.963,-1185586.715
8/24/2020,NWCA11-R075,5294,6/7/2011,1,NWC_FL-10206,PLNLOW,Plains and Lowlands,CPL,Coastal Plains,Levy,Gulf Coast Region,CSTL_PLAIN,Atlantic and Gulf Coastal Plain,"LRR T (MLRA 152A, 152B, 153A)",Region_04,Target_Sampled,H0311010105,Barnett Creek-Rocky Creek Frontal,H031101010504,INLAND,29.31352,29.31352,-83.04656,-83.04656,Atlantic and Gulf Coast Lowland Forest and Crop Region,T,South Atlantic Gulf Region,H03,259,Eastern Gulf Coast Flatwoods,152A,Not_NEP,Not_NEP,FL,FL_SCP,CPL,CPL,FWS,NWC_11_NO,NWC_11_NO,HAND,HAND,P13,None,FL,ICP,Inland Coastal Plains,CPL-PRLW,CPL-PRLW,HAND,HAND,Florida,F12075,None,Target,75,Southern Coastal Plain,75a,Gulf Coast Flatwoods,None,PFO,PRLW,FLATS,NONE,0,1254969.352,-827869.7495
8/24/2020,NWCA11-R076,5681,6/24/2011,1,NWC_LA-10111,PLNLOW,Plains and Lowlands,CPL,Coastal Plains,Plaquemines,Gulf Coast Region,CSTL_PLAIN,Atlantic and Gulf Coastal Plain,LRR T (MLRA 151),Region_06,Target_Sampled,H0809020307,Bayou Terre Aux Boeufs-Frontal Breton Sound,H080902030704,TIDAL,29.6178,29.6178,-89.78756,-89.78756,Atlantic and Gulf Coast Lowland Forest and Crop Region,T,Lower Mississippi Region,H08,258,Gulf Coast Marsh,151,Not_NEP,Not_NEP,LA,LA,CPL,CPL,Non-Federal,NWC_11_NO,NWC_11_NO,HAND,HAND,P36,None,LA,GFC,Gulf & Florida Coasts,ALL-EH,ALL-EH,HAND,HAND,Louisiana,F22075,None,Target,73,Mississippi Alluvial Plain,73o,Deltaic Coastal Marshes and Barrier Islands,None,E2EM,EH,TIDAL,NONE,0,601115.1846,-860151.6169
8/24/2020,NWCA11-R077,5682,6/10/2011,1,NWC_FL-10207,PLNLOW,Plains and Lowlands,CPL,Coastal Plains,Collier,Gulf Coast Region,CSTL_PLAIN,Atlantic and Gulf Coastal Plain,LRR U,Region_04,Target_Sampled,H0309020407,Henderson Creek-Barron River Frontal,H030902040700,TIDAL,26.05011,26.05011,-81.73795,-81.73795,"Florida Subtropical Fruit, Truck Crop, and Range Region",U,South Atlantic Gulf Region,H03,266,Southern Florida Flatwoods,155,Not_NEP,Not_NEP,FL,FL_OTH,CPL,CPL,State,NWC_11_NO,NWC_11_NO,HAND,HAND,P36,None,FL,GFC,Gulf & Florida Coasts,ALL-EH,ALL-EH,HAND,HAND,Florida,F12021,None,Target,76,Southern Florida Coastal Plain,76d,Southern Coast and Islands,None,E2EM,EH,TIDAL,NONE,0,1434669.585,-1165694.814
8/24/2020,NWCA11-R078,5132,5/4/2011,1,NWC_LA-10112,PLNLOW,Plains and Lowlands,CPL,Coastal Plains,Vermilion,Gulf Coast Region,CSTL_PLAIN,Atlantic and Gulf Coastal Plain,LRR T (MLRA 151),Region_06,Target_Sampled,H0808020207,Schooner Bayou Canal-Intracoastal Waterway,H080802020702,INLAND,29.84828,29.84828,-92.51961,-92.51961,Atlantic and Gulf Coast Lowland Forest and Crop Region,T,Lower Mississippi Region,H08,258,Gulf Coast Marsh,151,Not_NEP,Not_NEP,LA,LA,CPL,CPL,State,NWC_11_NO,NWC_11_NO,HAND,HAND,P13,None,LA,ICP,Inland Coastal Plains,CPL-PRLH,CPL-PRLH,HAND,HAND,Louisiana,F22113,None,Target,34,Western Gulf Coastal Plain,34g,Texas-Louisiana Coastal Marshes,None,PEM,PRLH,FRINGE,NONE,0,335990.9803,-848092.0856
8/24/2020,NWCA11-R079,4740,9/11/2011,1,NWC_LA-10113,PLNLOW,Plains and Lowlands,CPL,Coastal Plains,St. Mary,Gulf Coast Region,CSTL_PLAIN,Atlantic and Gulf Coastal Plain,LRR O,Region_06,Target_Sampled,H0808010105,Lower Atchafalaya River,H080801010501,INLAND,29.66749,29.66749,-91.44415,-91.44415,Mississippi Delta Cotton and Feed Grains Region,O,Lower Mississippi Region,H08,230,Southern Mississippi River Alluvium,131A,Not_NEP,Not_NEP,LA,LA,CPL,CPL,Non-Federal,NWC_11_NO,NWC_11_NO,HAND,HAND,P17,None,LA,ICP,Inland Coastal Plains,CPL-PRLW,CPL-PRLW,HAND,HAND,Louisiana,F22101,None,Target,73,Mississippi Alluvial Plain,73n,Inland Swamps,None,PFO,PRLW,FRINGE,NONE,0,440704.8165,-863731.1448
8/24/2020,NWCA11-R080,4739,9/4/2011,1,NWC_TX-10083,PLNLOW,Plains and Lowlands,CPL,Coastal Plains,Calhoun,Gulf Coast Region,CSTL_PLAIN,Atlantic and Gulf Coastal Plain,LRR T (MLRA 150B),Region_06,Target_Sampled,H1210040302,San Antonio Bay-Espiritu Santo Bay,H121004030200,TIDAL,28.28716,28.28716,-96.5732,-96.5732,Atlantic and Gulf Coast Lowland Forest and Crop Region,T,Rio Grande-Texas-Gulf Region,H12_H13,257,Gulf Coast Saline Prairies,150B,Not_NEP,Not_NEP,TX,TX,CPL,CPL,FWS,NWC_11_NO,NWC_11_NO,HAND,HAND,P36,None,TX,GFC,Gulf & Florida Coasts,ALL-EH,ALL-EH,HAND,HAND,Texas,F48057,None,Target,34,Western Gulf Coastal Plain,34h,Mid-Coast Barrier Islands and Coastal Marshes,None,E2EM,EH,TIDAL,NONE,0,-56390.39365,-1026932.612
8/24/2020,NWCA11-R081,5629,9/3/2011,1,NWC_TX-10084,PLNLOW,Plains and Lowlands,CPL,Coastal Plains,Kleberg,Gulf Coast Region,CSTL_PLAIN,Atlantic and Gulf Coastal Plain,LRR T (MLRA 150B),Region_06,Target_Sampled,H1211020300,Upper Laguna Madre,H121102030000,INLAND,27.45449,27.45449,-97.29372,-97.29372,Atlantic and Gulf Coast Lowland Forest and Crop Region,T,Rio Grande-Texas-Gulf Region,H12_H13,257,Gulf Coast Saline Prairies,150B,Coastal Bend Bays and Estuaries,NEP,TX,TX,CPL,CPL,NPS,NWC_11_NO,NWC_11_NO,HAND,HAND,P36,None,TX,ICP,Inland Coastal Plains,CPL-PRLH,CPL-PRLH,HAND,HAND,Texas,F48273,None,Target,34,Western Gulf Coastal Plain,34i,Laguna Madre Barrier Islands and Coastal Marshes,None,PEM,PRLH,DPRSS,NONE,0,-128521.9465,-1118143.407
8/24/2020,NWCA11-R082,5276,6/11/2011,1,NWC_GA-10058,PLNLOW,Plains and Lowlands,CPL,Coastal Plains,Camden,South East Coast Region,CSTL_PLAIN,Atlantic and Gulf Coastal Plain,LRR T (MLRA 153B),Region_04,Target_Sampled,H0307020304,Lower Satilla River-Atlantic Ocean,H030702030402,TIDAL,30.9454,30.9454,-81.4172,-81.4172,Atlantic and Gulf Coast Lowland Forest and Crop Region,T,South Atlantic Gulf Region,H03,262,Tidewater Area,153B,Not_NEP,Not_NEP,GA,GA_SCP,CPL,CPL,NPS,NWC_11_NO,NWC_11_NO,HAND,HAND,P36,None,GA,ATL,Atlantic Coast,ALL-EW,ALL-EW,HAND,HAND,Georgia,F13039,None,Target,75,Southern Coastal Plain,75j,Sea Islands/Coastal Marsh,None,E2SS,EW,FRINGE,NONE,0,1383968.964,-625997.891
8/24/2020,NWCA11-R083,5214,6/10/2011,1,NWC_GA-10059,PLNLOW,Plains and Lowlands,CPL,Coastal Plains,Camden,South East Coast Region,CSTL_PLAIN,Atlantic and Gulf Coastal Plain,LRR T (MLRA 153B),Region_04,Target_Sampled,H0307020304,Lower Satilla River-Atlantic Ocean,H030702030402,INLAND,30.89572,30.89572,-81.41721,-81.41721,Atlantic and Gulf Coast Lowland Forest and Crop Region,T,South Atlantic Gulf Region,H03,262,Tidewater Area,153B,Not_NEP,Not_NEP,GA,GA_SCP,CPL,CPL,NPS,NWC_11_NO,NWC_11_NO,HAND,HAND,P36,None,GA,ICP,Inland Coastal Plains,CPL-PRLH,CPL-PRLH,HAND,HAND,Georgia,F13039,None,Target,75,Southern Coastal Plain,75j,Sea Islands/Coastal Marsh,None,PEM,PRLH,FLATS,NONE,0,1384812.341,-631457.0416
8/24/2020,NWCA11-R084,5207,6/19/2011,1,NWC_SD-10067,PLNLOW,Plains and Lowlands,NPL,Northern Plains,McPherson,Not Coast,GT_PLAINS,Great Plains,LRR F,Region_08,Target_Sampled,H1016000405,Elm Lake,H101600040507,INLAND,45.90421,45.90421,-98.91683,-98.91683,Northern Great Plains Spring Wheat Region,F,Missouri Region,H10,73,Central Dark Brown Glaciated Plains,53B,Not_NEP,Not_NEP,SD,SD,IPL,IPL,Non-Federal,NWC_11_NO,NWC_11_NO,HAND,HAND,P23,None,SD,GPL,Great Plains,IPL-PRLW,IPL-PRLW,HAND,HAND,South Dakota,F46089,None,Target,42,Northwestern Glaciated Plains,42a,Missouri Coteau,None,PSS,PRLW,RIVERINE,NONE,0,-226560.0827,942917.7121
8/24/2020,NWCA11-R086,5208,7/22/2011,1,NWC_NE-10027,PLNLOW,Plains and Lowlands,SPL,Southern Plains,Cherry,Not Coast,GT_PLAINS,Great Plains,LRR G,Region_07,Target_Sampled,H1015000407,Schlagel Creek,H101500040702,INLAND,42.58034,42.58034,-100.70649,-100.70649,Western Great Plains Range and Irrigated Region,G,Missouri Region,H10,92,Nebraska Sand Hills,65,Not_NEP,Not_NEP,NE,NE,IPL,IPL,FWS,NWC_11_NO,NWC_11_NO,HAND,HAND,P22,None,NE,GPL,Great Plains,IPL-PRLH,IPL-PRLH,HAND,HAND,Nebraska,F31031,None,Target,44,Nebraska Sand Hills,44d,Lakes Area,None,PEM,PRLH,FRINGE,NONE,0,-383814.4257,578527.0498
8/24/2020,NWCA11-R087,5209,6/17/2011,1,NWC_SD-10068,PLNLOW,Plains and Lowlands,TPL,Temporate Plains,Lake,Not Coast,MIDWEST,Midwest,LRR M,Region_08,Target_Sampled,H1017020308,Buffalo Creek,H101702030802,INLAND,43.88017,43.88017,-96.94392,-96.94392,Central Feed Grains and Livestock Region,M,Missouri Region,H10,174,Till Plains,102B,Not_NEP,Not_NEP,SD,SD,IPL,IPL,State,NWC_11_NO,NWC_11_NO,HAND,HAND,P23,None,SD,TPL,Temperate Plains,IPL-PRLH,IPL-PRLH,HAND,HAND,South Dakota,F46079,None,Target,46,Northern Glaciated Plains,46k,Prairie Coteau,None,PEM,PRLH,FRINGE,NONE,0,-75565.25757,714544.0716
8/24/2020,NWCA11-R088,4395,7/6/2011,1,NWC_NC-10066,EHIGH,Eastern Highlands,SAP,Southern Appalachians,Harnett,Not Coast,E_MTNS,Eastern Mountains and Piedmont,LRR P (MLRA 136),Region_04,Target_Sampled,H0303000405,Buies Creek-Cape Fear River,H030300040502,INLAND,35.47485,35.47485,-78.9106,-78.9106,"South Atlantic and Gulf Slope Cash Crops, Forest, and Livestock Region",P,South Atlantic Gulf Region,H03,240,Southern Piedmont,136,Not_NEP,Not_NEP,NC,NC_P,EMU,EMU,State,NWC_11_NO,NWC_11_NO,HAND,HAND,P14,None,NC,SAP,Southern Appalachians,EMU-PRLW,EMU-PRLW,HAND,HAND,North Carolina,F37085,None,Target,45,Piedmont,45f,Northern Outer Piedmont,None,PFO,PRLW,RIVERINE,NONE,0,1529055.888,-88991.10483
8/24/2020,NWCA11-R089,4380,7/17/2011,1,NWC_MA-10013,PLNLOW,Plains and Lowlands,CPL,Coastal Plains,Barnstable,North East Coast Region,NE,Northcentral and Northeast,LRR S (MLRA 149B),Region_01,Target_Sampled,H0109000202,Cape Cod,H010900020201,TIDAL,42.0589,42.0589,-70.0978,-70.0978,Northern Atlantic Slope Diversified Farming Region,S,New England Region,H01,255,Long Island-Cape Cod Coastal Lowland,149B,Massachusetts Bays,NEP,MA,MA_ACPB,CPL,CPL,NPS,NWC_11_NO,NWC_11_NO,HAND,HAND,P18,None,MA,ATL,Atlantic Coast,ALL-EW,ALL-EW,HAND,HAND,Massachusetts,F25001,None,Target,84,Atlantic Coastal Pine Barrens,84a,Cape Cod/Long Island,None,E2SS,EW,DPRSS,NONE,0,2102817.65,799073.4058
8/24/2020,NWCA11-R092,5210,7/7/2011,1,NWC_NH-10020,EHIGH,Eastern Highlands,NAP,Northern Appalachians,Coos,Not Coast,NE,Northcentral and Northeast,LRR R (MLRA 143),Region_01,Target_Sampled,H0104000105,Clear Stream,H010400010502,INLAND,44.83369,44.83369,-71.15708,-71.15708,Northeastern Forage and Forest Region,R,New England Region,H01,247,Northeastern Mountains,143,Not_NEP,Not_NEP,NH,NH_NAAMH,EMU,EMU,Non-Federal,NWC_11_NO,NWC_11_NO,HAND,HAND,P01,None,NH,NCE,North Central East,EMU-PRLW,EMU-PRLW,HAND,HAND,New Hampshire,F33007,None,Target,58,Northeastern Highlands,58m,Quebec/New England Boundary Mountains,None,PSS,PRLW,FLATS,NONE,0,1938790.207,1075289.796
8/24/2020,NWCA11-R094,5211,6/20/2011,1,NWC_RI-10014,EHIGH,Eastern Highlands,NAP,Northern Appalachians,Washington,North East Coast Region,NE,Northcentral and Northeast,LRR R (Excluding MLRA 143),Region_01,Target_Sampled,H0109000502,Upper Pawcatuck River,H010900050205,INLAND,41.41525,41.41525,-71.66893,-71.66893,Northeastern Forage and Forest Region,R,New England Region,H01,248,"New England and Eastern New York Upland, Southern Part",144A,Not_NEP,Not_NEP,RI,RI_NCZ,EMU,EMU,Tribal,NWC_11_NO,NWC_11_NO,HAND,HAND,P18,None,RI,NCE,North Central East,EMU-PRLW,EMU-PRLW,HAND,HAND,Rhode Island,F44009,None,Target,59,Northeastern Coastal Zone,59g,Long Island Sound Coastal Lowland,None,PFO,PRLW,FLATS,NONE,0,1996399.754,695664.8433
8/24/2020,NWCA11-R095,3910,7/19/2011,1,NWC_ME-10018,EHIGH,Eastern Highlands,NAP,Northern Appalachians,Somerset,North East Coast Region,NE,Northcentral and Northeast,LRR R (Excluding MLRA 143),Region_01,Target_Sampled,H0103000308,Lower Carrabassett River,H010300030803,INLAND,44.91606,44.91606,-69.89773,-69.89773,Northeastern Forage and Forest Region,R,New England Region,H01,249,"New England and Eastern New York Upland, Northern Part",144B,Not_NEP,Not_NEP,ME,ME_NBPH,EMU,EMU,State,NWC_11_NO,NWC_11_NO,HAND,HAND,P18,None,ME,NCE,North Central East,EMU-PRLH,EMU-PRLH,HAND,HAND,Maine,F23025,None,Target,82,Acadian Plains and Hills,82e,Central Maine Embayment,None,PEM,PRLH,DPRSS,NONE,0,2032163.525,1110442.533
8/24/2020,NWCA11-R099,5212,7/6/2011,1,NWC_NH-10021,EHIGH,Eastern Highlands,NAP,Northern Appalachians,Carroll,North East Coast Region,NE,Northcentral and Northeast,LRR R (Excluding MLRA 143),Region_01,Target_Sampled,H0106000207,Pine River,H010600020703,INLAND,43.76189,43.76189,-71.12144,-71.12144,Northeastern Forage and Forest Region,R,New England Region,H01,249,"New England and Eastern New York Upland, Northern Part",144B,Not_NEP,Not_NEP,NH,NH_NAAMH,EMU,EMU,State,NWC_11_NO,NWC_11_NO,HAND,HAND,P01,None,NH,NCE,North Central East,EMU-PRLW,EMU-PRLW,HAND,HAND,New Hampshire,F33003,None,Target,58,Northeastern Highlands,58r,Sebago-Ossipee Hills and Plains,None,PSS,PRLW,FLATS,NONE,0,1972422.489,960637.1433
8/24/2020,NWCA11-R101,5213,7/13/2011,1,NWC_WV-10047,EHIGH,Eastern Highlands,SAP,Southern Appalachians,Greenbrier,Not Coast,E_MTNS,Eastern Mountains and Piedmont,LRR N (Excluding MLRA 122),Region_03,Target_Sampled,H0505000506,Meadow River,H050500050602,INLAND,37.94004,37.94004,-80.66649,-80.66649,East and Central Farming and Forest Region,N,Ohio-Tennessee Region,H05_H06,223,Eastern Allegheny Plateau and Mountains,127,Not_NEP,Not_NEP,WV,WV_AP,EMU,EMU,State,NWC_11_NO,NWC_11_NO,HAND,HAND,P02,None,WV,SAP,Southern Appalachians,EMU-PRLW,EMU-PRLW,HAND,HAND,West Virginia,F54025,None,Target,69,Central Appalachians,69c,Greenbriar Karst,None,PFO,PRLW,RIVERINE,NONE,0,1329029.016,156770.0102
8/24/2020,NWCA11-R102,5199,6/29/2011,1,NWC_MD-10076,PLNLOW,Plains and Lowlands,CPL,Coastal Plains,Caroline,North East Coast Region,CSTL_PLAIN,Atlantic and Gulf Coastal Plain,LRR T (MLRA 153D),Region_03,Target_Sampled,H0208010903,Marshyhope Creek,H020801090304,INLAND,38.720208,38.720208,-75.763099,-75.763099,Atlantic and Gulf Coast Lowland Forest and Crop Region,T,Mid Atlantic Region,H02,264,Northern Tidewater Area,153D,Chesapeake Bay Watershed Initiative,Not_NEP,MD,MD_CP,CPL,CPL,State,NWC_11_NO,NWC_11_NO,HAND,HAND,P13,None,MD,ICP,Inland Coastal Plains,CPL-PRLW,CPL-PRLW,HAND,HAND,Maryland,F24011,None,Target,63,Middle Atlantic Coastal Plain,63f,Delmarva Uplands,None,PFO,PRLW,DPRSS,NONE,0,1729898.67,321649.8827
8/24/2020,NWCA11-R103,3839,8/23/2011,1,NWC_PA-10020,EHIGH,Eastern Highlands,NAP,Northern Appalachians,Pike,Not Coast,NE,Northcentral and Northeast,LRR R (Excluding MLRA 143),Region_03,Target_Sampled,H0204010305,Wallenpaupack Creek,H020401030505,INLAND,41.3517,41.3517,-75.220688,-75.220688,Northeastern Forage and Forest Region,R,Mid Atlantic Region,H02,244,Glaciated Allegheny Plateau and Catskill Mountains,140,Not_NEP,Not_NEP,PA,PA_AP,EMU,EMU,State,NWC_11_NO,NWC_11_NO,HAND,HAND,P02,None,PA,NCE,North Central East,EMU-PRLW,EMU-PRLW,HAND,HAND,Pennsylvania,F42103,None,Target,62,North Central Appalachians,62a,Pocono High Plateau,None,PSS,PRLW,DPRSS,NONE,0,1711583.751,619450.6263
8/24/2020,NWCA11-R104,3857,8/22/2011,1,NWC_PA-10021,EHIGH,Eastern Highlands,NAP,Northern Appalachians,Pike,Not Coast,NE,Northcentral and Northeast,LRR R (Excluding MLRA 143),Region_03,Target_Sampled,H0204010305,Wallenpaupack Creek,H020401030502,INLAND,41.31873,41.31873,-75.1972,-75.1972,Northeastern Forage and Forest Region,R,Mid Atlantic Region,H02,244,Glaciated Allegheny Plateau and Catskill Mountains,140,Not_NEP,Not_NEP,PA,PA_AP,EMU,EMU,State,NWC_11_NO,NWC_11_NO,HAND,HAND,P02,None,PA,NCE,North Central East,EMU-PRLW,EMU-PRLW,HAND,HAND,Pennsylvania,F42103,None,Target,62,North Central Appalachians,62a,Pocono High Plateau,None,PFO,PRLW,SLOPE,NONE,0,1714288.922,616271.2691
8/24/2020,NWCA11-R106,5198,6/29/2011,1,NWC_DE-10033,PLNLOW,Plains and Lowlands,CPL,Coastal Plains,Kent,North East Coast Region,CSTL_PLAIN,Atlantic and Gulf Coastal Plain,LRR T (MLRA 153C),Region_03,Target_Sampled,H0204020705,Mispillion River-Delaware Bay,H020402070506,INLAND,38.984445,38.984445,-75.36188,-75.36188,Atlantic and Gulf Coast Lowland Forest and Crop Region,T,Mid Atlantic Region,H02,263,Mid-Atlantic Coastal Plain,153C,Delaware Estuary,NEP,DE,DE_CP,CPL,CPL,State,NWC_11_NO,NWC_11_NO,HAND,HAND,P13,None,DE,ICP,Inland Coastal Plains,CPL-PRLW,CPL-PRLW,HAND,HAND,Delaware,F10001,None,Target,63,Middle Atlantic Coastal Plain,63a,Delaware River Terraces and Uplands,None,PFO,PRLW,FLATS,NONE,0,1757278.946,357945.7972
8/24/2020,NWCA11-R107,5201,6/27/2011,1,NWC_MD-10077,PLNLOW,Plains and Lowlands,CPL,Coastal Plains,Prince George's,North East Coast Region,CSTL_PLAIN,Atlantic and Gulf Coastal Plain,LRR S (MLRA 149A),Region_03,Target_Sampled,H0207001104,Zekiah Swamp Run,H020700110401,INLAND,38.642288,38.642288,-76.815559,-76.815559,Northern Atlantic Slope Diversified Farming Region,S,Mid Atlantic Region,H02,254,Northern Coastal Plain,149A,Chesapeake Bay Watershed Initiative,Not_NEP,MD,MD_CP,CPL,CPL,State,NWC_11_NO,NWC_11_NO,HAND,HAND,P14,None,MD,ICP,Inland Coastal Plains,CPL-PRLW,CPL-PRLW,HAND,HAND,Maryland,F24033,None,Target,65,Southeastern Plains,65n,Chesapeake Rolling Coastal Plain,None,PFO,PRLW,RIVERINE,NONE,0,1642942.744,294426.4599
8/24/2020,NWCA11-R108,5200,7/11/2011,1,NWC_WV-10048,EHIGH,Eastern Highlands,SAP,Southern Appalachians,Randolph,Not Coast,E_MTNS,Eastern Mountains and Piedmont,LRR N (Excluding MLRA 122),Region_03,Target_Sampled,H0502000403,Shavers Fork,H050200040302,INLAND,38.670961,38.670961,-79.885938,-79.885938,East and Central Farming and Forest Region,N,Ohio-Tennessee Region,H05_H06,223,Eastern Allegheny Plateau and Mountains,127,Not_NEP,Not_NEP,WV,WV_AP,EMU,EMU,USFS,NWC_11_NO,NWC_11_NO,HAND,HAND,P02,None,WV,SAP,Southern Appalachians,EMU-PRLH,EMU-PRLH,HAND,HAND,West Virginia,F54083,None,Target,69,Central Appalachians,69a,Forested Hills and Mountains,None,PEM,PRLH,DPRSS,NONE,0,1382224.481,248711.9177
8/24/2020,NWCA11-R109,3916,7/27/2011,1,NWC_MI-10022,PLNLOW,Plains and Lowlands,UMW,Upper Midwest,Emmet,Great Lakes Region,NE,Northcentral and Northeast,LRR K,Region_05,Target_Sampled,H0407000402,Burt Lake,H040700040206,INLAND,45.56627,45.56627,-84.88361,-84.88361,Northern Lake States Forest and Forage Region,K,Great Lakes Region,H04,163,Michigan Northern Lower Peninsula Sandy Drift,94C,Not_NEP,Not_NEP,MI,MI,EMU,EMU,Non-Federal,NWC_11_NO,NWC_11_NO,HAND,HAND,P23,None,MI,NCE,North Central East,EMU-PRLW,EMU-PRLW,HAND,HAND,Michigan,F26047,None,Target,50,Northern Lakes and Forests,50ac,Onaway Moraines,None,PFO,PRLW,DPRSS,NONE,0,865995.9979,952611.7884
8/24/2020,NWCA11-R110,4456,8/8/2011,1,NWC_MN-10035,PLNLOW,Plains and Lowlands,UMW,Upper Midwest,Clearwater,Not Coast,NE,Northcentral and Northeast,LRR K,Region_05,Target_Sampled,H0701010102,Headwaters Mississippi River,H070101010201,INLAND,47.18543,47.18543,-95.1847,-95.1847,Northern Lake States Forest and Forage Region,K,Upper Mississippi Region,H07,80,Northern Minnesota Gray Drift,57,Not_NEP,Not_NEP,MN,MN,EMU,EMU,Non-Federal,NWC_11_NO,NWC_11_NO,HAND,HAND,P23,None,MN,NCE,North Central East,EMU-PRLH,EMU-PRLH,HAND,HAND,Minnesota,F27029,None,Target,50,Northern Lakes and Forests,50q,Itasca and St. Louis Moraines,None,PUBPAB,PRLH,DPRSS,NONE,0,62118.26105,1081684.285
8/24/2020,NWCA11-R111,3915,7/28/2011,1,NWC_MI-10023,PLNLOW,Plains and Lowlands,UMW,Upper Midwest,Roscommon,Great Lakes Region,NE,Northcentral and Northeast,LRR K,Region_05,Target_Sampled,H0406010202,Butterfield Creek-Muskegon River,H040601020202,INLAND,44.44012,44.44012,-84.80413,-84.80413,Northern Lake States Forest and Forage Region,K,Great Lakes Region,H04,161,Northern Michigan and Wisconsin Sandy Drift,94A,Not_NEP,Not_NEP,MI,MI,EMU,EMU,State,NWC_11_NO,NWC_11_NO,HAND,HAND,P23,None,MI,NCE,North Central East,EMU-PRLW,EMU-PRLW,HAND,HAND,Michigan,F26143,None,Target,50,Northern Lakes and Forests,50ae,Mio Plateau,None,PFO,PRLW,DPRSS,NONE,0,886888.0322,828895.152
8/24/2020,NWCA11-R112,4453,8/9/2011,1,NWC_MN-10036,PLNLOW,Plains and Lowlands,UMW,Upper Midwest,Cass,Not Coast,NE,Northcentral and Northeast,LRR K,Region_05,Target_Sampled,H0701010203,Woman Lake,H070101020303,INLAND,47.00597,47.00597,-94.46203,-94.46203,Northern Lake States Forest and Forage Region,K,Upper Mississippi Region,H07,80,Northern Minnesota Gray Drift,57,Not_NEP,Not_NEP,MN,MN,EMU,EMU,USFS,NWC_11_NO,NWC_11_NO,HAND,HAND,P23,None,MN,NCE,North Central East,EMU-PRLH,EMU-PRLH,HAND,HAND,Minnesota,F27021,None,Target,50,Northern Lakes and Forests,50q,Itasca and St. Louis Moraines,None,PUBPAB,PRLH,DPRSS,NONE,0,117496.5746,1062515.868
8/24/2020,NWCA11-R113,4450,8/11/2011,1,NWC_MN-10037,PLNLOW,Plains and Lowlands,UMW,Upper Midwest,Cass,Not Coast,NE,Northcentral and Northeast,LRR K,Region_05,Target_Sampled,H0701010503,Daggett Brook,H070101050301,INLAND,46.89657,46.89657,-94.00974,-94.00974,Northern Lake States Forest and Forage Region,K,Upper Mississippi Region,H07,80,Northern Minnesota Gray Drift,57,Not_NEP,Not_NEP,MN,MN,EMU,EMU,Non-Federal,NWC_11_NO,NWC_11_NO,HAND,HAND,P23,None,MN,NCE,North Central East,EMU-PRLH,EMU-PRLH,HAND,HAND,Minnesota,F27021,None,Target,50,Northern Lakes and Forests,50q,Itasca and St. Louis Moraines,None,PUBPAB,PRLH,DPRSS,NONE,0,152299.3362,1051051.89
8/24/2020,NWCA11-R114,5202,6/14/2011,1,NWC_IL-10036,PLNLOW,Plains and Lowlands,TPL,Temporate Plains,Lake,Great Lakes Region,MIDWEST,Midwest,LRR M,Region_05,Target_Sampled,H0404000205,Waukegan River-Frontal Lake Michigan,H040400020501,INLAND,42.42001,42.42001,-87.8098,-87.8098,Central Feed Grains and Livestock Region,M,Great Lakes Region,H04,189,Northern Illinois and Indiana Heavy Till Plain,110,Not_NEP,Not_NEP,IL,IL,IPL,IPL,State,NWC_11_NO,NWC_11_NO,HAND,HAND,P11,None,IL,TPL,Temperate Plains,IPL-PRLH,IPL-PRLH,HAND,HAND,Illinois,F17097,None,Target,54,Central Corn Belt Plains,54e,Chiwaukee Prairie Region,None,PEM,PRLH,DPRSS,NONE,0,668900.1527,579939.0041
8/24/2020,NWCA11-R115,5205,6/21/2011,1,NWC_WI-10036,PLNLOW,Plains and Lowlands,TPL,Temporate Plains,Walworth,Not Coast,NE,Northcentral and Northeast,LRR K,Region_05,Target_Sampled,H0712000602,Mukwonago River,H071200060202,INLAND,42.83107,42.83107,-88.4585,-88.4585,Northern Lake States Forest and Forage Region,K,Upper Mississippi Region,H07,166,Southern Wisconsin and Northern Illinois Drift Plain,95B,Not_NEP,Not_NEP,WI,WI,IPL,IPL,NGO,NWC_11_NO,NWC_11_NO,HAND,HAND,P23,None,WI,TPL,Temperate Plains,IPL-PRLH,IPL-PRLH,HAND,HAND,Wisconsin,F55127,None,Target,53,Southeastern Wisconsin Till Plains,53b,Kettle Moraines,None,PEM,PRLH,DPRSS,NONE,0,612394.1571,621353.913
8/24/2020,NWCA11-R116,4441,6/22/2011,1,NWC_WI-10037,PLNLOW,Plains and Lowlands,TPL,Temporate Plains,Green Lake,Not Coast,NE,Northcentral and Northeast,LRR K,Region_05,Target_Sampled,H0403020108,White River,H040302010806,INLAND,43.93247,43.93247,-89.10278,-89.10278,Northern Lake States Forest and Forage Region,K,Great Lakes Region,H04,165,Northeastern Wisconsin Drift Plain,95A,Not_NEP,Not_NEP,WI,WI,IPL,IPL,State,NWC_11_NO,NWC_11_NO,HAND,HAND,P23,None,WI,TPL,Temperate Plains,IPL-PRLH,IPL-PRLH,HAND,HAND,Wisconsin,F55047,None,Target,53,Southeastern Wisconsin Till Plains,53d,Lake Michigan Lacustrine Clay Plain,None,PEM,PRLH,DPRSS,NONE,0,551256.526,740015.1987
8/24/2020,NWCA11-R117,4449,8/10/2011,1,NWC_MN-10038,PLNLOW,Plains and Lowlands,UMW,Upper Midwest,Cass,Not Coast,NE,Northcentral and Northeast,LRR K,Region_05,Target_Sampled,H0701010206,Leech River,H070101020602,INLAND,47.2832,47.2832,-94.11926,-94.11926,Northern Lake States Forest and Forage Region,K,Upper Mississippi Region,H07,149,Northern Minnesota Glacial Lake Basins,88,Not_NEP,Not_NEP,MN,MN,EMU,EMU,Tribal,NWC_11_NO,NWC_11_NO,HAND,HAND,P23,None,MN,NCE,North Central East,EMU-PRLH,EMU-PRLH,HAND,HAND,Minnesota,F27021,None,Target,50,Northern Lakes and Forests,50r,Chippewa Plains,None,PEM,PRLH,DPRSS,NONE,0,143073.327,1093644.42
8/24/2020,NWCA11-R118,4448,8/31/2011,1,NWC_WI-10038,PLNLOW,Plains and Lowlands,UMW,Upper Midwest,Portage,Not Coast,NE,Northcentral and Northeast,LRR K,Region_05,Target_Sampled,H0707000303,City of Stevens Point-Wisconsin River,H070700030301,INLAND,44.66613,44.66613,-89.54053,-89.54053,Northern Lake States Forest and Forage Region,K,Upper Mississippi Region,H07,150,Wisconsin Central Sands,89,Not_NEP,Not_NEP,WI,WI,EMU,EMU,State,NWC_11_NO,NWC_11_NO,HAND,HAND,P23,None,WI,NCE,North Central East,EMU-PRLH,EMU-PRLH,HAND,HAND,Wisconsin,F55097,None,Target,51,North Central Hardwood Forests,51b,Central Wisconsin Undulating Till Plain,None,PEM,PRLH,DPRSS,NONE,0,510771.9405,819133.1932
8/24/2020,NWCA11-R119,4447,8/30/2011,1,NWC_WI-10039,PLNLOW,Plains and Lowlands,UMW,Upper Midwest,Clark,Not Coast,NE,Northcentral and Northeast,LRR K,Region_05,Target_Sampled,H0705000602,South Fork Eau Claire River,H070500060207,INLAND,44.80193,44.80193,-90.87259,-90.87259,Northern Lake States Forest and Forage Region,K,Upper Mississippi Region,H07,150,Wisconsin Central Sands,89,Not_NEP,Not_NEP,WI,WI,EMU,EMU,County,NWC_11_NO,NWC_11_NO,HAND,HAND,P23,None,WI,NCE,North Central East,EMU-PRLW,EMU-PRLW,HAND,HAND,Wisconsin,F55019,None,Target,51,North Central Hardwood Forests,51b,Central Wisconsin Undulating Till Plain,None,PFO,PRLW,DPRSS,NONE,0,404741.5916,827809.8655
8/24/2020,NWCA11-R121,5621,6/24/2011,1,NWC_MT-10065,PLNLOW,Plains and Lowlands,NPL,Northern Plains,Roosevelt,Not Coast,GT_PLAINS,Great Plains,LRR F,Region_08,Target_Sampled,H1006000112,Tule Creek,H100600011205,INLAND,48.13471,48.13471,-105.41816,-105.41816,Northern Great Plains Spring Wheat Region,F,Missouri Region,H10,72,Northern Dark Brown Glaciated Plains,53A,Not_NEP,Not_NEP,MT,MT,IPL,IPL,Tribal,NWC_11_NO,NWC_11_NO,HAND,HAND,P33,None,MT,GPL,Great Plains,IPL-PRLH,IPL-PRLH,HAND,HAND,Montana,F30085,None,Target,42,Northwestern Glaciated Plains,42i,Glaciated Dark Brown Prairie,None,PEM,PRLH,RIVERINE,NONE,0,-706040.7286,1221241.578
8/24/2020,NWCA11-R122,3911,7/20/2011,1,NWC_ME-10019,EHIGH,Eastern Highlands,NAP,Northern Appalachians,Waldo,North East Coast Region,NE,Northcentral and Northeast,LRR R (Excluding MLRA 143),Region_01,Target_Sampled,H0105000304,Sheepscot River,H010500030401,INLAND,44.34642,44.34642,-69.41836,-69.41836,Northeastern Forage and Forest Region,R,New England Region,H01,249,"New England and Eastern New York Upland, Northern Part",144B,Not_NEP,Not_NEP,ME,ME_NBPH,EMU,EMU,Non-Federal,NWC_11_NO,NWC_11_NO,HAND,HAND,P18,None,ME,NCE,North Central East,EMU-PRLW,EMU-PRLW,HAND,HAND,Maine,F23027,None,Target,82,Acadian Plains and Hills,82e,Central Maine Embayment,None,PFO,PRLW,DPRSS,NONE,0,2086029.673,1059809.348
8/24/2020,NWCA11-R123,3790,8/10/2011,1,NWC_ME-10020,EHIGH,Eastern Highlands,NAP,Northern Appalachians,Washington,North East Coast Region,NE,Northcentral and Northeast,LRR R (MLRA 143),Region_01,Target_Sampled,H0105000104,Big Musquash Stream,H010500010404,INLAND,45.22888,45.22888,-67.67751,-67.67751,Northeastern Forage and Forest Region,R,New England Region,H01,247,Northeastern Mountains,143,Not_NEP,Not_NEP,ME,ME_NBPH,EMU,EMU,Non-Federal,NWC_11_NO,NWC_11_NO,HAND,HAND,P18,None,ME,NCE,North Central East,EMU-PRLH,EMU-PRLH,HAND,HAND,Maine,F23029,None,Target,82,Acadian Plains and Hills,82c,Eastern Maine-Southern New Brunswick Plains,None,PEM,PRLH,RIVERINE,NONE,0,2189858.021,1193152.543
8/24/2020,NWCA11-R124,4406,8/9/2011,1,NWC_ME-10021,EHIGH,Eastern Highlands,NAP,Northern Appalachians,Washington,North East Coast Region,NE,Northcentral and Northeast,LRR R (Excluding MLRA 143),Region_01,Target_Sampled,H0105000402,Bocabec River-Frontal Passamaquoddy Bay,H010500040204,INLAND,45.03692,45.03692,-67.20238,-67.20238,Northeastern Forage and Forest Region,R,New England Region,H01,249,"New England and Eastern New York Upland, Northern Part",144B,Not_NEP,Not_NEP,ME,ME_NBPH,EMU,EMU,Non-Federal,NWC_11_NO,NWC_11_NO,HAND,HAND,P18,None,ME,NCE,North Central East,EMU-PRLW,EMU-PRLW,HAND,HAND,Maine,F23029,None,Target,82,Acadian Plains and Hills,82c,Eastern Maine-Southern New Brunswick Plains,None,PSS,PRLW,FRINGE,NONE,0,2231845.107,1183808.826
8/24/2020,NWCA11-R125,3693,7/27/2011,1,NWC_NH-10022,EHIGH,Eastern Highlands,NAP,Northern Appalachians,Cheshire,Not Coast,NE,Northcentral and Northeast,LRR R (Excluding MLRA 143),Region_01,Target_Sampled,H0107000301,Headwaters Contoocook River,H010700030104,INLAND,42.78701,42.78701,-71.94591,-71.94591,Northeastern Forage and Forest Region,R,New England Region,H01,249,"New England and Eastern New York Upland, Northern Part",144B,Not_NEP,Not_NEP,NH,NH_NAAMH,EMU,EMU,NGO,NWC_11_NO,NWC_11_NO,HAND,HAND,P18,None,NH,NCE,North Central East,EMU-PRLW,EMU-PRLW,HAND,HAND,New Hampshire,F33005,None,Target,58,Northeastern Highlands,58g,Worchester/Monadnock Plateau,None,PFO,PRLW,RIVERINE,NONE,0,1935742.844,838415.7293
8/24/2020,NWCA11-R126,5108,7/12/2011,1,NWC_FL-10208,PLNLOW,Plains and Lowlands,CPL,Coastal Plains,Santa Rosa,Gulf Coast Region,CSTL_PLAIN,Atlantic and Gulf Coastal Plain,LRR P,Region_04,Target_Sampled,H0314010308,Lower Yellow River,H031401030804,INLAND,30.58339,30.58339,-86.89302,-86.89302,"South Atlantic and Gulf Slope Cash Crops, Forest, and Livestock Region",P,South Atlantic Gulf Region,H03,234,Southern Coastal Plain,133A,Not_NEP,Not_NEP,FL,FL_SCP,CPL,CPL,Non-Federal,NWC_11_NO,NWC_11_NO,HAND,HAND,P13,None,FL,ICP,Inland Coastal Plains,CPL-PRLW,CPL-PRLW,HAND,HAND,Florida,F12113,None,Target,75,Southern Coastal Plain,75i,Floodplains and Low Terraces,None,PFO,PRLW,RIVERINE,NONE,0,870214.6054,-730902.3304
8/24/2020,NWCA11-R127,3624,8/16/2011,1,NWC_MS-10050,PLNLOW,Plains and Lowlands,CPL,Coastal Plains,Jackson,Gulf Coast Region,CSTL_PLAIN,Atlantic and Gulf Coastal Plain,"LRR T (MLRA 152A, 152B, 153A)",Region_04,Target_Sampled,H0317000903,Pt Aux Chenes Bay-Mississippi Sound,H031700090301,TIDAL,30.36646,30.36646,-88.46347,-88.46347,Atlantic and Gulf Coast Lowland Forest and Crop Region,T,South Atlantic Gulf Region,H03,259,Eastern Gulf Coast Flatwoods,152A,Not_NEP,Not_NEP,MS,MS_SCP,CPL,CPL,State,NWC_11_NO,NWC_11_NO,HAND,HAND,P36,None,MS,GFC,Gulf & Florida Coasts,ALL-EH,ALL-EH,HAND,HAND,Mississippi,F28059,None,Target,75,Southern Coastal Plain,75k,Gulf Barrier Islands and Coastal Marshes,None,E2EM,EH,TIDAL,NONE,0,722407.4559,-768068.4317
8/24/2020,NWCA11-R128,3991,9/13/2011,1,NWC_MS-10051,PLNLOW,Plains and Lowlands,CPL,Coastal Plains,Jackson,Gulf Coast Region,CSTL_PLAIN,Atlantic and Gulf Coastal Plain,"LRR T (MLRA 152A, 152B, 153A)",Region_04,Target_Sampled,H0317000901,Bayou La Batre-Grand Bay Swamp,H031700090101,INLAND,30.44432,30.44432,-88.40477,-88.40477,Atlantic and Gulf Coast Lowland Forest and Crop Region,T,South Atlantic Gulf Region,H03,259,Eastern Gulf Coast Flatwoods,152A,Not_NEP,Not_NEP,MS,MS_SCP,CPL,CPL,FWS,NWC_11_NO,NWC_11_NO,HAND,HAND,P13,None,MS,ICP,Inland Coastal Plains,CPL-PRLW,CPL-PRLW,HAND,HAND,Mississippi,F28059,None,Target,75,Southern Coastal Plain,75a,Gulf Coast Flatwoods,None,PFO,PRLW,FLATS,NONE,0,727331.7308,-759000.1541
8/24/2020,NWCA11-R129,5204,7/28/2011,1,NWC_KS-10091,PLNLOW,Plains and Lowlands,TPL,Temporate Plains,Atchison,Not Coast,MIDWEST,Midwest,LRR M,Region_07,Target_Sampled,H1027010302,Grasshopper Creek-Delaware River,H102701030205,INLAND,39.52737,39.52737,-95.51838,-95.51838,Central Feed Grains and Livestock Region,M,Missouri Region,H10,179,Nebraska and Kansas Loess-Drift Hills,106,Not_NEP,Not_NEP,KS,KS,IPL,IPL,Non-Federal,NWC_11_NO,NWC_11_NO,HAND,HAND,P19,None,KS,TPL,Temperate Plains,IPL-PRLH,IPL-PRLH,HAND,HAND,Kansas,F20005,None,Target,47,Western Corn Belt Plains,47i,Loess and Glacial Drift Hills,None,PEM,PRLH,DPRSS,NONE,0,41024.18255,227333.3089
8/24/2020,NWCA11-R130,3912,7/21/2011,1,NWC_ME-10022,EHIGH,Eastern Highlands,NAP,Northern Appalachians,Cumberland,North East Coast Region,NE,Northcentral and Northeast,LRR R (Excluding MLRA 143),Region_01,Target_Sampled,H0106000211,Outlet Saco River,H010600021101,INLAND,43.80714,43.80714,-70.63938,-70.63938,Northeastern Forage and Forest Region,R,New England Region,H01,249,"New England and Eastern New York Upland, Northern Part",144B,Not_NEP,Not_NEP,ME,ME_NCZ,EMU,EMU,State,NWC_11_NO,NWC_11_NO,HAND,HAND,P18,None,ME,NCE,North Central East,EMU-PRLW,EMU-PRLW,HAND,HAND,Maine,F23005,None,Target,59,Northeastern Coastal Zone,59h,Gulf of Maine Coastal Plain,None,PFO,PRLW,RIVERINE,NONE,0,2008407.319,975606.5011
8/24/2020,NWCA11-R131,3791,8/11/2011,1,NWC_ME-10023,EHIGH,Eastern Highlands,NAP,Northern Appalachians,Penobscot,North East Coast Region,NE,Northcentral and Northeast,LRR R (Excluding MLRA 143),Region_01,Target_Sampled,H0102000505,Stillwater River,H010200050507,INLAND,44.8975,44.8975,-68.74052,-68.74052,Northeastern Forage and Forest Region,R,New England Region,H01,249,"New England and Eastern New York Upland, Northern Part",144B,Not_NEP,Not_NEP,ME,ME_NBPH,EMU,EMU,State,NWC_11_NO,NWC_11_NO,HAND,HAND,P18,None,ME,NCE,North Central East,EMU-PRLW,EMU-PRLW,HAND,HAND,Maine,F23019,None,Target,82,Acadian Plains and Hills,82h,Penobscot Lowlands,None,PSS,PRLW,DPRSS,NONE,0,2120411.419,1133740.67
8/24/2020,NWCA11-R132,4443,9/26/2011,1,NWC_AZ-10055,WMTNS,West,WMT,Western Mountains,Coconino,Not Coast,W_MTNS,"Western Mountains, Valleys, and Coast","LRR D (MLRA 22A, 22B, 39)",Region_09,Target_Sampled,H1502001502,Walnut Creek,H150200150203,INLAND,35.11758,35.11758,-111.53457,-111.53457,Western Range and Irrigated Region,D,Lower Colorado Region,H15,51,Arizona and New Mexico Mountains,39,Not_NEP,Not_NEP,AZ,AZ,W,WMT,USFS,NWC_11_NO,NWC_11_NO,HAND,HAND,P08,None,AZ,WVM,Western Valleys & Mountains,W-PRLH,WMT-PRLH,HAND,HAND,Arizona,F04005,None,Target,23,Arizona/New Mexico Mountains,23c,Montane Conifer Forests,None,PEM,PRLH,FRINGE,NONE,0,-1397750.437,-152332.7255
8/24/2020,NWCA11-R133,3965,9/12/2011,1,NWC_NJ-10046,PLNLOW,Plains and Lowlands,CPL,Coastal Plains,Burlington,North East Coast Region,CSTL_PLAIN,Atlantic and Gulf Coastal Plain,LRR T (MLRA 153D),Region_02,Target_Sampled,H0204020201,North Branch Rancocas Creek,H020402020102,INLAND,39.884168,39.884168,-74.506794,-74.506794,Atlantic and Gulf Coast Lowland Forest and Crop Region,T,Mid Atlantic Region,H02,264,Northern Tidewater Area,153D,Delaware Estuary,NEP,NJ,NJ,CPL,CPL,State,NWC_11_NO,NWC_11_NO,HAND,HAND,P14,None,NJ,ICP,Inland Coastal Plains,CPL-PRLW,CPL-PRLW,HAND,HAND,New Jersey,F34005,None,Target,84,Atlantic Coastal Pine Barrens,84b,Pine Barrens,None,PFO,PRLW,FLATS,NONE,0,1806256.088,472343.6702
8/24/2020,NWCA11-R134,3964,9/13/2011,1,NWC_NJ-10047,PLNLOW,Plains and Lowlands,CPL,Coastal Plains,Ocean,North East Coast Region,CSTL_PLAIN,Atlantic and Gulf Coastal Plain,LRR T (MLRA 153D),Region_02,Target_Sampled,H0204030107,Manahawkin Bay-Little Egg Harbor,H020403010701,INLAND,39.70328,39.70328,-74.222962,-74.222962,Atlantic and Gulf Coast Lowland Forest and Crop Region,T,Mid Atlantic Region,H02,264,Northern Tidewater Area,153D,Barnegat Bay,NEP,NJ,NJ,CPL,CPL,FWS,NWC_11_NO,NWC_11_NO,HAND,HAND,P36,None,NJ,ICP,Inland Coastal Plains,CPL-PRLW,CPL-PRLW,HAND,HAND,New Jersey,F34029,None,Target,84,Atlantic Coastal Pine Barrens,84c,Barrier Islands/Coastal Marshes,None,PFO,PRLW,FLATS,NONE,0,1834297.019,458033.4696
8/24/2020,NWCA11-R135,3963,9/15/2011,1,NWC_NJ-10048,PLNLOW,Plains and Lowlands,CPL,Coastal Plains,Atlantic,North East Coast Region,CSTL_PLAIN,Atlantic and Gulf Coastal Plain,LRR T (MLRA 153D),Region_02,Target_Sampled,H0204030107,Manahawkin Bay-Little Egg Harbor,H020403010705,TIDAL,39.52032,39.52032,-74.43471,-74.43471,Atlantic and Gulf Coast Lowland Forest and Crop Region,T,Mid Atlantic Region,H02,264,Northern Tidewater Area,153D,Not_NEP,Not_NEP,NJ,NJ,CPL,CPL,FWS,NWC_11_NO,NWC_11_NO,HAND,HAND,P36,None,NJ,ATL,Atlantic Coast,ALL-EH,ALL-EH,HAND,HAND,New Jersey,F34001,None,Target,84,Atlantic Coastal Pine Barrens,84c,Barrier Islands/Coastal Marshes,None,E2EM,EH,TIDAL,NONE,0,1821382.936,433988.1957
8/24/2020,NWCA11-R201,5620,7/19/2011,1,NWC_MT-10066,WMTNS,West,WMT,Western Mountains,Glacier,Not Coast,W_MTNS,"Western Mountains, Valleys, and Coast",LRR E,Region_08,Target_Sampled,H1003020101,Upper Two Medicine River,H100302010101,INLAND,48.47729,48.47729,-113.37353,-113.37353,Rocky Mountain Range and Forest Region,E,Missouri Region,H10,60,Central Rocky Mountains,43B,Not_NEP,Not_NEP,MT,MT,W,WMT,NPS,NWC_11_NO,NWC_11_NO,HAND,HAND,P24,None,MT,WVM,Western Valleys & Mountains,W-PRLH,WMT-PRLH,HAND,HAND,Montana,F30035,None,Target,41,Canadian Rockies,41a,Northern Front,None,PEM,PRLH,RIVERINE,NONE,0,-1290442,1342246.984
8/24/2020,NWCA11-R202,5203,7/11/2011,1,NWC_MT-10067,WMTNS,West,WMT,Western Mountains,Powell,Not Coast,W_MTNS,"Western Mountains, Valleys, and Coast",LRR E,Region_08,Target_Sampled,H1701020105,Little Blackfoot River Headwaters,H170102010502,INLAND,46.38424,46.38424,-112.44607,-112.44607,Rocky Mountain Range and Forest Region,E,Pacific Northwest Region,H17,60,Central Rocky Mountains,43B,Not_NEP,Not_NEP,MT,MT,W,WMT,USFS,NWC_11_NO,NWC_11_NO,HAND,HAND,P24,None,MT,WVM,Western Valleys & Mountains,W-PRLW,WMT-PRLW,HAND,HAND,Montana,F30077,None,Target,17,Middle Rockies,17ai,Elkhorn Mountains-Boulder Batholith,None,PSS,PRLW,SLOPE,NONE,0,-1262084.347,1102177.768
8/24/2020,NWCA11-R203,3847,8/22/2011,1,NWC_UT-10032,WMTNS,West,WMT,Western Mountains,Summit,Not Coast,W_MTNS,"Western Mountains, Valleys, and Coast",LRR E,Region_08,Target_Sampled,H1601010101,Stillwater Fork-Bear River,H160101010102,INLAND,40.80587,40.80587,-110.79692,-110.79692,Rocky Mountain Range and Forest Region,E,Great Basin Region,H16,64,Wasatch and Uinta Mountains,47,Not_NEP,Not_NEP,UT,UT,W,WMT,USFS,NWC_11_NO,NWC_11_NO,HAND,HAND,P20,None,UT,WVM,Western Valleys & Mountains,W-PRLW,WMT-PRLW,HAND,HAND,Utah,F49043,None,Target,19,Wasatch and Uinta Mountains,19b,Uinta Subalpine Forests,None,PSS,PRLW,RIVERINE,NONE,0,-1233101.832,466658.5189
8/24/2020,NWCA11-R204,3909,8/8/2011,1,NWC_CO-10051,WMTNS,West,WMT,Western Mountains,Chaffee,Not Coast,W_MTNS,"Western Mountains, Valleys, and Coast",LRR E,Region_08,Target_Sampled,H1102000105,Chalk Creek,H110200010501,INLAND,38.67048,38.67048,-106.38801,-106.38801,Rocky Mountain Range and Forest Region,E,Arkansas-White-Red Region,H11,65,Southern Rocky Mountains,48A,Not_NEP,Not_NEP,CO,CO,W,WMT,USFS,NWC_11_NO,NWC_11_NO,HAND,HAND,P29,None,CO,WVM,Western Valleys & Mountains,W-PRLH,WMT-PRLH,HAND,HAND,Colorado,F08015,None,Target,21,Southern Rockies,21g,Volcanic Subalpine Forests,None,PEM,PRLH,SLOPE,NONE,0,-893566.0427,180075.9513
8/24/2020,NWCA11-R205,3882,9/4/2011,1,NWC_CO-10052,WMTNS,West,WMT,Western Mountains,Park,Not Coast,W_MTNS,"Western Mountains, Valleys, and Coast",LRR E,Region_08,Target_Sampled,H1019000102,South Fork South Platte River,H101900010204,INLAND,38.95421,38.95421,-106.10653,-106.10653,Rocky Mountain Range and Forest Region,E,Missouri Region,H10,65,Southern Rocky Mountains,48A,Not_NEP,Not_NEP,CO,CO,W,WMT,USFS,NWC_11_NO,NWC_11_NO,HAND,HAND,P29,None,CO,WVM,Western Valleys & Mountains,W-PRLW,WMT-PRLW,HAND,HAND,Colorado,F08093,None,Target,21,Southern Rockies,21f,Sedimentary Mid-Elevation Forests,None,PSS,PRLW,SLOPE,NONE,0,-866070.376,209087.188
8/24/2020,NWCA11-R206,3840,8/20/2011,1,NWC_WY-10023,WMTNS,West,WMT,Western Mountains,Teton,Not Coast,W_MTNS,"Western Mountains, Valleys, and Coast",LRR E,Region_08,Target_Sampled,H1704020302,Upper Fall River,H170402030204,INLAND,44.0532,44.0532,-110.8482,-110.8482,Rocky Mountain Range and Forest Region,E,Pacific Northwest Region,H17,60,Central Rocky Mountains,43B,Not_NEP,Not_NEP,WY,WY,W,WMT,USFS,NWC_11_NO,NWC_11_NO,HAND,HAND,P20,None,WY,WVM,Western Valleys & Mountains,W-PRLW,WMT-PRLW,HAND,HAND,Wyoming,F56039,None,Target,17,Middle Rockies,17g,Mid-elevation Sedimentary Mountains,None,PSS,PRLW,RIVERINE,NONE,0,-1180854.988,825903.5657
8/24/2020,NWCA11-R301,5274,7/18/2011,1,NWC_ME-10024,EHIGH,Eastern Highlands,NAP,Northern Appalachians,Hancock,North East Coast Region,NE,Northcentral and Northeast,LRR R (Excluding MLRA 143),Region_01,Target_Sampled,H0105000215,Blue Hill-Mount Desert Frontal Drainages,H010500021503,INLAND,44.31957,44.31957,-68.37977,-68.37977,Northeastern Forage and Forest Region,R,New England Region,H01,249,"New England and Eastern New York Upland, Northern Part",144B,Not_NEP,Not_NEP,ME,ME_NBPH,EMU,EMU,NPS,NWC_11_NO,NWC_11_NO,HAND,HAND,P36,None,ME,NCE,North Central East,EMU-PRLW,EMU-PRLW,HAND,HAND,Maine,F23009,None,Target,82,Acadian Plains and Hills,82g,Downeast Coast,None,PSS,PRLW,DPRSS,NONE,0,2166128.982,1080173.46
8/24/2020,NWCA11-R302,5275,7/20/2011,1,NWC_ME-10025,EHIGH,Eastern Highlands,NAP,Northern Appalachians,Hancock,North East Coast Region,NE,Northcentral and Northeast,LRR R (Excluding MLRA 143),Region_01,Target_Sampled,H0105000215,Blue Hill-Mount Desert Frontal Drainages,H010500021503,INLAND,44.28555,44.28555,-68.36791,-68.36791,Northeastern Forage and Forest Region,R,New England Region,H01,249,"New England and Eastern New York Upland, Northern Part",144B,Not_NEP,Not_NEP,ME,ME_NBPH,EMU,EMU,NPS,NWC_11_NO,NWC_11_NO,HAND,HAND,P36,None,ME,NCE,North Central East,EMU-PRLW,EMU-PRLW,HAND,HAND,Maine,F23009,None,Target,82,Acadian Plains and Hills,82g,Downeast Coast,None,PFO,PRLW,SLOPE,NONE,0,2168119.711,1076811.492
8/24/2020,NWCA11-R303,5102,7/25/2011,1,NWC_ME-10026,EHIGH,Eastern Highlands,NAP,Northern Appalachians,Hancock,North East Coast Region,NE,Northcentral and Northeast,LRR R (Excluding MLRA 143),Region_01,Target_Sampled,H0105000215,Blue Hill-Mount Desert Frontal Drainages,H010500021503,INLAND,44.23616,44.23616,-68.32042,-68.32042,Northeastern Forage and Forest Region,R,New England Region,H01,249,"New England and Eastern New York Upland, Northern Part",144B,Not_NEP,Not_NEP,ME,ME_NBPH,EMU,EMU,NPS,NWC_11_NO,NWC_11_NO,HAND,HAND,P36,None,ME,NCE,North Central East,EMU-PRLW,EMU-PRLW,HAND,HAND,Maine,F23009,None,Target,82,Acadian Plains and Hills,82g,Downeast Coast,None,PSS,PRLW,FLATS,NONE,0,2173320.89,1072622.761
8/24/2020,NWCA11-R304,5103,7/27/2011,1,NWC_ME-10027,EHIGH,Eastern Highlands,NAP,Northern Appalachians,Hancock,North East Coast Region,NE,Northcentral and Northeast,LRR R (Excluding MLRA 143),Region_01,Target_Sampled,H0105000215,Blue Hill-Mount Desert Frontal Drainages,H010500021501,INLAND,44.36275,44.36275,-68.27162,-68.27162,Northeastern Forage and Forest Region,R,New England Region,H01,249,"New England and Eastern New York Upland, Northern Part",144B,Not_NEP,Not_NEP,ME,ME_NBPH,EMU,EMU,NPS,NWC_11_NO,NWC_11_NO,HAND,HAND,P36,None,ME,NCE,North Central East,EMU-PRLH,EMU-PRLH,HAND,HAND,Maine,F23009,None,Target,82,Acadian Plains and Hills,82g,Downeast Coast,None,PEM,PRLH,DPRSS,NONE,0,2172984.931,1087251.864
8/24/2020,NWCA11-R305,3451,8/1/2011,1,NWC_ME-10028,EHIGH,Eastern Highlands,NAP,Northern Appalachians,Hancock,North East Coast Region,NE,Northcentral and Northeast,LRR R (Excluding MLRA 143),Region_01,Target_Sampled,H0105000215,Blue Hill-Mount Desert Frontal Drainages,H010500021503,INLAND,44.30423,44.30423,-68.2136,-68.2136,Northeastern Forage and Forest Region,R,New England Region,H01,249,"New England and Eastern New York Upland, Northern Part",144B,Not_NEP,Not_NEP,ME,ME_NBPH,EMU,EMU,NPS,NWC_11_NO,NWC_11_NO,HAND,HAND,P36,None,ME,NCE,North Central East,EMU-PRLH,EMU-PRLH,HAND,HAND,Maine,F23009,None,Target,82,Acadian Plains and Hills,82g,Downeast Coast,None,PEM,PRLH,DPRSS,NONE,0,2179281.371,1082335.067
8/24/2020,NWCA11-R306,3452,8/3/2011,1,NWC_ME-10029,EHIGH,Eastern Highlands,NAP,Northern Appalachians,Hancock,North East Coast Region,NE,Northcentral and Northeast,LRR R (Excluding MLRA 143),Region_01,Target_Sampled,H0105000214,Frenchman Bay,H010500021407,INLAND,44.39098,44.39098,-68.23952,-68.23952,Northeastern Forage and Forest Region,R,New England Region,H01,249,"New England and Eastern New York Upland, Northern Part",144B,Not_NEP,Not_NEP,ME,ME_NBPH,EMU,EMU,NPS,NWC_11_NO,NWC_11_NO,HAND,HAND,P36,None,ME,NCE,North Central East,EMU-PRLH,EMU-PRLH,HAND,HAND,Maine,F23009,None,Target,82,Acadian Plains and Hills,82g,Downeast Coast,None,PEM,PRLH,DPRSS,NONE,0,2174522.692,1090998.724
8/24/2020,NWCA11-R307,3627,8/8/2011,1,NWC_ME-10030,EHIGH,Eastern Highlands,NAP,Northern Appalachians,Knox,North East Coast Region,NE,Northcentral and Northeast,LRR R (Excluding MLRA 143),Region_01,Target_Sampled,H0105000217,Stonington Frontal Drainages,H010500021702,INLAND,44.04894,44.04894,-68.61601,-68.61601,Northeastern Forage and Forest Region,R,New England Region,H01,249,"New England and Eastern New York Upland, Northern Part",144B,Not_NEP,Not_NEP,ME,ME_NBPH,EMU,EMU,NPS,NWC_11_NO,NWC_11_NO,HAND,HAND,P36,None,ME,NCE,North Central East,EMU-PRLW,EMU-PRLW,HAND,HAND,Maine,F23013,None,Target,82,Acadian Plains and Hills,82g,Downeast Coast,None,PSS,PRLW,DPRSS,NONE,0,2156693.074,1045886.254
8/24/2020,NWCA11-R308,3629,8/11/2011,1,NWC_ME-10031,EHIGH,Eastern Highlands,NAP,Northern Appalachians,Hancock,North East Coast Region,NE,Northcentral and Northeast,LRR R (Excluding MLRA 143),Region_01,Target_Sampled,H0105000215,Blue Hill-Mount Desert Frontal Drainages,H010500021503,INLAND,44.2783,44.2783,-68.36975,-68.36975,Northeastern Forage and Forest Region,R,New England Region,H01,249,"New England and Eastern New York Upland, Northern Part",144B,Not_NEP,Not_NEP,ME,ME_NBPH,EMU,EMU,NPS,NWC_11_NO,NWC_11_NO,HAND,HAND,P36,None,ME,NCE,North Central East,EMU-PRLW,EMU-PRLW,HAND,HAND,Maine,F23009,None,Target,82,Acadian Plains and Hills,82g,Downeast Coast,None,PSS,PRLW,RIVERINE,NONE,0,2168211.065,1075995.387
8/24/2020,NWCA11-R309,3737,8/16/2011,1,NWC_ME-10032,EHIGH,Eastern Highlands,NAP,Northern Appalachians,Hancock,North East Coast Region,NE,Northcentral and Northeast,LRR R (Excluding MLRA 143),Region_01,Target_Sampled,H0105000215,Blue Hill-Mount Desert Frontal Drainages,H010500021503,INLAND,44.32867,44.32867,-68.39372,-68.39372,Northeastern Forage and Forest Region,R,New England Region,H01,249,"New England and Eastern New York Upland, Northern Part",144B,Not_NEP,Not_NEP,ME,ME_NBPH,EMU,EMU,NPS,NWC_11_NO,NWC_11_NO,HAND,HAND,P36,None,ME,NCE,North Central East,EMU-PRLW,EMU-PRLW,HAND,HAND,Maine,F23009,None,Target,82,Acadian Plains and Hills,82g,Downeast Coast,None,PFO,PRLW,SLOPE,NONE,0,2164775.43,1080827.223
8/24/2020,NWCA11-R310,3736,8/15/2011,1,NWC_ME-10033,EHIGH,Eastern Highlands,NAP,Northern Appalachians,Hancock,North East Coast Region,NE,Northcentral and Northeast,LRR R (Excluding MLRA 143),Region_01,Target_Sampled,H0105000214,Frenchman Bay,H010500021408,INLAND,44.36229,44.36229,-68.06155,-68.06155,Northeastern Forage and Forest Region,R,New England Region,H01,249,"New England and Eastern New York Upland, Northern Part",144B,Not_NEP,Not_NEP,ME,ME_NBPH,EMU,EMU,NPS,NWC_11_NO,NWC_11_NO,HAND,HAND,P18,None,ME,NCE,North Central East,EMU-PRLW,EMU-PRLW,HAND,HAND,Maine,F23009,None,Target,82,Acadian Plains and Hills,82g,Downeast Coast,None,PSS,PRLW,DPRSS,NONE,0,2188987.139,1092023.838
8/24/2020,NWCA11-R311,5104,7/13/2011,1,NWC_MI-10024,PLNLOW,Plains and Lowlands,UMW,Upper Midwest,Alger,Great Lakes Region,NE,Northcentral and Northeast,LRR K,Region_05,Target_Sampled,H0402020102,Sucker River-Frontal Lake Superior,H040202010206,INLAND,46.64517,46.64517,-86.19832,-86.19832,Northern Lake States Forest and Forage Region,K,Great Lakes Region,H04,162,Michigan Eastern Upper Peninsula Sandy Drift,94B,Not_NEP,Not_NEP,MI,MI,EMU,EMU,NPS,NWC_11_NO,NWC_11_NO,HAND,HAND,P23,None,MI,NCE,North Central East,EMU-PRLW,EMU-PRLW,HAND,HAND,Michigan,F26003,None,Target,50,Northern Lakes and Forests,50x,Grand Marais Lakeshore,None,PFO,PRLW,DPRSS,NONE,0,751639.3719,1060413.222
8/24/2020,NWCA11-R312,5105,7/14/2011,1,NWC_MI-10025,PLNLOW,Plains and Lowlands,UMW,Upper Midwest,Alger,Great Lakes Region,NE,Northcentral and Northeast,LRR K,Region_05,Target_Sampled,H0402020102,Sucker River-Frontal Lake Superior,H040202010204,INLAND,46.44994,46.44994,-86.60329,-86.60329,Northern Lake States Forest and Forage Region,K,Great Lakes Region,H04,162,Michigan Eastern Upper Peninsula Sandy Drift,94B,Not_NEP,Not_NEP,MI,MI,EMU,EMU,NPS,NWC_11_NO,NWC_11_NO,HAND,HAND,P23,None,MI,NCE,North Central East,EMU-PRLW,EMU-PRLW,HAND,HAND,Michigan,F26003,None,Target,50,Northern Lakes and Forests,50x,Grand Marais Lakeshore,None,PSS,PRLW,FRINGE,NONE,0,722823.5319,1035747.126
8/24/2020,NWCA11-R313,4025,8/14/2011,1,NWC_WI-10040,PLNLOW,Plains and Lowlands,UMW,Upper Midwest,Ashland,Not Coast,NE,Northcentral and Northeast,LRR K,Region_05,Target_Sampled,H0401030110,Chequamegon Bay-Frontal Lake Superior,H040103011001,INLAND,46.9223,46.9223,-90.60378,-90.60378,Northern Lake States Forest and Forage Region,K,Great Lakes Region,H04,157,Superior Lake Plain,92,Not_NEP,Not_NEP,WI,WI,EMU,EMU,NPS,NWC_11_NO,NWC_11_NO,HAND,HAND,P23,None,WI,NCE,North Central East,EMU-PRLW,EMU-PRLW,HAND,HAND,Wisconsin,F55003,None,Target,50,Northern Lakes and Forests,50a,Lake Superior Clay Plain,None,PSS,PRLW,RIVERINE,NONE,0,412578.0098,1064021.892
8/24/2020,NWCA11-R314,4026,8/13/2011,1,NWC_WI-10041,PLNLOW,Plains and Lowlands,UMW,Upper Midwest,Ashland,Great Lakes Region,NE,Northcentral and Northeast,LRR K,Region_05,Target_Sampled,H0401030110,Chequamegon Bay-Frontal Lake Superior,H040103011001,INLAND,46.92401,46.92401,-90.54951,-90.54951,Northern Lake States Forest and Forage Region,K,Great Lakes Region,H04,157,Superior Lake Plain,92,Not_NEP,Not_NEP,WI,WI,EMU,EMU,NPS,NWC_11_NO,NWC_11_NO,HAND,HAND,P23,None,WI,NCE,North Central East,EMU-PRLH,EMU-PRLH,HAND,HAND,Wisconsin,F55003,None,Target,50,Northern Lakes and Forests,50a,Lake Superior Clay Plain,None,PEM,PRLH,FRINGE,NONE,0,416711.9458,1064447.647
8/24/2020,NWCA11-R315,4073,8/16/2011,1,NWC_MN-10039,PLNLOW,Plains and Lowlands,UMW,Upper Midwest,Cook,Great Lakes Region,NE,Northcentral and Northeast,LRR K,Region_05,Target_Sampled,H0401010102,Pigeon River,H040101010207,INLAND,48.0025,48.0025,-89.82753,-89.82753,Northern Lake States Forest and Forage Region,K,Great Lakes Region,H04,159,"Superior Stony and Rocky Loamy Plains and Hills, Western Part",93A,Not_NEP,Not_NEP,MN,MN,EMU,EMU,Tribal,NWC_11_NO,NWC_11_NO,HAND,HAND,P23,None,MN,NCE,North Central East,EMU-PRLH,EMU-PRLH,HAND,HAND,Minnesota,F27031,None,Target,50,Northern Lakes and Forests,50n,Boundary Lakes and Hills,None,PEM,PRLH,RIVERINE,NONE,0,464103.2401,1186728.774
8/24/2020,NWCA11-R316,3918,7/25/2011,1,NWC_MI-10026,PLNLOW,Plains and Lowlands,UMW,Upper Midwest,Leelanau,Great Lakes Region,NE,Northcentral and Northeast,LRR L,Region_05,Target_Sampled,H0406010404,Glen Lake-Frontal Lake Michigan,H040601040402,INLAND,44.89849,44.89849,-85.96871,-85.96871,"Lake State Fruit, Truck Crop, and Dairy Region",L,Great Lakes Region,H04,167,Western Michigan Fruit Belt,96,Not_NEP,Not_NEP,MI,MI,EMU,EMU,NPS,NWC_11_NO,NWC_11_NO,HAND,HAND,P23,None,MI,NCE,North Central East,EMU-PRLW,EMU-PRLW,HAND,HAND,Michigan,F26089,None,Target,51,North Central Hardwood Forests,51m,Manistee-Leelanau Shore,None,PFO,PRLW,FLATS,NONE,0,789619.9147,869350.4188
8/24/2020,NWCA11-R317,3917,7/26/2011,1,NWC_MI-10027,PLNLOW,Plains and Lowlands,UMW,Upper Midwest,Benzie,Great Lakes Region,NE,Northcentral and Northeast,LRR L,Region_05,Target_Sampled,H0406010404,Glen Lake-Frontal Lake Michigan,H040601040403,INLAND,44.74903,44.74903,-86.06079,-86.06079,"Lake State Fruit, Truck Crop, and Dairy Region",L,Great Lakes Region,H04,167,Western Michigan Fruit Belt,96,Not_NEP,Not_NEP,MI,MI,EMU,EMU,NPS,NWC_11_NO,NWC_11_NO,HAND,HAND,P23,None,MI,NCE,North Central East,EMU-PRLW,EMU-PRLW,HAND,HAND,Michigan,F26019,None,Target,51,North Central Hardwood Forests,51m,Manistee-Leelanau Shore,None,PFO,PRLW,SLOPE,NONE,0,784135.3278,852041.3608
8/24/2020,NWCA11-R318,4072,8/30/2011,1,NWC_MI-10028,PLNLOW,Plains and Lowlands,UMW,Upper Midwest,Leelanau,Great Lakes Region,NE,Northcentral and Northeast,LRR L,Region_05,Target_Sampled,H0406010404,Glen Lake-Frontal Lake Michigan,H040601040402,INLAND,44.91582,44.91582,-85.95319,-85.95319,"Lake State Fruit, Truck Crop, and Dairy Region",L,Great Lakes Region,H04,167,Western Michigan Fruit Belt,96,Not_NEP,Not_NEP,MI,MI,EMU,EMU,NPS,NWC_11_NO,NWC_11_NO,HAND,HAND,P23,None,MI,NCE,North Central East,EMU-PRLW,EMU-PRLW,HAND,HAND,Michigan,F26089,None,Target,51,North Central Hardwood Forests,51m,Manistee-Leelanau Shore,None,PSS,PRLW,DPRSS,NONE,0,790633.493,871397.5691
8/24/2020,NWCA11-R319,4071,8/10/2011,1,NWC_MI-10029,PLNLOW,Plains and Lowlands,UMW,Upper Midwest,Keweenaw,Great Lakes Region,NE,Northcentral and Northeast,LRR K,Region_05,Target_Sampled,H0402030002,Lake Superior,H040203000200,INLAND,48.06669,48.06669,-88.58504,-88.58504,Northern Lake States Forest and Forage Region,K,Great Lakes Region,H04,160,"Superior Stony and Rocky Loamy Plains and Hills, Eastern Part",93B,Not_NEP,Not_NEP,MI,MI,EMU,EMU,NPS,NWC_11_NO,NWC_11_NO,HAND,HAND,P23,None,MI,NCE,North Central East,EMU-PRLH,EMU-PRLH,HAND,HAND,Michigan,F26083,None,Target,50,Northern Lakes and Forests,50d,Superior Mineral Ranges,None,PEM,PRLH,FRINGE,NONE,0,556799.7011,1200462.338
8/24/2020,NWCA11-R320,4070,8/11/2011,1,NWC_MI-10030,PLNLOW,Plains and Lowlands,UMW,Upper Midwest,Keweenaw,Great Lakes Region,NE,Northcentral and Northeast,LRR K,Region_05,Target_Sampled,H0402030002,Lake Superior,H040203000200,INLAND,48.108,48.108,-88.674,-88.674,Northern Lake States Forest and Forage Region,K,Great Lakes Region,H04,160,"Superior Stony and Rocky Loamy Plains and Hills, Eastern Part",93B,Not_NEP,Not_NEP,MI,MI,EMU,EMU,NPS,NWC_11_NO,NWC_11_NO,HAND,HAND,P23,None,MI,NCE,North Central East,EMU-PRLW,EMU-PRLW,HAND,HAND,Michigan,F26083,None,Target,50,Northern Lakes and Forests,50d,Superior Mineral Ranges,None,PFO,PRLW,DPRSS,NONE,0,549782.1776,1204484.669
8/24/2020,NWCA11-R321,4069,8/9/2011,1,NWC_MI-10031,PLNLOW,Plains and Lowlands,UMW,Upper Midwest,Keweenaw,Great Lakes Region,NE,Northcentral and Northeast,LRR K,Region_05,Target_Sampled,H0402030002,Lake Superior,H040203000200,INLAND,48.1037,48.1037,-88.5928,-88.5928,Northern Lake States Forest and Forage Region,K,Great Lakes Region,H04,160,"Superior Stony and Rocky Loamy Plains and Hills, Eastern Part",93B,Not_NEP,Not_NEP,MI,MI,EMU,EMU,NPS,NWC_11_NO,NWC_11_NO,HAND,HAND,P23,None,MI,NCE,North Central East,EMU-PRLH,EMU-PRLH,HAND,HAND,Michigan,F26083,None,Target,50,Northern Lakes and Forests,50d,Superior Mineral Ranges,None,PEM,PRLH,SLOPE,NONE,0,555900.4894,1204484.469
8/24/2020,NWCA11-R322,3919,7/12/2011,1,NWC_IN-10029,PLNLOW,Plains and Lowlands,UMW,Upper Midwest,Porter,Great Lakes Region,NE,Northcentral and Northeast,LRR L,Region_05,Target_Sampled,H0404000106,Calumet River-Frontal Lake Michigan,H040400010602,INLAND,41.65197,41.65197,-87.07275,-87.07275,"Lake State Fruit, Truck Crop, and Dairy Region",L,Great Lakes Region,H04,168,Southwestern Michigan Fruit and Truck Crop Belt,97,Not_NEP,Not_NEP,IN,IN,EMU,EMU,NPS,NWC_11_NO,NWC_11_NO,HAND,HAND,P23,None,IN,NCE,North Central East,EMU-PRLH,EMU-PRLH,HAND,HAND,Indiana,F18127,None,Target,56,Southern Michigan/Northern Indiana Drift Plains,56d,Michigan Lake Plain,None,PEM,PRLH,DPRSS,NONE,0,736984.1977,499827.9288
8/24/2020,NWCA11-WI-1001,4887,6/29/2011,1,NWC_WI-10024,PLNLOW,Plains and Lowlands,UMW,Upper Midwest,Door,Great Lakes Region,NE,Northcentral and Northeast,LRR K,Region_05,Target_Sampled,H0403010201,Door Peninsula-Frontal Lake Michigan,H040301020101,INLAND,45.24139852,45.24139852,-87.04599257,-87.04599257,Northern Lake States Forest and Forage Region,K,Great Lakes Region,H04,165,Northeastern Wisconsin Drift Plain,95A,Not_NEP,Not_NEP,WI,WI,EMU,EMU,Non-Federal,NWC_11_NO,NWC_11_NO,Revisit,NWC16_11_TSN,P23,PEM,WI,NCE,North Central East,EMU-PRLH,EMU-PRLH,PROB,FWS_ST_2005,Wisconsin,F55029,WI_Till,Target,51,North Central Hardwood Forests,51g,Door Peninsula,PEM,PEM,PRLH,FRINGE,EMU_PEM,66302.67248,701497.7883,898861.0311
8/24/2020,NWCA11-WI-1006,4888,8/4/2011,1,NWC_WI-10029,PLNLOW,Plains and Lowlands,TPL,Temporate Plains,Fond du Lac,Great Lakes Region,NE,Northcentral and Northeast,LRR K,Region_05,Target_Sampled,H0404000302,Upper Milwaukee River,H040400030202,INLAND,43.66742316,43.66742316,-88.32520846,-88.32520846,Northern Lake States Forest and Forage Region,K,Great Lakes Region,H04,166,Southern Wisconsin and Northern Illinois Drift Plain,95B,Not_NEP,Not_NEP,WI,WI,IPL,IPL,Non-Federal,NWC_11_NO,NWC_11_NO,Base,NWC16_11_TSN,P23,PSS,WI,TPL,Temperate Plains,IPL-PRLW,IPL-PRLW,PROB,FWS_ST_2005,Wisconsin,F55039,WI_Till,Target,53,Southeastern Wisconsin Till Plains,53c,Southeastern Wisconsin Savannah and Till Plain,PSS,PFO,PRLW,SLOPE,IPL_PSS,34299.4679,615660.5162,715307.4677
8/24/2020,NWCA11-WI-1009,4890,9/9/2011,1,NWC_WI-10032,PLNLOW,Plains and Lowlands,TPL,Temporate Plains,Manitowoc,Great Lakes Region,NE,Northcentral and Northeast,LRR K,Region_05,Target_Sampled,H0403010106,Manitowoc River-Frontal Lake Michigan,H040301010601,INLAND,44.10470377,44.10470377,-87.93500189,-87.93500189,Northern Lake States Forest and Forage Region,K,Great Lakes Region,H04,165,Northeastern Wisconsin Drift Plain,95A,Not_NEP,Not_NEP,WI,WI,IPL,IPL,State,NWC_11_NO,NWC_11_NO,Base,NWC16_11_TSN,P23,PEM,WI,TPL,Temperate Plains,IPL-PRLH,IPL-PRLH,PROB,FWS_ST_2005,Wisconsin,F55071,WI_Till,Target,53,Southeastern Wisconsin Till Plains,53d,Lake Michigan Lacustrine Clay Plain,PEM,PEM,PRLH,DPRSS,IPL_PEM,66302.67248,642754.6733,766498.4525
8/24/2020,NWCA11-WI-1010,4891,9/19/2011,1,NWC_WI-10033,PLNLOW,Plains and Lowlands,TPL,Temporate Plains,Fond du Lac,Great Lakes Region,NE,Northcentral and Northeast,LRR K,Region_05,Target_Sampled,H0403010109,Mullet River,H040301010901,INLAND,43.73727832,43.73727832,-88.20497958,-88.20497958,Northern Lake States Forest and Forage Region,K,Great Lakes Region,H04,166,Southern Wisconsin and Northern Illinois Drift Plain,95B,Not_NEP,Not_NEP,WI,WI,IPL,IPL,State,NWC_11_NO,NWC_11_NO,Base,NWC16_11_TSN,P23,PSS,WI,TPL,Temperate Plains,IPL-PRLW,IPL-PRLW,PROB,FWS_ST_2005,Wisconsin,F55039,WI_Till,Target,53,Southeastern Wisconsin Till Plains,53b,Kettle Moraines,PSS,PFO,PRLW,DPRSS,IPL_PSS,34299.4679,624645.0196,723860.5957
8/24/2020,NWCA11-WI-1011,4892,9/13/2011,1,NWC_WI-10034,PLNLOW,Plains and Lowlands,TPL,Temporate Plains,Manitowoc,Great Lakes Region,NE,Northcentral and Northeast,LRR K,Region_05,Target_Sampled,H0403010106,Manitowoc River-Frontal Lake Michigan,H040301010602,INLAND,44.0414037,44.0414037,-87.83957526,-87.83957526,Northern Lake States Forest and Forage Region,K,Great Lakes Region,H04,165,Northeastern Wisconsin Drift Plain,95A,Not_NEP,Not_NEP,WI,WI,IPL,IPL,Non-Federal,NWC_11_16,NWC_11_16,Base,NWC16_11_TSS,P23,PFO,WI,TPL,Temperate Plains,IPL-PRLW,IPL-PRLW,PROB,FWS_ST_2005,Wisconsin,F55071,WI_Till,Target,53,Southeastern Wisconsin Till Plains,53d,Lake Michigan Lacustrine Clay Plain,PFO,PFO,PRLW,FLATS,IPL_PFO,95294.9499,650946.6001,760115.6844
8/24/2020,NWCA11-WI-1018,4893,9/20/2011,1,NWC_WI-10042,PLNLOW,Plains and Lowlands,UMW,Upper Midwest,Oconto,Great Lakes Region,NE,Northcentral and Northeast,LRR K,Region_05,Target_Sampled,H0403010301,Pensaukee River-Frontal Green Bay,H040301030104,INLAND,44.75689664,44.75689664,-87.9617142,-87.9617142,Northern Lake States Forest and Forage Region,K,Great Lakes Region,H04,165,Northeastern Wisconsin Drift Plain,95A,Not_NEP,Not_NEP,WI,WI,EMU,EMU,Non-Federal,NWC_11_NO,NWC_11_NO,HAND,HAND,P23,None,WI,NCE,North Central East,EMU-PRLW,EMU-PRLW,HAND,HAND,Wisconsin,F55083,None,Target,51,North Central Hardwood Forests,51f,Green Bay Till and Lacustrine Plain,None,PFO,PRLW,FLATS,NONE,0,634491.7892,838724.6841
8/24/2020,NWCA11-WI-1037,4894,9/8/2011,1,NWC_WI-10043,PLNLOW,Plains and Lowlands,TPL,Temporate Plains,Kewaunee,Great Lakes Region,NE,Northcentral and Northeast,LRR K,Region_05,Target_Sampled,H0403010101,East Twin River-Frontal Lake Michigan,H040301010104,INLAND,44.38706209,44.38706209,-87.65157075,-87.65157075,Northern Lake States Forest and Forage Region,K,Great Lakes Region,H04,165,Northeastern Wisconsin Drift Plain,95A,Not_NEP,Not_NEP,WI,WI,IPL,IPL,Non-Federal,NWC_11_NO,NWC_11_NO,HAND,HAND,P23,None,WI,TPL,Temperate Plains,IPL-PRLW,IPL-PRLW,HAND,HAND,Wisconsin,F55061,None,Target,53,Southeastern Wisconsin Till Plains,53d,Lake Michigan Lacustrine Clay Plain,None,PSS,PRLW,DPRSS,NONE,0,662524.8861,799799.8795
8/24/2020,NWCA11-WI-1045,4895,9/7/2011,1,NWC_WI-10044,PLNLOW,Plains and Lowlands,TPL,Temporate Plains,Kewaunee,Great Lakes Region,NE,Northcentral and Northeast,LRR K,Region_05,Target_Sampled,H0403010203,Kewaunee River,H040301020305,INLAND,44.49712624,44.49712624,-87.64256984,-87.64256984,Northern Lake States Forest and Forage Region,K,Great Lakes Region,H04,165,Northeastern Wisconsin Drift Plain,95A,Not_NEP,Not_NEP,WI,WI,IPL,IPL,State,NWC_11_NO,NWC_11_NO,HAND,HAND,P23,None,WI,TPL,Temperate Plains,IPL-PRLW,IPL-PRLW,HAND,HAND,Wisconsin,F55061,None,Target,53,Southeastern Wisconsin Till Plains,53d,Lake Michigan Lacustrine Clay Plain,None,PFO,PRLW,FLATS,NONE,0,662160.3062,812078.256
8/24/2020,NWCA11-WI-1050,4896,9/6/2011,1,NWC_WI-10045,PLNLOW,Plains and Lowlands,TPL,Temporate Plains,Fond du Lac,Great Lakes Region,NE,Northcentral and Northeast,LRR K,Region_05,Target_Sampled,H0404000302,Upper Milwaukee River,H040400030202,INLAND,43.67495289,43.67495289,-88.30515541,-88.30515541,Northern Lake States Forest and Forage Region,K,Great Lakes Region,H04,166,Southern Wisconsin and Northern Illinois Drift Plain,95B,Not_NEP,Not_NEP,WI,WI,IPL,IPL,Non-Federal,NWC_11_NO,NWC_11_NO,HAND,HAND,P23,None,WI,TPL,Temperate Plains,IPL-PRLW,IPL-PRLW,HAND,HAND,Wisconsin,F55039,None,Target,53,Southeastern Wisconsin Till Plains,53c,Southeastern Wisconsin Savannah and Till Plain,None,PSS,PRLW,FLATS,NONE,0,617197.6732,716275.0015
8/24/2020,NWCA11-WI-1054,4897,9/12/2011,1,NWC_WI-10046,PLNLOW,Plains and Lowlands,TPL,Temporate Plains,Fond du Lac,Great Lakes Region,NE,Northcentral and Northeast,LRR K,Region_05,Target_Sampled,H0403010109,Mullet River,H040301010901,INLAND,43.73452451,43.73452451,-88.18814204,-88.18814204,Northern Lake States Forest and Forage Region,K,Great Lakes Region,H04,166,Southern Wisconsin and Northern Illinois Drift Plain,95B,Not_NEP,Not_NEP,WI,WI,IPL,IPL,Non-Federal,NWC_11_NO,NWC_11_NO,HAND,HAND,P23,None,WI,TPL,Temperate Plains,IPL-PRLH,IPL-PRLH,HAND,HAND,Wisconsin,F55039,None,Target,53,Southeastern Wisconsin Till Plains,53b,Kettle Moraines,None,PEM,PRLH,DPRSS,NONE,0,626016.4675,723665.1758
8/24/2020,NWCA11-WI-1065,4898,9/21/2011,1,NWC_WI-10047,PLNLOW,Plains and Lowlands,UMW,Upper Midwest,Brown,Great Lakes Region,NE,Northcentral and Northeast,LRR K,Region_05,Target_Sampled,H0403020401,Duck Creek-Frontal Green Bay,H040302040101,INLAND,44.62724784,44.62724784,-88.01953549,-88.01953549,Northern Lake States Forest and Forage Region,K,Great Lakes Region,H04,165,Northeastern Wisconsin Drift Plain,95A,Not_NEP,Not_NEP,WI,WI,EMU,EMU,Non-Federal,NWC_11_NO,NWC_11_NO,HAND,HAND,P23,None,WI,NCE,North Central East,EMU-PRLH,EMU-PRLH,HAND,HAND,Wisconsin,F55009,None,Target,51,North Central Hardwood Forests,51f,Green Bay Till and Lacustrine Plain,None,PEM,PRLH,DPRSS,NONE,0,631149.4606,823953.6856
8/24/2020,NWCA11-WI-1070,4899,9/14/2011,1,NWC_WI-10048,PLNLOW,Plains and Lowlands,TPL,Temporate Plains,Manitowoc,Great Lakes Region,NE,Northcentral and Northeast,LRR K,Region_05,Target_Sampled,H0403010106,Manitowoc River-Frontal Lake Michigan,H040301010602,INLAND,44.03424178,44.03424178,-87.85410733,-87.85410733,Northern Lake States Forest and Forage Region,K,Great Lakes Region,H04,165,Northeastern Wisconsin Drift Plain,95A,Not_NEP,Not_NEP,WI,WI,IPL,IPL,Non-Federal,NWC_11_NO,NWC_11_NO,HAND,HAND,P23,None,WI,TPL,Temperate Plains,IPL-PRLH,IPL-PRLH,HAND,HAND,Wisconsin,F55071,None,Target,53,Southeastern Wisconsin Till Plains,53d,Lake Michigan Lacustrine Clay Plain,None,PEM,PRLH,DPRSS,NONE,0,649858.6087,759220.5512
