County,INHS scientific name,Updated scientific name,Common name
Adams,Ambystoma texanum,Ambystoma texanum,Small-mouthed Salamander
Adams,Ambystoma tigrinum,Ambystoma tigrinum,Eastern Tiger Salamander
Adams,Eurycea longicauda,Eurycea longicauda,Long-tailed Salamander
Adams,Necturus maculosus,Necturus maculosus,Mudpuppy
Adams,Anaxyrus americanus,Anaxyrus americanus,American Toad
Adams,Anaxyrus fowleri,Anaxyrus fowleri,Fowler's Toad
Adams,Acris blanchardi,Acris blanchardi,Blanchard's Cricket Frog
Adams,Hyla versicolor- chrysoscelis,Hyla versicolor-chrysoscelis,Gray Treefrog Complex
Adams,Pseudacris maculata,Pseudacris maculata,Boreal Chorus Frog
Adams,Rana areolata,Rana areolata,Crawfish Frog
Adams,Rana blairi,Rana blairi,Plains Leopard Frog
Adams,Rana catesbeiana,Rana catesbeiana,Bullfrog
Adams,Rana clamitans,Rana clamitans,Green Frog
Adams,Rana palustris,Rana palustris,Pickerel Frog
Adams,Rana sphenocephala,Rana sphenocephala,Southern Leopard Frog
Adams,Chelydra serpentina,Chelydra serpentina,Snapping Turtle
Adams,Macroclemys temminckii,Macrochelys temminckii,Alligator Snapping Turtle
Adams,Chrysemys picta,Chrysemys picta,Painted Turtle
Adams,Graptemys geographica,Graptemys geographica,Map Turtle
Adams,Graptemys pseudogeographica,Graptemys pseudogeographica,False Map Turtle
Adams,Terrapene carolina,Terrapene carolina,Eastern Box Turtle
Adams,Trachemys scripta,Trachemys scripta,Pond Slider
Adams,Sternotherus odoratus,Sternotherus odoratus,Eastern Musk Turtle
Adams,Apalone mutica,Apalone mutica,Smooth Softshell
Adams,Apalone spinifera,Apalone spinifera,Spiny Shoftshell
Adams,Ophisaurus attenuatus,Ophisaurus attenuatus,Slender Glass Lizard
Adams,Plestiodon fasciatus,Plestiodon fasciatus,Common Five-lined Skink
Adams,Carphophis amoenus,Carphophis amoenus,Common Wormsnake
Adams,Clonophis kirtlandii,Clonophis kirtlandii,Kirtland's Snake
Adams,Coluber constrictor,Coluber constrictor,North American Racer
Adams,Diadophis punctatus,Diadophis punctatus,Ring-necked Snake
Adams,Pantherophis spiloides,Pantherophis spiloides,Gray Ratsnake
Adams,Pantherophis vulpina,Pantherophis vulpinus,Eastern Foxsnake
Adams,Heterodon platirhinos,Heterodon platirhinos,Eastern Hog-nosed Snake
Adams,Lampropeltis calligaster,Lampropeltis calligaster,Yellow-bellied Kingsnake
Adams,Nerodia erythrogaster,Nerodia erythrogaster,Plainbelly Watersnake
Adams,Nerodia rhombifer,Nerodia rhombifer,Diamond-backed Watersnake
Adams,Nerodia sipedon,Nerodia sipedon,Common Watersnake
Adams,Regina grahamii,Regina grahamii,Graham's Crawfish Snake
Adams,Storeria dekayi,Storeria dekayi,Dekay's Brownsnake
Adams,Thamnophis proximus,Thamnophis proximus,Western Ribbonsnake
Adams,Thamnophis sirtalis,Thamnophis sirtalis,Common Gartersnake
Adams,Crotalus horridus,Crotalus horridus,Timber Rattlesnake
Adams,Sistrurus catenatus,Sistrurus catenatus,Eastern Massasauga
Alexander,Ambystoma maculatum,Ambystoma maculatum,Spotted Salamander
Alexander,Ambystoma opacum,Ambystoma opacum,Marbled Salamander
Alexander,Ambystoma talpoideum,Ambystoma talpoideum,Mole Salamander
Alexander,Ambystoma texanum,Ambystoma texanum,Small-mouthed Salamander
Alexander,Eurycea longicauda,Eurycea longicauda,Long-tailed Salamander
Alexander,Eurycea lucifuga,Eurycea lucifuga,Cave Salamander
Alexander,Plethodon dorsalis,Plethodon dorsalis,Northern Zigzag Salamander
Alexander,Plethodon glutinosus,Plethodon glutinosus,Northern Slimy Salamander
Alexander,Notophthalmus viridescens,Notophthalmus viridescens,Eastern Newt
Alexander,Siren intermedia,Siren intermedia,Lesser Siren
Alexander,Anaxyrus americanus,Anaxyrus americanus,American Toad
Alexander,Anaxyrus fowleri,Anaxyrus fowleri,Fowler's Toad
Alexander,Acris blanchardi,Acris blanchardi,Blanchard's Cricket Frog
Alexander,Hyla avivoca,Hyla avivoca,Bird-Voiced Treefrog
Alexander,Hyla cinerea,Hyla cinerea,Green Treefrog
Alexander,Hyla versicolor- chrysoscelis,Hyla versicolor-chrysoscelis,Gray Treefrog Complex
Alexander,Pseudacris crucifer,Pseudacris crucifer,Spring Peeper
Alexander,Pseudacris feriarum,Pseudacris feriarum,Upland Chorus Frog
Alexander,Pseudacris illinoensis,Pseudacris illinoensis,Illinois Chorus Frog
Alexander,Pseudacris triseriata,Pseudacris triseriata,Western Chorus Frog
Alexander,Scaphiopus holbrookii,Scaphiopus holbrookii,Eastern Spadefoot
Alexander,Rana blairi,Rana blairi,Plains Leopard Frog
Alexander,Rana catesbeiana,Rana catesbeiana,American Bullfrog
Alexander,Rana clamitans,Rana clamitans,Green Frog
Alexander,Rana palustris,Rana palustris,Pickerel Frog
Alexander,Rana sphenocephala,Rana sphenocephala,Southern Leopard Frog
Alexander,Chelydra serpentina,Chelydra serpentina,Snapping Turtle
Alexander,Macroclemys temminckii,Macrochelys temminckii,Alligator Snapping Turtle
Alexander,Chrysemys picta,Chrysemys picta,Painted Turtle
Alexander,Pseudemys concinna,Pseudemys concinna,River Cooter
Alexander,Terrapene carolina,Terrapene carolina,Eastern Box Turtle
Alexander,Trachemys scripta,Trachemys scripta,Pond Slider
Alexander,Sternotherus odoratus,Sternotherus odoratus,Eastern Musk Turtle
Alexander,Apalone mutica,Apalone mutica,Smooth Softshell Turtle
Alexander,Apalone spinifera,Apalone spinifera,Spiny Shoftshell Turtle
Alexander,Sceloporus undulatus,Sceloporus undulatus,Eastern Fence Lizard
Alexander,Plestiodon fasciatus,Plestiodon fasciatus,Common Five-lined Skink
Alexander,Plestodon laticeps,Plestiodon laticeps,Broad-headed Skink
Alexander,Carphophis amoenus,Carphophis amoenus,Common Wormsnake
Alexander,Coluber constrictor,Coluber constrictor,North American Racer
Alexander,Diadophis punctatus,Diadophis punctatus,Ring-necked Snake
Alexander,Elaphe obsoleta,Pantherophis spiloides,Gray Ratsnake
Alexander,Farancia abacura,Farancia abacura,Red-bellied Mudsnake
Alexander,Heterodon platirhinos,Heterodon platirhinos,Eastern Hog-nosed Snake
Alexander,Lampropeltis getula niger,Lampropeltis nigra,Black Kingsnake
Alexander,Lampropeltis triangulum,Lampropeltis triangulum,Milksnake
Alexander,Nerodia cyclopion,Nerodia cyclopion,Mississippi Green Watersnake
Alexander,Nerodia erythrogaster,Nerodia erythrogaster,Plain-bellied Watersnake
Alexander,Nerodia fasciata,Nerodia fasciata,Southern Watersnake
Alexander,Nerodia rhombifer,Nerodia rhombifer,Diamond-backed Watersnake
Alexander,Nerodia sipedon,Nerodia sipedon,Common Watersnake
Alexander,Opheodrys aestivus,Opheodrys aestivus,Rough Greensnake
Alexander,Storeria dekayi,Storeria dekayi,Dekay's Brownsnake
Alexander,Storeria occipitomaculata,Storeria occipitomaculata,Red-bellied Snake
Alexander,Thamnophis proximus,Thamnophis proximus,Western Ribbonsnake
Alexander,Thamnophis sirtalis,Thamnophis sirtalis,Common Garter Snake
Alexander,Virginia valeriae,Virginia valeriae,Smooth Earthsnake
Alexander,Agkistrodon contortrix,Agkistrodon contortrix,Copperhead
Alexander,Agkistrodon piscivorus,Agkistrodon piscivorus,Cottonmouth
Alexander,Crotalus horridus,Crotalus horridus,Timber Rattlesnake
Bond,Ambystoma texanum,Ambystoma texanum,Small-mouthed Salamander
Bond,Plethodon glutinosus,Plethodon glutinosus,Northern Slimy Salamander
Bond,Necturus maculosus,Necturus maculosus,Mudpuppy
Bond,Siren intermedia,Siren intermedia,Lesser Siren
Bond,Bufo americanus,Anaxyrus americanus,American Toad
Bond,Bufo fowleri,Anaxyrus fowleri,Fowler's Toad
Bond,Acris crepitans,Acris crepitans,Blanchard's Cricket Frog
Bond,Hyla versicolor- chrysoscelis,Hyla versicolor-chrysoscelis,Gray Treefrog Complex
Bond,Pseudacris triseriata,Pseudacris triseriata,Western Chorus Frog
Bond,Rana areolata,Rana areolata,Crawfish Frog
Bond,Rana catesbeiana,Rana catesbeiana,American Bullfrog
Bond,Rana sphenocephala,Rana sphenocephala,Southern Leopard Frog
Bond,Chelydra serpentina,Chelydra serpentina,Snapping Turtle
Bond,Chrysemys picta,Chrysemys picta,Painted Turtle
Bond,Terrapene carolina,Terrapene carolina,Eastern Box Turtle
Bond,Terrapene ornata,Terrapene ornata,Ornate Box Turtle
Bond,Trachemys scripta,Trachemys scripta,Pond Slider
Bond,Sternotherus odoratus,Sternotherus odoratus,Eastern Musk Turtle
Bond,Apalone spinifera,Apalone spinifera,Spiny Shoftshell
Bond,Sceloporus undulatus,Sceloporus undulatus,Eastern Fence Lizard
Bond,Eumeces fasciatus,Plestiodon fasciatus,Common Five-Lined Skink
Bond,Coluber constrictor,Coluber constrictor,North American Racer
Bond,Elaphe obsoleta,Pantherophis spiloides,Gray Ratsnake
Bond,Heterodon platirhinos,Heterodon platirhinos,Eastern Hog-nosed Snake
Bond,Lampropeltis calligaster,Lampropeltis calligaster,Prairie Kingsnake
Bond,Lampropeltis getula holbrooki,Lampropeltis holbrooki,Speckled Kingsnake
Bond,Nerodia erythrogaster,Nerodia erythrogaster,Plain-bellied Water Snake
Bond,Nerodia sipedon,Nerodia sipedon,Common Watersnake
Bond,Opheodrys aestivus,Opheodrys aestivus,Rough Greensnake
Bond,Regina grahamii,Regina grahamii,Graham's Crayfish Snake
Bond,Storeria occipitomaculata,Storeria occipitomaculata,Red-bellied Snake
Bond,Thamnophis sirtalis,Thamnophis sirtalis,Common Gartersnake
Bond,Virginia valeriae,Virginia valeriae,Smooth Earthsnake
Bond,Crotalus horridus,Crotalus horridus,Timber Rattlesnake
Boone,Ambystoma tigrinum,Ambystoma tigrinum,Tiger Salamander
Boone,Bufo americanus,Anaxyrus americanus,American Toad
Boone,Acris crepitans,Acris crepitans,Blanchard's Cricket Frog
Boone,Rana catesbeiana,Rana catesbeiana,American Bullfrog
Boone,Rana clamitans,Rana clamitans,Green Frog
Boone,Rana pipiens,Rana pipiens,Northern Leopard Frog
Boone,Chrysemys picta,Chrysemys picta,Painted Turtle
Boone,Terrapene ornata,Terrapene ornata,Ornate Box Turtle
Boone,Elaphe vulpina,Pantherophis vulpinus,Eastern Foxsnake
Boone,Nerodia sipedon,Nerodia sipedon,Common Watersnake
Boone,Storeria dekayi,Storeria dekayi,Dekay's Brownsnake
Boone,Thamnophis radix,Thamnophis radix,Plains Gartersnake
Boone,Thamnophis sirtalis,Thamnophis sirtalis,Common Gartersnake
Brown,Ambystoma tigrinum,Ambystoma tigrinum,Tiger Salamander
Brown,Bufo americanus,Anaxyrus americanus,American Toad
Brown,Bufo fowleri,Anaxyrus fowleri,Fowler’s Toad
Brown,Acris crepitans,Acris crepitans,Blanchard’s Cricket Frog
Brown,Rana catesbeiana,Rana catesbeiana,American Bullfrog
Brown,Rana palustris,Rana palustris,Pickerel Frog
Brown,Trachemys scripta,Trachemys scripta,Pond Slider
Brown,Coluber constrictor,Coluber constrictor,North American Racer
Brown,Elaphe obsoleta,Pantherophis emoryi,Great Plains Ratsnake
Brown,Heterodon platirhinos,Heterodon platirhinos,Eastern Hog-nosed Snake
Brown,Nerodia rhombifer,Nerodia rhombifer,Diamond-backed Watersnake
Brown,Pituophis melanoleucus,Pituophis melanoleucus,Bull Snake
Brown,Storeria occipitomaculata,Storeria occipitomaculata,Red-bellied Snake
Brown,Agkistrodon contortrix,Agkistrodon contortrix,Copperhead
Bureau,Ambystoma tigrinum,Ambystoma tigrinum,Tiger Salamander
Bureau,Bufo americanus,Anaxyrus americanus,American Toad
Bureau,Bufo fowleri,Anaxyrus fowleri,Fowler’s Toad
Bureau,Acris crepitans,Acris crepitans,Blanchard’s Cricket Frog
Bureau,Rana catesbeiana,Rana catesbeiana,American Bullfrog
Bureau,Rana pipiens,Rana pipiens,Northern Leopard Frog
Bureau,Chrysemys picta,Chrysemys picta,Painted Turtle
Bureau,Terrapene ornata,Terrapene ornata,Ornate Box Turtle
Bureau,Trachemys scripta,Trachemys scripta,Pond Slider
Bureau,Apalone spinifera,Apalone spinifera,Spiny Shoftshell
Bureau,Elaphe vulpina,Pantherophis vulpinus,Eastern Foxsnake
Bureau,Nerodia sipedon,Nerodia sipedon,Northern Water Snake
Bureau,Opheodrys vernalis,Opheodrys vernalis,Smooth Green Snake
Bureau,Regina grahamii,Regina grahamii,Graham’s Crawfish Snake
Bureau,Storeria dekayi,Storeria dekayi,Dekay’s Brownsnake
Bureau,Thamnophis sirtalis,Thamnophis sirtalis,Common Gartersnake
Calhoun,Ambystoma texanum,Ambystoma texanum,Small-mouthed Salamander
Calhoun,Eurycea longicauda,Eurycea longicauda,Long-tailed Salamander
Calhoun,Bufo americanus,Anaxyrus americanus,American Toad
Calhoun,Bufo fowleri,Anaxyrus fowleri,Fowler's Toad
Calhoun,Acris crepitans,Acris crepitans,Blanchard's Cricket Frog
Calhoun,Hyla versicolor- chrysoscelis,Hyla versicolor-chrysoscelis,Gray Treefrog Complex
Calhoun,Pseudacris crucifer,Pseudacris crucifer,Spring Peeper
Calhoun,Pseudacris triseriata,Pseudacris triseriata,Western Chorus Frog
Calhoun,Rana blairi,Rana blairi,Plains Leopard Frog
Calhoun,Rana catesbeiana,Rana catesbeiana,American Bullfrog
Calhoun,Rana palustris,Rana palustris,Pickerel Frog
Calhoun,Rana sphenocephala,Rana sphenocephala,Southern Leopard Frog
Calhoun,Chelydra serpentina,Chelydra serpentina,Snapping Turtle
Calhoun,Macroclemys temminckii,Macrochelys temminckii,Alligator Snapping Turtle
Calhoun,Chrysemys picta,Chrysemys picta,Painted Turtle
Calhoun,Graptemys geographica,Graptemys geographica,Northern Map Turtle
Calhoun,Graptemys ouachitensis,Graptemys ouachitensis,Ouachita Map Turtle
Calhoun,Graptemys pseudogeographica,Graptemys pseudogeographica,False Map Turtle
Calhoun,Terrapene carolina,Terrapene carolina,Eastern Box Turtle
Calhoun,Terrapene ornata,Terrapene ornata,Ornate Box Turtle
Calhoun,Trachemys scripta,Trachemys scripta,Pond Slider
Calhoun,Sternotherus odoratus,Sternotherus odoratus,Common Musk Turtle
Calhoun,Apalone mutica,Apalone mutica,Smooth Softshell Turtle
Calhoun,Apalone spinifera,Apalone spinifera,Spiny Shoftshell Turtle
Calhoun,Ophisaurus attenuatus,Ophisaurus attenuatus,Slender Glass Lizard
Calhoun,Sceloporus undulatus,Sceloporus undulatus,Fence Lizard
Calhoun,Eumeces fasciatus,Plestiodon fasciatus,Five-lined Skink
Calhoun,Eumeces laticeps,Plestiodon laticeps,Broad-headed Skink
Calhoun,Scincella lateralis,Scincella lateralis,Ground Skink
Calhoun,Cnemidophorus sexlineatus,Aspidoscelis sexlineata,Six-lined Racerunner
Calhoun,Carphophis amoenus,Carphophis amoenus,Worm Snake
Calhoun,Coluber constrictor,Coluber constrictor,North American Racer
Calhoun,Diadophis punctatus,Diadophis punctatus,Ring-necked Snake
Calhoun,Elaphe obsoleta,Pantherophis emoryi,Rat Snake
Calhoun,Elaphe vulpina,Pantherophis vulpinus,Fox Snake
Calhoun,Heterodon platirhinos,Heterodon platirhinos,Eastern Hog-nosed Snake
Calhoun,Lampropeltis calligaster,Lampropeltis calligaster,Prairie Kingsnake
Calhoun,Lampropeltis triangulum,Lampropeltis triangulum,Milk Snake
Calhoun,Nerodia erythrogaster,Nerodia erythrogaster,Plain-bellied Water Snake
Calhoun,Nerodia rhombifer,Nerodia rhombifer,Diamond-backed Watersnake
Calhoun,Nerodia sipedon,Nerodia sipedon,Northern Water Snake
Calhoun,Opheodrys aestivus,Opheodrys aestivus,Rough Green Snake
Calhoun,Regina grahamii,Regina grahamii,Graham's Crawfish Snake
Calhoun,Storeria dekayi,Storeria dekayi,Brown Snake
Calhoun,Thamnophis proximus,Thamnophis proximus,Western Ribbon Snake
Calhoun,Thamnophis sirtalis,Thamnophis sirtalis,Common Garter Snake
Calhoun,Agkistrodon contortrix,Agkistrodon contortrix,Copperhead
Calhoun,Crotalus horridus,Crotalus horridus,Timber Rattlesnake
Carroll,Ambystoma maculatum,Ambystoma maculatum,Spotted Salamander
Carroll,Ambystoma tigrinum,Ambystoma tigrinum,Tiger Salamander
Carroll,Bufo americanus,Anaxyrus americanus,American Toad
Carroll,Acris crepitans,Acris crepitans,Cricket Frog
Carroll,Hyla versicolor- chrysoscelis,Hyla versicolor-chrysoscelis,Gray Treefrog Complex
Carroll,Pseudacris crucifer,Pseudacris crucifer,Spring Peeper
Carroll,Rana clamitans,Rana clamitans,Green Frog
Carroll,Rana palustris,Rana palustris,Pickerel Frog
Carroll,Rana pipiens,Rana pipiens,Northern Leopard Frog
Carroll,Chelydra serpentina,Chelydra serpentina,Snapping Turtle
Carroll,Chrysemys picta,Chrysemys picta,Painted Turtle
Carroll,Emydoidea blandingii,Emydoidea blandingii,Blanding’s Turtle
Carroll,Graptemys geographica,Graptemys geographica,Map Turtle
Carroll,Terrapene ornata,Terrapene ornata,Ornate Box Turtle
Carroll,Apalone mutica,Apalone mutica,Smooth Softshell Turtle
Carroll,Apalone spinifera,Apalone spinifera,Spiny Shoftshell Turtle
Carroll,Cnemidophorus sexlineatus,Aspidoscelis sexlineata,Six-lined Racerunner
Carroll,Coluber constrictor,Coluber constrictor,Racer
Carroll,Diadophis punctatus,Diadophis punctatus,Ring-necked Snake
Carroll,Elaphe obsoleta,Pantherophis emoryi,Rat Snake
Carroll,Elaphe vulpina,Pantherophis vulpinus,Fox Snake
Carroll,Heterodon nasicus,Heterodon nasicus,Western Hog-nosed Snake
Carroll,Heterodon platirhinos,Heterodon platirhinos,Eastern Hog-nosed Snake
Carroll,Nerodia sipedon,Nerodia sipedon,Northern Water Snake
Carroll,Pituophis melanoleucus,Pituophis melanoleucus,Bull Snake
Carroll,Regina grahamii,Regina grahamii,Graham’s Crawfish Snake
Carroll,Storeria dekayi,Storeria dekayi,Brown Snake
Carroll,Storeria occipitomaculata,Storeria occipitomaculata,Red-bellied Snake
Carroll,Thamnophis proximus,Thamnophis proximus,Western Ribbon Snake
Carroll,Thamnophis sirtalis,Thamnophis sirtalis,Common Garter Snake
Carroll,Tropidoclonion lineatum,Tropidoclonion lineatum,Lined Snake
Carroll,Crotalus horridus,Crotalus horridus,Timber Rattlesnake
Cass,Ambystoma texanum,Ambystoma texanum,Small-mouthed Salamander
Cass,Ambystoma tigrinum,Ambystoma tigrinum,Tiger Salamander
Cass,Bufo americanus,Anaxyrus americanus,American Toad
Cass,Bufo fowleri,Anaxyrus fowleri,Fowler’s Toad
Cass,Acris crepitans,Acris crepitans,Cricket Frog
Cass,Hyla versicolor- chrysoscelis,Hyla versicolor-chrysoscelis,Gray Treefrog Complex
Cass,Pseudacris crucifer,Pseudacris crucifer,Spring Peeper
Cass,Pseudacris streckeri,Pseudacris streckeri,Streker’s Chorus Frog
Cass,Pseudacris triseriata,Pseudacris triseriata,Western Chorus Frog
Cass,Rana blairi,Rana blairi,Plains Leopard Frog
Cass,Rana catesbeiana,Rana catesbeiana,Bullfrog
Cass,Rana clamitans,Rana clamitans,Green Frog
Cass,Rana sphenocephala,Rana sphenocephala,Southern Leopard Frog
Cass,Chrysemys picta,Chrysemys picta,Painted Turtle
Cass,Emydoidea blandingii,Emydoidea blandingii,Blanding’s Turtle
Cass,Graptemys ouachitensis,Graptemys ouachitensis,Ouachita Map Turtle
Cass,Graptemys pseudogeographica,Graptemys pseudogeographica,False Map Turtle
Cass,Trachemys scripta,Trachemys scripta,Slider
Cass,Kinosternon flavescens,Kinosternon flavescens,Yellow Mud Turtle
Cass,Sternotherus odoratus,Sternotherus odoratus,Common Musk Turtle
Cass,Apalone mutica,Apalone mutica,Smooth Softshell Turtle
Cass,Apalone spinifera,Apalone spinifera,Spiny Shoftshell Turtle
Cass,Ophisaurus attenuatus,Ophisaurus attenuatus,Slender Glass Lizard
Cass,Cnemidophorus sexlineatus,Aspidoscelis sexlineata,Six-lined Racerunner
Cass,Coluber constrictor,Coluber constrictor,Racer
Cass,Elaphe obsoleta,Pantherophis emoryi,Rat Snake
Cass,Elaphe vulpina,Pantherophis vulpinus,Fox Snake
Cass,Heterodon nasicus,Heterodon nasicus,Western Hog-nosed Snake
Cass,Lampropeltis calligaster,Lampropeltis calligaster,Prairie Kingsnake
Cass,Nerodia rhombifer,Nerodia rhombifer,Diamond-backed Water Snake
Cass,Nerodia sipedon,Nerodia sipedon,Northern Water Snake
Cass,Pituophis melanoleucus,Pituophis melanoleucus,Bull Snake
Cass,Regina grahamii,Regina grahamii,Graham’s Crawfish Snake
Cass,Storeria dekayi,Storeria dekayi,Brown Snake
Cass,Thamnophis sirtalis,Thamnophis sirtalis,Common Garter Snake
Cass,Agkistrodon contortrix,Agkistrodon contortrix,Copperhead
Champaign,Ambystoma texanum,Ambystoma texanum,Small-mouthed Salamander
Champaign,Ambystoma tigrinum,Ambystoma tigrinum,Tiger Salamander
Champaign,Eurycea cirrigera,Eurycea cirrigera,Southern Two-lined Salamander
Champaign,Plethodon cinereus,Plethodon cinereus,Redback Salamander
Champaign,Plethodon glutinosus,Plethodon glutinosus,Northern Slimy Salamander
Champaign,Necturus maculosus,Necturus maculosus,Mudpuppy
Champaign,Bufo americanus,Anaxyrus americanus,American Toad
Champaign,Bufo fowleri,Anaxyrus fowleri,Fowler’s Toad
Champaign,Acris crepitans,Acris crepitans,Cricket Frog
Champaign,Hyla versicolor- chrysoscelis,Hyla versicolor-chrysoscelis,Gray Treefrog Complex
Champaign,Pseudacris crucifer,Pseudacris crucifer,Spring Peeper
Champaign,Pseudacris triseriata,Pseudacris triseriata,Western Chorus Frog
Champaign,Rana blairi,Rana blairi,Plains Leopard Frog
Champaign,Rana catesbeiana,Rana catesbeiana,American Bullfrog
Champaign,Rana clamitans,Rana clamitans,Green Frog
Champaign,Rana palustris,Rana palustris,Pickerel Frog
Champaign,Rana sphenocephala,Rana sphenocephala,Southern Leopard Frog
Champaign,Rana sylvatica,Rana sylvatica,Wood Frog
Champaign,Chelydra serpentina,Chelydra serpentina,Snapping Turtle
Champaign,Chrysemys picta,Chrysemys picta,Painted Turtle
Champaign,Emydoidea blandingii,Emydoidea blandingii,Blanding’s Turtle
Champaign,Graptemys pseudogeographica,Graptemys pseudogeographica,False Map Turtle
Champaign,Terrapene carolina,Terrapene carolina,Eastern Box Turtle
Champaign,Terrapene ornata,Terrapene ornata,Ornate Box Turtle
Champaign,Trachemys scripta,Trachemys scripta,Slider
Champaign,Apalone spinifera,Apalone spinifera,Spiny Softshell Turtle
Champaign,Ophisaurus attenuatus,Ophisaurus attenuatus,Slender Glass Lizard
Champaign,Clonophis kirtlandii,Clonophis kirtlandii,Kirtland’s Snake
Champaign,Coluber constrictor,Coluber constrictor,North American Racer
Champaign,Elaphe obsoleta,Pantherophis emoryi,Rat Snake
Champaign,Elaphe vulpina,Pantherophis vulpinus,Fox Snake
Champaign,Heterodon platirhinos,Heterodon platirhinos,Eastern Hog-nosed Snake
Champaign,Lampropeltis calligaster,Lampropeltis calligaster,Prairie Kingsnake
Champaign,Lampropeltis triangulum,Lampropeltis triangulum,Milk Snake
Champaign,Nerodia sipedon,Nerodia sipedon,Northern Water Snake
Champaign,Opheodrys vernalis,Opheodrys vernalis,Smooth Green Snake
Champaign,Regina grahamii,Regina grahamii,Graham’s Crawfish Snake
Champaign,Storeria dekayi,Storeria dekayi,Brown Snake
Champaign,Thamnophis radix,Thamnophis radix,Plains Garter Snake
Champaign,Thamnophis sirtalis,Thamnophis sirtalis,Common Garter Snake
Champaign,Tropidoclonion lineatum,Tropidoclonion lineatum,Lined Snake
Champaign,Sistrurus catenatus,Sistrurus catenatus,Massasauga
Christian,Ambystoma texanum,Ambystoma texanum,Small-mouthed Salamander
Christian,Bufo americanus,Anaxyrus americanus,American Toad
Christian,Bufo fowleri,Anaxyrus fowleri,Fowler’s Toad
Christian,Acris crepitans,Acris crepitans,Cricket Frog
Christian,Pseudacris triseriata,Pseudacris triseriata,Western Chorus Frog
Christian,Rana catesbeiana,Rana catesbeiana,Bullfrog
Christian,Rana sphenocephala,Rana sphenocephala,Southern Leopard Frog
Christian,Apalone spinifera,Apalone spinifera,Spiny Softshell Turtle
Christian,Clonophis kirtlandii,Clonophis kirtlandii,Kirtland’s Snake
Christian,Coluber constrictor,Coluber constrictor,Racer
Christian,Elaphe obsoleta,Pantherophis emoryi,Rat Snake
Christian,Lampropeltis calligaster,Lampropeltis calligaster,Prairie Kingsnake
Christian,Nerodia sipedon,Nerodia sipedon,Northern Water Snake
Christian,Storeria dekayi,Storeria dekayi,Brown Snake
Christian,Thamnophis sirtalis,Thamnophis sirtalis,Common Gartersnake
Clark,Ambystoma jeffersonianum,Ambystoma jeffersonianum,Jefferson’s Salamander
Clark,Ambystoma maculatum,Ambystoma maculatum,Spotted Salamander
Clark,Ambystoma texanum,Ambystoma texanum,Small-mouthed Salamander
Clark,Eurycea cirrigera,Eurycea cirrigera,Southern Two-lined Salamander
Clark,Eurycea longicauda,Eurycea longicauda,Long-tailed Salamander
Clark,Plethodon cinereus,Plethodon cinereus,Redback Salamander
Clark,Plethodon glutinosus,Plethodon glutinosus,Northern Slimy Salamander
Clark,Bufo fowleri,Anaxyrus fowleri,Fowler’s Toad
Clark,Acris crepitans,Acris crepitans,Cricket Frog
Clark,Hyla versicolor- chrysoscelis,Hyla versicolor-chrysoscelis,Gray Treefrog Complex
Clark,Pseudacris triseriata,Pseudacris triseriata,Western Chorus Frog
Clark,Rana catesbeiana,Rana catesbeiana,Bullfrog
Clark,Rana clamitans,Rana clamitans,Green Frog
Clark,Rana sphenocephala,Rana sphenocephala,Southern Leopard Frog
Clark,Rana sylvatica,Rana sylvatica,Wood Frog
Clark,Chelydra serpentina,Chelydra serpentina,Snapping Turtle
Clark,Chrysemys picta,Chrysemys picta,Painted Turtle
Clark,Terrapene carolina,Terrapene carolina,Eastern Box Turtle
Clark,Trachemys scripta,Trachemys scripta,Slider
Clark,Eumeces fasciatus,Plestiodon fasciatus,Five-lined Skink
Clark,Eumeces laticeps,Plestiodon laticeps,Broad-headed Skink
Clark,Coluber constrictor,Coluber constrictor,Racer
Clark,Diadophis punctatus,Diadophis punctatus,Ring-necked Snake
Clark,Elaphe obsoleta,Pantherophis emoryi,Rat Snake
Clark,Heterodon platirhinos,Heterodon platirhinos,Eastern Hog-nosed Snake
Clark,Lampropeltis calligaster,Lampropeltis calligaster,Prairie Kingsnake
Clark,Lampropeltis triangulum,Lampropeltis triangulum,Milk Snake
Clark,Nerodia sipedon,Nerodia sipedon,Northern Water Snake
Clark,Opheodrys aestivus,Opheodrys aestivus,Rough Greensnake
Clark,Storeria dekayi,Storeria dekayi,Brown Snake
Clark,Virginia valeriae,Virginia valeriae,Smooth Earth Snake
Clark,Crotalus horridus,Crotalus horridus,Timber Rattlesnake
Clay,Ambystoma opacum,Ambystoma opacum,Marbled Salamander
Clay,Ambystoma texanum,Ambystoma texanum,Small-mouthed Salamander
Clay,Bufo fowleri,Anaxyrus fowleri,Fowler’s Toad
Clay,Acris crepitans,Acris crepitans,Cricket Frog
Clay,Pseudacris triseriata,Pseudacris triseriata,Western Chorus Frog
Clay,Rana catesbeiana,Rana catesbeiana,Bullfrog
Clay,Rana sphenocephala,Rana sphenocephala,Southern Leopard Frog
Clay,Chelydra serpentina,Chelydra serpentina,Snapping Turtle
Clay,Chrysemys picta,Chrysemys picta,Painted Turtle
Clay,Terrapene carolina,Terrapene carolina,Eastern Box Turtle
Clay,Terrapene ornata,Terrapene ornata,Ornate Box Turtle
Clay,Apalone mutica,Apalone mutica,Smooth Softshell
Clay,Sceloporus undulatus,Sceloporus undulatus,Fence Lizard
Clay,Eumeces fasciatus,Plestiodon fasciatus,Five-lined Skink
Clay,Scincella lateralis,Scincella lateralis,Ground Skink
Clay,Elaphe obsoleta,Pantherophis emoryi,Rat Snake
Clay,Heterodon platirhinos,Heterodon platirhinos,Eastern Hog-nosed Snake
Clay,Lampropeltis calligaster,Lampropeltis calligaster,Prairie Kingsnake
Clay,Nerodia sipedon,Nerodia sipedon,Northern Water Snake
Clay,Storeria occipitomaculata,Storeria occipitomaculata,Red-bellied Snake
Clinton,Ambystoma maculatum,Ambystoma maculatum,Spotted Salamander
Clinton,Ambystoma opacum,Ambystoma opacum,Marbled Salamander
Clinton,Ambystoma texanum,Ambystoma texanum,Small-mouthed Salamander
Clinton,Bufo americanus,Anaxyrus americanus,American Toad
Clinton,Bufo fowleri,Anaxyrus fowleri,Fowler’s Toad
Clinton,Acris crepitans,Acris crepitans,Cricket Frog
Clinton,Hyla chrysoscelis,Hyla chrysoscelis,Cope’s Gray Treefrog
Clinton,Hyla versicolor- chrysoscelis,Hyla versicolor-chrysoscelis,Gray Treefrog Complex
Clinton,Pseudacris crucifer,Pseudacris crucifer,Spring Peeper
Clinton,Pseudacris triseriata,Pseudacris triseriata,Western Chorus Frog
Clinton,Rana catesbeiana,Rana catesbeiana,Bullfrog
Clinton,Rana sphenocephala,Rana sphenocephala,Southern Leopard Frog
Clinton,Chelydra serpentina,Chelydra serpentina,Snapping Turtle
Clinton,Chrysemys picta,Chrysemys picta,Painted Turtle
Clinton,Terrapene carolina,Terrapene carolina,Eastern Box Turtle
Clinton,Terrapene ornata,Terrapene ornata,Ornate Box Turtle
Clinton,Trachemys scripta,Trachemys scripta,Slider
Clinton,Sternotherus odoratus,Sternotherus odoratus,Common Musk Turtle
Clinton,Apalone mutica,Apalone mutica,Smooth Softshell
Clinton,Eumeces fasciatus,Plestiodon fasciatus,Five-lined Skink
Clinton,Clonophis kirtlandii,Clonophis kirtlandii,Kirtland’s Snake
Clinton,Coluber constrictor,Coluber constrictor,Racer
Clinton,Elaphe obsoleta,Pantherophis emoryi,Rat Snake
Clinton,Lampropeltis calligaster,Lampropeltis calligaster,Prairie Kingsnake
Clinton,Nerodia rhombifer,Nerodia rhombifer,Diamond-backed Watersnake
Clinton,Nerodia sipedon,Nerodia sipedon,Northern Water Snake
Clinton,Regina grahamii,Regina grahamii,Graham’s Crawfish Snake
Clinton,Storeria dekayi,Storeria dekayi,Brown Snake
Clinton,Thamnophis sirtalis,Thamnophis sirtalis,Common Gartersnake
Clinton,Sistrurus catenatus,Sistrurus catenatus,Massasauga
Coles,Ambystoma maculatum,Ambystoma maculatum,Spotted Salamander
Coles,Ambystoma opacum,Ambystoma opacum,Marbled Salamander
Coles,Ambystoma texanum,Ambystoma texanum,Small-mouthed Salamander
Coles,Ambystoma tigrinum,Ambystoma tigrinum,Tiger Salamander
Coles,Eurycea cirrigera,Eurycea cirrigera,Southern Two-lined Salamander
Coles,Necturus maculosus,Necturus maculosus,Mudpuppy
Coles,Bufo americanus,Anaxyrus americanus,American Toad
Coles,Bufo fowleri,Anaxyrus fowleri,Fowler?s Toad
Coles,Acris crepitans,Acris crepitans,Cricket Frog
Coles,Hyla versicolor- chrysoscelis,Hyla versicolor-chrysoscelis,Gray Treefrog Complex
Coles,Pseudacris crucifer,Pseudacris crucifer,Spring Peeper
Coles,Pseudacris triseriata,Pseudacris triseriata,Western Chorus Frog
Coles,Rana areolata,Rana areolata,Crawfish Frog
Coles,Rana blairi,Rana blairi,Plains Leopard Frog
Coles,Rana catesbeiana,Rana catesbeiana,Bullfrog
Coles,Rana sphenocephala,Rana sphenocephala,Southern Leopard Frog
Coles,Rana sylvatica,Rana sylvatica,Wood Frog
Coles,Chelydra serpentina,Chelydra serpentina,Snapping Turtle
Coles,Chrysemys picta,Chrysemys picta,Painted Turtle
Coles,Emydoidea blandingii,Emydoidea blandingii,Blanding?s Turtle
Coles,Graptemys geographica,Graptemys geographica,Map Turtle
Coles,Terrapene carolina,Terrapene carolina,Eastern Box Turtle
Coles,Trachemys scripta,Trachemys scripta,Slider
Coles,Sternotherus odoratus,Sternotherus odoratus,Common Musk Turtle
Coles,Apalone mutica,Apalone mutica,Smooth Softshell
Coles,Apalone spinifera,Apalone spinifera,Spiny Softshell
Coles,Eumeces fasciatus,Plestiodon fasciatus,Five-lined Skink
Coles,Eumeces laticeps,Plestiodon laticeps,Broad-headed Skink
Coles,Clonophis kirtlandii,Clonophis kirtlandii,Kirtland?s Snake
Coles,Coluber constrictor,Coluber constrictor,Racer
Coles,Diadophis punctatus,Diadophis punctatus,Ring-necked Snake
Coles,Elaphe obsoleta,Pantherophis emoryi,Rat Snake
Coles,Elaphe vulpina,Pantherophis vulpinus,Fox Snake
Coles,Heterodon platirhinos,Heterodon platirhinos,Eastern Hog-nosed Snake
Coles,Lampropeltis calligaster,Lampropeltis calligaster,Prairie Kingsnake
Coles,Lampropeltis triangulum,Lampropeltis triangulum,Milk Snake
Coles,Nerodia sipedon,Nerodia sipedon,Northern Water Snake
Coles,Opheodrys aestivus,Opheodrys aestivus,Rough Greensnake
Coles,Storeria dekayi,Storeria dekayi,Brown Snake
Coles,Storeria occipitomaculata,Storeria occipitomaculata,Red-bellied Snake
Coles,Thamnophis radix,Thamnophis radix,Plains Gartersnake
Coles,Thamnophis sirtalis,Thamnophis sirtalis,Common Gartersnake
Coles,Virginia valeriae,Virginia valeriae,Smooth Earth Snake
Coles,Crotalus horridus,Crotalus horridus,Timber Rattlesnake
Cook,Ambystoma laterale,Ambystoma laterale,Blue-spotted Salamander
Cook,Ambystoma maculatum,Ambystoma maculatum,Spotted Salamander
Cook,Ambystoma tigrinum,Ambystoma tigrinum,Tiger Salamander
Cook,Plethodon cinereus,Plethodon cinereus,Redback Salamander
Cook,Plethodon glutinosus,Plethodon glutinosus,Northern Slimy Salamander
Cook,Hemidactylium scutatum,Hemidactylium scutatum,Four-toed Salamander
Cook,Necturus maculosus,Necturus maculosus,Mudpuppy
Cook,Notophthalmus viridescens,Notophthalmus viridescens,Eastern Newt
Cook,Bufo americanus,Anaxyrus americanus,American Toad
Cook,Bufo fowleri,Anaxyrus fowleri,Fowler’s Toad
Cook,Acris crepitans,Acris crepitans,Cricket Frog
Cook,Hyla versicolor- chrysoscelis,Hyla versicolor-chrysoscelis,Gray Treefrog Complex
Cook,Pseudacris crucifer,Pseudacris crucifer,Spring Peeper
Cook,Pseudacris triseriata,Pseudacris triseriata,Western Chorus Frog
Cook,Rana catesbeiana,Rana catesbeiana,Bullfrog
Cook,Rana clamitans,Rana clamitans,Green Frog
Cook,Rana palustris,Rana palustris,Pickerel Frog
Cook,Rana pipiens,Rana pipiens,Northern Leopard Frog
Cook,Rana sylvatica,Rana sylvatica,Wood Frog
Cook,Chelydra serpentina,Chelydra serpentina,Snapping Turtle
Cook,Chrysemys picta,Chrysemys picta,Painted Turtle
Cook,Clemmys guttata,Clemmys guttata,Spotted Turtle
Cook,Emydoidea blandingii,Emydoidea blandingii,Blanding’s Turtle
Cook,Graptemys geographica,Graptemys geographica,Map Turtle
Cook,Graptemys pseudogeographica,Graptemys pseudogeographica,False Map Turtle
Cook,Terrapene carolina,Terrapene carolina,Eastern Box Turtle
Cook,Terrapene ornata,Terrapene ornata,Ornate Box Turtle
Cook,Trachemys scripta,Trachemys scripta,Slider
Cook,Sternotherus odoratus,Sternotherus odoratus,Common Musk Turtle
Cook,Apalone spinifera,Apalone spinifera,Spiny Softshell Turtle
Cook,Ophisaurus attenuatus,Ophisaurus attenuatus,Slender Glass Lizard
Cook,Eumeces fasciatus,Plestiodon fasciatus,Five-lined Skink
Cook,Scincella lateralis,Scincella lateralis,Ground Skink
Cook,Clonophis kirtlandii,Clonophis kirtlandii,Kirtland’s Snake
Cook,Coluber constrictor,Coluber constrictor,Racer
Cook,Elaphe obsoleta,Pantherophis emoryi,Rat Snake
Cook,Elaphe vulpina,Pantherophis vulpinus,Fox Snake
Cook,Lampropeltis triangulum,Lampropeltis triangulum,Milk Snake
Cook,Nerodia sipedon,Nerodia sipedon,Northern Water Snake
Cook,Opheodrys aestivus,Opheodrys aestivus,Rough Greensnake
Cook,Opheodrys vernalis,Opheodrys vernalis,Smooth Greensnake
Cook,Regina grahamii,Regina grahamii,Graham’s Crawfish Snake
Cook,Regina septemvittata,Regina septemvittata,Queen Snake
Cook,Storeria dekayi,Storeria dekayi,Brown Snake
Cook,Storeria occipitomaculata,Storeria occipitomaculata,Red-bellied Snake
Cook,Thamnophis proximus,Thamnophis proximus,Western Ribbon Snake
Cook,Thamnophis radix,Thamnophis radix,Plains Gartersnake
Cook,Thamnophis sirtalis,Thamnophis sirtalis,Common Gartersnake
Cook,Sistrurus catenatus,Sistrurus catenatus,Massasauga
Crawford,Ambystoma maculatum,Ambystoma maculatum,Spotted Salamander
Crawford,Ambystoma texanum,Ambystoma texanum,Small-mouthed Salamander
Crawford,Plethodon cinereus,Plethodon cinereus,Redback Salamander
Crawford,Siren intermedia,Siren intermedia,Lesser Siren
Crawford,Bufo fowleri,Anaxyrus fowleri,Fowler’s Toad
Crawford,Acris crepitans,Acris crepitans,Cricket Frog
Crawford,Pseudacris crucifer,Pseudacris crucifer,Spring Peeper
Crawford,Pseudacris triseriata,Pseudacris triseriata,Western Chorus Frog
Crawford,Rana areolata,Rana areolata,Crawfish Frog
Crawford,Chrysemys picta,Chrysemys picta,Painted Turtle
Crawford,Terrapene carolina,Terrapene carolina,Eastern Box Turtle
Crawford,Terrapene ornata,Terrapene ornata,Ornate Box Turtle
Crawford,Trachemys scripta,Trachemys scripta,Slider
Crawford,Sternotherus odoratus,Sternotherus odoratus,Common Musk Turtle
Crawford,Apalone mutica,Apalone mutica,Smooth Softshell
Crawford,Coluber constrictor,Coluber constrictor,Racer
Crawford,Elaphe obsoleta,Pantherophis emoryi,Rat Snake
Crawford,Heterodon platirhinos,Heterodon platirhinos,Eastern Hog-nosed Snake
Crawford,Lampropeltis triangulum,Lampropeltis triangulum,Milk Snake
Crawford,Nerodia sipedon,Nerodia sipedon,Northern Water Snake
Crawford,Opheodrys aestivus,Opheodrys aestivus,Rough Greensnake
Crawford,Storeria dekayi,Storeria dekayi,Brown Snake
Cumberland,Ambystoma opacum,Ambystoma opacum,Marbled Salamander
Cumberland,Ambystoma texanum,Ambystoma texanum,Small-mouthed Salamander
Cumberland,Ambystoma tigrinum,Ambystoma tigrinum,Tiger Salamander
Cumberland,Necturus maculosus,Necturus maculosus,Mudpuppy
Cumberland,Bufo americanus,Anaxyrus americanus,American Toad
Cumberland,Bufo fowleri,Anaxyrus fowleri,Fowler's Toad
Cumberland,Acris crepitans,Acris crepitans,Cricket Frog
Cumberland,Hyla versicolor- chrysoscelis,Hyla versicolor-chrysoscelis,Gray Treefrog Complex
Cumberland,Pseudacris crucifer,Pseudacris crucifer,Spring Peeper
Cumberland,Pseudacris triseriata,Pseudacris triseriata,Western Chorus Frog
Cumberland,Rana areolata,Rana areolata,Crawfish Frog
Cumberland,Rana catesbeiana,Rana catesbeiana,Bullfrog
Cumberland,Rana sphenocephala,Rana sphenocephala,Southern Leopard Frog
Cumberland,Rana sylvatica,Rana sylvatica,Wood Frog
Cumberland,Chelydra serpentina,Chelydra serpentina,Snapping Turtle
Cumberland,Chrysemys picta,Chrysemys picta,Painted Turtle
Cumberland,Emydoidea blandingii,Emydoidea blandingii,Blanding's Turtle
Cumberland,Graptemys ouachitensis,Graptemys ouachitensis,Ouachita Map Turtle
Cumberland,Graptemys pseudogeographica,Graptemys pseudogeographica,False Map Turtle
Cumberland,Terrapene carolina,Terrapene carolina,Eastern Box Turtle
Cumberland,Trachemys scripta,Trachemys scripta,Slider
Cumberland,Sternotherus odoratus,Sternotherus odoratus,Common Musk Turtle
Cumberland,Apalone mutica,Apalone mutica,Smooth Softshell
Cumberland,Apalone spinifera,Apalone spinifera,Spiny Softshell
Cumberland,Eumeces fasciatus,Plestiodon fasciatus,Five-lined Skink
Cumberland,Eumeces laticeps,Plestiodon laticeps,Broad-headed Skink
Cumberland,Scincella lateralis,Scincella lateralis,Ground Skink
Cumberland,Coluber constrictor,Coluber constrictor,Racer
Cumberland,Elaphe obsoleta,Pantherophis emoryi,Rat Snake
Cumberland,Heterodon platirhinos,Heterodon platirhinos,Eastern Hog-nosed Snake
Cumberland,Lampropeltis calligaster,Lampropeltis calligaster,Prairie Kingsnake
Cumberland,Lampropeltis getula holbrooki,Lampropeltis holbrooki,Speckled Kingsnake
Cumberland,Nerodia sipedon,Nerodia sipedon,Northern Water Snake
Cumberland,Opheodrys aestivus,Opheodrys aestivus,Rough Greensnake
Cumberland,Regina grahamii,Regina grahamii,Graham's Crawfish Snake
Cumberland,Storeria dekayi,Storeria dekayi,Brown Snake
Cumberland,Storeria occipitomaculata,Storeria occipitomaculata,Red-bellied Snake
Cumberland,Thamnophis radix,Thamnophis radix,Plains Gartersnake
Cumberland,Thamnophis sirtalis,Thamnophis sirtalis,Common Gartersnake
Cumberland,Agkistrodon contortrix,Agkistrodon contortrix,Copperhead
Cumberland,Crotalus horridus,Crotalus horridus,Timber Rattlesnake
Cumberland,Sistrurus catenatus,Sistrurus catenatus,Eastern Massasauga
DeKalb,Ambystoma tigrinum,Ambystoma tigrinum,Tiger Salamander
DeKalb,Notophthalmus viridescens,Notophthalmus viridescens,Eastern Newt
DeKalb,Bufo americanus,Anaxyrus americanus,American Toad
DeKalb,Acris crepitans,Acris crepitans,Cricket Frog
DeKalb,Hyla versicolor- chrysoscelis,Hyla versicolor-chrysoscelis,Gray Treefrog Complex
DeKalb,Pseudacris triseriata,Pseudacris triseriata,Western Chorus Frog
DeKalb,Rana catesbeiana,Rana catesbeiana,Bullfrog
DeKalb,Rana clamitans,Rana clamitans,Green Frog
DeKalb,Rana pipiens,Rana pipiens,Northern Leopard Frog
DeKalb,Chelydra serpentina,Chelydra serpentina,Snapping Turtle
DeKalb,Chrysemys picta,Chrysemys picta,Painted Turtle
DeKalb,Emydoidea blandingii,Emydoidea blandingii,Blanding’s Turtle
DeKalb,Graptemys ouachitensis,Graptemys ouachitensis,Ouachita Map Turtle
DeKalb,Graptemys pseudogeographica,Graptemys pseudogeographica,False Map Turtle
DeKalb,Trachemys scripta,Trachemys scripta,Slider
DeKalb,Apalone spinifera,Apalone spinifera,Spiny Softshell
DeKalb,Elaphe vulpina,Pantherophis vulpinus,Fox Snake
DeKalb,Heterodon platirhinos,Heterodon platirhinos,Eastern Hog-nosed Snake
DeKalb,Lampropeltis triangulum,Lampropeltis triangulum,Milk Snake
DeKalb,Nerodia sipedon,Nerodia sipedon,Northern Water Snake
DeKalb,Opheodrys vernalis,Opheodrys vernalis,Smooth Greensnake
DeKalb,Regina septemvittata,Regina septemvittata,Queen Snake
DeKalb,Storeria dekayi,Storeria dekayi,Brown Snake
DeKalb,Thamnophis radix,Thamnophis radix,Plains Gartersnake
DeKalb,Thamnophis sirtalis,Thamnophis sirtalis,Common Gartersnake
DeKalb,Sistrurus catenatus,Sistrurus catenatus,Massasauga
DeWitt,Bufo americanus,Anaxyrus americanus,American Toad
DeWitt,Bufo fowleri,Anaxyrus fowleri,Fowler’s Toad
DeWitt,Acris crepitans,Acris crepitans,Cricket Frog
DeWitt,Pseudacris triseriata,Pseudacris triseriata,Western Chorus Frog
DeWitt,Rana blairi,Rana blairi,Plains Leopard Frog
DeWitt,Rana catesbeiana,Rana catesbeiana,Bullfrog
DeWitt,Chelydra serpentina,Chelydra serpentina,Snapping Turtle
DeWitt,Chrysemys picta,Chrysemys picta,Painted Turtle
DeWitt,Apalone spinifera,Apalone spinifera,Spiny Softshell
DeWitt,Clonophis kirtlandii,Clonophis kirtlandii,Kirtland’s Snake
DeWitt,Coluber constrictor,Coluber constrictor,Racer
DeWitt,Elaphe vulpina,Pantherophis vulpinus,Fox Snake
DeWitt,Lampropeltis calligaster,Lampropeltis calligaster,Prairie Kingsnake
DeWitt,Lampropeltis triangulum,Lampropeltis triangulum,Milk Snake
DeWitt,Nerodia sipedon,Nerodia sipedon,Northern Water Snake
DeWitt,Opheodrys vernalis,Opheodrys vernalis,Smooth Greensnake
DeWitt,Pituophis melanoleucus,Pituophis melanoleucus,Bull Snake
DeWitt,Storeria dekayi,Storeria dekayi,Brown Snake
DeWitt,Thamnophis radix,Thamnophis radix,Plains Gartersnake
DeWitt,Thamnophis sirtalis,Thamnophis sirtalis,Common Gartersnake
DeWitt,Sistrurus catenatus,Sistrurus catenatus,Massasauga
Douglas,Ambystoma texanum,Ambystoma texanum,Small-mouthed Salamander
Douglas,Ambystoma tigrinum,Ambystoma tigrinum,Tiger Salamander
Douglas,Necturus maculosus,Necturus maculosus,Mudpuppy
Douglas,Bufo americanus,Anaxyrus americanus,American Toad
Douglas,Bufo fowleri,Anaxyrus fowleri,Fowler’s Toad
Douglas,Acris crepitans,Acris crepitans,Cricket Frog
Douglas,Hyla versicolor- chrysoscelis,Hyla versicolor-chrysoscelis,Gray Treefrog Complex
Douglas,Pseudacris triseriata,Pseudacris triseriata,Western Chorus Frog
Douglas,Rana blairi,Rana blairi,Plains Leopard Frog
Douglas,Rana catesbeiana,Rana catesbeiana,Bullfrog
Douglas,Chelydra serpentina,Chelydra serpentina,Snapping Turtle
Douglas,Chrysemys picta,Chrysemys picta,Painted Turtle
Douglas,Graptemys geographica,Graptemys geographica,Map Turtle
Douglas,Terrapene carolina,Terrapene carolina,Eastern Box Turtle
Douglas,Trachemys scripta,Trachemys scripta,Slider
Douglas,Sternotherus odoratus,Sternotherus odoratus,Common Musk Turtle
Douglas,Ophisaurus attenuatus,Ophisaurus attenuatus,Slender Glass Lizard
Douglas,Clonophis kirtlandii,Clonophis kirtlandii,Kirtland’s Snake
Douglas,Coluber constrictor,Coluber constrictor,Racer
Douglas,Elaphe obsoleta,Pantherophis emoryi,Rat Snake
Douglas,Elaphe vulpina,Pantherophis vulpinus,Fox Snake
Douglas,Lampropeltis calligaster,Lampropeltis calligaster,Prairie Kingsnake
Douglas,Lampropeltis triangulum,Lampropeltis triangulum,Milk Snake
Douglas,Nerodia sipedon,Nerodia sipedon,Northern Water Snake
Douglas,Regina grahamii,Regina grahamii,Graham’s Crawfish Snake
Douglas,Storeria dekayi,Storeria dekayi,Brown Snake
Douglas,Thamnophis radix,Thamnophis radix,Plains Gartersnake
Douglas,Thamnophis sirtalis,Thamnophis sirtalis,Common Gartersnake
DuPage,Ambystoma laterale,Ambystoma laterale,Blue-spotted Salamander
DuPage,Ambystoma maculatum,Ambystoma maculatum,Spotted Salamander
DuPage,Ambystoma tigrinum,Ambystoma tigrinum,Tiger Salamander
DuPage,Necturus maculosus,Necturus maculosus,Mudpuppy
DuPage,Notophthalmus viridescens,Notophthalmus viridescens,Eastern Newt
DuPage,Bufo americanus,Anaxyrus americanus,American Toad
DuPage,Acris crepitans,Acris crepitans,Cricket Frog
DuPage,Hyla chrysoscelis,Hyla chrysoscelis,Cope’s Gray Treefrog
DuPage,Hyla versicolor- chrysoscelis,Hyla versicolor-chrysoscelis,Gray Treefrog Complex
DuPage,Pseudacris triseriata,Pseudacris triseriata,Western Chorus Frog
DuPage,Rana catesbeiana,Rana catesbeiana,Bullfrog
DuPage,Rana clamitans,Rana clamitans,Green Frog
DuPage,Rana pipiens,Rana pipiens,Northern Leopard Frog
DuPage,Chelydra serpentina,Chelydra serpentina,Snapping Turtle
DuPage,Chrysemys picta,Chrysemys picta,Painted Turtle
DuPage,Emydoidea blandingii,Emydoidea blandingii,Blanding’s Turtle
DuPage,Graptemys geographica,Graptemys geographica,Map Turtle
DuPage,Terrapene ornata,Terrapene ornata,Ornate Box Turtle
DuPage,Trachemys scripta,Trachemys scripta,Slider
DuPage,Sternotherus odoratus,Sternotherus odoratus,Common Musk Turtle
DuPage,Apalone spinifera,Apalone spinifera,Spiny Softshell
DuPage,Clonophis kirtlandii,Clonophis kirtlandii,Kirtland’s Snake
DuPage,Coluber constrictor,Coluber constrictor,Racer
DuPage,Elaphe vulpina,Pantherophis vulpinus,Fox Snake
DuPage,Lampropeltis triangulum,Lampropeltis triangulum,Milk Snake
DuPage,Nerodia sipedon,Nerodia sipedon,Northern Water Snake
DuPage,Opheodrys vernalis,Opheodrys vernalis,Smooth Greensnake
DuPage,Regina grahamii,Regina grahamii,Graham’s Crawfish Snake
DuPage,Regina septemvittata,Regina septemvittata,Queen Snake
DuPage,Storeria dekayi,Storeria dekayi,Brown Snake
DuPage,Storeria occipitomaculata,Storeria occipitomaculata,Red-bellied Snake
DuPage,Thamnophis radix,Thamnophis radix,Plains Gartersnake
DuPage,Thamnophis sirtalis,Thamnophis sirtalis,Common Gartersnake
DuPage,Sistrurus catenatus,Sistrurus catenatus,Massasauga
Edgar,Ambystoma jeffersonianum,Ambystoma jeffersonianum,Jefferson’s Salamander
Edgar,Ambystoma texanum,Ambystoma texanum,Small-mouthed Salamander
Edgar,Eurycea cirrigera,Eurycea cirrigera,Southern Two-lined Salamander
Edgar,Plethodon cinereus,Plethodon cinereus,Redback Salamander
Edgar,Bufo americanus,Anaxyrus americanus,American Toad
Edgar,Bufo fowleri,Anaxyrus fowleri,Fowler’s Toad
Edgar,Acris crepitans,Acris crepitans,Cricket Frog
Edgar,Hyla versicolor- chrysoscelis,Hyla versicolor-chrysoscelis,Gray Treefrog Complex
Edgar,Pseudacris crucifer,Pseudacris crucifer,Spring Peeper
Edgar,Pseudacris triseriata,Pseudacris triseriata,Western Chorus Frog
Edgar,Rana areolata,Rana areolata,Crawfish Frog
Edgar,Rana blairi,Rana blairi,Plains Leopard Frog
Edgar,Rana catesbeiana,Rana catesbeiana,Bullfrog
Edgar,Rana clamitans,Rana clamitans,Green Frog
Edgar,Rana sphenocephala,Rana sphenocephala,Southern Leopard Frog
Edgar,Chelydra serpentina,Chelydra serpentina,Snapping Turtle
Edgar,Chrysemys picta,Chrysemys picta,Painted Turtle
Edgar,Terrapene carolina,Terrapene carolina,Eastern Box Turtle
Edgar,Elaphe obsoleta,Pantherophis emoryi,Rat Snake
Edgar,Lampropeltis calligaster,Lampropeltis calligaster,Prairie Kingsnake
Edgar,Nerodia sipedon,Nerodia sipedon,Northern Water Snake
Edgar,Thamnophis radix,Thamnophis radix,Plains Gartersnake
Edgar,Thamnophis sirtalis,Thamnophis sirtalis,Common Gartersnake
Edgar,Sistrurus catenatus,Sistrurus catenatus,Massasauga
Edwards,Ambystoma maculatum,Ambystoma maculatum,Spotted Salamander
Edwards,Ambystoma opacum,Ambystoma opacum,Marbled Salamander
Edwards,Ambystoma tigrinum,Ambystoma tigrinum,Tiger Salamander
Edwards,Acris crepitans,Acris crepitans,Cricket Frog
Edwards,Pseudacris triseriata,Pseudacris triseriata,Western Chorus Frog
Edwards,Rana catesbeiana,Rana catesbeiana,Bullfrog
Edwards,Rana clamitans,Rana clamitans,Green Frog
Edwards,Rana sphenocephala,Rana sphenocephala,Southern Leopard Frog
Edwards,Rana sylvatica,Rana sylvatica,Wood Frog
Edwards,Chelydra serpentina,Chelydra serpentina,Snapping Turtle
Edwards,Chrysemys picta,Chrysemys picta,Painted Turtle
Edwards,Terrapene carolina,Terrapene carolina,Eastern Box Turtle
Edwards,Terrapene ornata,Terrapene ornata,Ornate Box Turtle
Edwards,Trachemys scripta,Trachemys scripta,Slider
Edwards,Eumeces fasciatus,Plestiodon fasciatus,Five-lined Skink
Edwards,Elaphe obsoleta,Pantherophis emoryi,Rat Snake
Edwards,Lampropeltis calligaster,Lampropeltis calligaster,Prairie Kingsnake
Edwards,Nerodia erythrogaster,Nerodia erythrogaster,Plainbelly Water Snake
Edwards,Nerodia sipedon,Nerodia sipedon,Northern Water Snake
Edwards,Thamnophis sauritus,Thamnophis saurita,Eastern Ribbon Snake
Edwards,Thamnophis sirtalis,Thamnophis sirtalis,Common Gartersnake
Effingham,Ambystoma opacum,Ambystoma opacum,Marbled Salamander
Effingham,Ambystoma texanum,Ambystoma texanum,Small-mouthed Salamander
Effingham,Plethodon glutinosus,Plethodon glutinosus,Northern Slimy Salamander
Effingham,Bufo americanus,Anaxyrus americanus,American Toad
Effingham,Bufo fowleri,Anaxyrus fowleri,Fowler's Toad
Effingham,Acris crepitans,Acris crepitans,Cricket Frog
Effingham,Hyla versicolor- chrysoscelis,Hyla versicolor-chrysoscelis,Gray Treefrog Complex
Effingham,Pseudacris crucifer,Pseudacris crucifer,Spring Peeper
Effingham,Pseudacris triseriata,Pseudacris triseriata,Western Chorus Frog
Effingham,Rana catesbeiana,Rana catesbeiana,Bullfrog
Effingham,Rana sphenocephala,Rana sphenocephala,Southern Leopard Frog
Effingham,Rana sylvatica,Rana sylvatica,Wood Frog
Effingham,Chelydra serpentina,Chelydra serpentina,Snapping Turtle
Effingham,Chrysemys picta,Chrysemys picta,Painted Turtle
Effingham,Terrapene carolina,Terrapene carolina,Eastern Box Turtle
Effingham,Terrapene ornata,Terrapene ornata,Ornate Box Turtle
Effingham,Trachemys scripta,Trachemys scripta,Slider
Effingham,Apalone spinifera,Apalone spinifera,Spiny Softshell
Effingham,Sceloporus undulatus,Sceloporus undulatus,Fence Lizard
Effingham,Eumeces fasciatus,Plestiodon fasciatus,Five-lined Skink
Effingham,Eumeces laticeps,Plestiodon laticeps,Broad-headed Skink
Effingham,Scincella lateralis,Scincella lateralis,Ground Skink
Effingham,Carphophis amoenus,Carphophis amoenus,Worm Snake
Effingham,Clonophis kirtlandii,Clonophis kirtlandii,Kirtland's Snake
Effingham,Coluber constrictor,Coluber constrictor,Racer
Effingham,Diadophis punctatus,Diadophis punctatus,Ring-necked Snake
Effingham,Elaphe obsoleta,Pantherophis emoryi,Rat Snake
Effingham,Heterodon platirhinos,Heterodon platirhinos,Eastern Hog-nosed Snake
Effingham,Lampropeltis calligaster,Lampropeltis calligaster,Prairie Kingsnake
Effingham,Lampropeltis getula holbrooki,Lampropeltis holbrooki,Speckled Kingsnake
Effingham,Lampropeltis triangulum,Lampropeltis triangulum,Milk Snake
Effingham,Nerodia sipedon,Nerodia sipedon,Northern Water Snake
Effingham,Opheodrys aestivus,Opheodrys aestivus,Rough Greensnake
Effingham,Storeria occipitomaculata,Storeria occipitomaculata,Red-bellied Snake
Effingham,Thamnophis sirtalis,Thamnophis sirtalis,Common Gartersnake
Effingham,Virginia valeriae,Virginia valeriae,Smooth Earth Snake
Effingham,Agkistrodon contortrix,Agkistrodon contortrix,Copperhead
Effingham,Crotalus horridus,Crotalus horridus,Timber Rattlesnake
Fayette,Ambystoma maculatum,Ambystoma maculatum,Spotted Salamander
Fayette,Ambystoma opacum,Ambystoma opacum,Marbled Salamander
Fayette,Ambystoma texanum,Ambystoma texanum,Small-mouthed Salamander
Fayette,Ambystoma tigrinum,Ambystoma tigrinum,Tiger Salamander
Fayette,Plethodon glutinosus,Plethodon glutinosus,Northern Slimy Salamander
Fayette,Siren intermedia,Siren intermedia,Lesser Siren
Fayette,Bufo americanus,Anaxyrus americanus,American Toad
Fayette,Bufo fowleri,Anaxyrus fowleri,Fowler’s Toad
Fayette,Acris crepitans,Acris crepitans,Cricket Frog
Fayette,Hyla versicolor- chrysoscelis,Hyla versicolor-chrysoscelis,Gray Treefrog Complex
Fayette,Pseudacris crucifer,Pseudacris crucifer,Spring Peeper
Fayette,Pseudacris triseriata,Pseudacris triseriata,Western Chorus Frog
Fayette,Rana areolata,Rana areolata,Crawfish Frog
Fayette,Rana blairi,Rana blairi,Plains Leopard Frog
Fayette,Rana catesbeiana,Rana catesbeiana,Bullfrog
Fayette,Rana sphenocephala,Rana sphenocephala,Southern Leopard Frog
Fayette,Chelydra serpentina,Chelydra serpentina,Snapping Turtle
Fayette,Chrysemys picta,Chrysemys picta,Painted Turtle
Fayette,Terrapene carolina,Terrapene carolina,Eastern Box Turtle
Fayette,Terrapene ornata,Terrapene ornata,Ornate Box Turtle
Fayette,Trachemys scripta,Trachemys scripta,Slider
Fayette,Apalone mutica,Apalone mutica,Smooth Softshell
Fayette,Apalone spinifera,Apalone spinifera,Spiny Softshell
Fayette,Sceloporus undulatus,Sceloporus undulatus,Fence Lizard
Fayette,Eumeces fasciatus,Plestiodon fasciatus,Five-lined Skink
Fayette,Eumeces laticeps,Plestiodon laticeps,Broad-headed Skink
Fayette,Clonophis kirtlandii,Clonophis kirtlandii,Kirtland’s Snake
Fayette,Coluber constrictor,Coluber constrictor,Racer
Fayette,Diadophis punctatus,Diadophis punctatus,Ring-necked Snake
Fayette,Elaphe obsoleta,Pantherophis emoryi,Rat Snake
Fayette,Heterodon platirhinos,Heterodon platirhinos,Eastern Hog-nosed Snake
Fayette,Lampropeltis calligaster,Lampropeltis calligaster,Prairie Kingsnake
Fayette,Lampropeltis triangulum,Lampropeltis triangulum,Milk Snake
Fayette,Nerodia erythrogaster,Nerodia erythrogaster,Plainbelly Water Snake
Fayette,Nerodia rhombifer,Nerodia rhombifer,Diamond-backed Watersnake
Fayette,Nerodia sipedon,Nerodia sipedon,Northern Water Snake
Fayette,Opheodrys aestivus,Opheodrys aestivus,Rough Greensnake
Fayette,Storeria dekayi,Storeria dekayi,Brown Snake
Fayette,Thamnophis sirtalis,Thamnophis sirtalis,Common Gartersnake
Fayette,Virginia valeriae,Virginia valeriae,Smooth Earth Snake
Fayette,Sistrurus catenatus,Sistrurus catenatus,Massasauga
Ford,Ambystoma tigrinum,Ambystoma tigrinum,Tiger Salamander
Ford,Bufo americanus,Anaxyrus americanus,American Toad
Ford,Acris crepitans,Acris crepitans,Cricket Frog
Ford,Pseudacris triseriata,Pseudacris triseriata,Western Chorus Frog
Ford,Elaphe vulpina,Pantherophis vulpinus,Fox Snake
Ford,Nerodia sipedon,Nerodia sipedon,Northern Water Snake
Ford,Opheodrys vernalis,Opheodrys vernalis,Smooth Greensnake
Ford,Storeria dekayi,Storeria dekayi,Brown Snake
Ford,Thamnophis radix,Thamnophis radix,Plains Gartersnake
Ford,Thamnophis sirtalis,Thamnophis sirtalis,Common Gartersnake
Franklin,Ambystoma opacum,Ambystoma opacum,Marbled Salamander
Franklin,Ambystoma texanum,Ambystoma texanum,Small-mouthed Salamander
Franklin,Ambystoma tigrinum,Ambystoma tigrinum,Tiger Salamander
Franklin,Plethodon glutinosus,Plethodon glutinosus,Northern Slimy Salamander
Franklin,Siren intermedia,Siren intermedia,Lesser Siren
Franklin,Acris crepitans,Acris crepitans,Cricket Frog
Franklin,Hyla versicolor- chrysoscelis,Hyla versicolor-chrysoscelis,Gray Treefrog Complex
Franklin,Pseudacris crucifer,Pseudacris crucifer,Spring Peeper
Franklin,Pseudacris triseriata,Pseudacris triseriata,Western Chorus Frog
Franklin,Rana clamitans,Rana clamitans,Green Frog
Franklin,Rana sphenocephala,Rana sphenocephala,Southern Leopard Frog
Franklin,Chrysemys picta,Chrysemys picta,Painted Turtle
Franklin,Terrapene carolina,Terrapene carolina,Eastern Box Turtle
Franklin,Terrapene ornata,Terrapene ornata,Ornate Box Turtle
Franklin,Sternotherus odoratus,Sternotherus odoratus,Common Musk Turtle
Franklin,Sceloporus undulatus,Sceloporus undulatus,Fence Lizard
Franklin,Coluber constrictor,Coluber constrictor,Racer
Franklin,Elaphe obsoleta,Pantherophis emoryi,Rat Snake
Franklin,Farancia abacura,Farancia abacura,Mud Snake
Franklin,Heterodon platirhinos,Heterodon platirhinos,Eastern Hog-nosed Snake
Franklin,Lampropeltis calligaster,Lampropeltis calligaster,Prairie Kingsnake
Franklin,Lampropeltis getula,Lampropeltis getula,Eastern Kingsnake
Franklin,Nerodia erythrogaster,Nerodia erythrogaster,Plainbelly Water Snake
Franklin,Nerodia rhombifer,Nerodia rhombifer,Diamond-backed Watersnake
Franklin,Nerodia sipedon,Nerodia sipedon,Northern Water Snake
Franklin,Regina grahamii,Regina grahamii,Graham's Crawfish Snake
Franklin,Storeria dekayi,Storeria dekayi,Brown Snake
Franklin,Thamnophis proximus,Thamnophis proximus,Western Ribbon Snake
Franklin,Thamnophis sirtalis,Thamnophis sirtalis,Common Gartersnake
Franklin,Agkistrodon contortrix,Agkistrodon contortrix,Copperhead
Fulton,Ambystoma tigrinum,Ambystoma tigrinum,Tiger Salamander
Fulton,Siren intermedia,Siren intermedia,Lesser Siren
Fulton,Bufo americanus,Anaxyrus americanus,American Toad
Fulton,Bufo fowleri,Anaxyrus fowleri,Fowler’s Toad
Fulton,Acris crepitans,Acris crepitans,Cricket Frog
Fulton,Hyla versicolor- chrysoscelis,Hyla versicolor-chrysoscelis,Gray Treefrog Complex
Fulton,Pseudacris triseriata,Pseudacris triseriata,Western Chorus Frog
Fulton,Rana catesbeiana,Rana catesbeiana,Bullfrog
Fulton,Rana sphenocephala,Rana sphenocephala,Southern Leopard Frog
Fulton,Chelydra serpentina,Chelydra serpentina,Snapping Turtle
Fulton,Chrysemys picta,Chrysemys picta,Painted Turtle
Fulton,Terrapene ornata,Terrapene ornata,Ornate Box Turtle
Fulton,Trachemys scripta,Trachemys scripta,Slider
Fulton,Sternotherus odoratus,Sternotherus odoratus,Common Musk Turtle
Fulton,Apalone spinifera,Apalone spinifera,Spiny Softshell
Fulton,Eumeces fasciatus,Plestiodon fasciatus,Five-lined Skink
Fulton,Eumeces laticeps,Plestiodon laticeps,Broad-headed Skink
Fulton,Clonophis kirtlandii,Clonophis kirtlandii,Kirtland’s Snake
Fulton,Coluber constrictor,Coluber constrictor,Racer
Fulton,Elaphe obsoleta,Pantherophis emoryi,Rat Snake
Fulton,Elaphe vulpina,Pantherophis vulpinus,Fox Snake
Fulton,Heterodon platirhinos,Heterodon platirhinos,Eastern Hog-nosed Snake
Fulton,Nerodia sipedon,Nerodia sipedon,Northern Water Snake
Fulton,Pituophis melanoleucus,Pituophis melanoleucus,Bull Snake
Fulton,Regina grahamii,Regina grahamii,Graham’s Crawfish Snake
Fulton,Regina septemvittata,Regina septemvittata,Queen Snake
Fulton,Thamnophis radix,Thamnophis radix,Plains Gartersnake
Fulton,Thamnophis sirtalis,Thamnophis sirtalis,Common Gartersnake
Fulton,Agkistrodon contortrix,Agkistrodon contortrix,Copperhead
Fulton,Crotalus horridus,Crotalus horridus,Timber Rattlesnake
Gallatin,Ambystoma texanum,Ambystoma texanum,Small-mouthed Salamander
Gallatin,Eurycea cirrigera,Eurycea cirrigera,Southern Two-lined Salamander
Gallatin,Eurycea longicauda,Eurycea longicauda,Long-tailed Salamander
Gallatin,Eurycea lucifuga,Eurycea lucifuga,Cave Salamander
Gallatin,Plethodon dorsalis,Plethodon dorsalis,Zigzag Salamander
Gallatin,Plethodon glutinosus,Plethodon glutinosus,Northern Slimy Salamander
Gallatin,Necturus maculosus,Necturus maculosus,Mudpuppy
Gallatin,Bufo fowleri,Anaxyrus fowleri,Fowler’s Toad
Gallatin,Acris crepitans,Acris crepitans,Cricket Frog
Gallatin,Hyla versicolor- chrysoscelis,Hyla versicolor-chrysoscelis,Gray Treefrog Complex
Gallatin,Pseudacris triseriata,Pseudacris triseriata,Western Chorus Frog
Gallatin,Rana catesbeiana,Rana catesbeiana,Bullfrog
Gallatin,Rana sphenocephala,Rana sphenocephala,Southern Leopard Frog
Gallatin,Chelydra serpentina,Chelydra serpentina,Snapping Turtle
Gallatin,Graptemys ouachitensis,Graptemys ouachitensis,Ouachita Map Turtle
Gallatin,Graptemys pseudogeographica,Graptemys pseudogeographica,False Map Turtle
Gallatin,Pseudemys concinna,Pseudemys concinna,River Cooter
Gallatin,Terrapene carolina,Terrapene carolina,Eastern Box Turtle
Gallatin,Trachemys scripta,Trachemys scripta,Slider
Gallatin,Kinosternon subrubrum,Kinosternon subrubrum,Eastern Mud Turtle
Gallatin,Sternotherus odoratus,Sternotherus odoratus,Common Musk Turtle
Gallatin,Apalone mutica,Apalone mutica,Smooth Softshell
Gallatin,Apalone spinifera,Apalone spinifera,Spiny Softshell
Gallatin,Sceloporus undulatus,Sceloporus undulatus,Fence Lizard
Gallatin,Eumeces fasciatus,Plestiodon fasciatus,Five-lined Skink
Gallatin,Scincella lateralis,Scincella lateralis,Ground Skink
Gallatin,Cnemidophorus sexlineatus,Aspidoscelis sexlineata,Six-lined Racerunner
Gallatin,Carphophis amoenus,Carphophis amoenus,Worm Snake
Gallatin,Coluber constrictor,Coluber constrictor,Racer
Gallatin,Elaphe obsoleta,Pantherophis emoryi,Rat Snake
Gallatin,Heterodon platirhinos,Heterodon platirhinos,Eastern Hog-nosed Snake
Gallatin,Nerodia erythrogaster,Nerodia erythrogaster,Plainbelly Water Snake
Gallatin,Nerodia rhombifer,Nerodia rhombifer,Diamond-backed Watersnake
Gallatin,Nerodia sipedon,Nerodia sipedon,Northern Water Snake
Gallatin,Opheodrys aestivus,Opheodrys aestivus,Rough Greensnake
Gallatin,Thamnophis sirtalis,Thamnophis sirtalis,Common Gartersnake
Gallatin,Agkistrodon contortrix,Agkistrodon contortrix,Copperhead
Gallatin,Crotalus horridus,Crotalus horridus,Timber Rattlesnake
Greene,Ambystoma texanum,Ambystoma texanum,Small-mouthed Salamander
Greene,Ambystoma tigrinum,Ambystoma tigrinum,Tiger Salamander
Greene,Eurycea longicauda,Eurycea longicauda,Long-tailed Salamander
Greene,Siren intermedia,Siren intermedia,Lesser Siren
Greene,Bufo americanus,Anaxyrus americanus,American Toad
Greene,Bufo fowleri,Anaxyrus fowleri,Fowler’s Toad
Greene,Acris crepitans,Acris crepitans,Cricket Frog
Greene,Hyla versicolor- chrysoscelis,Hyla versicolor-chrysoscelis,Gray Treefrog Complex
Greene,Pseudacris crucifer,Pseudacris crucifer,Spring Peeper
Greene,Pseudacris triseriata,Pseudacris triseriata,Western Chorus Frog
Greene,Rana blairi,Rana blairi,Plains Leopard Frog
Greene,Rana catesbeiana,Rana catesbeiana,Bullfrog
Greene,Rana clamitans,Rana clamitans,Green Frog
Greene,Rana palustris,Rana palustris,Pickerel Frog
Greene,Rana sphenocephala,Rana sphenocephala,Southern Leopard Frog
Greene,Chelydra serpentina,Chelydra serpentina,Snapping Turtle
Greene,Chrysemys picta,Chrysemys picta,Painted Turtle
Greene,Terrapene carolina,Terrapene carolina,Eastern Box Turtle
Greene,Terrapene ornata,Terrapene ornata,Ornate Box Turtle
Greene,Trachemys scripta,Trachemys scripta,Slider
Greene,Sternotherus odoratus,Sternotherus odoratus,Common Musk Turtle
Greene,Apalone spinifera,Apalone spinifera,Spiny Softshell
Greene,Sceloporus undulatus,Sceloporus undulatus,Fence Lizard
Greene,Eumeces fasciatus,Plestiodon fasciatus,Five-lined Skink
Greene,Eumeces laticeps,Plestiodon laticeps,Broad-headed Skink
Greene,Cnemidophorus sexlineatus,Aspidoscelis sexlineata,Six-lined Racerunner
Greene,Carphophis amoenus,Carphophis amoenus,Worm Snake
Greene,Coluber constrictor,Coluber constrictor,Racer
Greene,Diadophis punctatus,Diadophis punctatus,Ring-necked Snake
Greene,Elaphe obsoleta,Pantherophis emoryi,Rat Snake
Greene,Heterodon platirhinos,Heterodon platirhinos,Eastern Hog-nosed Snake
Greene,Lampropeltis calligaster,Lampropeltis calligaster,Prairie Kingsnake
Greene,Nerodia rhombifer,Nerodia rhombifer,Diamond-backed Watersnake
Greene,Nerodia sipedon,Nerodia sipedon,Northern Water Snake
Greene,Storeria dekayi,Storeria dekayi,Brown Snake
Greene,Thamnophis proximus,Thamnophis proximus,Western Ribbon Snake
Greene,Thamnophis sirtalis,Thamnophis sirtalis,Common Gartersnake
Greene,Virginia valeriae,Virginia valeriae,Smooth Earth Snake
Greene,Agkistrodon contortrix,Agkistrodon contortrix,Copperhead
Greene,Crotalus horridus,Crotalus horridus,Timber Rattlesnake
Grundy,Ambystoma tigrinum,Ambystoma tigrinum,Tiger Salamander
Grundy,Bufo americanus,Anaxyrus americanus,American Toad
Grundy,Bufo fowleri,Anaxyrus fowleri,Fowler’s Toad
Grundy,Acris crepitans,Acris crepitans,Cricket Frog
Grundy,Rana blairi,Rana blairi,Plains Leopard Frog
Grundy,Rana clamitans,Rana clamitans,Green Frog
Grundy,Rana pipiens,Rana pipiens,Northern Leopard Frog
Grundy,Chelydra serpentina,Chelydra serpentina,Snapping Turtle
Grundy,Chrysemys picta,Chrysemys picta,Painted Turtle
Grundy,Emydoidea blandingii,Emydoidea blandingii,Blanding’s Turtle
Grundy,Graptemys geographica,Graptemys geographica,Map Turtle
Grundy,Apalone spinifera,Apalone spinifera,Spiny Softshell
Grundy,Ophisaurus attenuatus,Ophisaurus attenuatus,Slender Glass Lizard
Grundy,Cnemidophorus sexlineatus,Aspidoscelis sexlineata,Six-lined Racerunner
Grundy,Coluber constrictor,Coluber constrictor,Racer
Grundy,Elaphe vulpina,Pantherophis vulpinus,Fox Snake
Grundy,Heterodon platirhinos,Heterodon platirhinos,Eastern Hog-nosed Snake
Grundy,Nerodia sipedon,Nerodia sipedon,Northern Water Snake
Grundy,Pituophis melanoleucus,Pituophis melanoleucus,Bull Snake
Grundy,Regina septemvittata,Regina septemvittata,Queen Snake
Grundy,Thamnophis radix,Thamnophis radix,Plains Gartersnake
Grundy,Thamnophis sirtalis,Thamnophis sirtalis,Common Gartersnake
Hamilton,Cryptobranchus alleganiensis,Cryptobranchus alleganiensis,Hellbender
Hamilton,Bufo fowleri,Anaxyrus fowleri,Fowler's Toad
Hamilton,Acris crepitans,Acris crepitans,Cricket Frog
Hamilton,Hyla versicolor- chrysoscelis,Hyla versicolor-chrysoscelis,Gray Treefrog Complex
Hamilton,Pseudacris triseriata,Pseudacris triseriata,Western Chorus Frog
Hamilton,Rana areolata,Rana areolata,Crawfish Frog
Hamilton,Rana catesbeiana,Rana catesbeiana,Bullfrog
Hamilton,Rana sphenocephala,Rana sphenocephala,Southern Leopard Frog
Hamilton,Chrysemys picta,Chrysemys picta,Painted Turtle
Hamilton,Terrapene carolina,Terrapene carolina,Eastern Box Turtle
Hamilton,Trachemys scripta,Trachemys scripta,Slider
Hamilton,Apalone spinifera,Apalone spinifera,Spiny Softshell
Hamilton,Sceloporus undulatus,Sceloporus undulatus,Fence Lizard
Hamilton,Eumeces fasciatus,Plestiodon fasciatus,Five-lined Skink
Hamilton,Elaphe obsoleta,Pantherophis emoryi,Rat Snake
Hamilton,Lampropeltis calligaster,Lampropeltis calligaster,Prairie Kingsnake
Hamilton,Lampropeltis getula,Lampropeltis getula,Eastern Kingsnake
Hamilton,Opheodrys aestivus,Opheodrys aestivus,Rough Greensnake
Hamilton,Thamnophis sirtalis,Thamnophis sirtalis,Common Gartersnake
Hancock,Bufo americanus,Anaxyrus americanus,American Toad
Hancock,Bufo fowleri,Anaxyrus fowleri,Fowler’s Toad
Hancock,Acris crepitans,Acris crepitans,Cricket Frog
Hancock,Pseudacris triseriata,Pseudacris triseriata,Western Chorus Frog
Hancock,Rana catesbeiana,Rana catesbeiana,Bullfrog
Hancock,Rana clamitans,Rana clamitans,Green Frog
Hancock,Rana sphenocephala,Rana sphenocephala,Southern Leopard Frog
Hancock,Chelydra serpentina,Chelydra serpentina,Snapping Turtle
Hancock,Chrysemys picta,Chrysemys picta,Painted Turtle
Hancock,Apalone mutica,Apalone mutica,Smooth Softshell
Hancock,Apalone spinifera,Apalone spinifera,Spiny Softshell
Hancock,Carphophis amoenus,Carphophis amoenus,Worm Snake
Hancock,Coluber constrictor,Coluber constrictor,Racer
Hancock,Diadophis punctatus,Diadophis punctatus,Ring-necked Snake
Hancock,Elaphe obsoleta,Pantherophis emoryi,Rat Snake
Hancock,Elaphe vulpina,Pantherophis vulpinus,Fox Snake
Hancock,Heterodon platirhinos,Heterodon platirhinos,Eastern Hog-nosed Snake
Hancock,Lampropeltis calligaster,Lampropeltis calligaster,Prairie Kingsnake
Hancock,Lampropeltis triangulum,Lampropeltis triangulum,Milk Snake
Hancock,Nerodia sipedon,Nerodia sipedon,Northern Water Snake
Hancock,Regina grahamii,Regina grahamii,Graham’s Crawfish Snake
Hancock,Storeria dekayi,Storeria dekayi,Brown Snake
Hancock,Storeria occipitomaculata,Storeria occipitomaculata,Red-bellied Snake
Hancock,Thamnophis sirtalis,Thamnophis sirtalis,Common Gartersnake
Hancock,Virginia valeriae,Virginia valeriae,Smooth Earth Snake
Hancock,Crotalus horridus,Crotalus horridus,Timber Rattlesnake
Hardin,Ambystoma texanum,Ambystoma texanum,Small-mouthed Salamander
Hardin,Ambystoma tigrinum,Ambystoma tigrinum,Eastern Tiger Salamander
Hardin,Cryptobranchus alleganiensis,Cryptobranchus alleganiensis,Hellbender
Hardin,Eurycea cirrigera,Eurycea cirrigera,Southern Two-lined Salamander
Hardin,Eurycea longicauda,Eurycea longicauda,Long-tailed Salamander
Hardin,Eurycea lucifuga,Eurycea lucifuga,Cave Salamander
Hardin,Plethodon dorsalis,Plethodon dorsalis,Northern Zigzag Salamander
Hardin,Plethodon glutinosus,Plethodon glutinosus,Northern Slimy Salamander
Hardin,Necturus maculosus,Necturus maculosus,Mudpuppy
Hardin,Notophthalmus viridescens,Notophthalmus viridescens,Eastern Newt
Hardin,Anaxyrus americanus,Anaxyrus americanus,American Toad
Hardin,Anaxyrus fowleri,Anaxyrus fowleri,Fowler's Toad
Hardin,Acris blanchardi,Acris blanchardi,Blanchard's Cricket Frog
Hardin,Hyla versicolor- chrysoscelis,Hyla versicolor-chrysoscelis,Gray Treefrog Complex
Hardin,Pseudacris crucifer,Pseudacris crucifer,Spring Peeper
Hardin,Pseudacris triseriata,Pseudacris triseriata,Western Chorus Frog
Hardin,Gastrophryne carolinensis,Gastrophryne carolinensis,Eastern Narrowmouth Toad
Hardin,Rana catesbeiana,Rana catesbeiana,Bullfrog
Hardin,Rana clamitans,Rana clamitans,Green Frog
Hardin,Rana sphenocephala,Rana sphenocephala,Southern Leopard Frog
Hardin,Rana sylvatica,Rana sylvatica,Wood Frog
Hardin,Chelydra serpentina,Chelydra serpentina,Snapping Turtle
Hardin,Chrysemys picta,Chrysemys picta,Painted Turtle
Hardin,Graptemys pseudogeographica,Graptemys pseudogeographica,False Map Turtle
Hardin,Pseudemys concinna,Pseudemys concinna,River Cooter
Hardin,Terrapene carolina,Terrapene carolina,Eastern Box Turtle
Hardin,Trachemys scripta,Trachemys scripta,Slider
Hardin,Sceloporus undulatus,Sceloporus undulatus,Fence Lizard
Hardin,Plestiodon fasciatus,Plestiodon fasciatus,Common Five-lined Skink
Hardin,Scincella lateralis,Scincella lateralis,Ground Skink
Hardin,Aspidoscelis sexlineata,Aspidoscelis sexlineata,Six-lined Racerunner
Hardin,Carphophis amoenus,Carphophis amoenus,Common Wormsnake
Hardin,Coluber constrictor,Coluber constrictor,Racer
Hardin,Diadophis punctatus,Diadophis punctatus,Ring-necked Snake
Hardin,Pantherophis spiloides,Pantherophis spiloides,Gray Ratsnake
Hardin,Lampropeltis getula,Lampropeltis getula,Eastern Kingsnake
Hardin,Lampropeltis triangulum,Lampropeltis triangulum,Milksnake
Hardin,Nerodia sipedon,Nerodia sipedon,Northern Watersnake
Hardin,Opheodrys aestivus,Opheodrys aestivus,Rough Greensnake
Hardin,Storeria dekayi,Storeria dekayi,Dekay's Brownsnake
Hardin,Thamnophis sirtalis,Thamnophis sirtalis,Common Gartersnake
Hardin,Virginia valeriae,Virginia valeriae,Smooth Earthsnake
Hardin,Agkistrodon contortrix,Agkistrodon contortrix,Copperhead
Hardin,Crotalus horridus,Crotalus horridus,Timber Rattlesnake
Henderson,Ambystoma texanum,Ambystoma texanum,Small-mouthed Salamander
Henderson,Bufo americanus,Anaxyrus americanus,American Toad
Henderson,Bufo fowleri,Anaxyrus fowleri,Fowler’s Toad
Henderson,Acris crepitans,Acris crepitans,Cricket Frog
Henderson,Hyla versicolor- chrysoscelis,Hyla versicolor-chrysoscelis,Gray Treefrog Complex
Henderson,Rana blairi,Rana blairi,Plains Leopard Frog
Henderson,Rana catesbeiana,Rana catesbeiana,Bullfrog
Henderson,Rana clamitans,Rana clamitans,Green Frog
Henderson,Rana pipiens,Rana pipiens,Northern Leopard Frog
Henderson,Chelydra serpentina,Chelydra serpentina,Snapping Turtle
Henderson,Chrysemys picta,Chrysemys picta,Painted Turtle
Henderson,Emydoidea blandingii,Emydoidea blandingii,Blanding’s Turtle
Henderson,Kinosternon flavescens,Kinosternon flavescens,Yellow Mud Turtle
Henderson,Apalone spinifera,Apalone spinifera,Spiny Softshell
Henderson,Cnemidophorus sexlineatus,Aspidoscelis sexlineata,Six-lined Racerunner
Henderson,Coluber constrictor,Coluber constrictor,Racer
Henderson,Diadophis punctatus,Diadophis punctatus,Ring-necked Snake
Henderson,Elaphe obsoleta,Pantherophis emoryi,Rat Snake
Henderson,Elaphe vulpina,Pantherophis vulpinus,Fox Snake
Henderson,Heterodon nasicus,Heterodon nasicus,Western Hog-nosed Snake
Henderson,Heterodon platirhinos,Heterodon platirhinos,Eastern Hog-nosed Snake
Henderson,Nerodia rhombifer,Nerodia rhombifer,Diamond-backed Watersnake
Henderson,Nerodia sipedon,Nerodia sipedon,Northern Water Snake
Henderson,Regina grahamii,Regina grahamii,Graham’s Crawfish Snake
Henderson,Thamnophis proximus,Thamnophis proximus,Western Ribbon Snake
Henderson,Thamnophis sirtalis,Thamnophis sirtalis,Common Gartersnake
Henry,Ambystoma texanum,Ambystoma texanum,Small-mouthed Salamander
Henry,Ambystoma tigrinum,Ambystoma tigrinum,Tiger Salamander
Henry,Bufo americanus,Anaxyrus americanus,American Toad
Henry,Acris crepitans,Acris crepitans,Cricket Frog
Henry,Hyla versicolor- chrysoscelis,Hyla versicolor-chrysoscelis,Gray Treefrog Complex
Henry,Pseudacris triseriata,Pseudacris triseriata,Western Chorus Frog
Henry,Rana pipiens,Rana pipiens,Northern Leopard Frog
Henry,Chelydra serpentina,Chelydra serpentina,Snapping Turtle
Henry,Chrysemys picta,Chrysemys picta,Painted Turtle
Henry,Emydoidea blandingii,Emydoidea blandingii,Blanding’s Turtle
Henry,Trachemys scripta,Trachemys scripta,Slider
Henry,Kinosternon flavescens,Kinosternon flavescens,Yellow Mud Turtle
Henry,Apalone spinifera,Apalone spinifera,Spiny Softshell
Henry,Coluber constrictor,Coluber constrictor,Racer
Henry,Elaphe vulpina,Pantherophis vulpinus,Fox Snake
Henry,Heterodon nasicus,Heterodon nasicus,Western Hog-nosed Snake
Henry,Nerodia sipedon,Nerodia sipedon,Northern Water Snake
Henry,Opheodrys vernalis,Opheodrys vernalis,Smooth Greensnake
Henry,Pituophis melanoleucus,Pituophis melanoleucus,Bull Snake
Henry,Regina grahamii,Regina grahamii,Graham’s Crawfish Snake
Henry,Storeria dekayi,Storeria dekayi,Brown Snake
Henry,Thamnophis radix,Thamnophis radix,Plains Gartersnake
Henry,Thamnophis sirtalis,Thamnophis sirtalis,Common Gartersnake
Iroquois,Ambystoma tigrinum,Ambystoma tigrinum,Tiger Salamander
Iroquois,Necturus maculosus,Necturus maculosus,Mudpuppy
Iroquois,Bufo americanus,Anaxyrus americanus,American Toad
Iroquois,Bufo fowleri,Anaxyrus fowleri,Fowler’s Toad
Iroquois,Acris crepitans,Acris crepitans,Cricket Frog
Iroquois,Hyla versicolor- chrysoscelis,Hyla versicolor-chrysoscelis,Gray Treefrog Complex
Iroquois,Pseudacris crucifer,Pseudacris crucifer,Spring Peeper
Iroquois,Pseudacris triseriata,Pseudacris triseriata,Western Chorus Frog
Iroquois,Rana blairi,Rana blairi,Plains Leopard Frog
Iroquois,Rana catesbeiana,Rana catesbeiana,Bullfrog
Iroquois,Rana pipiens,Rana pipiens,Northern Leopard Frog
Iroquois,Chelydra serpentina,Chelydra serpentina,Snapping Turtle
Iroquois,Chrysemys picta,Chrysemys picta,Painted Turtle
Iroquois,Emydoidea blandingii,Emydoidea blandingii,Blanding’s Turtle
Iroquois,Terrapene ornata,Terrapene ornata,Ornate Box Turtle
Iroquois,Sternotherus odoratus,Sternotherus odoratus,Common Musk Turtle
Iroquois,Apalone spinifera,Apalone spinifera,Spiny Softshell
Iroquois,Ophisaurus attenuatus,Ophisaurus attenuatus,Slender Glass Lizard
Iroquois,Coluber constrictor,Coluber constrictor,Racer
Iroquois,Elaphe vulpina,Pantherophis vulpinus,Fox Snake
Iroquois,Heterodon platirhinos,Heterodon platirhinos,Eastern Hog-nosed Snake
Iroquois,Nerodia sipedon,Nerodia sipedon,Northern Water Snake
Iroquois,Opheodrys vernalis,Opheodrys vernalis,Smooth Greensnake
Iroquois,Pituophis melanoleucus,Pituophis melanoleucus,Bull Snake
Iroquois,Storeria dekayi,Storeria dekayi,Brown Snake
Iroquois,Thamnophis proximus,Thamnophis proximus,Western Ribbon Snake
Iroquois,Thamnophis radix,Thamnophis radix,Plains Gartersnake
Iroquois,Thamnophis sirtalis,Thamnophis sirtalis,Common Gartersnake
Jackson,Ambystoma maculatum,Ambystoma maculatum,Spotted Salamander
Jackson,Ambystoma opacum,Ambystoma opacum,Marbled Salamander
Jackson,Ambystoma talpoideum,Ambystoma talpoideum,Mole Salamander
Jackson,Ambystoma texanum,Ambystoma texanum,Small-mouthed Salamander
Jackson,Ambystoma tigrinum,Ambystoma tigrinum,Tiger Salamander
Jackson,Eurycea longicauda,Eurycea longicauda,Long-tailed Salamander
Jackson,Eurycea lucifuga,Eurycea lucifuga,Cave Salamander
Jackson,Plethodon dorsalis,Plethodon dorsalis,Northern Zigzag Salamander
Jackson,Plethodon glutinosus,Plethodon glutinosus,Northern Slimy Salamander
Jackson,Necturus maculosus,Necturus maculosus,Mudpuppy
Jackson,Notophthalmus viridescens,Notophthalmus viridescens,Eastern Newt
Jackson,Siren intermedia,Siren intermedia,Lesser Siren
Jackson,Bufo americanus,Anaxyrus americanus,American Toad
Jackson,Bufo fowleri,Anaxyrus fowleri,Fowler's Toad
Jackson,Acris crepitans,Acris crepitans,Cricket Frog
Jackson,Hyla avivoca,Hyla avivoca,Bird-voiced Treefrog
Jackson,Hyla cinerea,Hyla cinerea,Green Treefrog
Jackson,Hyla versicolor- chrysoscelis,Hyla versicolor-chrysoscelis,Gray Treefrog Complex
Jackson,Pseudacris crucifer,Pseudacris crucifer,Spring Peeper
Jackson,Pseudacris triseriata,Pseudacris triseriata,Western Chorus Frog
Jackson,Gastrophryne carolinensis,Gastrophryne carolinensis,Eastern Narrowmouth Toad
Jackson,Scaphiopus holbrookii,Scaphiopus holbrookii,Eastern Spadefoot
Jackson,Rana areolata,Rana areolata,Crawfish Frog
Jackson,Rana catesbeiana,Rana catesbeiana,Bullfrog
Jackson,Rana clamitans,Rana clamitans,Green Frog
Jackson,Rana palustris,Rana palustris,Pickerel Frog
Jackson,Rana sphenocephala,Rana sphenocephala,Southern Leopard Frog
Jackson,Rana sylvatica,Rana sylvatica,Wood Frog
Jackson,Chelydra serpentina,Chelydra serpentina,Snapping Turtle
Jackson,Macroclemys temminckii,Macrochelys temminckii,Alligator Snapping Turtle
Jackson,Chrysemys picta,Chrysemys picta,Painted Turtle
Jackson,Graptemys geographica,Graptemys geographica,Map Turtle
Jackson,Graptemys pseudogeographica,Graptemys pseudogeographica,False Map Turtle
Jackson,Pseudemys concinna,Pseudemys concinna,River Cooter
Jackson,Terrapene carolina,Terrapene carolina,Eastern Box Turtle
Jackson,Terrapene ornata,Terrapene ornata,Ornate Box Turtle
Jackson,Trachemys scripta,Trachemys scripta,Slider
Jackson,Sternotherus odoratus,Sternotherus odoratus,Common Musk Turtle
Jackson,Apalone mutica,Apalone mutica,Smooth Softshell
Jackson,Apalone spinifera,Apalone spinifera,Spiny Softshell
Jackson,Sceloporus undulatus,Sceloporus undulatus,Fence Lizard
Jackson,Eumeces fasciatus,Plestiodon fasciatus,Five-lined Skink
Jackson,Eumeces laticeps,Plestiodon laticeps,Broad-headed Skink
Jackson,Scincella lateralis,Scincella lateralis,Ground Skink
Jackson,Carphophis amoenus,Carphophis amoenus,Worm Snake
Jackson,Coluber constrictor,Coluber constrictor,Racer
Jackson,Diadophis punctatus,Diadophis punctatus,Ring-necked Snake
Jackson,Elaphe obsoleta,Pantherophis emoryi,Rat Snake
Jackson,Farancia abacura,Farancia abacura,Mud Snake
Jackson,Heterodon platirhinos,Heterodon platirhinos,Eastern Hog-nosed Snake
Jackson,Lampropeltis calligaster,Lampropeltis calligaster,Prairie Kingsnake
Jackson,Lampropeltis getula,Lampropeltis getula,Eastern Kingsnake
Jackson,Lampropeltis triangulum,Lampropeltis triangulum,Milk Snake
Jackson,Nerodia erythrogaster,Nerodia erythrogaster,Plainbelly Water Snake
Jackson,Nerodia rhombifer,Nerodia rhombifer,Diamond-backed Watersnake
Jackson,Nerodia sipedon,Nerodia sipedon,Northern Water Snake
Jackson,Opheodrys aestivus,Opheodrys aestivus,Rough Greensnake
Jackson,Regina grahamii,Regina grahamii,Graham's Crawfish Snake
Jackson,Storeria dekayi,Storeria dekayi,Brown Snake
Jackson,Storeria occipitomaculata,Storeria occipitomaculata,Red-bellied Snake
Jackson,Thamnophis proximus,Thamnophis proximus,Western Ribbon Snake
Jackson,Thamnophis sirtalis,Thamnophis sirtalis,Common Gartersnake
Jackson,Virginia valeriae,Virginia valeriae,Smooth Earth Snake
Jackson,Agkistrodon contortrix,Agkistrodon contortrix,Copperhead
Jackson,Agkistrodon piscivorus,Agkistrodon piscivorus,Cottonmouth
Jackson,Crotalus horridus,Crotalus horridus,Timber Rattlesnake
Jasper,Ambystoma texanum,Ambystoma texanum,Small-mouthed Salamander
Jasper,Bufo fowleri,Anaxyrus fowleri,Fowler’s Toad
Jasper,Acris crepitans,Acris crepitans,Cricket Frog
Jasper,Hyla versicolor- chrysoscelis,Hyla versicolor-chrysoscelis,Gray Treefrog Complex
Jasper,Pseudacris crucifer,Pseudacris crucifer,Spring Peeper
Jasper,Pseudacris triseriata,Pseudacris triseriata,Western Chorus Frog
Jasper,Rana areolata,Rana areolata,Crawfish Frog
Jasper,Rana blairi,Rana blairi,Plains Leopard Frog
Jasper,Rana catesbeiana,Rana catesbeiana,Bullfrog
Jasper,Rana sphenocephala,Rana sphenocephala,Southern Leopard Frog
Jasper,Chelydra serpentina,Chelydra serpentina,Snapping Turtle
Jasper,Chrysemys picta,Chrysemys picta,Painted Turtle
Jasper,Emydoidea blandingii,Emydoidea blandingii,Blanding’s Turtle
Jasper,Terrapene carolina,Terrapene carolina,Eastern Box Turtle
Jasper,Terrapene ornata,Terrapene ornata,Ornate Box Turtle
Jasper,Sternotherus odoratus,Sternotherus odoratus,Common Musk Turtle
Jasper,Apalone mutica,Apalone mutica,Smooth Softshell
Jasper,Eumeces fasciatus,Plestiodon fasciatus,Five-lined Skink
Jasper,Eumeces laticeps,Plestiodon laticeps,Broad-headed Skink
Jasper,Scincella lateralis,Scincella lateralis,Ground Skink
Jasper,Coluber constrictor,Coluber constrictor,Racer
Jasper,Elaphe obsoleta,Pantherophis emoryi,Rat Snake
Jasper,Heterodon platirhinos,Heterodon platirhinos,Eastern Hog-nosed Snake
Jasper,Lampropeltis calligaster,Lampropeltis calligaster,Prairie Kingsnake
Jasper,Lampropeltis getula,Lampropeltis getula,Common Kingsnake
Jasper,Lampropeltis triangulum,Lampropeltis triangulum,Milk Snake
Jasper,Nerodia sipedon,Nerodia sipedon,Northern Water Snake
Jasper,Opheodrys aestivus,Opheodrys aestivus,Rough Greensnake
Jasper,Thamnophis sirtalis,Thamnophis sirtalis,Common Gartersnake
Jasper,Virginia valeriae,Virginia valeriae,Smooth Earth Snake
Jasper,Crotalus horridus,Crotalus horridus,Timber Rattlesnake
Jefferson,Ambystoma maculatum,Ambystoma maculatum,Spotted Salamander
Jefferson,Ambystoma opacum,Ambystoma opacum,Marbled Salamander
Jefferson,Ambystoma texanum,Ambystoma texanum,Small-mouthed Salamander
Jefferson,Ambystoma tigrinum,Ambystoma tigrinum,Tiger Salamander
Jefferson,Plethodon dorsalis,Plethodon dorsalis,Northern Zigzag Salamander
Jefferson,Plethodon glutinosus,Plethodon glutinosus,Northern Slimy Salamander
Jefferson,Bufo fowleri,Anaxyrus fowleri,Fowler’s Toad
Jefferson,Acris crepitans,Acris crepitans,Cricket Frog
Jefferson,Hyla versicolor- chrysoscelis,Hyla versicolor-chrysoscelis,Gray Treefrog Complex
Jefferson,Pseudacris triseriata,Pseudacris triseriata,Western Chorus Frog
Jefferson,Rana areolata,Rana areolata,Crawfish Frog
Jefferson,Rana catesbeiana,Rana catesbeiana,Bullfrog
Jefferson,Rana clamitans,Rana clamitans,Green Frog
Jefferson,Rana sphenocephala,Rana sphenocephala,Southern Leopard Frog
Jefferson,Chelydra serpentina,Chelydra serpentina,Snapping Turtle
Jefferson,Chrysemys picta,Chrysemys picta,Painted Turtle
Jefferson,Pseudemys concinna,Pseudemys concinna,River Cooter
Jefferson,Terrapene carolina,Terrapene carolina,Eastern Box Turtle
Jefferson,Terrapene ornata,Terrapene ornata,Ornate Box Turtle
Jefferson,Sceloporus undulatus,Sceloporus undulatus,Fence Lizard
Jefferson,Eumeces fasciatus,Plestiodon fasciatus,Five-lined Skink
Jefferson,Eumeces laticeps,Plestiodon laticeps,Broad-headed Skink
Jefferson,Scincella lateralis,Scincella lateralis,Ground Skink
Jefferson,Coluber constrictor,Coluber constrictor,Racer
Jefferson,Elaphe obsoleta,Pantherophis emoryi,Rat Snake
Jefferson,Heterodon platirhinos,Heterodon platirhinos,Eastern Hog-nosed Snake
Jefferson,Lampropeltis calligaster,Lampropeltis calligaster,Prairie Kingsnake
Jefferson,Nerodia erythrogaster,Nerodia erythrogaster,Plainbelly Water Snake
Jefferson,Nerodia sipedon,Nerodia sipedon,Northern Water Snake
Jefferson,Opheodrys aestivus,Opheodrys aestivus,Rough Greensnake
Jefferson,Thamnophis sirtalis,Thamnophis sirtalis,Common Gartersnake
Jefferson,Agkistrodon contortrix,Agkistrodon contortrix,Copperhead
Jefferson,Crotalus horridus,Crotalus horridus,Timber Rattlesnake
Jersey,Ambystoma texanum,Ambystoma texanum,Small-mouthed Salamander
Jersey,Ambystoma tigrinum,Ambystoma tigrinum,Tiger Salamander
Jersey,Eurycea longicauda,Eurycea longicauda,Long-tailed Salamander
Jersey,Hemidactylium scutatum,Hemidactylium scutatum,Four-toed Salamander
Jersey,Necturus maculosus,Necturus maculosus,Mudpuppy
Jersey,Bufo americanus,Anaxyrus americanus,American Toad
Jersey,Bufo fowleri,Anaxyrus fowleri,Fowler's Toad
Jersey,Acris crepitans,Acris crepitans,Cricket Frog
Jersey,Hyla versicolor- chrysoscelis,Hyla versicolor-chrysoscelis,Gray Treefrog Complex
Jersey,Pseudacris crucifer,Pseudacris crucifer,Spring Peeper
Jersey,Pseudacris triseriata,Pseudacris triseriata,Western Chorus Frog
Jersey,Rana blairi,Rana blairi,Plains Leopard Frog
Jersey,Rana catesbeiana,Rana catesbeiana,Bullfrog
Jersey,Rana clamitans,Rana clamitans,Green Frog
Jersey,Rana palustris,Rana palustris,Pickerel Frog
Jersey,Rana sphenocephala,Rana sphenocephala,Southern Leopard Frog
Jersey,Chelydra serpentina,Chelydra serpentina,Snapping Turtle
Jersey,Macroclemys temminckii,Macrochelys temminckii,Alligator Snapping Turtle
Jersey,Chrysemys picta,Chrysemys picta,Painted Turtle
Jersey,Graptemys geographica,Graptemys geographica,Map Turtle
Jersey,Graptemys ouachitensis,Graptemys ouachitensis,Ouachita Map Turtle
Jersey,Graptemys pseudogeographica,Graptemys pseudogeographica,False Map Turtle
Jersey,Pseudemys concinna,Pseudemys concinna,River Cooter
Jersey,Terrapene carolina,Terrapene carolina,Eastern Box Turtle
Jersey,Terrapene ornata,Terrapene ornata,Ornate Box Turtle
Jersey,Trachemys scripta,Trachemys scripta,Slider
Jersey,Kinosternon subrubrum,Kinosternon subrubrum,Eastern Mud Turtle
Jersey,Sternotherus odoratus,Sternotherus odoratus,Common Musk Turtle
Jersey,Apalone mutica,Apalone mutica,Smooth Softshell
Jersey,Apalone spinifera,Apalone spinifera,Spiny Softshell
Jersey,Ophisaurus attenuatus,Ophisaurus attenuatus,Slender Glass Lizard
Jersey,Sceloporus undulatus,Sceloporus undulatus,Fence Lizard
Jersey,Eumeces fasciatus,Plestiodon fasciatus,Five-lined Skink
Jersey,Eumeces laticeps,Plestiodon laticeps,Broad-headed Skink
Jersey,Scincella lateralis,Scincella lateralis,Ground Skink
Jersey,Cnemidophorus sexlineatus,Aspidoscelis sexlineata,Six-lined Racerunner
Jersey,Carphophis amoenus,Carphophis amoenus,Worm Snake
Jersey,Coluber constrictor,Coluber constrictor,Racer
Jersey,Diadophis punctatus,Diadophis punctatus,Ring-necked Snake
Jersey,Elaphe guttata,Pantherophis guttatus,Corn Snake
Jersey,Elaphe obsoleta,Pantherophis emoryi,Rat Snake
Jersey,Elaphe vulpina,Pantherophis vulpinus,Fox Snake
Jersey,Heterodon platirhinos,Heterodon platirhinos,Eastern Hog-nosed Snake
Jersey,Lampropeltis calligaster,Lampropeltis calligaster,Prairie Kingsnake
Jersey,Lampropeltis getula,Lampropeltis getula,Eastern Kingsnake
Jersey,Lampropeltis triangulum,Lampropeltis triangulum,Milk Snake
Jersey,Nerodia erythrogaster,Nerodia erythrogaster,Plainbelly Water Snake
Jersey,Nerodia rhombifer,Nerodia rhombifer,Diamond-backed Watersnake
Jersey,Nerodia sipedon,Nerodia sipedon,Northern Water Snake
Jersey,Opheodrys aestivus,Opheodrys aestivus,Rough Greensnake
Jersey,Regina grahamii,Regina grahamii,Graham's Crawfish Snake
Jersey,Storeria dekayi,Storeria dekayi,Brown Snake
Jersey,Storeria occipitomaculata,Storeria occipitomaculata,Red-bellied Snake
Jersey,Thamnophis proximus,Thamnophis proximus,Western Ribbon Snake
Jersey,Thamnophis radix,Thamnophis radix,Plains Gartersnake
Jersey,Thamnophis sirtalis,Thamnophis sirtalis,Common Gartersnake
Jersey,Virginia valeriae,Virginia valeriae,Smooth Earth Snake
Jersey,Agkistrodon contortrix,Agkistrodon contortrix,Copperhead
Jersey,Crotalus horridus,Crotalus horridus,Timber Rattlesnake
Jo Daviess,Bufo americanus,Anaxyrus americanus,American Toad
Jo Daviess,Acris crepitans,Acris crepitans,Cricket Frog
Jo Daviess,Hyla versicolor- chrysoscelis,Hyla versicolor-chrysoscelis,Gray Treefrog Complex
Jo Daviess,Pseudacris crucifer,Pseudacris crucifer,Spring Peeper
Jo Daviess,Pseudacris triseriata,Pseudacris triseriata,Western Chorus Frog
Jo Daviess,Rana catesbeiana,Rana catesbeiana,Bullfrog
Jo Daviess,Rana clamitans,Rana clamitans,Green Frog
Jo Daviess,Rana palustris,Rana palustris,Pickerel Frog
Jo Daviess,Rana pipiens,Rana pipiens,Northern Leopard Frog
Jo Daviess,Rana sylvatica,Rana sylvatica,Wood Frog
Jo Daviess,Chelydra serpentina,Chelydra serpentina,Snapping Turtle
Jo Daviess,Chrysemys picta,Chrysemys picta,Painted Turtle
Jo Daviess,Emydoidea blandingii,Emydoidea blandingii,Blanding’s Turtle
Jo Daviess,Graptemys geographica,Graptemys geographica,Map Turtle
Jo Daviess,Graptemys ouachitensis,Graptemys ouachitensis,Ouachita Map Turtle
Jo Daviess,Cnemidophorus sexlineatus,Aspidoscelis sexlineata,Six-lined Racerunner
Jo Daviess,Coluber constrictor,Coluber constrictor,Racer
Jo Daviess,Elaphe obsoleta,Pantherophis emoryi,Rat Snake
Jo Daviess,Elaphe vulpina,Pantherophis vulpinus,Fox Snake
Jo Daviess,Heterodon nasicus,Heterodon nasicus,Western Hog-nosed Snake
Jo Daviess,Heterodon platirhinos,Heterodon platirhinos,Eastern Hog-nosed Snake
Jo Daviess,Lampropeltis triangulum,Lampropeltis triangulum,Milk Snake
Jo Daviess,Nerodia sipedon,Nerodia sipedon,Northern Water Snake
Jo Daviess,Pituophis melanoleucus,Pituophis melanoleucus,Bull Snake
Jo Daviess,Storeria dekayi,Storeria dekayi,Brown Snake
Jo Daviess,Thamnophis sirtalis,Thamnophis sirtalis,Common Gartersnake
Jo Daviess,Crotalus horridus,Crotalus horridus,Timber Rattlesnake
Johnson,Ambystoma maculatum,Ambystoma maculatum,Spotted Salamander
Johnson,Ambystoma opacum,Ambystoma opacum,Marbled Salamander
Johnson,Ambystoma talpoideum,Ambystoma talpoideum,Mole Salamander
Johnson,Ambystoma texanum,Ambystoma texanum,Small-mouthed Salamander
Johnson,Ambystoma tigrinum,Ambystoma tigrinum,Eastern Tiger Salamander
Johnson,Eurycea cirrigera,Eurycea cirrigera,Southern Two-lined Salamander
Johnson,Eurycea longicauda,Eurycea longicauda,Long-tailed Salamander
Johnson,Eurycea lucifuga,Eurycea lucifuga,Cave Salamander
Johnson,Plethodon glutinosus,Plethodon glutinosus,Northern Slimy Salamander
Johnson,Notophthalmus viridescens,Notophthalmus viridescens,Eastern Newt
Johnson,Siren intermedia,Siren intermedia,Lesser Siren
Johnson,Anaxyrus americanus,Anaxyrus americanus,American Toad
Johnson,Anaxyrus fowleri,Anaxyrus fowleri,Fowler’s Toad
Johnson,Acris blanchardi,Acris blanchardi,Blanchard’s Cricket Frog
Johnson,Hyla avivoca,Hyla avivoca,Bird-voiced Treefrog
Johnson,Hyla cinerea,Hyla cinerea,Green Treefrog
Johnson,Hyla versicolor- chrysoscelis,Hyla versicolor-chrysoscelis,Gray Treefrog Complex
Johnson,Pseudacris triseriata,Pseudacris triseriata,Western Chorus Frog
Johnson,Scaphiopus holbrookii,Scaphiopus holbrookii,Eastern Spadefoot
Johnson,Rana catesbeiana,Rana catesbeiana,Bullfrog
Johnson,Rana clamitans,Rana clamitans,Green Frog
Johnson,Rana palustris,Rana palustris,Pickerel Frog
Johnson,Rana sphenocephala,Rana sphenocephala,Southern Leopard Frog
Johnson,Chelydra serpentina,Chelydra serpentina,Snapping Turtle
Johnson,Chrysemys picta,Chrysemys picta,Painted Turtle
Johnson,Terrapene carolina,Terrapene carolina,Eastern Box Turtle
Johnson,Trachemys scripta,Trachemys scripta,Slider
Johnson,Kinosternon subrubrum,Kinosternon subrubrum,Eastern Mud Turtle
Johnson,Sceloporus undulatus,Sceloporus undulatus,Fence Lizard
Johnson,Plestiodon fasciatus,Plestiodon fasciatus,Common Five-lined Skink
Johnson,Plestiodon laticeps,Plestiodon laticeps,Broad-headed Skink
Johnson,Scincella lateralis,Scincella lateralis,Ground Skink
Johnson,Aspidoscelis sexlineata,Aspidoscelis sexlineata,Six-lined Racerunner
Johnson,Carphophis amoenus,Carphophis amoenus,Common Wormsnake
Johnson,Coluber constrictor,Coluber constrictor,Racer
Johnson,Diadophis punctatus,Diadophis punctatus,Ring-necked Snake
Johnson,Pantherophis spiloides,Pantherophis spiloides,Gray Ratsnake
Johnson,Heterodon platirhinos,Heterodon platirhinos,Eastern Hog-nosed Snake
Johnson,Lampropeltis calligaster,Lampropeltis calligaster,Prairie Kingsnake
Johnson,Lampropeltis getula,Lampropeltis getula,Common Kingsnake
Johnson,Lampropeltis triangulum,Lampropeltis triangulum,Milksnake
Johnson,Nerodia erythrogaster,Nerodia erythrogaster,Plain-bellied Watersnake
Johnson,Nerodia rhombifer,Nerodia rhombifer,Diamond-backed Watersnake
Johnson,Nerodia sipedon,Nerodia sipedon,Northern Watersnake
Johnson,Opheodrys aestivus,Opheodrys aestivus,Rough Greensnake
Johnson,Storeria dekayi,Storeria dekayi,Dekay’s Brownsnake
Johnson,Storeria occipitomaculata,Storeria occipitomaculata,Red-bellied Snake
Johnson,Thamnophis sauritus,Thamnophis saurita,Eastern Ribbonsnake
Johnson,Thamnophis sirtalis,Thamnophis sirtalis,Common Gartersnake
Johnson,Virginia valeriae,Virginia valeriae,Smooth Earthsnake
Johnson,Agkistrodon contortrix,Agkistrodon contortrix,Copperhead
Johnson,Agkistrodon piscivorus,Agkistrodon piscivorus,Cottonmouth
Johnson,Crotalus horridus,Crotalus horridus,Timber Rattlesnake
Kane,Ambystoma tigrinum,Ambystoma tigrinum,Tiger Salamander
Kane,Necturus maculosus,Necturus maculosus,Mudpuppy
Kane,Bufo americanus,Anaxyrus americanus,American Toad
Kane,Acris crepitans,Acris crepitans,Cricket Frog
Kane,Pseudacris triseriata,Pseudacris triseriata,Western Chorus Frog
Kane,Rana catesbeiana,Rana catesbeiana,Bullfrog
Kane,Rana clamitans,Rana clamitans,Green Frog
Kane,Rana palustris,Rana palustris,Pickerel Frog
Kane,Rana pipiens,Rana pipiens,Northern Leopard Frog
Kane,Chelydra serpentina,Chelydra serpentina,Snapping Turtle
Kane,Chrysemys picta,Chrysemys picta,Painted Turtle
Kane,Emydoidea blandingii,Emydoidea blandingii,Blanding’s Turtle
Kane,Trachemys scripta,Trachemys scripta,Slider
Kane,Sternotherus odoratus,Sternotherus odoratus,Common Musk Turtle
Kane,Apalone spinifera,Apalone spinifera,Spiny Softshell
Kane,Elaphe vulpina,Pantherophis vulpinus,Fox Snake
Kane,Lampropeltis triangulum,Lampropeltis triangulum,Milk Snake
Kane,Nerodia sipedon,Nerodia sipedon,Northern Water Snake
Kane,Regina septemvittata,Regina septemvittata,Queen Snake
Kane,Storeria dekayi,Storeria dekayi,Brown Snake
Kane,Storeria occipitomaculata,Storeria occipitomaculata,Red-bellied Snake
Kane,Thamnophis radix,Thamnophis radix,Plains Gartersnake
Kane,Thamnophis sirtalis,Thamnophis sirtalis,Common Gartersnake
Kankakee,Ambystoma texanum,Ambystoma texanum,Small-mouthed Salamander
Kankakee,Eurycea cirrigera,Eurycea cirrigera,Southern Two-lined Salamander
Kankakee,Bufo americanus,Anaxyrus americanus,American Toad
Kankakee,Bufo fowleri,Anaxyrus fowleri,Fowler’s Toad
Kankakee,Acris crepitans,Acris crepitans,Cricket Frog
Kankakee,Hyla versicolor- chrysoscelis,Hyla versicolor-chrysoscelis,Gray Treefrog Complex
Kankakee,Pseudacris triseriata,Pseudacris triseriata,Western Chorus Frog
Kankakee,Rana blairi,Rana blairi,Plains Leopard Frog
Kankakee,Rana catesbeiana,Rana catesbeiana,Bullfrog
Kankakee,Rana clamitans,Rana clamitans,Green Frog
Kankakee,Rana pipiens,Rana pipiens,Northern Leopard Frog
Kankakee,Chelydra serpentina,Chelydra serpentina,Snapping Turtle
Kankakee,Chrysemys picta,Chrysemys picta,Painted Turtle
Kankakee,Emydoidea blandingii,Emydoidea blandingii,Blanding’s Turtle
Kankakee,Graptemys geographica,Graptemys geographica,Map Turtle
Kankakee,Terrapene carolina,Terrapene carolina,Eastern Box Turtle
Kankakee,Terrapene ornata,Terrapene ornata,Ornate Box Turtle
Kankakee,Trachemys scripta,Trachemys scripta,Slider
Kankakee,Sternotherus odoratus,Sternotherus odoratus,Common Musk Turtle
Kankakee,Apalone spinifera,Apalone spinifera,Spiny Softshell
Kankakee,Ophisaurus attenuatus,Ophisaurus attenuatus,Slender Glass Lizard
Kankakee,Cnemidophorus sexlineatus,Aspidoscelis sexlineata,Six-lined Racerunner
Kankakee,Coluber constrictor,Coluber constrictor,Racer
Kankakee,Elaphe vulpina,Pantherophis vulpinus,Fox Snake
Kankakee,Heterodon nasicus,Heterodon nasicus,Western Hog-nosed Snake
Kankakee,Heterodon platirhinos,Heterodon platirhinos,Eastern Hog-nosed Snake
Kankakee,Lampropeltis triangulum,Lampropeltis triangulum,Milk Snake
Kankakee,Nerodia sipedon,Nerodia sipedon,Northern Water Snake
Kankakee,Opheodrys vernalis,Opheodrys vernalis,Smooth Greensnake
Kankakee,Pituophis melanoleucus,Pituophis melanoleucus,Bull Snake
Kankakee,Storeria dekayi,Storeria dekayi,Brown Snake
Kankakee,Thamnophis radix,Thamnophis radix,Plains Gartersnake
Kankakee,Thamnophis sirtalis,Thamnophis sirtalis,Common Gartersnake
Kendall,Ambystoma tigrinum,Ambystoma tigrinum,Tiger Salamander
Kendall,Necturus maculosus,Necturus maculosus,Mudpuppy
Kendall,Bufo americanus,Anaxyrus americanus,American Toad
Kendall,Acris crepitans,Acris crepitans,Cricket Frog
Kendall,Hyla versicolor- chrysoscelis,Hyla versicolor-chrysoscelis,Gray Treefrog Complex
Kendall,Pseudacris triseriata,Pseudacris triseriata,Western Chorus Frog
Kendall,Rana clamitans,Rana clamitans,Green Frog
Kendall,Rana pipiens,Rana pipiens,Northern Leopard Frog
Kendall,Chelydra serpentina,Chelydra serpentina,Snapping Turtle
Kendall,Chrysemys picta,Chrysemys picta,Painted Turtle
Kendall,Graptemys geographica,Graptemys geographica,Map Turtle
Kendall,Apalone spinifera,Apalone spinifera,Spiny Softshell
Kendall,Cnemidophorus sexlineatus,Aspidoscelis sexlineata,Six-lined Racerunner
Kendall,Elaphe vulpina,Pantherophis vulpinus,Fox Snake
Kendall,Nerodia sipedon,Nerodia sipedon,Northern Water Snake
Kendall,Regina septemvittata,Regina septemvittata,Queen Snake
Kendall,Storeria dekayi,Storeria dekayi,Brown Snake
Kendall,Thamnophis radix,Thamnophis radix,Plains Gartersnake
Kendall,Thamnophis sirtalis,Thamnophis sirtalis,Common Gartersnake
Knox,Plethodon glutinosus,Plethodon glutinosus,Northern Slimy Salamander
Knox,Hemidactylium scutatum,Hemidactylium scutatum,Four-toed Salamander
Knox,Bufo americanus,Anaxyrus americanus,American Toad
Knox,Acris crepitans,Acris crepitans,Cricket Frog
Knox,Rana catesbeiana,Rana catesbeiana,Bullfrog
Knox,Ophisaurus attenuatus,Ophisaurus attenuatus,Slender Glass Lizard
Knox,Elaphe vulpina,Pantherophis vulpinus,Fox Snake
Knox,Heterodon platirhinos,Heterodon platirhinos,Eastern Hog-nosed Snake
Knox,Nerodia sipedon,Nerodia sipedon,Northern Water Snake
Knox,Opheodrys vernalis,Opheodrys vernalis,Smooth Greensnake
Knox,Storeria dekayi,Storeria dekayi,Brown Snake
Knox,Storeria occipitomaculata,Storeria occipitomaculata,Red-bellied Snake
Knox,Thamnophis radix,Thamnophis radix,Plains Gartersnake
Knox,Thamnophis sirtalis,Thamnophis sirtalis,Common Gartersnake
Knox,Virginia valeriae,Virginia valeriae,Smooth Earth Snake
Knox,Sistrurus catenatus,Sistrurus catenatus,Massasauga
Lake,Ambystoma laterale,Ambystoma laterale,Blue-spotted Salamander
Lake,Ambystoma maculatum,Ambystoma maculatum,Spotted Salamander
Lake,Ambystoma tigrinum,Ambystoma tigrinum,Tiger Salamander
Lake,Hemidactylium scutatum,Hemidactylium scutatum,Four-toed Salamander
Lake,Necturus maculosus,Necturus maculosus,Mudpuppy
Lake,Notophthalmus viridescens,Notophthalmus viridescens,Eastern Newt
Lake,Bufo americanus,Anaxyrus americanus,American Toad
Lake,Bufo fowleri,Anaxyrus fowleri,Fowler’s Toad
Lake,Acris crepitans,Acris crepitans,Cricket Frog
Lake,Hyla versicolor- chrysoscelis,Hyla versicolor-chrysoscelis,Gray Treefrog Complex
Lake,Pseudacris crucifer,Pseudacris crucifer,Spring Peeper
Lake,Pseudacris triseriata,Pseudacris triseriata,Western Chorus Frog
Lake,Rana catesbeiana,Rana catesbeiana,Bullfrog
Lake,Rana clamitans,Rana clamitans,Green Frog
Lake,Rana pipiens,Rana pipiens,Northern Leopard Frog
Lake,Rana sylvatica,Rana sylvatica,Wood Frog
Lake,Chelydra serpentina,Chelydra serpentina,Snapping Turtle
Lake,Chrysemys picta,Chrysemys picta,Painted Turtle
Lake,Emydoidea blandingii,Emydoidea blandingii,Blanding’s Turtle
Lake,Graptemys geographica,Graptemys geographica,Map Turtle
Lake,Terrapene carolina,Terrapene carolina,Eastern Box Turtle
Lake,Kinosternon flavescens,Kinosternon flavescens,Yellow Mud Turtle
Lake,Sternotherus odoratus,Sternotherus odoratus,Common Musk Turtle
Lake,Apalone spinifera,Apalone spinifera,Spiny Softshell
Lake,Eumeces fasciatus,Plestiodon fasciatus,Five-lined Skink
Lake,Clonophis kirtlandii,Clonophis kirtlandii,Kirtland’s Snake
Lake,Elaphe vulpina,Pantherophis vulpinus,Fox Snake
Lake,Heterodon platirhinos,Heterodon platirhinos,Eastern Hog-nosed Snake
Lake,Lampropeltis triangulum,Lampropeltis triangulum,Milk Snake
Lake,Nerodia sipedon,Nerodia sipedon,Northern Water Snake
Lake,Opheodrys aestivus,Opheodrys aestivus,Rough Greensnake
Lake,Opheodrys vernalis,Opheodrys vernalis,Smooth Greensnake
Lake,Regina septemvittata,Regina septemvittata,Queen Snake
Lake,Storeria dekayi,Storeria dekayi,Brown Snake
Lake,Storeria occipitomaculata,Storeria occipitomaculata,Red-bellied Snake
Lake,Thamnophis radix,Thamnophis radix,Plains Gartersnake
Lake,Thamnophis sirtalis,Thamnophis sirtalis,Common Gartersnake
Lake,Sistrurus catenatus,Sistrurus catenatus,Massasauga
LaSalle,Ambystoma tigrinum,Ambystoma tigrinum,Tiger Salamander
LaSalle,Hemidactylium scutatum,Hemidactylium scutatum,Four-toed Salamander
LaSalle,Bufo americanus,Anaxyrus americanus,American Toad
LaSalle,Bufo fowleri,Anaxyrus fowleri,Fowler’s Toad
LaSalle,Acris crepitans,Acris crepitans,Cricket Frog
LaSalle,Hyla versicolor- chrysoscelis,Hyla versicolor-chrysoscelis,Gray Treefrog Complex
LaSalle,Pseudacris crucifer,Pseudacris crucifer,Spring Peeper
LaSalle,Pseudacris triseriata,Pseudacris triseriata,Western Chorus Frog
LaSalle,Rana blairi,Rana blairi,Plains Leopard Frog
LaSalle,Rana catesbeiana,Rana catesbeiana,Bullfrog
LaSalle,Rana clamitans,Rana clamitans,Green Frog
LaSalle,Rana pipiens,Rana pipiens,Northern Leopard Frog
LaSalle,Chelydra serpentina,Chelydra serpentina,Snapping Turtle
LaSalle,Chrysemys picta,Chrysemys picta,Painted Turtle
LaSalle,Emydoidea blandingii,Emydoidea blandingii,Blanding’s Turtle
LaSalle,Coluber constrictor,Coluber constrictor,Racer
LaSalle,Elaphe obsoleta,Pantherophis emoryi,Rat Snake
LaSalle,Elaphe vulpina,Pantherophis vulpinus,Fox Snake
LaSalle,Heterodon platirhinos,Heterodon platirhinos,Eastern Hog-nosed Snake
LaSalle,Lampropeltis triangulum,Lampropeltis triangulum,Milk Snake
LaSalle,Nerodia sipedon,Nerodia sipedon,Northern Water Snake
LaSalle,Opheodrys vernalis,Opheodrys vernalis,Smooth Greensnake
LaSalle,Regina septemvittata,Regina septemvittata,Queen Snake
LaSalle,Storeria dekayi,Storeria dekayi,Brown Snake
LaSalle,Thamnophis radix,Thamnophis radix,Plains Gartersnake
LaSalle,Thamnophis sirtalis,Thamnophis sirtalis,Common Gartersnake
LaSalle,Crotalus horridus,Crotalus horridus,Timber Rattlesnake
Lawrence,Ambystoma texanum,Ambystoma texanum,Small-mouthed Salamander
Lawrence,Cryptobranchus alleganiensis,Cryptobranchus alleganiensis,Hellbender
Lawrence,Hemidactylium scutatum,Hemidactylium scutatum,Four-toed Salamander
Lawrence,Acris crepitans,Acris crepitans,Cricket Frog
Lawrence,Pseudacris triseriata,Pseudacris triseriata,Western Chorus Frog
Lawrence,Rana areolata,Rana areolata,Crawfish Frog
Lawrence,Rana sphenocephala,Rana sphenocephala,Southern Leopard Frog
Lawrence,Chelydra serpentina,Chelydra serpentina,Snapping Turtle
Lawrence,Terrapene carolina,Terrapene carolina,Eastern Box Turtle
Lawrence,Eumeces fasciatus,Plestiodon fasciatus,Five-lined Skink
Lawrence,Elaphe obsoleta,Pantherophis emoryi,Rat Snake
Lawrence,Nerodia sipedon,Nerodia sipedon,Northern Water Snake
Lawrence,Thamnophis sauritus,Thamnophis saurita,Eastern Ribbon Snake
Lee,Ambystoma tigrinum,Ambystoma tigrinum,Tiger Salamander
Lee,Notophthalmus viridescens,Notophthalmus viridescens,Eastern Newt
Lee,Bufo americanus,Anaxyrus americanus,American Toad
Lee,Hyla versicolor- chrysoscelis,Hyla versicolor-chrysoscelis,Gray Treefrog Complex
Lee,Pseudacris crucifer,Pseudacris crucifer,Spring Peeper
Lee,Pseudacris triseriata,Pseudacris triseriata,Western Chorus Frog
Lee,Rana catesbeiana,Rana catesbeiana,Bullfrog
Lee,Rana clamitans,Rana clamitans,Green Frog
Lee,Rana palustris,Rana palustris,Pickerel Frog
Lee,Rana pipiens,Rana pipiens,Northern Leopard Frog
Lee,Chelydra serpentina,Chelydra serpentina,Snapping Turtle
Lee,Chrysemys picta,Chrysemys picta,Painted Turtle
Lee,Emydoidea blandingii,Emydoidea blandingii,Blanding’s Turtle
Lee,Terrapene ornata,Terrapene ornata,Ornate Box Turtle
Lee,Kinosternon flavescens,Kinosternon flavescens,Yellow Mud Turtle
Lee,Apalone spinifera,Apalone spinifera,Spiny Softshell
Lee,Ophisaurus attenuatus,Ophisaurus attenuatus,Slender Glass Lizard
Lee,Cnemidophorus sexlineatus,Aspidoscelis sexlineata,Six-lined Racerunner
Lee,Coluber constrictor,Coluber constrictor,Racer
Lee,Elaphe vulpina,Pantherophis vulpinus,Fox Snake
Lee,Heterodon nasicus,Heterodon nasicus,Western Hog-nosed Snake
Lee,Heterodon platirhinos,Heterodon platirhinos,Eastern Hog-nosed Snake
Lee,Opheodrys vernalis,Opheodrys vernalis,Smooth Greensnake
Lee,Regina septemvittata,Regina septemvittata,Queen Snake
Lee,Storeria dekayi,Storeria dekayi,Brown Snake
Lee,Thamnophis proximus,Thamnophis proximus,Western Ribbon Snake
Lee,Thamnophis radix,Thamnophis radix,Plains Gartersnake
Lee,Thamnophis sirtalis,Thamnophis sirtalis,Common Gartersnake
Livingston,Bufo americanus,Anaxyrus americanus,American Toad
Livingston,Acris crepitans,Acris crepitans,Cricket Frog
Livingston,Rana blairi,Rana blairi,Plains Leopard Frog
Livingston,Rana catesbeiana,Rana catesbeiana,Bullfrog
Livingston,Chrysemys picta,Chrysemys picta,Painted Turtle
Livingston,Elaphe vulpina,Pantherophis vulpinus,Fox Snake
Livingston,Nerodia sipedon,Nerodia sipedon,Northern Water Snake
Livingston,Opheodrys vernalis,Opheodrys vernalis,Smooth Greensnake
Livingston,Storeria dekayi,Storeria dekayi,Brown Snake
Livingston,Thamnophis radix,Thamnophis radix,Plains Gartersnake
Logan,Bufo americanus,Anaxyrus americanus,American Toad
Logan,Bufo fowleri,Anaxyrus fowleri,Fowler’s Toad
Logan,Acris crepitans,Acris crepitans,Cricket Frog
Logan,Rana blairi,Rana blairi,Plains Leopard Frog
Logan,Rana catesbeiana,Rana catesbeiana,Bullfrog
Logan,Rana sphenocephala,Rana sphenocephala,Southern Leopard Frog
Logan,Apalone spinifera,Apalone spinifera,Spiny Softshell
Logan,Lampropeltis calligaster,Lampropeltis calligaster,Prairie Kingsnake
Logan,Nerodia sipedon,Nerodia sipedon,Northern Water Snake
Logan,Pituophis melanoleucus,Pituophis melanoleucus,Bull Snake
Logan,Regina grahamii,Regina grahamii,Graham’s Crawfish Snake
Logan,Thamnophis radix,Thamnophis radix,Plains Gartersnake
Logan,Thamnophis sirtalis,Thamnophis sirtalis,Common Gartersnake
Logan,Sistrurus catenatus,Sistrurus catenatus,Massasauga
Macon,Ambystoma texanum,Ambystoma texanum,Small-mouthed Salamander
Macon,Necturus maculosus,Necturus maculosus,Mudpuppy
Macon,Bufo americanus,Anaxyrus americanus,American Toad
Macon,Bufo fowleri,Anaxyrus fowleri,Fowler’s Toad
Macon,Acris crepitans,Acris crepitans,Cricket Frog
Macon,Pseudacris triseriata,Pseudacris triseriata,Western Chorus Frog
Macon,Rana blairi,Rana blairi,Plains Leopard Frog
Macon,Rana catesbeiana,Rana catesbeiana,Bullfrog
Macon,Rana clamitans,Rana clamitans,Green Frog
Macon,Rana sphenocephala,Rana sphenocephala,Southern Leopard Frog
Macon,Chelydra serpentina,Chelydra serpentina,Snapping Turtle
Macon,Chrysemys picta,Chrysemys picta,Painted Turtle
Macon,Apalone spinifera,Apalone spinifera,Spiny Softshell
Macon,Sceloporus undulatus,Sceloporus undulatus,Fence Lizard
Macon,Clonophis kirtlandii,Clonophis kirtlandii,Kirtland’s Snake
Macon,Coluber constrictor,Coluber constrictor,Racer
Macon,Elaphe obsoleta,Pantherophis emoryi,Rat Snake
Macon,Heterodon platirhinos,Heterodon platirhinos,Eastern Hog-nosed Snake
Macon,Lampropeltis calligaster,Lampropeltis calligaster,Prairie Kingsnake
Macon,Nerodia sipedon,Nerodia sipedon,Northern Water Snake
Macon,Thamnophis radix,Thamnophis radix,Plains Gartersnake
Macon,Thamnophis sirtalis,Thamnophis sirtalis,Common Gartersnake
Macon,Tropidoclonion lineatum,Tropidoclonion lineatum,Lined Snake
Macoupin,Ambystoma texanum,Ambystoma texanum,Small-mouthed Salamander
Macoupin,Ambystoma tigrinum,Ambystoma tigrinum,Tiger Salamander
Macoupin,Plethodon glutinosus,Plethodon glutinosus,Northern Slimy Salamander
Macoupin,Siren intermedia,Siren intermedia,Lesser Siren
Macoupin,Bufo americanus,Anaxyrus americanus,American Toad
Macoupin,Bufo fowleri,Anaxyrus fowleri,Fowler’s Toad
Macoupin,Acris crepitans,Acris crepitans,Cricket Frog
Macoupin,Hyla versicolor- chrysoscelis,Hyla versicolor-chrysoscelis,Gray Treefrog Complex
Macoupin,Pseudacris crucifer,Pseudacris crucifer,Spring Peeper
Macoupin,Pseudacris triseriata,Pseudacris triseriata,Western Chorus Frog
Macoupin,Rana catesbeiana,Rana catesbeiana,Bullfrog
Macoupin,Rana palustris,Rana palustris,Pickerel Frog
Macoupin,Rana sphenocephala,Rana sphenocephala,Southern Leopard Frog
Macoupin,Chelydra serpentina,Chelydra serpentina,Snapping Turtle
Macoupin,Chrysemys picta,Chrysemys picta,Painted Turtle
Macoupin,Terrapene carolina,Terrapene carolina,Eastern Box Turtle
Macoupin,Terrapene ornata,Terrapene ornata,Ornate Box Turtle
Macoupin,Trachemys scripta,Trachemys scripta,Slider
Macoupin,Sternotherus odoratus,Sternotherus odoratus,Common Musk Turtle
Macoupin,Apalone spinifera,Apalone spinifera,Spiny Softshell
Macoupin,Sceloporus undulatus,Sceloporus undulatus,Fence Lizard
Macoupin,Eumeces fasciatus,Plestiodon fasciatus,Five-lined Skink
Macoupin,Coluber constrictor,Coluber constrictor,Racer
Macoupin,Elaphe obsoleta,Pantherophis emoryi,Rat Snake
Macoupin,Heterodon platirhinos,Heterodon platirhinos,Eastern Hog-nosed Snake
Macoupin,Lampropeltis calligaster,Lampropeltis calligaster,Prairie Kingsnake
Macoupin,Lampropeltis getula,Lampropeltis getula,Common Kingsnake
Macoupin,Nerodia sipedon,Nerodia sipedon,Northern Water Snake
Macoupin,Opheodrys aestivus,Opheodrys aestivus,Rough Greensnake
Macoupin,Regina grahamii,Regina grahamii,Graham’s Crawfish Snake
Macoupin,Storeria dekayi,Storeria dekayi,Brown Snake
Macoupin,Thamnophis sirtalis,Thamnophis sirtalis,Common Gartersnake
Macoupin,Tropidoclonion lineatum,Tropidoclonion lineatum,Lined Snake
Madison,Ambystoma texanum,Ambystoma texanum,Small-mouthed Salamander
Madison,Ambystoma tigrinum,Ambystoma tigrinum,Tiger Salamander
Madison,Eurycea longicauda,Eurycea longicauda,Long-tailed Salamander
Madison,Siren intermedia,Siren intermedia,Lesser Siren
Madison,Bufo americanus,Anaxyrus americanus,American Toad
Madison,Bufo fowleri,Anaxyrus fowleri,Fowler’s Toad
Madison,Acris crepitans,Acris crepitans,Cricket Frog
Madison,Hyla versicolor- chrysoscelis,Hyla versicolor-chrysoscelis,Gray Treefrog Complex
Madison,Pseudacris crucifer,Pseudacris crucifer,Spring Peeper
Madison,Pseudacris streckeri,Pseudacris streckeri,Streker’s Chorus Frog
Madison,Pseudacris triseriata,Pseudacris triseriata,Western Chorus Frog
Madison,Rana blairi,Rana blairi,Plains Leopard Frog
Madison,Rana catesbeiana,Rana catesbeiana,Bullfrog
Madison,Rana clamitans,Rana clamitans,Green Frog
Madison,Rana palustris,Rana palustris,Pickerel Frog
Madison,Rana pipiens,Rana pipiens,Northern Leopard Frog
Madison,Rana sphenocephala,Rana sphenocephala,Southern Leopard Frog
Madison,Chelydra serpentina,Chelydra serpentina,Snapping Turtle
Madison,Chrysemys picta,Chrysemys picta,Painted Turtle
Madison,Graptemys geographica,Graptemys geographica,Map Turtle
Madison,Terrapene carolina,Terrapene carolina,Eastern Box Turtle
Madison,Terrapene ornata,Terrapene ornata,Ornate Box Turtle
Madison,Trachemys scripta,Trachemys scripta,Slider
Madison,Sternotherus odoratus,Sternotherus odoratus,Common Musk Turtle
Madison,Apalone spinifera,Apalone spinifera,Spiny Softshell
Madison,Ophisaurus attenuatus,Ophisaurus attenuatus,Slender Glass Lizard
Madison,Sceloporus undulatus,Sceloporus undulatus,Fence Lizard
Madison,Eumeces fasciatus,Plestiodon fasciatus,Five-lined Skink
Madison,Eumeces laticeps,Plestiodon laticeps,Broad-headed Skink
Madison,Scincella lateralis,Scincella lateralis,Ground Skink
Madison,Cnemidophorus sexlineatus,Aspidoscelis sexlineata,Six-lined Racerunner
Madison,Carphophis amoenus,Carphophis amoenus,Worm Snake
Madison,Coluber constrictor,Coluber constrictor,Racer
Madison,Diadophis punctatus,Diadophis punctatus,Ring-necked Snake
Madison,Elaphe guttata,Pantherophis guttatus,Corn Snake
Madison,Elaphe obsoleta,Pantherophis emoryi,Rat Snake
Madison,Elaphe vulpina,Pantherophis vulpinus,Fox Snake
Madison,Heterodon platirhinos,Heterodon platirhinos,Eastern Hog-nosed Snake
Madison,Lampropeltis calligaster,Lampropeltis calligaster,Prairie Kingsnake
Madison,Lampropeltis triangulum,Lampropeltis triangulum,Milk Snake
Madison,Nerodia erythrogaster,Nerodia erythrogaster,Plainbelly Water Snake
Madison,Nerodia rhombifer,Nerodia rhombifer,Diamond-backed Watersnake
Madison,Nerodia sipedon,Nerodia sipedon,Northern Water Snake
Madison,Opheodrys aestivus,Opheodrys aestivus,Rough Greensnake
Madison,Pituophis melanoleucus,Pituophis melanoleucus,Bull Snake
Madison,Regina grahamii,Regina grahamii,Graham’s Crawfish Snake
Madison,Storeria dekayi,Storeria dekayi,Brown Snake
Madison,Thamnophis proximus,Thamnophis proximus,Western Ribbon Snake
Madison,Thamnophis radix,Thamnophis radix,Plains Gartersnake
Madison,Thamnophis sirtalis,Thamnophis sirtalis,Common Gartersnake
Madison,Tropidoclonion lineatum,Tropidoclonion lineatum,Lined Snake
Madison,Agkistrodon contortrix,Agkistrodon contortrix,Copperhead
Madison,Crotalus horridus,Crotalus horridus,Timber Rattlesnake
Madison,Sistrurus catenatus,Sistrurus catenatus,Massasauga
Marion,Ambystoma opacum,Ambystoma opacum,Marbled Salamander
Marion,Ambystoma tigrinum,Ambystoma tigrinum,Tiger Salamander
Marion,Plethodon glutinosus,Plethodon glutinosus,Northern Slimy Salamander
Marion,Siren intermedia,Siren intermedia,Lesser Siren
Marion,Bufo fowleri,Anaxyrus fowleri,Fowler’s Toad
Marion,Acris crepitans,Acris crepitans,Cricket Frog
Marion,Hyla versicolor- chrysoscelis,Hyla versicolor-chrysoscelis,Gray Treefrog Complex
Marion,Pseudacris crucifer,Pseudacris crucifer,Spring Peeper
Marion,Pseudacris triseriata,Pseudacris triseriata,Western Chorus Frog
Marion,Rana areolata,Rana areolata,Crawfish Frog
Marion,Rana catesbeiana,Rana catesbeiana,Bullfrog
Marion,Rana sphenocephala,Rana sphenocephala,Southern Leopard Frog
Marion,Chrysemys picta,Chrysemys picta,Painted Turtle
Marion,Terrapene carolina,Terrapene carolina,Eastern Box Turtle
Marion,Terrapene ornata,Terrapene ornata,Ornate Box Turtle
Marion,Trachemys scripta,Trachemys scripta,Slider
Marion,Sternotherus odoratus,Sternotherus odoratus,Common Musk Turtle
Marion,Ophisaurus attenuatus,Ophisaurus attenuatus,Slender Glass Lizard
Marion,Sceloporus undulatus,Sceloporus undulatus,Fence Lizard
Marion,Eumeces fasciatus,Plestiodon fasciatus,Five-lined Skink
Marion,Eumeces laticeps,Plestiodon laticeps,Broad-headed Skink
Marion,Clonophis kirtlandii,Clonophis kirtlandii,Kirtland’s Snake
Marion,Coluber constrictor,Coluber constrictor,Racer
Marion,Elaphe obsoleta,Pantherophis emoryi,Rat Snake
Marion,Nerodia sipedon,Nerodia sipedon,Northern Water Snake
Marion,Opheodrys aestivus,Opheodrys aestivus,Rough Greensnake
Marion,Opheodrys vernalis,Opheodrys vernalis,Smooth Greensnake
Marion,Regina grahamii,Regina grahamii,Graham’s Crawfish Snake
Marion,Thamnophis sirtalis,Thamnophis sirtalis,Common Gartersnake
Marshall,Bufo americanus,Anaxyrus americanus,American Toad
Marshall,Bufo fowleri,Anaxyrus fowleri,Fowler’s Toad
Marshall,Acris crepitans,Acris crepitans,Cricket Frog
Marshall,Rana blairi,Rana blairi,Plains Leopard Frog
Marshall,Rana catesbeiana,Rana catesbeiana,Bullfrog
Marshall,Rana clamitans,Rana clamitans,Green Frog
Marshall,Chrysemys picta,Chrysemys picta,Painted Turtle
Marshall,Terrapene ornata,Terrapene ornata,Ornate Box Turtle
Marshall,Trachemys scripta,Trachemys scripta,Slider
Marshall,Apalone spinifera,Apalone spinifera,Spiny Softshell
Marshall,Cnemidophorus sexlineatus,Aspidoscelis sexlineata,Six-lined Racerunner
Marshall,Elaphe vulpina,Pantherophis vulpinus,Fox Snake
Marshall,Heterodon platirhinos,Heterodon platirhinos,Eastern Hog-nosed Snake
Marshall,Lampropeltis triangulum,Lampropeltis triangulum,Milk Snake
Marshall,Nerodia sipedon,Nerodia sipedon,Northern Water Snake
Marshall,Pituophis melanoleucus,Pituophis melanoleucus,Bull Snake
Marshall,Storeria dekayi,Storeria dekayi,Brown Snake
Marshall,Thamnophis sirtalis,Thamnophis sirtalis,Common Gartersnake
Mason,Ambystoma texanum,Ambystoma texanum,Small-mouthed Salamander
Mason,Ambystoma tigrinum,Ambystoma tigrinum,Tiger Salamander
Mason,Siren intermedia,Siren intermedia,Lesser Siren
Mason,Bufo americanus,Anaxyrus americanus,American Toad
Mason,Bufo fowleri,Anaxyrus fowleri,Fowler’s Toad
Mason,Acris crepitans,Acris crepitans,Cricket Frog
Mason,Hyla versicolor- chrysoscelis,Hyla versicolor-chrysoscelis,Gray Treefrog Complex
Mason,Pseudacris trickery,Pseudacris streckeri,Streker’s Chorus Frog
Mason,Pseudacris triseriata,Pseudacris triseriata,Western Chorus Frog
Mason,Rana blairi,Rana blairi,Plains Leopard Frog
Mason,Rana catesbeiana,Rana catesbeiana,Bullfrog
Mason,Rana clamitans,Rana clamitans,Green Frog
Mason,Rana sphenocephala,Rana sphenocephala,Southern Leopard Frog
Mason,Chelydra serpentina,Chelydra serpentina,Snapping Turtle
Mason,Macroclemys temminckii,Macrochelys temminckii,Alligator Snapping Turtle
Mason,Chrysemys picta,Chrysemys picta,Painted Turtle
Mason,Emydoidea blandingii,Emydoidea blandingii,Blanding’s Turtle
Mason,Graptemys geographica,Graptemys geographica,Map Turtle
Mason,Graptemys ouachitensis,Graptemys ouachitensis,Ouachita Map Turtle
Mason,Graptemys pseudogeographica,Graptemys pseudogeographica,False Map Turtle
Mason,Terrapene ornata,Terrapene ornata,Ornate Box Turtle
Mason,Trachemys scripta,Trachemys scripta,Slider
Mason,Kinosternon flavescens,Kinosternon flavescens,Yellow Mud Turtle
Mason,Sternotherus odoratus,Sternotherus odoratus,Common Musk Turtle
Mason,Apalone mutica,Apalone mutica,Smooth Softshell
Mason,Apalone spinifera,Apalone spinifera,Spiny Softshell
Mason,Scincella lateralis,Scincella lateralis,Ground Skink
Mason,Cnemidophorus sexlineatus,Aspidoscelis sexlineata,Six-lined Racerunner
Mason,Coluber constrictor,Coluber constrictor,Racer
Mason,Diadophis punctatus,Diadophis punctatus,Ring-necked Snake
Mason,Elaphe vulpina,Pantherophis vulpinus,Fox Snake
Mason,Heterodon nasicus,Heterodon nasicus,Western Hog-nosed Snake
Mason,Heterodon platirhinos,Heterodon platirhinos,Eastern Hog-nosed Snake
Mason,Lampropeltis calligaster,Lampropeltis calligaster,Prairie Kingsnake
Mason,Nerodia rhombifer,Nerodia rhombifer,Diamond-backed Watersnake
Mason,Nerodia sipedon,Nerodia sipedon,Northern Water Snake
Mason,Pituophis melanoleucus,Pituophis melanoleucus,Bull Snake
Mason,Storeria dekayi,Storeria dekayi,Brown Snake
Mason,Thamnophis radix,Thamnophis radix,Plains Gartersnake
Mason,Thamnophis sirtalis,Thamnophis sirtalis,Common Gartersnake
Massac,Ambystoma maculatum,Ambystoma maculatum,Spotted Salamander
Massac,Ambystoma opacum,Ambystoma opacum,Marbled Salamander
Massac,Ambystoma talpoideum,Ambystoma talpoideum,Mole Salamander
Massac,Ambystoma texanum,Ambystoma texanum,Small-mouthed Salamander
Massac,Cryptobranchus alleganiensis,Cryptobranchus alleganiensis,Hellbender
Massac,Eurycea lucifuga,Eurycea lucifuga,Cave Salamander
Massac,Plethodon dorsalis,Plethodon dorsalis,Northern Zigzag Salamander
Massac,Plethodon glutinosus,Plethodon glutinosus,Northern Slimy Salamander
Massac,Necturus maculosus,Necturus maculosus,Mudpuppy
Massac,Siren intermedia,Siren intermedia,Lesser Siren
Massac,Anaxyrus fowleri,Anaxyrus fowleri,Fowler’s Toad
Massac,Acris blanchardi,Acris blanchardi,Blanchard’s Cricket Frog
Massac,Hyla cinerea,Hyla cinerea,Green Treefrog
Massac,Hyla versicolor- chrysoscelis,Hyla versicolor-chrysoscelis,Gray Treefrog Complex
Massac,Pseudacris crucifer,Pseudacris crucifer,Spring Peeper
Massac,Pseudacris triseriata,Pseudacris triseriata,Western Chorus Frog
Massac,Scaphiopus holbrookii,Scaphiopus holbrookii,Eastern Spadefoot
Massac,Rana catesbeiana,Rana catesbeiana,Bullfrog
Massac,Rana sphenocephala,Rana sphenocephala,Southern Leopard Frog
Massac,Chelydra serpentina,Chelydra serpentina,Snapping Turtle
Massac,Macroclemys temminckii,Macrochelys temminckii,Alligator Snapping Turtle
Massac,Chrysemys picta,Chrysemys picta,Painted Turtle
Massac,Graptemys ouachitensis,Graptemys ouachitensis,Ouachita Map Turtle
Massac,Graptemys pseudogeographica,Graptemys pseudogeographica,False Map Turtle
Massac,Pseudemys concinna,Pseudemys concinna,River Cooter
Massac,Trachemys scripta,Trachemys scripta,Slider
Massac,Kinosternon subrubrum,Kinosternon subrubrum,Eastern Mud Turtle
Massac,Sternotherus odoratus,Sternotherus odoratus,Common Musk Turtle
Massac,Sceloporus undulatus,Sceloporus undulatus,Fence Lizard
Massac,Plestiodon fasciatus,Plestiodon fasciatus,Common Five-lined Skink
Massac,Scincella lateralis,Scincella lateralis,Ground Skink
Massac,Aspidoscelis sexlineatus,Aspidoscelis sexlineata,Six-lined Racerunner
Massac,Coluber constrictor,Coluber constrictor,Racer
Massac,Pantherophis spiloides,Pantherophis spiloides,Gray Ratsnake
Massac,Heterodon platirhinos,Heterodon platirhinos,Eastern Hog-nosed Snake
Massac,Lampropeltis calligaster,Lampropeltis calligaster,Prairie Kingsnake
Massac,Lampropeltis getula,Lampropeltis getula,Common Kingsnake
Massac,Nerodia erythrogaster,Nerodia erythrogaster,Plainbelly Watersnake
Massac,Nerodia rhombifer,Nerodia rhombifer,Diamond-backed Watersnake
Massac,Nerodia sipedon,Nerodia sipedon,Northern Watersnake
Massac,Opheodrys aestivus,Opheodrys aestivus,Rough Greensnake
Massac,Thamnophis proximus,Thamnophis proximus,Western Ribbonsnake
Massac,Thamnophis sauritus,Thamnophis saurita,Eastern Ribbonsnake
Massac,Agkistrodon contortrix,Agkistrodon contortrix,Copperhead
Massac,Agkistrodon piscivorus,Agkistrodon piscivorus,Cottonmouth
McDonough,Ambystoma texanum,Ambystoma texanum,Small-mouthed Salamander
McDonough,Ambystoma tigrinum,Ambystoma tigrinum,Tiger Salamander
McDonough,Hemidactylium scutatum,Hemidactylium scutatum,Four-toed Salamander
McDonough,Bufo americanus,Anaxyrus americanus,American Toad
McDonough,Bufo fowleri,Anaxyrus fowleri,Fowler’s Toad
McDonough,Acris crepitans,Acris crepitans,Cricket Frog
McDonough,Pseudacris triseriata,Pseudacris triseriata,Western Chorus Frog
McDonough,Rana blairi,Rana blairi,Plains Leopard Frog
McDonough,Rana catesbeiana,Rana catesbeiana,Bullfrog
McDonough,Rana clamitans,Rana clamitans,Green Frog
McDonough,Rana sphenocephala,Rana sphenocephala,Southern Leopard Frog
McDonough,Chelydra serpentina,Chelydra serpentina,Snapping Turtle
McDonough,Terrapene ornata,Terrapene ornata,Ornate Box Turtle
McDonough,Clonophis kirtlandii,Clonophis kirtlandii,Kirtland’s Snake
McDonough,Coluber constrictor,Coluber constrictor,Racer
McDonough,Heterodon platirhinos,Heterodon platirhinos,Eastern Hog-nosed Snake
McDonough,Nerodia sipedon,Nerodia sipedon,Northern Water Snake
McDonough,Storeria dekayi,Storeria dekayi,Brown Snake
McDonough,Thamnophis sirtalis,Thamnophis sirtalis,Common Gartersnake
McDonough,Crotalus horridus,Crotalus horridus,Timber Rattlesnake
McHenry,Ambystoma laterale,Ambystoma laterale,Blue-spotted Salamander
McHenry,Ambystoma tigrinum,Ambystoma tigrinum,Tiger Salamander
McHenry,Necturus maculosus,Necturus maculosus,Mudpuppy
McHenry,Bufo americanus,Anaxyrus americanus,American Toad
McHenry,Acris crepitans,Acris crepitans,Cricket Frog
McHenry,Hyla versicolor- chrysoscelis,Hyla versicolor-chrysoscelis,Gray Treefrog Complex
McHenry,Pseudacris triseriata,Pseudacris triseriata,Western Chorus Frog
McHenry,Rana catesbeiana,Rana catesbeiana,Bullfrog
McHenry,Rana clamitans,Rana clamitans,Green Frog
McHenry,Rana palustris,Rana palustris,Pickerel Frog
McHenry,Rana pipiens,Rana pipiens,Northern Leopard Frog
McHenry,Chelydra serpentina,Chelydra serpentina,Snapping Turtle
McHenry,Chrysemys picta,Chrysemys picta,Painted Turtle
McHenry,Emydoidea blandingii,Emydoidea blandingii,Blanding’s Turtle
McHenry,Graptemys pseudogeographica,Graptemys pseudogeographica,False Map Turtle
McHenry,Sternotherus odoratus,Sternotherus odoratus,Common Musk Turtle
McHenry,Elaphe vulpina,Pantherophis vulpinus,Fox Snake
McHenry,Lampropeltis triangulum,Lampropeltis triangulum,Milk Snake
McHenry,Nerodia sipedon,Nerodia sipedon,Northern Water Snake
McHenry,Opheodrys vernalis,Opheodrys vernalis,Smooth Greensnake
McHenry,Regina septemvittata,Regina septemvittata,Queen Snake
McHenry,Storeria dekayi,Storeria dekayi,Brown Snake
McHenry,Storeria occipitomaculata,Storeria occipitomaculata,Red-bellied Snake
McHenry,Thamnophis radix,Thamnophis radix,Plains Gartersnake
McHenry,Thamnophis sirtalis,Thamnophis sirtalis,Common Gartersnake
McLean,Ambystoma texanum,Ambystoma texanum,Small-mouthed Salamander
McLean,Ambystoma tigrinum,Ambystoma tigrinum,Tiger Salamander
McLean,Notophthalmus viridescens,Notophthalmus viridescens,Eastern Newt
McLean,Bufo americanus,Anaxyrus americanus,American Toad
McLean,Bufo fowleri,Anaxyrus fowleri,Fowler’s Toad
McLean,Acris crepitans,Acris crepitans,Cricket Frog
McLean,Hyla versicolor- chrysoscelis,Hyla versicolor-chrysoscelis,Gray Treefrog Complex
McLean,Pseudacris triseriata,Pseudacris triseriata,Western Chorus Frog
McLean,Rana blairi,Rana blairi,Plains Leopard Frog
McLean,Rana catesbeiana,Rana catesbeiana,Bullfrog
McLean,Rana sphenocephala,Rana sphenocephala,Southern Leopard Frog
McLean,Chelydra serpentina,Chelydra serpentina,Snapping Turtle
McLean,Chrysemys picta,Chrysemys picta,Painted Turtle
McLean,Emydoidea blandingii,Emydoidea blandingii,Blanding’s Turtle
McLean,Trachemys scripta,Trachemys scripta,Slider
McLean,Ophisaurus attenuatus,Ophisaurus attenuatus,Slender Glass Lizard
McLean,Clonophis kirtlandii,Clonophis kirtlandii,Kirtland’s Snake
McLean,Coluber constrictor,Coluber constrictor,Racer
McLean,Elaphe vulpina,Pantherophis vulpinus,Fox Snake
McLean,Lampropeltis calligaster,Lampropeltis calligaster,Prairie Kingsnake
McLean,Lampropeltis triangulum,Lampropeltis triangulum,Milk Snake
McLean,Nerodia sipedon,Nerodia sipedon,Northern Water Snake
McLean,Opheodrys vernalis,Opheodrys vernalis,Smooth Greensnake
McLean,Pituophis melanoleucus,Pituophis melanoleucus,Bull Snake
McLean,Regina grahamii,Regina grahamii,Graham’s Crawfish Snake
McLean,Storeria dekayi,Storeria dekayi,Brown Snake
McLean,Thamnophis proximus,Thamnophis proximus,Western Ribbon Snake
McLean,Thamnophis radix,Thamnophis radix,Plains Gartersnake
McLean,Thamnophis sirtalis,Thamnophis sirtalis,Common Gartersnake
Menard,Ambystoma tigrinum,Ambystoma tigrinum,Tiger Salamander
Menard,Bufo americanus,Anaxyrus americanus,American Toad
Menard,Bufo fowleri,Anaxyrus fowleri,Fowler’s Toad
Menard,Acris crepitans,Acris crepitans,Cricket Frog
Menard,Pseudacris streckeri,Pseudacris streckeri,Streker’s Chorus Frog
Menard,Rana blairi,Rana blairi,Plains Leopard Frog
Menard,Eumeces fasciatus,Plestiodon fasciatus,Five-lined Skink
Menard,Scincella lateralis,Scincella lateralis,Ground Skink
Menard,Cnemidophorus sexlineatus,Aspidoscelis sexlineata,Six-lined Racerunner
Menard,Coluber constrictor,Coluber constrictor,Racer
Menard,Elaphe obsoleta,Pantherophis emoryi,Rat Snake
Menard,Lampropeltis calligaster,Lampropeltis calligaster,Prairie Kingsnake
Menard,Lampropeltis triangulum,Lampropeltis triangulum,Milk Snake
Menard,Nerodia sipedon,Nerodia sipedon,Northern Water Snake
Menard,Pituophis melanoleucus,Pituophis melanoleucus,Bull Snake
Menard,Storeria occipitomaculata,Storeria occipitomaculata,Red-bellied Snake
Menard,Thamnophis sirtalis,Thamnophis sirtalis,Common Gartersnake
Menard,Tropidoclonion lineatum,Tropidoclonion lineatum,Lined Snake
Mercer,Bufo fowleri,Anaxyrus fowleri,Fowler’s Toad
Mercer,Acris crepitans,Acris crepitans,Cricket Frog
Mercer,Rana blairi,Rana blairi,Plains Leopard Frog
Mercer,Rana catesbeiana,Rana catesbeiana,Bullfrog
Mercer,Chelydra serpentina,Chelydra serpentina,Snapping Turtle
Mercer,Terrapene ornata,Terrapene ornata,Ornate Box Turtle
Mercer,Apalone mutica,Apalone mutica,Smooth Softshell
Mercer,Cnemidophorus sexlineatus,Aspidoscelis sexlineata,Six-lined Racerunner
Mercer,Coluber constrictor,Coluber constrictor,Racer
Mercer,Elaphe vulpina,Pantherophis vulpinus,Fox Snake
Mercer,Heterodon nasicus,Heterodon nasicus,Western Hog-nosed Snake
Mercer,Heterodon platirhinos,Heterodon platirhinos,Eastern Hog-nosed Snake
Mercer,Pituophis melanoleucus,Pituophis melanoleucus,Bull Snake
Mercer,Storeria dekayi,Storeria dekayi,Brown Snake
Mercer,Thamnophis proximus,Thamnophis proximus,Western Ribbon Snake
Mercer,Thamnophis sirtalis,Thamnophis sirtalis,Common Gartersnake
Mercer,Sistrurus catenatus,Sistrurus catenatus,Massasauga
Monroe,Ambystoma maculatum,Ambystoma maculatum,Spotted Salamander
Monroe,Ambystoma opacum,Ambystoma opacum,Marbled Salamander
Monroe,Ambystoma texanum,Ambystoma texanum,Small-mouthed Salamander
Monroe,Ambystoma tigrinum,Ambystoma tigrinum,Tiger Salamander
Monroe,Eurycea longicauda,Eurycea longicauda,Long-tailed Salamander
Monroe,Eurycea lucifuga,Eurycea lucifuga,Cave Salamander
Monroe,Plethodon glutinosus,Plethodon glutinosus,Northern Slimy Salamander
Monroe,Notophthalmus viridescens,Notophthalmus viridescens,Eastern Newt
Monroe,Bufo americanus,Anaxyrus americanus,American Toad
Monroe,Bufo fowleri,Anaxyrus fowleri,Fowler’s Toad
Monroe,Acris crepitans,Acris crepitans,Cricket Frog
Monroe,Hyla versicolor- chrysoscelis,Hyla versicolor-chrysoscelis,Gray Treefrog Complex
Monroe,Pseudacris crucifer,Pseudacris crucifer,Spring Peeper
Monroe,Pseudacris streckeri,Pseudacris streckeri,Streker’s Chorus Frog
Monroe,Pseudacris triseriata,Pseudacris triseriata,Western Chorus Frog
Monroe,Gastrophryne carolinensis,Gastrophryne carolinensis,Eastern Narrowmouth Toad
Monroe,Scaphiopus holbrookii,Scaphiopus holbrookii,Eastern Spadefoot
Monroe,Rana blairi,Rana blairi,Plains Leopard Frog
Monroe,Rana catesbeiana,Rana catesbeiana,Bullfrog
Monroe,Rana clamitans,Rana clamitans,Green Frog
Monroe,Rana palustris,Rana palustris,Pickerel Frog
Monroe,Rana sphenocephala,Rana sphenocephala,Southern Leopard Frog
Monroe,Rana sylvatica,Rana sylvatica,Wood Frog
Monroe,Chelydra serpentina,Chelydra serpentina,Snapping Turtle
Monroe,Chrysemys picta,Chrysemys picta,Painted Turtle
Monroe,Graptemys pseudogeographica,Graptemys pseudogeographica,False Map Turtle
Monroe,Terrapene carolina,Terrapene carolina,Eastern Box Turtle
Monroe,Terrapene ornata,Terrapene ornata,Ornate Box Turtle
Monroe,Trachemys scripta,Trachemys scripta,Slider
Monroe,Apalone mutica,Apalone mutica,Smooth Softshell
Monroe,Sceloporus undulatus,Sceloporus undulatus,Fence Lizard
Monroe,Eumeces fasciatus,Plestiodon fasciatus,Five-lined Skink
Monroe,Eumeces laticeps,Plestiodon laticeps,Broad-headed Skink
Monroe,Scincella lateralis,Scincella lateralis,Ground Skink
Monroe,Cnemidophorus sexlineatus,Aspidoscelis sexlineata,Six-lined Racerunner
Monroe,Carphophis amoenus,Carphophis amoenus,Worm Snake
Monroe,Coluber constrictor,Coluber constrictor,Racer
Monroe,Diadophis punctatus,Diadophis punctatus,Ring-necked Snake
Monroe,Elaphe guttata,Pantherophis guttatus,Corn Snake
Monroe,Elaphe obsoleta,Pantherophis emoryi,Rat Snake
Monroe,Heterodon nasicus,Heterodon nasicus,Western Hog-nosed Snake
Monroe,Heterodon platirhinos,Heterodon platirhinos,Eastern Hog-nosed Snake
Monroe,Lampropeltis calligaster,Lampropeltis calligaster,Prairie Kingsnake
Monroe,Lampropeltis getula,Lampropeltis getula,Common Kingsnake
Monroe,Lampropeltis triangulum,Lampropeltis triangulum,Milk Snake
Monroe,Masticophis flagellum,Masticophis flagellum,Coachwhip
Monroe,Nerodia erythrogaster,Nerodia erythrogaster,Plainbelly Water Snake
Monroe,Nerodia rhombifer,Nerodia rhombifer,Diamond-backed Watersnake
Monroe,Nerodia sipedon,Nerodia sipedon,Northern Water Snake
Monroe,Opheodrys aestivus,Opheodrys aestivus,Rough Greensnake
Monroe,Regina grahamii,Regina grahamii,Graham’s Crawfish Snake
Monroe,Storeria dekayi,Storeria dekayi,Brown Snake
Monroe,Tantilla gracilis,Tantilla gracilis,Flathead Snake
Monroe,Thamnophis proximus,Thamnophis proximus,Western Ribbon Snake
Monroe,Thamnophis sirtalis,Thamnophis sirtalis,Common Gartersnake
Monroe,Virginia valeriae,Virginia valeriae,Smooth Earth Snake
Monroe,Agkistrodon contortrix,Agkistrodon contortrix,Copperhead
Monroe,Agkistrodon piscivorus,Agkistrodon piscivorus,Cottonmouth
Monroe,Crotalus horridus,Crotalus horridus,Timber Rattlesnake
Montgomery,Ambystoma tigrinum,Ambystoma tigrinum,Tiger Salamander
Montgomery,Bufo americanus,Anaxyrus americanus,American Toad
Montgomery,Bufo fowleri,Anaxyrus fowleri,Fowler’s Toad
Montgomery,Acris crepitans,Acris crepitans,Cricket Frog
Montgomery,Hyla versicolor- chrysoscelis,Hyla versicolor-chrysoscelis,Gray Treefrog Complex
Montgomery,Pseudacris crucifer,Pseudacris crucifer,Spring Peeper
Montgomery,Pseudacris triseriata,Pseudacris triseriata,Western Chorus Frog
Montgomery,Rana areolata,Rana areolata,Crawfish Frog
Montgomery,Rana catesbeiana,Rana catesbeiana,Bullfrog
Montgomery,Rana sphenocephala,Rana sphenocephala,Southern Leopard Frog
Montgomery,Chrysemys picta,Chrysemys picta,Painted Turtle
Montgomery,Terrapene carolina,Terrapene carolina,Eastern Box Turtle
Montgomery,Terrapene ornata,Terrapene ornata,Ornate Box Turtle
Montgomery,Coluber constrictor,Coluber constrictor,Racer
Montgomery,Elaphe obsoleta,Pantherophis emoryi,Rat Snake
Montgomery,Heterodon platirhinos,Heterodon platirhinos,Eastern Hog-nosed Snake
Montgomery,Lampropeltis calligaster,Lampropeltis calligaster,Prairie Kingsnake
Montgomery,Nerodia sipedon,Nerodia sipedon,Northern Water Snake
Montgomery,Thamnophis proximus,Thamnophis proximus,Western Ribbon Snake
Montgomery,Thamnophis radix,Thamnophis radix,Plains Gartersnake
Montgomery,Thamnophis sirtalis,Thamnophis sirtalis,Common Gartersnake
Montgomery,Agkistrodon contortrix,Agkistrodon contortrix,Copperhead
Morgan,Ambystoma texanum,Ambystoma texanum,Small-mouthed Salamander
Morgan,Ambystoma tigrinum,Ambystoma tigrinum,Tiger Salamander
Morgan,Necturus maculosus,Necturus maculosus,Mudpuppy
Morgan,Bufo americanus,Anaxyrus americanus,American Toad
Morgan,Bufo fowleri,Anaxyrus fowleri,Fowler’s Toad
Morgan,Acris crepitans,Acris crepitans,Cricket Frog
Morgan,Hyla versicolor- chrysoscelis,Hyla versicolor-chrysoscelis,Gray Treefrog Complex
Morgan,Pseudacris crucifer,Pseudacris crucifer,Spring Peeper
Morgan,Pseudacris streckeri,Pseudacris streckeri,Streker’s Chorus Frog
Morgan,Pseudacris triseriata,Pseudacris triseriata,Western Chorus Frog
Morgan,Rana blairi,Rana blairi,Plains Leopard Frog
Morgan,Rana catesbeiana,Rana catesbeiana,Bullfrog
Morgan,Rana clamitans,Rana clamitans,Green Frog
Morgan,Rana sphenocephala,Rana sphenocephala,Southern Leopard Frog
Morgan,Chelydra serpentina,Chelydra serpentina,Snapping Turtle
Morgan,Chrysemys picta,Chrysemys picta,Painted Turtle
Morgan,Emydoidea blandingii,Emydoidea blandingii,Blanding’s Turtle
Morgan,Graptemys geographica,Graptemys geographica,Map Turtle
Morgan,Graptemys ouachitensis,Graptemys ouachitensis,Ouachita Map Turtle
Morgan,Graptemys pseudogeographica,Graptemys pseudogeographica,False Map Turtle
Morgan,Terrapene carolina,Terrapene carolina,Eastern Box Turtle
Morgan,Terrapene ornata,Terrapene ornata,Ornate Box Turtle
Morgan,Trachemys scripta,Trachemys scripta,Slider
Morgan,Kinosternon flavescens,Kinosternon flavescens,Yellow Mud Turtle
Morgan,Sternotherus odoratus,Sternotherus odoratus,Common Musk Turtle
Morgan,Apalone mutica,Apalone mutica,Smooth Softshell
Morgan,Apalone spinifera,Apalone spinifera,Spiny Softshell
Morgan,Ophisaurus attenuatus,Ophisaurus attenuatus,Slender Glass Lizard
Morgan,Cnemidophorus sexlineatus,Aspidoscelis sexlineata,Six-lined Racerunner
Morgan,Elaphe obsoleta,Pantherophis emoryi,Rat Snake
Morgan,Heterodon nasicus,Heterodon nasicus,Western Hog-nosed Snake
Morgan,Heterodon platirhinos,Heterodon platirhinos,Eastern Hog-nosed Snake
Morgan,Lampropeltis calligaster,Lampropeltis calligaster,Prairie Kingsnake
Morgan,Nerodia rhombifer,Nerodia rhombifer,Diamond-backed Watersnake
Morgan,Nerodia sipedon,Nerodia sipedon,Northern Water Snake
Morgan,Pituophis melanoleucus,Pituophis melanoleucus,Bull Snake
Morgan,Regina grahamii,Regina grahamii,Graham’s Crawfish Snake
Morgan,Storeria dekayi,Storeria dekayi,Brown Snake
Morgan,Thamnophis radix,Thamnophis radix,Plains Gartersnake
Morgan,Thamnophis sirtalis,Thamnophis sirtalis,Common Gartersnake
Morgan,Tropidoclonion lineatum,Tropidoclonion lineatum,Lined Snake
Moultrie,Ambystoma texanum,Ambystoma texanum,Small-mouthed Salamander
Moultrie,Siren intermedia,Siren intermedia,Lesser Siren
Moultrie,Anaxyrus americanus,Anaxyrus americanus,American Toad
Moultrie,Anaxyrus fowleri,Anaxyrus fowleri,Fowler’s Toad
Moultrie,Acris blanchardi,Acris blanchardi,Blanchard’s Cricket Frog
Moultrie,Pseudacris triseriata,Pseudacris triseriata,Western Chorus Frog
Moultrie,Hyla chrysoscelis,Hyla chrysoscelis,Cope’s Gray Treefrog
Moultrie,Hyla versicolor- chrysoscelis,Hyla versicolor-chrysoscelis,Gray Treefrog Complex
Moultrie,Rana blairi,Rana blairi,Plains Leopard Frog
Moultrie,Rana catesbeiana,Rana catesbeiana,Bullfrog
Moultrie,Rana sphenocephala,Rana sphenocephala,Southern Leopard Frog
Moultrie,Apalone spinifera,Apalone spinifera,Spiny Softshell
Moultrie,Chelydra serpentina,Chelydra serpentina,Snapping Turtle
Moultrie,Chrysemys picta,Chrysemys picta,Painted Turtle
Moultrie,Trachemys scripta,Trachemys scripta,Slider
Moultrie,Clonophis kirtlandii,Clonophis kirtlandii,Kirtland’s Snake
Moultrie,Coluber constrictor,Coluber constrictor,Racer
Moultrie,Heterodon platirhinos,Heterodon platirhinos,Eastern Hog-nosed Snake
Moultrie,Lampropeltis calligaster,Lampropeltis calligaster,Prairie Kingsnake
Moultrie,Nerodia sipedon,Nerodia sipedon,Northern Water Snake
Moultrie,Pantherophis spiloides,Pantherophis spiloides,Gray Ratsnake
Moultrie,Pantherophis vulpinus,Pantherophis vulpinus,Eastern Foxsnake
Moultrie,Storeria dekayi,Storeria dekayi,Brown Snake
Moultrie,Thamnophis sirtalis,Thamnophis sirtalis,Common Gartersnake
Ogle,Ambystoma tigrinum,Ambystoma tigrinum,Tiger Salamander
Ogle,Hemidactylium scutatum,Hemidactylium scutatum,Four-toed Salamander
Ogle,Bufo americanus,Anaxyrus americanus,American Toad
Ogle,Acris crepitans,Acris crepitans,Cricket Frog
Ogle,Hyla versicolor- chrysoscelis,Hyla versicolor-chrysoscelis,Gray Treefrog Complex
Ogle,Rana catesbeiana,Rana catesbeiana,Bullfrog
Ogle,Rana clamitans,Rana clamitans,Green Frog
Ogle,Rana palustris,Rana palustris,Pickerel Frog
Ogle,Rana pipiens,Rana pipiens,Northern Leopard Frog
Ogle,Chelydra serpentina,Chelydra serpentina,Snapping Turtle
Ogle,Emydoidea blandingii,Emydoidea blandingii,Blanding’s Turtle
Ogle,Terrapene ornata,Terrapene ornata,Ornate Box Turtle
Ogle,Apalone spinifera,Apalone spinifera,Spiny Softshell
Ogle,Coluber constrictor,Coluber constrictor,Racer
Ogle,Elaphe vulpina,Pantherophis vulpinus,Fox Snake
Ogle,Heterodon nasicus,Heterodon nasicus,Western Hog-nosed Snake
Ogle,Heterodon platirhinos,Heterodon platirhinos,Eastern Hog-nosed Snake
Ogle,Lampropeltis triangulum,Lampropeltis triangulum,Milk Snake
Ogle,Nerodia sipedon,Nerodia sipedon,Northern Water Snake
Ogle,Pituophis melanoleucus,Pituophis melanoleucus,Bull Snake
Ogle,Regina septemvittata,Regina septemvittata,Queen Snake
Ogle,Thamnophis sirtalis,Thamnophis sirtalis,Common Gartersnake
Peoria,Ambystoma tigrinum,Ambystoma tigrinum,Tiger Salamander
Peoria,Bufo americanus,Anaxyrus americanus,American Toad
Peoria,Bufo fowleri,Anaxyrus fowleri,Fowler’s Toad
Peoria,Acris crepitans,Acris crepitans,Cricket Frog
Peoria,Hyla versicolor- chrysoscelis,Hyla versicolor-chrysoscelis,Gray Treefrog Complex
Peoria,Pseudacris triseriata,Pseudacris triseriata,Western Chorus Frog
Peoria,Rana blairi,Rana blairi,Plains Leopard Frog
Peoria,Rana catesbeiana,Rana catesbeiana,Bullfrog
Peoria,Rana clamitans,Rana clamitans,Green Frog
Peoria,Chelydra serpentina,Chelydra serpentina,Snapping Turtle
Peoria,Macroclemys temminckii,Macrochelys temminckii,Alligator Snapping Turtle
Peoria,Chrysemys picta,Chrysemys picta,Painted Turtle
Peoria,Emydoidea blandingii,Emydoidea blandingii,Blanding’s Turtle
Peoria,Graptemys geographica,Graptemys geographica,Map Turtle
Peoria,Kinosternon flavescens,Kinosternon flavescens,Yellow Mud Turtle
Peoria,Sternotherus odoratus,Sternotherus odoratus,Common Musk Turtle
Peoria,Apalone mutica,Apalone mutica,Smooth Softshell
Peoria,Apalone spinifera,Apalone spinifera,Spiny Softshell
Peoria,Cnemidophorus sexlineatus,Aspidoscelis sexlineata,Six-lined Racerunner
Peoria,Diadophis punctatus,Diadophis punctatus,Ring-necked Snake
Peoria,Heterodon nasicus,Heterodon nasicus,Western Hog-nosed Snake
Peoria,Lampropeltis calligaster,Lampropeltis calligaster,Prairie Kingsnake
Peoria,Opheodrys vernalis,Opheodrys vernalis,Smooth Greensnake
Peoria,Storeria dekayi,Storeria dekayi,Brown Snake
Peoria,Storeria occipitomaculata,Storeria occipitomaculata,Red-bellied Snake
Peoria,Thamnophis proximus,Thamnophis proximus,Western Ribbon Snake
Peoria,Thamnophis sirtalis,Thamnophis sirtalis,Common Gartersnake
Peoria,Crotalus horridus,Crotalus horridus,Timber Rattlesnake
Perry,Ambystoma opacum,Ambystoma opacum,Marbled Salamander
Perry,Plethodon glutinosus,Plethodon glutinosus,Northern Slimy Salamander
Perry,Necturus maculosus,Necturus maculosus,Mudpuppy
Perry,Notophthalmus viridescens,Notophthalmus viridescens,Eastern Newt
Perry,Siren intermedia,Siren intermedia,Lesser Siren
Perry,Bufo americanus,Anaxyrus americanus,American Toad
Perry,Bufo fowleri,Anaxyrus fowleri,Fowler’s Toad
Perry,Acris crepitans,Acris crepitans,Cricket Frog
Perry,Hyla versicolor- chrysoscelis,Hyla versicolor-chrysoscelis,Gray Treefrog Complex
Perry,Pseudacris crucifer,Pseudacris crucifer,Spring Peeper
Perry,Pseudacris triseriata,Pseudacris triseriata,Western Chorus Frog
Perry,Rana areolata,Rana areolata,Crawfish Frog
Perry,Rana catesbeiana,Rana catesbeiana,Bullfrog
Perry,Rana clamitans,Rana clamitans,Green Frog
Perry,Rana sphenocephala,Rana sphenocephala,Southern Leopard Frog
Perry,Chelydra serpentina,Chelydra serpentina,Snapping Turtle
Perry,Chrysemys picta,Chrysemys picta,Painted Turtle
Perry,Terrapene carolina,Terrapene carolina,Eastern Box Turtle
Perry,Terrapene ornata,Terrapene ornata,Ornate Box Turtle
Perry,Trachemys scripta,Trachemys scripta,Slider
Perry,Kinosternon subrubrum,Kinosternon subrubrum,Eastern Mud Turtle
Perry,Sternotherus odoratus,Sternotherus odoratus,Common Musk Turtle
Perry,Ophisaurus attenuatus,Ophisaurus attenuatus,Slender Glass Lizard
Perry,Sceloporus undulatus,Sceloporus undulatus,Fence Lizard
Perry,Eumeces fasciatus,Plestiodon fasciatus,Five-lined Skink
Perry,Eumeces laticeps,Plestiodon laticeps,Broad-headed Skink
Perry,Scincella lateralis,Scincella lateralis,Ground Skink
Perry,Carphophis amoenus,Carphophis amoenus,Worm Snake
Perry,Coluber constrictor,Coluber constrictor,Racer
Perry,Elaphe obsoleta,Pantherophis emoryi,Rat Snake
Perry,Heterodon platirhinos,Heterodon platirhinos,Eastern Hog-nosed Snake
Perry,Lampropeltis calligaster,Lampropeltis calligaster,Prairie Kingsnake
Perry,Lampropeltis getula,Lampropeltis getula,Common Kingsnake
Perry,Lampropeltis triangulum,Lampropeltis triangulum,Milk Snake
Perry,Nerodia erythrogaster,Nerodia erythrogaster,Plainbelly Water Snake
Perry,Nerodia sipedon,Nerodia sipedon,Northern Water Snake
Perry,Opheodrys aestivus,Opheodrys aestivus,Rough Greensnake
Perry,Thamnophis sirtalis,Thamnophis sirtalis,Common Gartersnake
Perry,Agkistrodon contortrix,Agkistrodon contortrix,Copperhead
Perry,Crotalus horridus,Crotalus horridus,Timber Rattlesnake
Piatt,Ambystoma texanum,Ambystoma texanum,Small-mouthed Salamander
Piatt,Necturus maculosus,Necturus maculosus,Mudpuppy
Piatt,Bufo americanus,Anaxyrus americanus,American Toad
Piatt,Bufo fowleri,Anaxyrus fowleri,Fowler’s Toad
Piatt,Acris crepitans,Acris crepitans,Cricket Frog
Piatt,Hyla versicolor- chrysoscelis,Hyla versicolor-chrysoscelis,Gray Treefrog Complex
Piatt,Pseudacris triseriata,Pseudacris triseriata,Western Chorus Frog
Piatt,Rana blairi,Rana blairi,Plains Leopard Frog
Piatt,Rana catesbeiana,Rana catesbeiana,Bullfrog
Piatt,Rana sphenocephala,Rana sphenocephala,Southern Leopard Frog
Piatt,Chelydra serpentina,Chelydra serpentina,Snapping Turtle
Piatt,Chrysemys picta,Chrysemys picta,Painted Turtle
Piatt,Clonophis kirtlandii,Clonophis kirtlandii,Kirtland’s Snake
Piatt,Coluber constrictor,Coluber constrictor,Racer
Piatt,Elaphe obsoleta,Pantherophis emoryi,Rat Snake
Piatt,Elaphe vulpina,Pantherophis vulpinus,Fox Snake
Piatt,Heterodon platirhinos,Heterodon platirhinos,Eastern Hog-nosed Snake
Piatt,Lampropeltis calligaster,Lampropeltis calligaster,Prairie Kingsnake
Piatt,Lampropeltis triangulum,Lampropeltis triangulum,Milk Snake
Piatt,Nerodia sipedon,Nerodia sipedon,Northern Water Snake
Piatt,Storeria dekayi,Storeria dekayi,Brown Snake
Piatt,Storeria occipitomaculata,Storeria occipitomaculata,Red-bellied Snake
Piatt,Thamnophis radix,Thamnophis radix,Plains Gartersnake
Piatt,Thamnophis sirtalis,Thamnophis sirtalis,Common Gartersnake
Piatt,Sistrurus catenatus,Sistrurus catenatus,Massasauga
Pike,Ambystoma texanum,Ambystoma texanum,Small-mouthed Salamander
Pike,Ambystoma tigrinum,Ambystoma tigrinum,Tiger Salamander
Pike,Eurycea longicauda,Eurycea longicauda,Long-tailed Salamander
Pike,Siren intermedia,Siren intermedia,Lesser Siren
Pike,Bufo americanus,Anaxyrus americanus,American Toad
Pike,Bufo fowleri,Anaxyrus fowleri,Fowler’s Toad
Pike,Acris crepitans,Acris crepitans,Cricket Frog
Pike,Hyla versicolor- chrysoscelis,Hyla versicolor-chrysoscelis,Gray Treefrog Complex
Pike,Pseudacris triseriata,Pseudacris triseriata,Western Chorus Frog
Pike,Rana areolata,Rana areolata,Crawfish Frog
Pike,Rana blairi,Rana blairi,Plains Leopard Frog
Pike,Rana catesbeiana,Rana catesbeiana,Bullfrog
Pike,Rana clamitans,Rana clamitans,Green Frog
Pike,Rana palustris,Rana palustris,Pickerel Frog
Pike,Rana sphenocephala,Rana sphenocephala,Southern Leopard Frog
Pike,Chelydra serpentina,Chelydra serpentina,Snapping Turtle
Pike,Chrysemys picta,Chrysemys picta,Painted Turtle
Pike,Terrapene carolina,Terrapene carolina,Eastern Box Turtle
Pike,Terrapene ornata,Terrapene ornata,Ornate Box Turtle
Pike,Trachemys scripta,Trachemys scripta,Slider
Pike,Apalone mutica,Apalone mutica,Smooth Softshell
Pike,Ophisaurus attenuatus,Ophisaurus attenuatus,Slender Glass Lizard
Pike,Eumeces fasciatus,Plestiodon fasciatus,Five-lined Skink
Pike,Eumeces laticeps,Plestiodon laticeps,Broad-headed Skink
Pike,Cnemidophorus sexlineatus,Aspidoscelis sexlineata,Six-lined Racerunner
Pike,Carphophis amoenus,Carphophis amoenus,Worm Snake
Pike,Coluber constrictor,Coluber constrictor,Racer
Pike,Diadophis punctatus,Diadophis punctatus,Ring-necked Snake
Pike,Elaphe obsoleta,Pantherophis emoryi,Rat Snake
Pike,Heterodon platirhinos,Heterodon platirhinos,Eastern Hog-nosed Snake
Pike,Lampropeltis calligaster,Lampropeltis calligaster,Prairie Kingsnake
Pike,Lampropeltis getula,Lampropeltis getula,Common Kingsnake
Pike,Lampropeltis triangulum,Lampropeltis triangulum,Milk Snake
Pike,Nerodia erythrogaster,Nerodia erythrogaster,Plainbelly Water Snake
Pike,Nerodia rhombifer,Nerodia rhombifer,Diamond-backed Watersnake
Pike,Nerodia sipedon,Nerodia sipedon,Northern Water Snake
Pike,Opheodrys aestivus,Opheodrys aestivus,Rough Greensnake
Pike,Storeria dekayi,Storeria dekayi,Brown Snake
Pike,Storeria occipitomaculata,Storeria occipitomaculata,Red-bellied Snake
Pike,Thamnophis proximus,Thamnophis proximus,Western Ribbon Snake
Pike,Thamnophis sirtalis,Thamnophis sirtalis,Common Gartersnake
Pike,Virginia valeriae,Virginia valeriae,Smooth Earth Snake
Pike,Agkistrodon contortrix,Agkistrodon contortrix,Copperhead
Pike,Crotalus horridus,Crotalus horridus,Timber Rattlesnake
Pope,Ambystoma maculatum,Ambystoma maculatum,Spotted Salamander
Pope,Ambystoma texanum,Ambystoma texanum,Small-mouthed Salamander
Pope,Ambystoma tigrinum,Ambystoma tigrinum,Eastern Tiger Salamander
Pope,Eurycea cirrigera,Eurycea cirrigera,Southern Two-lined Salamander
Pope,Eurycea longicauda,Eurycea longicauda,Long-tailed Salamander
Pope,Eurycea lucifuga,Eurycea lucifuga,Cave Salamander
Pope,Plethodon dorsalis,Plethodon dorsalis,Northern Zigzag Salamander
Pope,Plethodon glutinosus,Plethodon glutinosus,Northern Slimy Salamander
Pope,Notophthalmus viridescens,Notophthalmus viridescens,Eastern Newt
Pope,Siren intermedia,Siren intermedia,Lesser Siren
Pope,Anaxyrus americanus,Anaxyrus americanus,American Toad
Pope,Anaxyrus fowleri,Anaxyrus fowleri,Fowler’s Toad
Pope,Acris blanchardi,Acris blanchardi,Blanchard’s Cricket Frog
Pope,Hyla avivoca,Hyla avivoca,Bird-voiced Treefrog
Pope,Hyla cinerea,Hyla cinerea,Green Treefrog
Pope,Hyla versicolor- chrysoscelis,Hyla versicolor-chrysoscelis,Gray Treefrog Complex
Pope,Pseudacris crucifer,Pseudacris crucifer,Spring Peeper
Pope,Pseudacris triseriata,Pseudacris triseriata,Western Chorus Frog
Pope,Gastrophryne carolinensis,Gastrophryne carolinensis,Eastern Narrowmouth Toad
Pope,Scaphiopus holbrookii,Scaphiopus holbrookii,Eastern Spadefoot
Pope,Rana areolata,Rana areolata,Crawfish Frog
Pope,Rana catesbeiana,Rana catesbeiana,Bullfrog
Pope,Rana clamitans,Rana clamitans,Green Frog
Pope,Rana sphenocephala,Rana sphenocephala,Southern Leopard Frog
Pope,Rana sylvatica,Rana sylvatica,Wood Frog
Pope,Chelydra serpentina,Chelydra serpentina,Snapping Turtle
Pope,Chrysemys picta,Chrysemys picta,Painted Turtle
Pope,Graptemys ouachitensis,Graptemys ouachitensis,Ouachita Map Turtle
Pope,Graptemys pseudogeographica,Graptemys pseudogeographica,False Map Turtle
Pope,Terrapene carolina,Terrapene carolina,Eastern Box Turtle
Pope,Trachemys scripta,Trachemys scripta,Slider
Pope,Kinosternon subrubrum,Kinosternon subrubrum,Eastern Mud Turtle
Pope,Sternotherus odoratus,Sternotherus odoratus,Common Musk Turtle
Pope,Apalone mutica,Apalone mutica,Smooth Softshell
Pope,Apalone spinifera,Apalone spinifera,Spiny Softshell
Pope,Sceloporus undulatus,Sceloporus undulatus,Fence Lizard
Pope,Plestiodon fasciatus,Plestiodon fasciatus,Common Five-lined Skink
Pope,Plestiodon laticeps,Plestiodon laticeps,Broad-headed Skink
Pope,Scincella lateralis,Scincella lateralis,Ground Skink
Pope,Aspidoscelis sexlineata,Aspidoscelis sexlineata,Six-lined Racerunner
Pope,Carphophis amoenus,Carphophis amoenus,Common Wormsnake
Pope,Coluber constrictor,Coluber constrictor,Racer
Pope,Diadophis punctatus,Diadophis punctatus,Ring-necked Snake
Pope,Pantherophis spiloides,Pantherophis spiloides,Gray Ratsnake
Pope,Farancia abacura,Farancia abacura,Red-bellied Mudsnake
Pope,Heterodon platirhinos,Heterodon platirhinos,Eastern Hog-nosed Snake
Pope,Lampropeltis calligaster,Lampropeltis calligaster,Prairie Kingsnake
Pope,Lampropeltis getula,Lampropeltis getula,Common Kingsnake
Pope,Nerodia erythrogaster,Nerodia erythrogaster,Plain-bellied Watersnake
Pope,Nerodia sipedon,Nerodia sipedon,Northern Watersnake
Pope,Opheodrys aestivus,Opheodrys aestivus,Rough Greensnake
Pope,Storeria dekayi,Storeria dekayi,Dekay’s Brownsnake
Pope,Storeria occipitomaculata,Storeria occipitomaculata,Red-bellied Snake
Pope,Thamnophis sauritus,Thamnophis saurita,Eastern Ribbonsnake
Pope,Thamnophis sirtalis,Thamnophis sirtalis,Common Gartersnake
Pope,Virginia valeriae,Virginia valeriae,Smooth Earth Snake
Pope,Agkistrodon contortrix,Agkistrodon contortrix,Copperhead
Pope,Agkistrodon piscivorus,Agkistrodon piscivorus,Cottonmouth
Pope,Crotalus horridus,Crotalus horridus,Timber Rattlesnake
Pulaski,Ambystoma texanum,Ambystoma texanum,Small-mouthed Salamander
Pulaski,Cryptobranchus alleganiensis,Cryptobranchus alleganiensis,Hellbender
Pulaski,Desmognathus fuscus,Desmognathus fuscus,Dusky Salamander
Pulaski,Eurycea cirrigera,Eurycea cirrigera,Southern Two-lined Salamander
Pulaski,Eurycea longicauda,Eurycea longicauda,Long-tailed Salamander
Pulaski,Plethodon glutinosus,Plethodon glutinosus,Northern Slimy Salamander
Pulaski,Siren intermedia,Siren intermedia,Lesser Siren
Pulaski,Bufo fowleri,Anaxyrus fowleri,Fowler’s Toad
Pulaski,Acris blanchardi,Acris blanchardi,Blanchard’s Cricket Frog
Pulaski,Hyla avivoca,Hyla avivoca,Bird-voiced Treefrog
Pulaski,Hyla cinerea,Hyla cinerea,Green Treefrog
Pulaski,Hyla versicolor- chrysoscelis,Hyla versicolor-chrysoscelis,Gray Treefrog Complex
Pulaski,Pseudacris feriarum,Pseudacris feriarum,Upland Chorus Frog
Pulaski,Rana areolata,Rana areolata,Crawfish Frog
Pulaski,Rana catesbeiana,Rana catesbeiana,Bullfrog
Pulaski,Rana clamitans,Rana clamitans,Green Frog
Pulaski,Rana sphenocephala,Rana sphenocephala,Southern Leopard Frog
Pulaski,Chelydra serpentina,Chelydra serpentina,Snapping Turtle
Pulaski,Chrysemys picta,Chrysemys picta,Painted Turtle
Pulaski,Terrapene carolina,Terrapene carolina,Eastern Box Turtle
Pulaski,Trachemys scripta,Trachemys scripta,Slider
Pulaski,Kinosternon subrubrum,Kinosternon subrubrum,Eastern Mud Turtle
Pulaski,Sternotherus odoratus,Sternotherus odoratus,Common Musk Turtle
Pulaski,Sceloporus undulatus,Sceloporus undulatus,Fence Lizard
Pulaski,Plestiodon fasciatus,Plestiodon fasciatus,Common Five-lined Skink
Pulaski,Plestiodon laticeps,Plestiodon laticeps,Broad-headed Skink
Pulaski,Scincella lateralis,Scincella lateralis,Ground Skink
Pulaski,Aspidoscelis sexlineatus,Aspidoscelis sexlineata,Six-lined Racerunner
Pulaski,Diadophis punctatus,Diadophis punctatus,Ring-necked Snake
Pulaski,Pantherophis spiloides,Pantherophis spiloides,Gray Ratsnake
Pulaski,Lampropeltis getula,Lampropeltis getula,Common Kingsnake
Pulaski,Nerodia erythrogaster,Nerodia erythrogaster,Plainbelly Watersnake
Pulaski,Nerodia sipedon,Nerodia sipedon,Northern Watersnake
Pulaski,Opheodrys aestivus,Opheodrys aestivus,Rough Greensnake
Pulaski,Thamnophis sauritus,Thamnophis saurita,Eastern Ribbonsnake
Pulaski,Thamnophis sirtalis,Thamnophis sirtalis,Common Gartersnake
Pulaski,Agkistrodon piscivorus,Agkistrodon piscivorus,Cottonmouth
Pulaski,Crotalus horridus,Crotalus horridus,Timber Rattlesnake
Putnam,Bufo americanus,Anaxyrus americanus,American Toad
Putnam,Bufo fowleri,Anaxyrus fowleri,Fowler’s Toad
Putnam,Acris crepitans,Acris crepitans,Cricket Frog
Putnam,Chrysemys picta,Chrysemys picta,Painted Turtle
Putnam,Graptemys geographica,Graptemys geographica,Map Turtle
Putnam,Trachemys scripta,Trachemys scripta,Slider
Putnam,Sternotherus odoratus,Sternotherus odoratus,Common Musk Turtle
Putnam,Apalone spinifera,Apalone spinifera,Spiny Softshell
Putnam,Coluber constrictor,Coluber constrictor,Racer
Putnam,Heterodon nasicus,Heterodon nasicus,Western Hog-nosed Snake
Putnam,Heterodon platirhinos,Heterodon platirhinos,Eastern Hog-nosed Snake
Putnam,Nerodia sipedon,Nerodia sipedon,Northern Water Snake
Putnam,Thamnophis radix,Thamnophis radix,Plains Gartersnake
Putnam,Thamnophis sirtalis,Thamnophis sirtalis,Common Gartersnake
Putnam,Tropidoclonion lineatum,Tropidoclonion lineatum,Lined Snake
Randolph,Ambystoma opacum,Ambystoma opacum,Marbled Salamander
Randolph,Ambystoma texanum,Ambystoma texanum,Small-mouthed Salamander
Randolph,Ambystoma tigrinum,Ambystoma tigrinum,Tiger Salamander
Randolph,Eurycea longicauda,Eurycea longicauda,Long-tailed Salamander
Randolph,Eurycea lucifuga,Eurycea lucifuga,Cave Salamander
Randolph,Plethodon glutinosus,Plethodon glutinosus,Northern Slimy Salamander
Randolph,Bufo americanus,Anaxyrus americanus,American Toad
Randolph,Bufo fowleri,Anaxyrus fowleri,Fowler’s Toad
Randolph,Acris crepitans,Acris crepitans,Cricket Frog
Randolph,Hyla cinerea,Hyla cinerea,Green Treefrog
Randolph,Hyla versicolor- chrysoscelis,Hyla versicolor-chrysoscelis,Gray Treefrog Complex
Randolph,Pseudacris crucifer,Pseudacris crucifer,Spring Peeper
Randolph,Pseudacris triseriata,Pseudacris triseriata,Western Chorus Frog
Randolph,Gastrophryne carolinensis,Gastrophryne carolinensis,Eastern Narrowmouth Toad
Randolph,Rana blairi,Rana blairi,Plains Leopard Frog
Randolph,Rana catesbeiana,Rana catesbeiana,Bullfrog
Randolph,Rana clamitans,Rana clamitans,Green Frog
Randolph,Rana palustris,Rana palustris,Pickerel Frog
Randolph,Rana sphenocephala,Rana sphenocephala,Southern Leopard Frog
Randolph,Chelydra serpentina,Chelydra serpentina,Snapping Turtle
Randolph,Macroclemys temminckii,Macrochelys temminckii,Alligator Snapping Turtle
Randolph,Chrysemys picta,Chrysemys picta,Painted Turtle
Randolph,Graptemys ouachitensis,Graptemys ouachitensis,Ouachita Map Turtle
Randolph,Graptemys pseudogeographica,Graptemys pseudogeographica,False Map Turtle
Randolph,Pseudemys concinna,Pseudemys concinna,River Cooter
Randolph,Terrapene carolina,Terrapene carolina,Eastern Box Turtle
Randolph,Terrapene ornata,Terrapene ornata,Ornate Box Turtle
Randolph,Trachemys scripta,Trachemys scripta,Slider
Randolph,Sternotherus odoratus,Sternotherus odoratus,Common Musk Turtle
Randolph,Apalone mutica,Apalone mutica,Smooth Softshell
Randolph,Sceloporus undulatus,Sceloporus undulatus,Fence Lizard
Randolph,Eumeces fasciatus,Plestiodon fasciatus,Five-lined Skink
Randolph,Eumeces laticeps,Plestiodon laticeps,Broad-headed Skink
Randolph,Cnemidophorus sexlineatus,Aspidoscelis sexlineata,Six-lined Racerunner
Randolph,Carphophis amoenus,Carphophis amoenus,Worm Snake
Randolph,Coluber constrictor,Coluber constrictor,Racer
Randolph,Diadophis punctatus,Diadophis punctatus,Ring-necked Snake
Randolph,Elaphe guttata,Pantherophis guttatus,Corn Snake
Randolph,Elaphe obsoleta,Pantherophis emoryi,Rat Snake
Randolph,Heterodon platirhinos,Heterodon platirhinos,Eastern Hog-nosed Snake
Randolph,Lampropeltis calligaster,Lampropeltis calligaster,Prairie Kingsnake
Randolph,Lampropeltis getula,Lampropeltis getula,Common Kingsnake
Randolph,Lampropeltis triangulum,Lampropeltis triangulum,Milk Snake
Randolph,Nerodia erythrogaster,Nerodia erythrogaster,Plainbelly Water Snake
Randolph,Nerodia rhombifer,Nerodia rhombifer,Diamond-backed Watersnake
Randolph,Nerodia sipedon,Nerodia sipedon,Northern Water Snake
Randolph,Opheodrys aestivus,Opheodrys aestivus,Rough Greensnake
Randolph,Regina grahamii,Regina grahamii,Graham’s Crawfish Snake
Randolph,Storeria dekayi,Storeria dekayi,Brown Snake
Randolph,Tantilla gracilis,Tantilla gracilis,Flathead Snake
Randolph,Thamnophis proximus,Thamnophis proximus,Western Ribbon Snake
Randolph,Thamnophis sirtalis,Thamnophis sirtalis,Common Gartersnake
Randolph,Virginia valeriae,Virginia valeriae,Smooth Earth Snake
Randolph,Agkistrodon contortrix,Agkistrodon contortrix,Copperhead
Randolph,Crotalus horridus,Crotalus horridus,Timber Rattlesnake
Richland,Ambystoma opacum,Ambystoma opacum,Marbled Salamander
Richland,Ambystoma texanum,Ambystoma texanum,Small-mouthed Salamander
Richland,Ambystoma tigrinum,Ambystoma tigrinum,Tiger Salamander
Richland,Plethodon glutinosus,Plethodon glutinosus,Northern Slimy Salamander
Richland,Bufo americanus,Anaxyrus americanus,American Toad
Richland,Bufo fowleri,Anaxyrus fowleri,Fowler’s Toad
Richland,Acris crepitans,Acris crepitans,Cricket Frog
Richland,Hyla versicolor- chrysoscelis,Hyla versicolor-chrysoscelis,Gray Treefrog Complex
Richland,Pseudacris triseriata,Pseudacris triseriata,Western Chorus Frog
Richland,Rana areolata,Rana areolata,Crawfish Frog
Richland,Rana catesbeiana,Rana catesbeiana,Bullfrog
Richland,Rana clamitans,Rana clamitans,Green Frog
Richland,Rana sphenocephala,Rana sphenocephala,Southern Leopard Frog
Richland,Rana sylvatica,Rana sylvatica,Wood Frog
Richland,Chelydra serpentina,Chelydra serpentina,Snapping Turtle
Richland,Chrysemys picta,Chrysemys picta,Painted Turtle
Richland,Terrapene carolina,Terrapene carolina,Eastern Box Turtle
Richland,Terrapene ornata,Terrapene ornata,Ornate Box Turtle
Richland,Apalone mutica,Apalone mutica,Smooth Softshell
Richland,Ophisaurus attenuatus,Ophisaurus attenuatus,Slender Glass Lizard
Richland,Eumeces fasciatus,Plestiodon fasciatus,Five-lined Skink
Richland,Carphophis amoenus,Carphophis amoenus,Worm Snake
Richland,Coluber constrictor,Coluber constrictor,Racer
Richland,Elaphe obsoleta,Pantherophis emoryi,Rat Snake
Richland,Heterodon platirhinos,Heterodon platirhinos,Eastern Hog-nosed Snake
Richland,Lampropeltis calligaster,Lampropeltis calligaster,Prairie Kingsnake
Richland,Lampropeltis getula,Lampropeltis getula,Common Kingsnake
Richland,Lampropeltis triangulum,Lampropeltis triangulum,Milk Snake
Richland,Nerodia erythrogaster,Nerodia erythrogaster,Plainbelly Water Snake
Richland,Nerodia sipedon,Nerodia sipedon,Northern Water Snake
Richland,Opheodrys aestivus,Opheodrys aestivus,Rough Greensnake
Richland,Storeria dekayi,Storeria dekayi,Brown Snake
Richland,Storeria occipitomaculata,Storeria occipitomaculata,Red-bellied Snake
Richland,Thamnophis sauritus,Thamnophis saurita,Eastern Ribbon Snake
Richland,Thamnophis sirtalis,Thamnophis sirtalis,Common Gartersnake
Richland,Virginia valeriae,Virginia valeriae,Smooth Earth Snake
Rock Island,Ambystoma texanum,Ambystoma texanum,Small-mouthed Salamander
Rock Island,Ambystoma tigrinum,Ambystoma tigrinum,Tiger Salamander
Rock Island,Hemidactylium scutatum,Hemidactylium scutatum,Four-toed Salamander
Rock Island,Necturus maculosus,Necturus maculosus,Mudpuppy
Rock Island,Bufo americanus,Anaxyrus americanus,American Toad
Rock Island,Acris crepitans,Acris crepitans,Cricket Frog
Rock Island,Hyla versicolor- chrysoscelis,Hyla versicolor-chrysoscelis,Gray Treefrog Complex
Rock Island,Pseudacris triseriata,Pseudacris triseriata,Western Chorus Frog
Rock Island,Rana clamitans,Rana clamitans,Green Frog
Rock Island,Rana pipiens,Rana pipiens,Northern Leopard Frog
Rock Island,Rana sylvatica,Rana sylvatica,Wood Frog
Rock Island,Chelydra serpentina,Chelydra serpentina,Snapping Turtle
Rock Island,Macroclemys temminckii,Macrochelys temminckii,Alligator Snapping Turtle
Rock Island,Chrysemys picta,Chrysemys picta,Painted Turtle
Rock Island,Graptemys geographica,Graptemys geographica,Map Turtle
Rock Island,Terrapene ornata,Terrapene ornata,Ornate Box Turtle
Rock Island,Trachemys scripta,Trachemys scripta,Slider
Rock Island,Apalone mutica,Apalone mutica,Smooth Softshell
Rock Island,Eumeces laticeps,Plestiodon laticeps,Broad-headed Skink
Rock Island,Cnemidophorus sexlineatus,Aspidoscelis sexlineata,Six-lined Racerunner
Rock Island,Coluber constrictor,Coluber constrictor,Racer
Rock Island,Diadophis punctatus,Diadophis punctatus,Ring-necked Snake
Rock Island,Elaphe obsoleta,Pantherophis emoryi,Rat Snake
Rock Island,Elaphe vulpina,Pantherophis vulpinus,Fox Snake
Rock Island,Heterodon nasicus,Heterodon nasicus,Western Hog-nosed Snake
Rock Island,Heterodon platirhinos,Heterodon platirhinos,Eastern Hog-nosed Snake
Rock Island,Lampropeltis calligaster,Lampropeltis calligaster,Prairie Kingsnake
Rock Island,Lampropeltis triangulum,Lampropeltis triangulum,Milk Snake
Rock Island,Nerodia erythrogaster,Nerodia erythrogaster,Plainbelly Water Snake
Rock Island,Nerodia rhombifer,Nerodia rhombifer,Diamond-backed Watersnake
Rock Island,Nerodia sipedon,Nerodia sipedon,Northern Water Snake
Rock Island,Pituophis melanoleucus,Pituophis melanoleucus,Bull Snake
Rock Island,Regina grahamii,Regina grahamii,Graham’s Crawfish Snake
Rock Island,Storeria dekayi,Storeria dekayi,Brown Snake
Rock Island,Thamnophis proximus,Thamnophis proximus,Western Ribbon Snake
Rock Island,Thamnophis radix,Thamnophis radix,Plains Gartersnake
Rock Island,Thamnophis sirtalis,Thamnophis sirtalis,Common Gartersnake
Rock Island,Crotalus horridus,Crotalus horridus,Timber Rattlesnake
Saline,Ambystoma opacum,Ambystoma opacum,Marbled Salamander
Saline,Ambystoma texanum,Ambystoma texanum,Small-mouthed Salamander
Saline,Eurycea cirrigera,Eurycea cirrigera,Southern Two-lined Salamander
Saline,Eurycea longicauda,Eurycea longicauda,Long-tailed Salamander
Saline,Eurycea lucifuga,Eurycea lucifuga,Cave Salamander
Saline,Plethodon dorsalis,Plethodon dorsalis,Northern Zigzag Salamander
Saline,Plethodon glutinosus,Plethodon glutinosus,Northern Slimy Salamander
Saline,Bufo americanus,Anaxyrus americanus,American Toad
Saline,Bufo fowleri,Anaxyrus fowleri,Fowler’s Toad
Saline,Acris crepitans,Acris crepitans,Cricket Frog
Saline,Hyla versicolor- chrysoscelis,Hyla versicolor-chrysoscelis,Gray Treefrog Complex
Saline,Pseudacris crucifer,Pseudacris crucifer,Spring Peeper
Saline,Pseudacris triseriata,Pseudacris triseriata,Western Chorus Frog
Saline,Rana areolata,Rana areolata,Crawfish Frog
Saline,Rana catesbeiana,Rana catesbeiana,Bullfrog
Saline,Rana clamitans,Rana clamitans,Green Frog
Saline,Rana sphenocephala,Rana sphenocephala,Southern Leopard Frog
Saline,Rana sylvatica,Rana sylvatica,Wood Frog
Saline,Chrysemys picta,Chrysemys picta,Painted Turtle
Saline,Terrapene carolina,Terrapene carolina,Eastern Box Turtle
Saline,Trachemys scripta,Trachemys scripta,Slider
Saline,Kinosternon subrubrum,Kinosternon subrubrum,Eastern Mud Turtle
Saline,Sternotherus odoratus,Sternotherus odoratus,Common Musk Turtle
Saline,Sceloporus undulatus,Sceloporus undulatus,Fence Lizard
Saline,Eumeces fasciatus,Plestiodon fasciatus,Five-lined Skink
Saline,Cnemidophorus sexlineatus,Aspidoscelis sexlineata,Six-lined Racerunner
Saline,Carphophis amoenus,Carphophis amoenus,Worm Snake
Saline,Coluber constrictor,Coluber constrictor,Racer
Saline,Elaphe obsoleta,Pantherophis emoryi,Rat Snake
Saline,Heterodon platirhinos,Heterodon platirhinos,Eastern Hog-nosed Snake
Saline,Lampropeltis getula,Lampropeltis getula,Common Kingsnake
Saline,Lampropeltis triangulum,Lampropeltis triangulum,Milk Snake
Saline,Nerodia erythrogaster,Nerodia erythrogaster,Plainbelly Water Snake
Saline,Nerodia sipedon,Nerodia sipedon,Northern Water Snake
Saline,Thamnophis sirtalis,Thamnophis sirtalis,Common Gartersnake
Saline,Agkistrodon contortrix,Agkistrodon contortrix,Copperhead
Saline,Crotalus horridus,Crotalus horridus,Timber Rattlesnake
Sangamon,Ambystoma opacum,Ambystoma opacum,Marbled Salamander
Sangamon,Ambystoma texanum,Ambystoma texanum,Small-mouthed Salamander
Sangamon,Eurycea cirrigera,Eurycea cirrigera,Southern Two-lined Salamander
Sangamon,Eurycea longicauda,Eurycea longicauda,Long-tailed Salamander
Sangamon,Eurycea lucifuga,Eurycea lucifuga,Cave Salamander
Sangamon,Plethodon dorsalis,Plethodon dorsalis,Northern Zigzag Salamander
Sangamon,Plethodon glutinosus,Plethodon glutinosus,Northern Slimy Salamander
Sangamon,Bufo americanus,Anaxyrus americanus,American Toad
Sangamon,Bufo fowleri,Anaxyrus fowleri,Fowler’s Toad
Sangamon,Acris crepitans,Acris crepitans,Cricket Frog
Sangamon,Hyla versicolor- chrysoscelis,Hyla versicolor-chrysoscelis,Gray Treefrog Complex
Sangamon,Pseudacris crucifer,Pseudacris crucifer,Spring Peeper
Sangamon,Pseudacris triseriata,Pseudacris triseriata,Western Chorus Frog
Sangamon,Rana areolata,Rana areolata,Crawfish Frog
Sangamon,Rana catesbeiana,Rana catesbeiana,Bullfrog
Sangamon,Rana clamitans,Rana clamitans,Green Frog
Sangamon,Rana sphenocephala,Rana sphenocephala,Southern Leopard Frog
Sangamon,Rana sylvatica,Rana sylvatica,Wood Frog
Sangamon,Chrysemys picta,Chrysemys picta,Painted Turtle
Sangamon,Terrapene carolina,Terrapene carolina,Eastern Box Turtle
Sangamon,Trachemys scripta,Trachemys scripta,Slider
Sangamon,Kinosternon subrubrum,Kinosternon subrubrum,Eastern Mud Turtle
Sangamon,Sternotherus odoratus,Sternotherus odoratus,Common Musk Turtle
Sangamon,Sceloporus undulatus,Sceloporus undulatus,Fence Lizard
Sangamon,Eumeces fasciatus,Plestiodon fasciatus,Five-lined Skink
Sangamon,Cnemidophorus sexlineatus,Aspidoscelis sexlineata,Six-lined Racerunner
Sangamon,Carphophis amoenus,Carphophis amoenus,Worm Snake
Sangamon,Coluber constrictor,Coluber constrictor,Racer
Sangamon,Elaphe obsoleta,Pantherophis emoryi,Rat Snake
Sangamon,Heterodon platirhinos,Heterodon platirhinos,Eastern Hog-nosed Snake
Sangamon,Lampropeltis getula,Lampropeltis getula,Common Kingsnake
Sangamon,Lampropeltis triangulum,Lampropeltis triangulum,Milk Snake
Sangamon,Nerodia erythrogaster,Nerodia erythrogaster,Plainbelly Water Snake
Sangamon,Nerodia sipedon,Nerodia sipedon,Northern Water Snake
Sangamon,Thamnophis sirtalis,Thamnophis sirtalis,Common Gartersnake
Sangamon,Agkistrodon contortrix,Agkistrodon contortrix,Copperhead
Sangamon,Crotalus horridus,Crotalus horridus,Timber Rattlesnake
Schuyler,Bufo americanus,Anaxyrus americanus,American Toad
Schuyler,Acris crepitans,Acris crepitans,Cricket Frog
Schuyler,Pseudacris crucifer,Pseudacris crucifer,Spring Peeper
Schuyler,Pseudacris triseriata,Pseudacris triseriata,Western Chorus Frog
Schuyler,Rana blairi,Rana blairi,Plains Leopard Frog
Schuyler,Rana catesbeiana,Rana catesbeiana,Bullfrog
Schuyler,Chrysemys picta,Chrysemys picta,Painted Turtle
Schuyler,Apalone mutica,Apalone mutica,Smooth Softshell
Schuyler,Apalone spinifera,Apalone spinifera,Spiny Softshell
Schuyler,Clonophis kirtlandii,Clonophis kirtlandii,Kirtland’s Snake
Schuyler,Coluber constrictor,Coluber constrictor,Racer
Schuyler,Elaphe obsoleta,Pantherophis emoryi,Rat Snake
Schuyler,Nerodia sipedon,Nerodia sipedon,Northern Water Snake
Schuyler,Thamnophis sirtalis,Thamnophis sirtalis,Common Gartersnake
Scott,Ambystoma texanum,Ambystoma texanum,Small-mouthed Salamander
Scott,Bufo fowleri,Anaxyrus fowleri,Fowler’s Toad
Scott,Acris crepitans,Acris crepitans,Cricket Frog
Scott,Hyla versicolor- chrysoscelis,Hyla versicolor-chrysoscelis,Gray Treefrog Complex
Scott,Pseudacris crucifer,Pseudacris crucifer,Spring Peeper
Scott,Pseudacris streckeri,Pseudacris streckeri,Streker’s Chorus Frog
Scott,Pseudacris triseriata,Pseudacris triseriata,Western Chorus Frog
Scott,Rana catesbeiana,Rana catesbeiana,Bullfrog
Scott,Rana sphenocephala,Rana sphenocephala,Southern Leopard Frog
Scott,Chrysemys picta,Chrysemys picta,Painted Turtle
Scott,Terrapene carolina,Terrapene carolina,Eastern Box Turtle
Scott,Trachemys scripta,Trachemys scripta,Slider
Scott,Apalone spinifera,Apalone spinifera,Spiny Softshell
Scott,Eumeces fasciatus,Plestiodon fasciatus,Five-lined Skink
Scott,Eumeces laticeps,Plestiodon laticeps,Broad-headed Skink
Scott,Carphophis amoenus,Carphophis amoenus,Worm Snake
Scott,Coluber constrictor,Coluber constrictor,Racer
Scott,Heterodon platirhinos,Heterodon platirhinos,Eastern Hog-nosed Snake
Scott,Lampropeltis calligaster,Lampropeltis calligaster,Prairie Kingsnake
Scott,Thamnophis sirtalis,Thamnophis sirtalis,Common Gartersnake
Shelby,Ambystoma opacum,Ambystoma opacum,Marbled Salamander
Shelby,Plethodon glutinosus,Plethodon glutinosus,Northern Slimy Salamander
Shelby,Necturus maculosus,Necturus maculosus,Mudpuppy
Shelby,Bufo americanus,Anaxyrus americanus,American Toad
Shelby,Bufo fowleri,Anaxyrus fowleri,Fowler’s Toad
Shelby,Acris crepitans,Acris crepitans,Cricket Frog
Shelby,Pseudacris crucifer,Pseudacris crucifer,Spring Peeper
Shelby,Pseudacris triseriata,Pseudacris triseriata,Western Chorus Frog
Shelby,Rana catesbeiana,Rana catesbeiana,Bullfrog
Shelby,Rana clamitans,Rana clamitans,Green Frog
Shelby,Rana sphenocephala,Rana sphenocephala,Southern Leopard Frog
Shelby,Chelydra serpentina,Chelydra serpentina,Snapping Turtle
Shelby,Graptemys ouachitensis,Graptemys ouachitensis,Ouachita Map Turtle
Shelby,Terrapene carolina,Terrapene carolina,Eastern Box Turtle
Shelby,Terrapene ornata,Terrapene ornata,Ornate Box Turtle
Shelby,Apalone mutica,Apalone mutica,Smooth Softshell
Shelby,Sceloporus undulatus,Sceloporus undulatus,Fence Lizard
Shelby,Clonophis kirtlandii,Clonophis kirtlandii,Kirtland’s Snake
Shelby,Coluber constrictor,Coluber constrictor,Racer
Shelby,Diadophis punctatus,Diadophis punctatus,Ring-necked Snake
Shelby,Elaphe obsoleta,Pantherophis emoryi,Rat Snake
Shelby,Lampropeltis calligaster,Lampropeltis calligaster,Prairie Kingsnake
Shelby,Nerodia sipedon,Nerodia sipedon,Northern Water Snake
Shelby,Storeria occipitomaculata,Storeria occipitomaculata,Red-bellied Snake
Shelby,Thamnophis sirtalis,Thamnophis sirtalis,Common Gartersnake
St. Clair,Ambystoma maculatum,Ambystoma maculatum,Spotted Salamander
St. Clair,Ambystoma texanum,Ambystoma texanum,Small-mouthed Salamander
St. Clair,Ambystoma tigrinum,Ambystoma tigrinum,Tiger Salamander
St. Clair,Eurycea longicauda,Eurycea longicauda,Long-tailed Salamander
St. Clair,Eurycea lucifuga,Eurycea lucifuga,Cave Salamander
St. Clair,Necturus maculosus,Necturus maculosus,Mudpuppy
St. Clair,Notophthalmus viridescens,Notophthalmus viridescens,Eastern Newt
St. Clair,Siren intermedia,Siren intermedia,Lesser Siren
St. Clair,Bufo americanus,Anaxyrus americanus,American Toad
St. Clair,Bufo fowleri,Anaxyrus fowleri,Fowler’s Toad
St. Clair,Acris crepitans,Acris crepitans,Cricket Frog
St. Clair,Hyla chrysoscelis,Hyla chrysoscelis,Cope’s Gray Treefrog
St. Clair,Hyla versicolor- chrysoscelis,Hyla versicolor-chrysoscelis,Gray Treefrog Complex
St. Clair,Pseudacris crucifer,Pseudacris crucifer,Spring Peeper
St. Clair,Pseudacris triseriata,Pseudacris triseriata,Western Chorus Frog
St. Clair,Rana catesbeiana,Rana catesbeiana,Bullfrog
St. Clair,Rana palustris,Rana palustris,Pickerel Frog
St. Clair,Rana sphenocephala,Rana sphenocephala,Southern Leopard Frog
St. Clair,Chelydra serpentina,Chelydra serpentina,Snapping Turtle
St. Clair,Chrysemys picta,Chrysemys picta,Painted Turtle
St. Clair,Graptemys geographica,Graptemys geographica,Map Turtle
St. Clair,Graptemys pseudogeographica,Graptemys pseudogeographica,False Map Turtle
St. Clair,Terrapene carolina,Terrapene carolina,Eastern Box Turtle
St. Clair,Trachemys scripta,Trachemys scripta,Slider
St. Clair,Sternotherus odoratus,Sternotherus odoratus,Common Musk Turtle
St. Clair,Apalone mutica,Apalone mutica,Smooth Softshell
St. Clair,Sceloporus undulatus,Sceloporus undulatus,Fence Lizard
St. Clair,Eumeces fasciatus,Plestiodon fasciatus,Five-lined Skink
St. Clair,Eumeces laticeps,Plestiodon laticeps,Broad-headed Skink
St. Clair,Cnemidophorus sexlineatus,Aspidoscelis sexlineata,Six-lined Racerunner
St. Clair,Carphophis amoenus,Carphophis amoenus,Worm Snake
St. Clair,Coluber constrictor,Coluber constrictor,Racer
St. Clair,Diadophis punctatus,Diadophis punctatus,Ring-necked Snake
St. Clair,Elaphe guttata,Pantherophis guttatus,Corn Snake
St. Clair,Elaphe obsoleta,Pantherophis emoryi,Rat Snake
St. Clair,Elaphe vulpina,Pantherophis vulpinus,Fox Snake
St. Clair,Heterodon platirhinos,Heterodon platirhinos,Eastern Hog-nosed Snake
St. Clair,Lampropeltis calligaster,Lampropeltis calligaster,Prairie Kingsnake
St. Clair,Lampropeltis getula,Lampropeltis getula,Common Kingsnake
St. Clair,Lampropeltis triangulum,Lampropeltis triangulum,Milk Snake
St. Clair,Nerodia erythrogaster,Nerodia erythrogaster,Plainbelly Water Snake
St. Clair,Nerodia rhombifer,Nerodia rhombifer,Diamond-backed Watersnake
St. Clair,Nerodia sipedon,Nerodia sipedon,Northern Water Snake
St. Clair,Opheodrys aestivus,Opheodrys aestivus,Rough Greensnake
St. Clair,Pituophis melanoleucus,Pituophis melanoleucus,Bull Snake
St. Clair,Regina grahamii,Regina grahamii,Graham’s Crawfish Snake
St. Clair,Storeria dekayi,Storeria dekayi,Brown Snake
St. Clair,Storeria occipitomaculata,Storeria occipitomaculata,Red-bellied Snake
St. Clair,Tantilla gracilis,Tantilla gracilis,Flathead Snake
St. Clair,Thamnophis proximus,Thamnophis proximus,Western Ribbon Snake
St. Clair,Thamnophis radix,Thamnophis radix,Plains Gartersnake
St. Clair,Thamnophis sirtalis,Thamnophis sirtalis,Common Gartersnake
St. Clair,Tropidoclonion lineatum,Tropidoclonion lineatum,Lined Snake
St. Clair,Virginia valeriae,Virginia valeriae,Smooth Earth Snake
St. Clair,Agkistrodon contortrix,Agkistrodon contortrix,Copperhead
St. Clair,Crotalus horridus,Crotalus horridus,Timber Rattlesnake
Stark,Ambystoma tigrinum,Ambystoma tigrinum,Tiger Salamander
Stark,Acris crepitans,Acris crepitans,Cricket Frog
Stark,Pseudacris crucifer,Pseudacris crucifer,Spring Peeper
Stark,Elaphe vulpina,Pantherophis vulpinus,Fox Snake
Stark,Lampropeltis triangulum,Lampropeltis triangulum,Milk Snake
Stark,Opheodrys vernalis,Opheodrys vernalis,Smooth Greensnake
Stark,Sistrurus catenatus,Sistrurus catenatus,Massasauga
Stephenson,Bufo americanus,Anaxyrus americanus,American Toad
Stephenson,Acris crepitans,Acris crepitans,Cricket Frog
Stephenson,Rana catesbeiana,Rana catesbeiana,Bullfrog
Stephenson,Rana clamitans,Rana clamitans,Green Frog
Stephenson,Rana palustris,Rana palustris,Pickerel Frog
Stephenson,Rana pipiens,Rana pipiens,Northern Leopard Frog
Stephenson,Chelydra serpentina,Chelydra serpentina,Snapping Turtle
Stephenson,Chrysemys picta,Chrysemys picta,Painted Turtle
Stephenson,Elaphe obsoleta,Pantherophis emoryi,Rat Snake
Stephenson,Nerodia sipedon,Nerodia sipedon,Northern Water Snake
Stephenson,Thamnophis sirtalis,Thamnophis sirtalis,Common Gartersnake
Tazewell,Ambystoma tigrinum,Ambystoma tigrinum,Tiger Salamander
Tazewell,Siren intermedia,Siren intermedia,Lesser Siren
Tazewell,Bufo americanus,Anaxyrus americanus,American Toad
Tazewell,Bufo fowleri,Anaxyrus fowleri,Fowler’s Toad
Tazewell,Acris crepitans,Acris crepitans,Cricket Frog
Tazewell,Hyla versicolor- chrysoscelis,Hyla versicolor-chrysoscelis,Gray Treefrog Complex
Tazewell,Pseudacris streckeri,Pseudacris streckeri,Streker’s Chorus Frog
Tazewell,Rana blairi,Rana blairi,Plains Leopard Frog
Tazewell,Rana catesbeiana,Rana catesbeiana,Bullfrog
Tazewell,Rana clamitans,Rana clamitans,Green Frog
Tazewell,Rana sphenocephala,Rana sphenocephala,Southern Leopard Frog
Tazewell,Chrysemys picta,Chrysemys picta,Painted Turtle
Tazewell,Terrapene ornata,Terrapene ornata,Ornate Box Turtle
Tazewell,Trachemys scripta,Trachemys scripta,Slider
Tazewell,Kinosternon flavescens,Kinosternon flavescens,Yellow Mud Turtle
Tazewell,Sternotherus odoratus,Sternotherus odoratus,Common Musk Turtle
Tazewell,Cnemidophorus sexlineatus,Aspidoscelis sexlineata,Six-lined Racerunner
Tazewell,Coluber constrictor,Coluber constrictor,Racer
Tazewell,Heterodon nasicus,Heterodon nasicus,Western Hog-nosed Snake
Tazewell,Heterodon platirhinos,Heterodon platirhinos,Eastern Hog-nosed Snake
Tazewell,Lampropeltis calligaster,Lampropeltis calligaster,Prairie Kingsnake
Tazewell,Lampropeltis triangulum,Lampropeltis triangulum,Milk Snake
Tazewell,Pituophis melanoleucus,Pituophis melanoleucus,Bull Snake
Tazewell,Sistrurus catenatus,Sistrurus catenatus,Massasauga
Union,Ambystoma maculatum,Ambystoma maculatum,Spotted Salamander
Union,Ambystoma opacum,Ambystoma opacum,Marbled Salamander
Union,Ambystoma talpoideum,Ambystoma talpoideum,Mole Salamander
Union,Ambystoma texanum,Ambystoma texanum,Small-mouthed Salamander
Union,Ambystoma tigrinum,Ambystoma tigrinum,Eastern Tiger Salamander
Union,Eurycea longicauda,Eurycea longicauda,Long-tailed Salamander
Union,Eurycea lucifuga,Eurycea lucifuga,Cave Salamander
Union,Plethodon dorsalis,Plethodon dorsalis,Northern Zigzag Salamander
Union,Plethodon glutinosus,Plethodon glutinosus,Northern Slimy Salamander
Union,Notophthalmus viridescens,Notophthalmus viridescens,Eastern Newt
Union,Siren intermedia,Siren intermedia,Lesser Siren
Union,Anaxyrus americanus,Anaxyrus americanus,American Toad
Union,Anaxyrus fowleri,Anaxyrus fowleri,Fowler’s Toad
Union,Acris blanchardi,Acris blanchardi,Blanchard’s Cricket Frog
Union,Hyla avivoca,Hyla avivoca,Bird-voiced Treefrog
Union,Hyla cinerea,Hyla cinerea,Green Treefrog
Union,Hyla versicolor- chrysoscelis,Hyla versicolor-chrysoscelis,Gray Treefrog Complex
Union,Pseudacris crucifer,Pseudacris crucifer,Spring Peeper
Union,Pseudacris triseriata,Pseudacris triseriata,Western Chorus Frog
Union,Gastrophryne carolinensis,Gastrophryne carolinensis,Eastern Narrow-mouthed Toad
Union,Scaphiopus holbrookii,Scaphiopus holbrookii,Eastern Spadefoot
Union,Rana blairi,Rana blairi,Plains Leopard Frog
Union,Rana catesbeiana,Rana catesbeiana,Bullfrog
Union,Rana clamitans,Rana clamitans,Green Frog
Union,Rana palustris,Rana palustris,Pickerel Frog
Union,Rana sphenocephala,Rana sphenocephala,Southern Leopard Frog
Union,Rana sylvatica,Rana sylvatica,Wood Frog
Union,Chelydra serpentina,Chelydra serpentina,Snapping Turtle
Union,Macroclemys temminckii,Macrochelys temminckii,Alligator Snapping Turtle
Union,Chrysemys picta,Chrysemys picta,Painted Turtle
Union,Graptemys geographica,Graptemys geographica,Map Turtle
Union,Pseudemys concinna,Pseudemys concinna,River Cooter
Union,Terrapene carolina,Terrapene carolina,Eastern Box Turtle
Union,Trachemys scripta,Trachemys scripta,Slider
Union,Sternotherus odoratus,Sternotherus odoratus,Common Musk Turtle
Union,Apalone spinifera,Apalone spinifera,Spiny Softshell
Union,Ophisaurus attenuatus,Ophisaurus attenuatus,Slender Glass Lizard
Union,Sceloporus undulatus,Sceloporus undulatus,Fence Lizard
Union,Plestiodon fasciatus,Plestiodon fasciatus,Common Five-lined Skink
Union,Plestiodon laticeps,Plestiodon laticeps,Broad-headed Skink
Union,Scincella lateralis,Scincella lateralis,Ground Skink
Union,Carphophis amoenus,Carphophis amoenus,Common Wormsnake
Union,Cemophora coccinea,Cemophora coccinea,Scarlet Snake
Union,Coluber constrictor,Coluber constrictor,Racer
Union,Diadophis punctatus,Diadophis punctatus,Ring-necked Snake
Union,Pantherophis spiloides,Pantherophis spiloides,Gray Ratsnake
Union,Pantherophis vulpinus,Pantherophis vulpinus,Eastern Foxsnake
Union,Farancia abacura,Farancia abacura,Red-bellied Mudsnake
Union,Heterodon platirhinos,Heterodon platirhinos,Eastern Hog-nosed Snake
Union,Lampropeltis calligaster,Lampropeltis calligaster,Prairie Kingsnake
Union,Lampropeltis getula,Lampropeltis getula,Common Kingsnake
Union,Lampropeltis triangulum,Lampropeltis triangulum,Milksnake
Union,Nerodia cyclopion,Nerodia cyclopion,Mississippi Green Watersnake
Union,Nerodia erythrogaster,Nerodia erythrogaster,Plain-bellied Watersnake
Union,Nerodia rhombifer,Nerodia rhombifer,Diamond-backed Watersnake
Union,Nerodia sipedon,Nerodia sipedon,Northern Watersnake
Union,Opheodrys aestivus,Opheodrys aestivus,Rough Greensnake
Union,Regina grahamii,Regina grahamii,Graham’s Crawfish Snake
Union,Storeria dekayi,Storeria dekayi,Dekay’s Brownsnake
Union,Storeria occipitomaculata,Storeria occipitomaculata,Red-bellied Snake
Union,Tantilla gracilis,Tantilla gracilis,Flathead Snake
Union,Thamnophis proximus,Thamnophis proximus,Western Ribbonsnake
Union,Thamnophis sirtalis,Thamnophis sirtalis,Common Gartersnake
Union,Virginia valeriae,Virginia valeriae,Smooth Earthsnake
Union,Agkistrodon contortrix,Agkistrodon contortrix,Copperhead
Union,Agkistrodon piscivorus,Agkistrodon piscivorus,Cottonmouth
Union,Crotalus horridus,Crotalus horridus,Timber Rattlesnake
Vermilion,Ambystoma maculatum,Ambystoma maculatum,Spotted Salamander
Vermilion,Ambystoma opacum,Ambystoma opacum,Marbled Salamander
Vermilion,Ambystoma platineum,Ambystoma platineum,Silvery Salamander
Vermilion,Ambystoma texanum,Ambystoma texanum,Small-mouthed Salamander
Vermilion,Ambystoma tigrinum,Ambystoma tigrinum,Tiger Salamander
Vermilion,Eurycea cirrigera,Eurycea cirrigera,Southern Two-lined Salamander
Vermilion,Plethodon cinereus,Plethodon cinereus,Redback Salamander
Vermilion,Plethodon dorsalis,Plethodon dorsalis,Northern Zigzag Salamander
Vermilion,Plethodon glutinosus,Plethodon glutinosus,Northern Slimy Salamander
Vermilion,Hemidactylium scutatum,Hemidactylium scutatum,Four-toed Salamander
Vermilion,Necturus maculosus,Necturus maculosus,Mudpuppy
Vermilion,Bufo americanus,Anaxyrus americanus,American Toad
Vermilion,Bufo fowleri,Anaxyrus fowleri,Fowler’s Toad
Vermilion,Acris crepitans,Acris crepitans,Cricket Frog
Vermilion,Hyla versicolor- chrysoscelis,Hyla versicolor-chrysoscelis,Gray Treefrog Complex
Vermilion,Pseudacris crucifer,Pseudacris crucifer,Spring Peeper
Vermilion,Pseudacris triseriata,Pseudacris triseriata,Western Chorus Frog
Vermilion,Rana blairi,Rana blairi,Plains Leopard Frog
Vermilion,Rana catesbeiana,Rana catesbeiana,Bullfrog
Vermilion,Rana clamitans,Rana clamitans,Green Frog
Vermilion,Rana palustris,Rana palustris,Pickerel Frog
Vermilion,Rana sphenocephala,Rana sphenocephala,Southern Leopard Frog
Vermilion,Rana sylvatica,Rana sylvatica,Wood Frog
Vermilion,Chelydra serpentina,Chelydra serpentina,Snapping Turtle
Vermilion,Chrysemys picta,Chrysemys picta,Painted Turtle
Vermilion,Emydoidea blandingii,Emydoidea blandingii,Blanding’s Turtle
Vermilion,Graptemys geographica,Graptemys geographica,Map Turtle
Vermilion,Terrapene carolina,Terrapene carolina,Eastern Box Turtle
Vermilion,Trachemys scripta,Trachemys scripta,Slider
Vermilion,Sternotherus odoratus,Sternotherus odoratus,Common Musk Turtle
Vermilion,Apalone mutica,Apalone mutica,Smooth Softshell
Vermilion,Apalone spinifera,Apalone spinifera,Spiny Softshell
Vermilion,Clonophis kirtlandii,Clonophis kirtlandii,Kirtland’s Snake
Vermilion,Coluber constrictor,Coluber constrictor,Racer
Vermilion,Diadophis punctatus,Diadophis punctatus,Ring-necked Snake
Vermilion,Elaphe obsoleta,Pantherophis emoryi,Rat Snake
Vermilion,Elaphe vulpina,Pantherophis vulpinus,Fox Snake
Vermilion,Heterodon platirhinos,Heterodon platirhinos,Eastern Hog-nosed Snake
Vermilion,Lampropeltis calligaster,Lampropeltis calligaster,Prairie Kingsnake
Vermilion,Lampropeltis triangulum,Lampropeltis triangulum,Milk Snake
Vermilion,Nerodia sipedon,Nerodia sipedon,Northern Water Snake
Vermilion,Opheodrys vernalis,Opheodrys vernalis,Smooth Greensnake
Vermilion,Regina septemvittata,Regina septemvittata,Queen Snake
Vermilion,Storeria dekayi,Storeria dekayi,Brown Snake
Vermilion,Thamnophis radix,Thamnophis radix,Plains Gartersnake
Vermilion,Thamnophis sirtalis,Thamnophis sirtalis,Common Gartersnake
Wabash,Ambystoma opacum,Ambystoma opacum,Marbled Salamander
Wabash,Ambystoma texanum,Ambystoma texanum,Small-mouthed Salamander
Wabash,Ambystoma tigrinum,Ambystoma tigrinum,Tiger Salamander
Wabash,Necturus maculosus,Necturus maculosus,Mudpuppy
Wabash,Notophthalmus viridescens,Notophthalmus viridescens,Eastern Newt
Wabash,Siren intermedia,Siren intermedia,Lesser Siren
Wabash,Bufo americanus,Anaxyrus americanus,American Toad
Wabash,Bufo fowleri,Anaxyrus fowleri,Fowler’s Toad
Wabash,Acris crepitans,Acris crepitans,Cricket Frog
Wabash,Hyla versicolor- chrysoscelis,Hyla versicolor-chrysoscelis,Gray Treefrog Complex
Wabash,Pseudacris triseriata,Pseudacris triseriata,Western Chorus Frog
Wabash,Rana catesbeiana,Rana catesbeiana,Bullfrog
Wabash,Rana sphenocephala,Rana sphenocephala,Southern Leopard Frog
Wabash,Rana sylvatica,Rana sylvatica,Wood Frog
Wabash,Chelydra serpentina,Chelydra serpentina,Snapping Turtle
Wabash,Macroclemys temminckii,Macrochelys temminckii,Alligator Snapping Turtle
Wabash,Chrysemys picta,Chrysemys picta,Painted Turtle
Wabash,Graptemys geographica,Graptemys geographica,Map Turtle
Wabash,Graptemys ouachitensis,Graptemys ouachitensis,Ouachita Map Turtle
Wabash,Graptemys pseudogeographica,Graptemys pseudogeographica,False Map Turtle
Wabash,Pseudemys concinna,Pseudemys concinna,River Cooter
Wabash,Terrapene carolina,Terrapene carolina,Eastern Box Turtle
Wabash,Trachemys scripta,Trachemys scripta,Slider
Wabash,Apalone mutica,Apalone mutica,Smooth Softshell
Wabash,Apalone spinifera,Apalone spinifera,Spiny Softshell
Wabash,Ophisaurus attenuatus,Ophisaurus attenuatus,Slender Glass Lizard
Wabash,Eumeces fasciatus,Plestiodon fasciatus,Five-lined Skink
Wabash,Eumeces laticeps,Plestiodon laticeps,Broad-headed Skink
Wabash,Carphophis amoenus,Carphophis amoenus,Worm Snake
Wabash,Coluber constrictor,Coluber constrictor,Racer
Wabash,Elaphe obsoleta,Pantherophis emoryi,Rat Snake
Wabash,Heterodon platirhinos,Heterodon platirhinos,Eastern Hog-nosed Snake
Wabash,Lampropeltis calligaster,Lampropeltis calligaster,Prairie Kingsnake
Wabash,Lampropeltis getula,Lampropeltis getula,Common Kingsnake
Wabash,Lampropeltis triangulum,Lampropeltis triangulum,Milk Snake
Wabash,Nerodia erythrogaster,Nerodia erythrogaster,Plainbelly Water Snake
Wabash,Nerodia sipedon,Nerodia sipedon,Northern Water Snake
Wabash,Opheodrys aestivus,Opheodrys aestivus,Rough Greensnake
Wabash,Storeria dekayi,Storeria dekayi,Brown Snake
Wabash,Storeria occipitomaculata,Storeria occipitomaculata,Red-bellied Snake
Wabash,Thamnophis sauritus,Thamnophis saurita,Eastern Ribbon Snake
Wabash,Thamnophis sirtalis,Thamnophis sirtalis,Common Gartersnake
Wabash,Agkistrodon contortrix,Agkistrodon contortrix,Copperhead
Wabash,Crotalus horridus,Crotalus horridus,Timber Rattlesnake
Warren,Ambystoma tigrinum,Ambystoma tigrinum,Tiger Salamander
Warren,Bufo americanus,Anaxyrus americanus,American Toad
Warren,Acris crepitans,Acris crepitans,Cricket Frog
Warren,Pseudacris triseriata,Pseudacris triseriata,Western Chorus Frog
Warren,Rana blairi,Rana blairi,Plains Leopard Frog
Warren,Rana catesbeiana,Rana catesbeiana,Bullfrog
Warren,Rana clamitans,Rana clamitans,Green Frog
Warren,Rana pipiens,Rana pipiens,Northern Leopard Frog
Warren,Chelydra serpentina,Chelydra serpentina,Snapping Turtle
Warren,Elaphe vulpina,Pantherophis vulpinus,Fox Snake
Warren,Nerodia sipedon,Nerodia sipedon,Northern Water Snake
Warren,Thamnophis sirtalis,Thamnophis sirtalis,Common Gartersnake
Warren,Sistrurus catenatus,Sistrurus catenatus,Massasauga
Washington,Ambystoma maculatum,Ambystoma maculatum,Spotted Salamander
Washington,Ambystoma opacum,Ambystoma opacum,Marbled Salamander
Washington,Ambystoma texanum,Ambystoma texanum,Small-mouthed Salamander
Washington,Ambystoma tigrinum,Ambystoma tigrinum,Tiger Salamander
Washington,Notophthalmus viridescens,Notophthalmus viridescens,Eastern Newt
Washington,Bufo americanus,Anaxyrus americanus,American Toad
Washington,Bufo fowleri,Anaxyrus fowleri,Fowler’s Toad
Washington,Acris crepitans,Acris crepitans,Cricket Frog
Washington,Hyla versicolor- chrysoscelis,Hyla versicolor-chrysoscelis,Gray Treefrog Complex
Washington,Pseudacris crucifer,Pseudacris crucifer,Spring Peeper
Washington,Pseudacris triseriata,Pseudacris triseriata,Western Chorus Frog
Washington,Rana areolata,Rana areolata,Crawfish Frog
Washington,Rana catesbeiana,Rana catesbeiana,Bullfrog
Washington,Rana clamitans,Rana clamitans,Green Frog
Washington,Rana sphenocephala,Rana sphenocephala,Southern Leopard Frog
Washington,Chelydra serpentina,Chelydra serpentina,Snapping Turtle
Washington,Chrysemys picta,Chrysemys picta,Painted Turtle
Washington,Terrapene carolina,Terrapene carolina,Eastern Box Turtle
Washington,Terrapene ornata,Terrapene ornata,Ornate Box Turtle
Washington,Trachemys scripta,Trachemys scripta,Slider
Washington,Sternotherus odoratus,Sternotherus odoratus,Common Musk Turtle
Washington,Sceloporus undulatus,Sceloporus undulatus,Fence Lizard
Washington,Eumeces fasciatus,Plestiodon fasciatus,Five-lined Skink
Washington,Eumeces laticeps,Plestiodon laticeps,Broad-headed Skink
Washington,Scincella lateralis,Scincella lateralis,Ground Skink
Washington,Coluber constrictor,Coluber constrictor,Racer
Washington,Elaphe obsoleta,Pantherophis emoryi,Rat Snake
Washington,Heterodon platirhinos,Heterodon platirhinos,Eastern Hog-nosed Snake
Washington,Lampropeltis calligaster,Lampropeltis calligaster,Prairie Kingsnake
Washington,Lampropeltis getula,Lampropeltis getula,Common Kingsnake
Washington,Nerodia erythrogaster,Nerodia erythrogaster,Plainbelly Water Snake
Washington,Nerodia rhombifer,Nerodia rhombifer,Diamond-backed Watersnake
Washington,Nerodia sipedon,Nerodia sipedon,Northern Water Snake
Washington,Opheodrys aestivus,Opheodrys aestivus,Rough Greensnake
Washington,Storeria dekayi,Storeria dekayi,Brown Snake
Washington,Storeria occipitomaculata,Storeria occipitomaculata,Red-bellied Snake
Washington,Thamnophis sirtalis,Thamnophis sirtalis,Common Gartersnake
Washington,Agkistrodon contortrix,Agkistrodon contortrix,Copperhead
Wayne,Bufo fowleri,Anaxyrus fowleri,Fowler’s Toad
Wayne,Acris crepitans,Acris crepitans,Cricket Frog
Wayne,Hyla versicolor- chrysoscelis,Hyla versicolor-chrysoscelis,Gray Treefrog Complex
Wayne,Pseudacris triseriata,Pseudacris triseriata,Western Chorus Frog
Wayne,Rana catesbeiana,Rana catesbeiana,Bullfrog
Wayne,Chelydra serpentina,Chelydra serpentina,Snapping Turtle
Wayne,Chrysemys picta,Chrysemys picta,Painted Turtle
Wayne,Terrapene carolina,Terrapene carolina,Eastern Box Turtle
Wayne,Terrapene ornata,Terrapene ornata,Ornate Box Turtle
Wayne,Trachemys scripta,Trachemys scripta,Slider
Wayne,Sceloporus undulatus,Sceloporus undulatus,Fence Lizard
Wayne,Scincella lateralis,Scincella lateralis,Ground Skink
Wayne,Coluber constrictor,Coluber constrictor,Racer
Wayne,Lampropeltis calligaster,Lampropeltis calligaster,Prairie Kingsnake
Wayne,Thamnophis sirtalis,Thamnophis sirtalis,Common Gartersnake
White,Ambystoma maculatum,Ambystoma maculatum,Spotted Salamander
White,Ambystoma tigrinum,Ambystoma tigrinum,Tiger Salamander
White,Cryptobranchus alleganiensis,Cryptobranchus alleganiensis,Hellbender
White,Bufo fowleri,Anaxyrus fowleri,Fowler’s Toad
White,Acris crepitans,Acris crepitans,Cricket Frog
White,Hyla versicolor- chrysoscelis,Hyla versicolor-chrysoscelis,Gray Treefrog Complex
White,Pseudacris triseriata,Pseudacris triseriata,Western Chorus Frog
White,Rana areolata,Rana areolata,Crawfish Frog
White,Rana catesbeiana,Rana catesbeiana,Bullfrog
White,Rana sphenocephala,Rana sphenocephala,Southern Leopard Frog
White,Chelydra serpentina,Chelydra serpentina,Snapping Turtle
White,Macroclemys temminckii,Macrochelys temminckii,Alligator Snapping Turtle
White,Chrysemys picta,Chrysemys picta,Painted Turtle
White,Graptemys ouachitensis,Graptemys ouachitensis,Ouachita Map Turtle
White,Pseudemys concinna,Pseudemys concinna,River Cooter
White,Terrapene carolina,Terrapene carolina,Eastern Box Turtle
White,Sternotherus odoratus,Sternotherus odoratus,Common Musk Turtle
White,Apalone mutica,Apalone mutica,Smooth Softshell
White,Apalone spinifera,Apalone spinifera,Spiny Softshell
White,Sceloporus undulatus,Sceloporus undulatus,Fence Lizard
White,Elaphe obsoleta,Pantherophis emoryi,Rat Snake
White,Lampropeltis calligaster,Lampropeltis calligaster,Prairie Kingsnake
White,Nerodia erythrogaster,Nerodia erythrogaster,Plainbelly Water Snake
White,Opheodrys aestivus,Opheodrys aestivus,Rough Greensnake
Whiteside,Acris crepitans,Acris crepitans,Cricket Frog
Whiteside,Hyla versicolor- chrysoscelis,Hyla versicolor-chrysoscelis,Gray Treefrog Complex
Whiteside,Rana clamitans,Rana clamitans,Green Frog
Whiteside,Rana pipiens,Rana pipiens,Northern Leopard Frog
Whiteside,Emydoidea blandingii,Emydoidea blandingii,Blanding’s Turtle
Whiteside,Graptemys ouachitensis,Graptemys ouachitensis,Ouachita Map Turtle
Whiteside,Terrapene ornata,Terrapene ornata,Ornate Box Turtle
Whiteside,Kinosternon flavescens,Kinosternon flavescens,Yellow Mud Turtle
Whiteside,Sternotherus odoratus,Sternotherus odoratus,Common Musk Turtle
Whiteside,Apalone mutica,Apalone mutica,Smooth Softshell
Whiteside,Cnemidophorus sexlineatus,Aspidoscelis sexlineata,Six-lined Racerunner
Whiteside,Coluber constrictor,Coluber constrictor,Racer
Whiteside,Elaphe vulpina,Pantherophis vulpinus,Fox Snake
Whiteside,Heterodon nasicus,Heterodon nasicus,Western Hog-nosed Snake
Whiteside,Nerodia sipedon,Nerodia sipedon,Northern Water Snake
Whiteside,Pituophis melanoleucus,Pituophis melanoleucus,Bull Snake
Whiteside,Thamnophis sirtalis,Thamnophis sirtalis,Common Gartersnake
Will,Ambystoma laterale,Ambystoma laterale,Blue-spotted Salamander
Will,Ambystoma maculatum,Ambystoma maculatum,Spotted Salamander
Will,Ambystoma texanum,Ambystoma texanum,Small-mouthed Salamander
Will,Ambystoma tigrinum,Ambystoma tigrinum,Tiger Salamander
Will,Eurycea cirrigera,Eurycea cirrigera,Southern Two-lined Salamander
Will,Hemidactylium scutatum,Hemidactylium scutatum,Four-toed Salamander
Will,Necturus maculosus,Necturus maculosus,Mudpuppy
Will,Bufo americanus,Anaxyrus americanus,American Toad
Will,Acris crepitans,Acris crepitans,Cricket Frog
Will,Hyla versicolor- chrysoscelis,Hyla versicolor-chrysoscelis,Gray Treefrog Complex
Will,Pseudacris crucifer,Pseudacris crucifer,Spring Peeper
Will,Pseudacris triseriata,Pseudacris triseriata,Western Chorus Frog
Will,Rana blairi,Rana blairi,Plains Leopard Frog
Will,Rana catesbeiana,Rana catesbeiana,Bullfrog
Will,Rana clamitans,Rana clamitans,Green Frog
Will,Rana pipiens,Rana pipiens,Northern Leopard Frog
Will,Rana sylvatica,Rana sylvatica,Wood Frog
Will,Chelydra serpentina,Chelydra serpentina,Snapping Turtle
Will,Chrysemys picta,Chrysemys picta,Painted Turtle
Will,Clemmys guttata,Clemmys guttata,Spotted Turtle
Will,Emydoidea blandingii,Emydoidea blandingii,Blanding’s Turtle
Will,Graptemys geographica,Graptemys geographica,Map Turtle
Will,Terrapene carolina,Terrapene carolina,Eastern Box Turtle
Will,Terrapene ornata,Terrapene ornata,Ornate Box Turtle
Will,Trachemys scripta,Trachemys scripta,Slider
Will,Sternotherus odoratus,Sternotherus odoratus,Common Musk Turtle
Will,Apalone spinifera,Apalone spinifera,Spiny Softshell
Will,Ophisaurus attenuatus,Ophisaurus attenuatus,Slender Glass Lizard
Will,Cnemidophorus sexlineatus,Aspidoscelis sexlineata,Six-lined Racerunner
Will,Clonophis kirtlandii,Clonophis kirtlandii,Kirtland’s Snake
Will,Coluber constrictor,Coluber constrictor,Racer
Will,Elaphe obsoleta,Pantherophis emoryi,Rat Snake
Will,Elaphe vulpina,Pantherophis vulpinus,Fox Snake
Will,Heterodon platirhinos,Heterodon platirhinos,Eastern Hog-nosed Snake
Will,Lampropeltis triangulum,Lampropeltis triangulum,Milk Snake
Will,Nerodia sipedon,Nerodia sipedon,Northern Water Snake
Will,Opheodrys vernalis,Opheodrys vernalis,Smooth Greensnake
Will,Pituophis melanoleucus,Pituophis melanoleucus,Bull Snake
Will,Regina grahamii,Regina grahamii,Graham’s Crawfish Snake
Will,Regina septemvittata,Regina septemvittata,Queen Snake
Will,Storeria dekayi,Storeria dekayi,Brown Snake
Will,Storeria occipitomaculata,Storeria occipitomaculata,Red-bellied Snake
Will,Thamnophis proximus,Thamnophis proximus,Western Ribbon Snake
Will,Thamnophis radix,Thamnophis radix,Plains Gartersnake
Will,Thamnophis sirtalis,Thamnophis sirtalis,Common Gartersnake
Will,Sistrurus catenatus,Sistrurus catenatus,Massasauga
Williamson,Ambystoma opacum,Ambystoma opacum,Marbled Salamander
Williamson,Ambystoma texanum,Ambystoma texanum,Small-mouthed Salamander
Williamson,Ambystoma tigrinum,Ambystoma tigrinum,Tiger Salamander
Williamson,Plethodon glutinosus,Plethodon glutinosus,Northern Slimy Salamander
Williamson,Notophthalmus viridescens,Notophthalmus viridescens,Eastern Newt
Williamson,Siren intermedia,Siren intermedia,Lesser Siren
Williamson,Bufo americanus,Anaxyrus americanus,American Toad
Williamson,Bufo fowleri,Anaxyrus fowleri,Fowler’s Toad
Williamson,Acris crepitans,Acris crepitans,Cricket Frog
Williamson,Hyla cinerea,Hyla cinerea,Green Treefrog
Williamson,Hyla versicolor- chrysoscelis,Hyla versicolor-chrysoscelis,Gray Treefrog Complex
Williamson,Pseudacris crucifer,Pseudacris crucifer,Spring Peeper
Williamson,Pseudacris triseriata,Pseudacris triseriata,Western Chorus Frog
Williamson,Rana areolata,Rana areolata,Crawfish Frog
Williamson,Rana catesbeiana,Rana catesbeiana,Bullfrog
Williamson,Rana clamitans,Rana clamitans,Green Frog
Williamson,Rana sphenocephala,Rana sphenocephala,Southern Leopard Frog
Williamson,Chelydra serpentina,Chelydra serpentina,Snapping Turtle
Williamson,Chrysemys picta,Chrysemys picta,Painted Turtle
Williamson,Graptemys pseudogeographica,Graptemys pseudogeographica,False Map Turtle
Williamson,Terrapene carolina,Terrapene carolina,Eastern Box Turtle
Williamson,Trachemys scripta,Trachemys scripta,Slider
Williamson,Kinosternon subrubrum,Kinosternon subrubrum,Eastern Mud Turtle
Williamson,Sternotherus odoratus,Sternotherus odoratus,Common Musk Turtle
Williamson,Apalone spinifera,Apalone spinifera,Spiny Softshell
Williamson,Sceloporus undulatus,Sceloporus undulatus,Fence Lizard
Williamson,Eumeces fasciatus,Plestiodon fasciatus,Five-lined Skink
Williamson,Scincella lateralis,Scincella lateralis,Ground Skink
Williamson,Cnemidophorus sexlineatus,Aspidoscelis sexlineata,Six-lined Racerunner
Williamson,Carphophis amoenus,Carphophis amoenus,Worm Snake
Williamson,Coluber constrictor,Coluber constrictor,Racer
Williamson,Diadophis punctatus,Diadophis punctatus,Ring-necked Snake
Williamson,Elaphe obsoleta,Pantherophis emoryi,Rat Snake
Williamson,Farancia abacura,Farancia abacura,Mud Snake
Williamson,Heterodon platirhinos,Heterodon platirhinos,Eastern Hog-nosed Snake
Williamson,Lampropeltis calligaster,Lampropeltis calligaster,Prairie Kingsnake
Williamson,Lampropeltis getula,Lampropeltis getula,Common Kingsnake
Williamson,Nerodia erythrogaster,Nerodia erythrogaster,Plainbelly Water Snake
Williamson,Nerodia rhombifer,Nerodia rhombifer,Diamond-backed Watersnake
Williamson,Nerodia sipedon,Nerodia sipedon,Northern Water Snake
Williamson,Opheodrys aestivus,Opheodrys aestivus,Rough Greensnake
Williamson,Storeria dekayi,Storeria dekayi,Brown Snake
Williamson,Storeria occipitomaculata,Storeria occipitomaculata,Red-bellied Snake
Williamson,Thamnophis sirtalis,Thamnophis sirtalis,Common Gartersnake
Williamson,Virginia valeriae,Virginia valeriae,Smooth Earth Snake
Williamson,Agkistrodon contortrix,Agkistrodon contortrix,Copperhead
Williamson,Crotalus horridus,Crotalus horridus,Timber Rattlesnake
Winnebago,Ambystoma laterale,Ambystoma laterale,Blue-spotted Salamander
Winnebago,Ambystoma tigrinum,Ambystoma tigrinum,Tiger Salamander
Winnebago,Necturus maculosus,Necturus maculosus,Mudpuppy
Winnebago,Notophthalmus viridescens,Notophthalmus viridescens,Eastern Newt
Winnebago,Bufo americanus,Anaxyrus americanus,American Toad
Winnebago,Acris crepitans,Acris crepitans,Cricket Frog
Winnebago,Hyla versicolor- chrysoscelis,Hyla versicolor-chrysoscelis,Gray Treefrog Complex
Winnebago,Pseudacris crucifer,Pseudacris crucifer,Spring Peeper
Winnebago,Pseudacris triseriata,Pseudacris triseriata,Western Chorus Frog
Winnebago,Rana catesbeiana,Rana catesbeiana,Bullfrog
Winnebago,Rana clamitans,Rana clamitans,Green Frog
Winnebago,Rana pipiens,Rana pipiens,Northern Leopard Frog
Winnebago,Chelydra serpentina,Chelydra serpentina,Snapping Turtle
Winnebago,Chrysemys picta,Chrysemys picta,Painted Turtle
Winnebago,Emydoidea blandingii,Emydoidea blandingii,Blanding’s Turtle
Winnebago,Graptemys geographica,Graptemys geographica,Map Turtle
Winnebago,Trachemys scripta,Trachemys scripta,Slider
Winnebago,Sternotherus odoratus,Sternotherus odoratus,Common Musk Turtle
Winnebago,Apalone spinifera,Apalone spinifera,Spiny Softshell
Winnebago,Coluber constrictor,Coluber constrictor,Racer
Winnebago,Elaphe vulpina,Pantherophis vulpinus,Fox Snake
Winnebago,Heterodon platirhinos,Heterodon platirhinos,Eastern Hog-nosed Snake
Winnebago,Lampropeltis triangulum,Lampropeltis triangulum,Milk Snake
Winnebago,Nerodia sipedon,Nerodia sipedon,Northern Water Snake
Winnebago,Opheodrys vernalis,Opheodrys vernalis,Smooth Greensnake
Winnebago,Regina septemvittata,Regina septemvittata,Queen Snake
Winnebago,Storeria dekayi,Storeria dekayi,Brown Snake
Winnebago,Thamnophis radix,Thamnophis radix,Plains Gartersnake
Winnebago,Thamnophis sirtalis,Thamnophis sirtalis,Common Gartersnake
Woodford,Bufo americanus,Anaxyrus americanus,American Toad
Woodford,Bufo fowleri,Anaxyrus fowleri,Fowler’s Toad
Woodford,Acris crepitans,Acris crepitans,Cricket Frog
Woodford,Hyla versicolor- chrysoscelis,Hyla versicolor-chrysoscelis,Gray Treefrog Complex
Woodford,Rana blairi,Rana blairi,Plains Leopard Frog
Woodford,Rana catesbeiana,Rana catesbeiana,Bullfrog
Woodford,Rana sphenocephala,Rana sphenocephala,Southern Leopard Frog
Woodford,Chelydra serpentina,Chelydra serpentina,Snapping Turtle
Woodford,Apalone mutica,Apalone mutica,Smooth Softshell
Woodford,Clonophis kirtlandii,Clonophis kirtlandii,Kirtland’s Snake
Woodford,Coluber constrictor,Coluber constrictor,Racer
Woodford,Elaphe obsoleta,Pantherophis emoryi,Rat Snake
Woodford,Elaphe vulpina,Pantherophis vulpinus,Fox Snake
Woodford,Heterodon platirhinos,Heterodon platirhinos,Eastern Hog-nosed Snake
Woodford,Lampropeltis triangulum,Lampropeltis triangulum,Milk Snake
Woodford,Nerodia rhombifer,Nerodia rhombifer,Diamond-backed Watersnake
Woodford,Nerodia sipedon,Nerodia sipedon,Northern Water Snake
Woodford,Pituophis melanoleucus,Pituophis melanoleucus,Bull Snake
Woodford,Regina septemvittata,Regina septemvittata,Queen Snake
Woodford,Storeria dekayi,Storeria dekayi,Brown Snake
Woodford,Thamnophis radix,Thamnophis radix,Plains Gartersnake
Woodford,Thamnophis sirtalis,Thamnophis sirtalis,Common Gartersnake
