"ssp","time","variable","county","region","value","ssp_time"
"SSP2-4.5","2041-2070","-&Delta;(Frost days)","Carroll","Wisconsin Driftless/Rock R. Hill Country",22.9435430199483,"2041-2070 &times; SSP2-4.5"
"SSP2-4.5","2041-2070","-&Delta;(Frost days)","DuPage","Northeastern Morainal",24.7216650263741,"2041-2070 &times; SSP2-4.5"
"SSP2-4.5","2041-2070","-&Delta;(Frost days)","Monroe","Southern Till Plain/Wabash River Border",22.0583379870468,"2041-2070 &times; SSP2-4.5"
"SSP2-4.5","2041-2070","-&Delta;(Frost days)","Randolph","Southern Till Plain/Wabash River Border",22.289393964942,"2041-2070 &times; SSP2-4.5"
"SSP2-4.5","2041-2070","-&Delta;(Frost days)","Pike","Western Forest-Prairie",22.7564009766182,"2041-2070 &times; SSP2-4.5"
"SSP2-4.5","2041-2070","-&Delta;(Frost days)","Woodford","Grand Prairie",24.4778464579912,"2041-2070 &times; SSP2-4.5"
"SSP2-4.5","2041-2070","-&Delta;(Frost days)","Adams","Western Forest-Prairie",22.9166197992855,"2041-2070 &times; SSP2-4.5"
"SSP2-4.5","2041-2070","-&Delta;(Frost days)","Iroquois","Grand Prairie",25.034408298023,"2041-2070 &times; SSP2-4.5"
"SSP2-4.5","2041-2070","-&Delta;(Frost days)","Ford","Grand Prairie",24.2984851087921,"2041-2070 &times; SSP2-4.5"
"SSP2-4.5","2041-2070","-&Delta;(Frost days)","Piatt","Grand Prairie",23.6672669244874,"2041-2070 &times; SSP2-4.5"
"SSP2-4.5","2041-2070","-&Delta;(Frost days)","Jackson","Shawnee Hills/Coastal Plain",22.0326482010853,"2041-2070 &times; SSP2-4.5"
"SSP2-4.5","2041-2070","-&Delta;(Frost days)","Greene","Western Forest-Prairie",23.6091501193302,"2041-2070 &times; SSP2-4.5"
"SSP2-4.5","2041-2070","-&Delta;(Frost days)","Lawrence","Southern Till Plain/Wabash River Border",21.3589816042829,"2041-2070 &times; SSP2-4.5"
"SSP2-4.5","2041-2070","-&Delta;(Frost days)","Hancock","Western Forest-Prairie",22.2351706014281,"2041-2070 &times; SSP2-4.5"
"SSP2-4.5","2041-2070","-&Delta;(Frost days)","Clay","Southern Till Plain/Wabash River Border",21.9146306543773,"2041-2070 &times; SSP2-4.5"
"SSP2-4.5","2041-2070","-&Delta;(Frost days)","Henderson","Western Forest-Prairie",22.773305864633,"2041-2070 &times; SSP2-4.5"
"SSP2-4.5","2041-2070","-&Delta;(Frost days)","Douglas","Grand Prairie",22.1415811885566,"2041-2070 &times; SSP2-4.5"
"SSP2-4.5","2041-2070","-&Delta;(Frost days)","Union","Shawnee Hills/Coastal Plain",22.1027654406951,"2041-2070 &times; SSP2-4.5"
"SSP2-4.5","2041-2070","-&Delta;(Frost days)","Kankakee","Grand Prairie",24.047631877185,"2041-2070 &times; SSP2-4.5"
"SSP2-4.5","2041-2070","-&Delta;(Frost days)","Massac","Shawnee Hills/Coastal Plain",19.2465927223864,"2041-2070 &times; SSP2-4.5"
"SSP2-4.5","2041-2070","-&Delta;(Frost days)","Will","Northeastern Morainal",24.9657254736859,"2041-2070 &times; SSP2-4.5"
"SSP2-4.5","2041-2070","-&Delta;(Frost days)","Shelby","Southern Till Plain/Wabash River Border",23.190046816089,"2041-2070 &times; SSP2-4.5"
"SSP2-4.5","2041-2070","-&Delta;(Frost days)","Fayette","Southern Till Plain/Wabash River Border",22.9187163943533,"2041-2070 &times; SSP2-4.5"
"SSP2-4.5","2041-2070","-&Delta;(Frost days)","Macoupin","Western Forest-Prairie",22.6773931083758,"2041-2070 &times; SSP2-4.5"
"SSP2-4.5","2041-2070","-&Delta;(Frost days)","Whiteside","Wisconsin Driftless/Rock R. Hill Country",23.3831003815506,"2041-2070 &times; SSP2-4.5"
"SSP2-4.5","2041-2070","-&Delta;(Frost days)","Logan","Grand Prairie",24.7076849288882,"2041-2070 &times; SSP2-4.5"
"SSP2-4.5","2041-2070","-&Delta;(Frost days)","Coles","Grand Prairie",22.1605109660328,"2041-2070 &times; SSP2-4.5"
"SSP2-4.5","2041-2070","-&Delta;(Frost days)","Mercer","Western Forest-Prairie",22.8096164596695,"2041-2070 &times; SSP2-4.5"
"SSP2-4.5","2041-2070","-&Delta;(Frost days)","Bureau","Grand Prairie",23.7529699710297,"2041-2070 &times; SSP2-4.5"
"SSP2-4.5","2041-2070","-&Delta;(Frost days)","Sangamon","Grand Prairie",23.4917208174639,"2041-2070 &times; SSP2-4.5"
"SSP2-4.5","2041-2070","-&Delta;(Frost days)","McLean","Grand Prairie",24.6267817744283,"2041-2070 &times; SSP2-4.5"
"SSP2-4.5","2041-2070","-&Delta;(Frost days)","Bond","Southern Till Plain/Wabash River Border",23.463377494432,"2041-2070 &times; SSP2-4.5"
"SSP2-4.5","2041-2070","-&Delta;(Frost days)","Brown","Western Forest-Prairie",23.7385940746867,"2041-2070 &times; SSP2-4.5"
"SSP2-4.5","2041-2070","-&Delta;(Frost days)","Knox","Western Forest-Prairie",23.4989181022202,"2041-2070 &times; SSP2-4.5"
"SSP2-4.5","2041-2070","-&Delta;(Frost days)","Champaign","Grand Prairie",23.2128680288249,"2041-2070 &times; SSP2-4.5"
"SSP2-4.5","2041-2070","-&Delta;(Frost days)","Edgar","Grand Prairie",23.1896847334381,"2041-2070 &times; SSP2-4.5"
"SSP2-4.5","2041-2070","-&Delta;(Frost days)","Effingham","Southern Till Plain/Wabash River Border",23.529564933167,"2041-2070 &times; SSP2-4.5"
"SSP2-4.5","2041-2070","-&Delta;(Frost days)","Cumberland","Southern Till Plain/Wabash River Border",22.8188033321924,"2041-2070 &times; SSP2-4.5"
"SSP2-4.5","2041-2070","-&Delta;(Frost days)","Crawford","Southern Till Plain/Wabash River Border",23.1991027769665,"2041-2070 &times; SSP2-4.5"
"SSP2-4.5","2041-2070","-&Delta;(Frost days)","Tazewell","Grand Prairie",23.5633101434565,"2041-2070 &times; SSP2-4.5"
"SSP2-4.5","2041-2070","-&Delta;(Frost days)","Pope","Shawnee Hills/Coastal Plain",21.670003372575,"2041-2070 &times; SSP2-4.5"
"SSP2-4.5","2041-2070","-&Delta;(Frost days)","Menard","Grand Prairie",24.0067250328895,"2041-2070 &times; SSP2-4.5"
"SSP2-4.5","2041-2070","-&Delta;(Frost days)","Marshall","Grand Prairie",24.2106354060215,"2041-2070 &times; SSP2-4.5"
"SSP2-4.5","2041-2070","-&Delta;(Frost days)","Cook","Northeastern Morainal",25.7629572870472,"2041-2070 &times; SSP2-4.5"
"SSP2-4.5","2041-2070","-&Delta;(Frost days)","Gallatin","Shawnee Hills/Coastal Plain",22.0629068266527,"2041-2070 &times; SSP2-4.5"
"SSP2-4.5","2041-2070","-&Delta;(Frost days)","White","Southern Till Plain/Wabash River Border",20.9388113043013,"2041-2070 &times; SSP2-4.5"
"SSP2-4.5","2041-2070","-&Delta;(Frost days)","De Witt","Grand Prairie",24.8538823672941,"2041-2070 &times; SSP2-4.5"
"SSP2-4.5","2041-2070","-&Delta;(Frost days)","Edwards","Southern Till Plain/Wabash River Border",22.4913807137442,"2041-2070 &times; SSP2-4.5"
"SSP2-4.5","2041-2070","-&Delta;(Frost days)","Mason","Grand Prairie",23.7485448209552,"2041-2070 &times; SSP2-4.5"
"SSP2-4.5","2041-2070","-&Delta;(Frost days)","Calhoun","Western Forest-Prairie",23.9778483465211,"2041-2070 &times; SSP2-4.5"
"SSP2-4.5","2041-2070","-&Delta;(Frost days)","Marion","Southern Till Plain/Wabash River Border",22.1504133200914,"2041-2070 &times; SSP2-4.5"
"SSP2-4.5","2041-2070","-&Delta;(Frost days)","Warren","Western Forest-Prairie",22.6287685670793,"2041-2070 &times; SSP2-4.5"
"SSP2-4.5","2041-2070","-&Delta;(Frost days)","Clark","Southern Till Plain/Wabash River Border",23.0880067524315,"2041-2070 &times; SSP2-4.5"
"SSP2-4.5","2041-2070","-&Delta;(Frost days)","Wayne","Southern Till Plain/Wabash River Border",21.5571751723697,"2041-2070 &times; SSP2-4.5"
"SSP2-4.5","2041-2070","-&Delta;(Frost days)","Kane","Northeastern Morainal",24.2665669351211,"2041-2070 &times; SSP2-4.5"
"SSP2-4.5","2041-2070","-&Delta;(Frost days)","Livingston","Grand Prairie",24.5731714245549,"2041-2070 &times; SSP2-4.5"
"SSP2-4.5","2041-2070","-&Delta;(Frost days)","Jo Daviess","Wisconsin Driftless/Rock R. Hill Country",23.0734442111794,"2041-2070 &times; SSP2-4.5"
"SSP2-4.5","2041-2070","-&Delta;(Frost days)","Williamson","Shawnee Hills/Coastal Plain",22.7012125261712,"2041-2070 &times; SSP2-4.5"
"SSP2-4.5","2041-2070","-&Delta;(Frost days)","Alexander","Shawnee Hills/Coastal Plain",21.4635430908194,"2041-2070 &times; SSP2-4.5"
"SSP2-4.5","2041-2070","-&Delta;(Frost days)","Grundy","Grand Prairie",23.8637499496553,"2041-2070 &times; SSP2-4.5"
"SSP2-4.5","2041-2070","-&Delta;(Frost days)","Jasper","Southern Till Plain/Wabash River Border",22.8320910531105,"2041-2070 &times; SSP2-4.5"
"SSP2-4.5","2041-2070","-&Delta;(Frost days)","Saline","Shawnee Hills/Coastal Plain",22.9071980052272,"2041-2070 &times; SSP2-4.5"
"SSP2-4.5","2041-2070","-&Delta;(Frost days)","St. Clair","Southern Till Plain/Wabash River Border",21.6762746163352,"2041-2070 &times; SSP2-4.5"
"SSP2-4.5","2041-2070","-&Delta;(Frost days)","Washington","Southern Till Plain/Wabash River Border",21.9262791168817,"2041-2070 &times; SSP2-4.5"
"SSP2-4.5","2041-2070","-&Delta;(Frost days)","Richland","Southern Till Plain/Wabash River Border",20.7476768948458,"2041-2070 &times; SSP2-4.5"
"SSP2-4.5","2041-2070","-&Delta;(Frost days)","Perry","Southern Till Plain/Wabash River Border",22.0974749289783,"2041-2070 &times; SSP2-4.5"
"SSP2-4.5","2041-2070","-&Delta;(Frost days)","Johnson","Shawnee Hills/Coastal Plain",21.7109636069843,"2041-2070 &times; SSP2-4.5"
"SSP2-4.5","2041-2070","-&Delta;(Frost days)","Pulaski","Shawnee Hills/Coastal Plain",21.8133451519523,"2041-2070 &times; SSP2-4.5"
"SSP2-4.5","2041-2070","-&Delta;(Frost days)","Madison","Southern Till Plain/Wabash River Border",21.9089968423271,"2041-2070 &times; SSP2-4.5"
"SSP2-4.5","2041-2070","-&Delta;(Frost days)","Moultrie","Grand Prairie",22.8249019749419,"2041-2070 &times; SSP2-4.5"
"SSP2-4.5","2041-2070","-&Delta;(Frost days)","Ogle","Wisconsin Driftless/Rock R. Hill Country",23.8025480961271,"2041-2070 &times; SSP2-4.5"
"SSP2-4.5","2041-2070","-&Delta;(Frost days)","Clinton","Southern Till Plain/Wabash River Border",22.6150521738058,"2041-2070 &times; SSP2-4.5"
"SSP2-4.5","2041-2070","-&Delta;(Frost days)","LaSalle","Grand Prairie",23.4817737456301,"2041-2070 &times; SSP2-4.5"
"SSP2-4.5","2041-2070","-&Delta;(Frost days)","Peoria","Western Forest-Prairie",23.5656077478079,"2041-2070 &times; SSP2-4.5"
"SSP2-4.5","2041-2070","-&Delta;(Frost days)","Hardin","Shawnee Hills/Coastal Plain",22.8787523186324,"2041-2070 &times; SSP2-4.5"
"SSP2-4.5","2041-2070","-&Delta;(Frost days)","Kendall","Grand Prairie",24.6131103541627,"2041-2070 &times; SSP2-4.5"
"SSP2-4.5","2041-2070","-&Delta;(Frost days)","Stephenson","Wisconsin Driftless/Rock R. Hill Country",23.5175761026756,"2041-2070 &times; SSP2-4.5"
"SSP2-4.5","2041-2070","-&Delta;(Frost days)","Fulton","Western Forest-Prairie",23.5878412814671,"2041-2070 &times; SSP2-4.5"
"SSP2-4.5","2041-2070","-&Delta;(Frost days)","Montgomery","Southern Till Plain/Wabash River Border",23.8047281997908,"2041-2070 &times; SSP2-4.5"
"SSP2-4.5","2041-2070","-&Delta;(Frost days)","Macon","Grand Prairie",23.651583571258,"2041-2070 &times; SSP2-4.5"
"SSP2-4.5","2041-2070","-&Delta;(Frost days)","Putnam","Grand Prairie",23.2350391146127,"2041-2070 &times; SSP2-4.5"
"SSP2-4.5","2041-2070","-&Delta;(Frost days)","Schuyler","Western Forest-Prairie",23.9372828284444,"2041-2070 &times; SSP2-4.5"
"SSP2-4.5","2041-2070","-&Delta;(Frost days)","Lee","Wisconsin Driftless/Rock R. Hill Country",23.9257070892014,"2041-2070 &times; SSP2-4.5"
"SSP2-4.5","2041-2070","-&Delta;(Frost days)","Stark","Grand Prairie",24.3447123286265,"2041-2070 &times; SSP2-4.5"
"SSP2-4.5","2041-2070","-&Delta;(Frost days)","Cass","Grand Prairie",24.0101540329478,"2041-2070 &times; SSP2-4.5"
"SSP2-4.5","2041-2070","-&Delta;(Frost days)","Winnebago","Wisconsin Driftless/Rock R. Hill Country",23.4886919775192,"2041-2070 &times; SSP2-4.5"
"SSP2-4.5","2041-2070","-&Delta;(Frost days)","Wabash","Southern Till Plain/Wabash River Border",22.4706154004575,"2041-2070 &times; SSP2-4.5"
"SSP2-4.5","2041-2070","-&Delta;(Frost days)","Henry","Grand Prairie",24.3353771095288,"2041-2070 &times; SSP2-4.5"
"SSP2-4.5","2041-2070","-&Delta;(Frost days)","McDonough","Western Forest-Prairie",22.7430074220338,"2041-2070 &times; SSP2-4.5"
"SSP2-4.5","2041-2070","-&Delta;(Frost days)","Hamilton","Southern Till Plain/Wabash River Border",22.7317970913816,"2041-2070 &times; SSP2-4.5"
"SSP2-4.5","2041-2070","-&Delta;(Frost days)","Christian","Grand Prairie",24.2577636701997,"2041-2070 &times; SSP2-4.5"
"SSP2-4.5","2041-2070","-&Delta;(Frost days)","Scott","Western Forest-Prairie",23.6096975626403,"2041-2070 &times; SSP2-4.5"
"SSP2-4.5","2041-2070","-&Delta;(Frost days)","Jefferson","Southern Till Plain/Wabash River Border",21.5263154019904,"2041-2070 &times; SSP2-4.5"
"SSP2-4.5","2041-2070","-&Delta;(Frost days)","Lake","Northeastern Morainal",25.4288097001617,"2041-2070 &times; SSP2-4.5"
"SSP2-4.5","2041-2070","-&Delta;(Frost days)","Franklin","Southern Till Plain/Wabash River Border",22.1525471798058,"2041-2070 &times; SSP2-4.5"
"SSP2-4.5","2041-2070","-&Delta;(Frost days)","Jersey","Western Forest-Prairie",23.3200967271572,"2041-2070 &times; SSP2-4.5"
"SSP2-4.5","2041-2070","-&Delta;(Frost days)","Vermilion","Grand Prairie",24.392298598942,"2041-2070 &times; SSP2-4.5"
"SSP2-4.5","2041-2070","-&Delta;(Frost days)","Boone","Northeastern Morainal",24.0087804855059,"2041-2070 &times; SSP2-4.5"
"SSP2-4.5","2041-2070","-&Delta;(Frost days)","Morgan","Western Forest-Prairie",23.8761093569264,"2041-2070 &times; SSP2-4.5"
"SSP2-4.5","2041-2070","-&Delta;(Frost days)","Rock Island","Western Forest-Prairie",23.7159738301677,"2041-2070 &times; SSP2-4.5"
"SSP2-4.5","2041-2070","-&Delta;(Frost days)","McHenry","Northeastern Morainal",24.4027404089162,"2041-2070 &times; SSP2-4.5"
"SSP2-4.5","2041-2070","-&Delta;(Frost days)","DeKalb","Northeastern Morainal",23.9794098799671,"2041-2070 &times; SSP2-4.5"
"SSP2-4.5","2041-2070","&Delta;(Days with max. temp. over
100&deg;F [38&deg;C])","Carroll","Wisconsin Driftless/Rock R. Hill Country",1.89526724551317,"2041-2070 &times; SSP2-4.5"
"SSP2-4.5","2041-2070","&Delta;(Days with max. temp. over
100&deg;F [38&deg;C])","DuPage","Northeastern Morainal",2.76763394998369,"2041-2070 &times; SSP2-4.5"
"SSP2-4.5","2041-2070","&Delta;(Days with max. temp. over
100&deg;F [38&deg;C])","Monroe","Southern Till Plain/Wabash River Border",11.6021800642116,"2041-2070 &times; SSP2-4.5"
"SSP2-4.5","2041-2070","&Delta;(Days with max. temp. over
100&deg;F [38&deg;C])","Randolph","Southern Till Plain/Wabash River Border",9.59840418108625,"2041-2070 &times; SSP2-4.5"
"SSP2-4.5","2041-2070","&Delta;(Days with max. temp. over
100&deg;F [38&deg;C])","Pike","Western Forest-Prairie",6.71580364844118,"2041-2070 &times; SSP2-4.5"
"SSP2-4.5","2041-2070","&Delta;(Days with max. temp. over
100&deg;F [38&deg;C])","Woodford","Grand Prairie",4.56392959273364,"2041-2070 &times; SSP2-4.5"
"SSP2-4.5","2041-2070","&Delta;(Days with max. temp. over
100&deg;F [38&deg;C])","Adams","Western Forest-Prairie",5.99659046862337,"2041-2070 &times; SSP2-4.5"
"SSP2-4.5","2041-2070","&Delta;(Days with max. temp. over
100&deg;F [38&deg;C])","Iroquois","Grand Prairie",3.52891163914577,"2041-2070 &times; SSP2-4.5"
"SSP2-4.5","2041-2070","&Delta;(Days with max. temp. over
100&deg;F [38&deg;C])","Ford","Grand Prairie",4.02731905182484,"2041-2070 &times; SSP2-4.5"
"SSP2-4.5","2041-2070","&Delta;(Days with max. temp. over
100&deg;F [38&deg;C])","Piatt","Grand Prairie",4.65742450998484,"2041-2070 &times; SSP2-4.5"
"SSP2-4.5","2041-2070","&Delta;(Days with max. temp. over
100&deg;F [38&deg;C])","Jackson","Shawnee Hills/Coastal Plain",8.06303756600021,"2041-2070 &times; SSP2-4.5"
"SSP2-4.5","2041-2070","&Delta;(Days with max. temp. over
100&deg;F [38&deg;C])","Greene","Western Forest-Prairie",6.74704312285099,"2041-2070 &times; SSP2-4.5"
"SSP2-4.5","2041-2070","&Delta;(Days with max. temp. over
100&deg;F [38&deg;C])","Lawrence","Southern Till Plain/Wabash River Border",5.49550955603178,"2041-2070 &times; SSP2-4.5"
"SSP2-4.5","2041-2070","&Delta;(Days with max. temp. over
100&deg;F [38&deg;C])","Hancock","Western Forest-Prairie",5.35065597994905,"2041-2070 &times; SSP2-4.5"
"SSP2-4.5","2041-2070","&Delta;(Days with max. temp. over
100&deg;F [38&deg;C])","Clay","Southern Till Plain/Wabash River Border",6.14986143646369,"2041-2070 &times; SSP2-4.5"
"SSP2-4.5","2041-2070","&Delta;(Days with max. temp. over
100&deg;F [38&deg;C])","Henderson","Western Forest-Prairie",4.29281645279867,"2041-2070 &times; SSP2-4.5"
"SSP2-4.5","2041-2070","&Delta;(Days with max. temp. over
100&deg;F [38&deg;C])","Douglas","Grand Prairie",4.9064808884151,"2041-2070 &times; SSP2-4.5"
"SSP2-4.5","2041-2070","&Delta;(Days with max. temp. over
100&deg;F [38&deg;C])","Union","Shawnee Hills/Coastal Plain",7.64165897202474,"2041-2070 &times; SSP2-4.5"
"SSP2-4.5","2041-2070","&Delta;(Days with max. temp. over
100&deg;F [38&deg;C])","Kankakee","Grand Prairie",2.88726591626913,"2041-2070 &times; SSP2-4.5"
"SSP2-4.5","2041-2070","&Delta;(Days with max. temp. over
100&deg;F [38&deg;C])","Massac","Shawnee Hills/Coastal Plain",6.88776179840924,"2041-2070 &times; SSP2-4.5"
"SSP2-4.5","2041-2070","&Delta;(Days with max. temp. over
100&deg;F [38&deg;C])","Will","Northeastern Morainal",2.99665485348262,"2041-2070 &times; SSP2-4.5"
"SSP2-4.5","2041-2070","&Delta;(Days with max. temp. over
100&deg;F [38&deg;C])","Shelby","Southern Till Plain/Wabash River Border",5.210261707351,"2041-2070 &times; SSP2-4.5"
"SSP2-4.5","2041-2070","&Delta;(Days with max. temp. over
100&deg;F [38&deg;C])","Fayette","Southern Till Plain/Wabash River Border",5.85581377516193,"2041-2070 &times; SSP2-4.5"
"SSP2-4.5","2041-2070","&Delta;(Days with max. temp. over
100&deg;F [38&deg;C])","Macoupin","Western Forest-Prairie",6.116399492842,"2041-2070 &times; SSP2-4.5"
"SSP2-4.5","2041-2070","&Delta;(Days with max. temp. over
100&deg;F [38&deg;C])","Whiteside","Wisconsin Driftless/Rock R. Hill Country",2.91676869936978,"2041-2070 &times; SSP2-4.5"
"SSP2-4.5","2041-2070","&Delta;(Days with max. temp. over
100&deg;F [38&deg;C])","Logan","Grand Prairie",5.32462626397113,"2041-2070 &times; SSP2-4.5"
"SSP2-4.5","2041-2070","&Delta;(Days with max. temp. over
100&deg;F [38&deg;C])","Coles","Grand Prairie",4.9633606379061,"2041-2070 &times; SSP2-4.5"
"SSP2-4.5","2041-2070","&Delta;(Days with max. temp. over
100&deg;F [38&deg;C])","Mercer","Western Forest-Prairie",4.0710381854264,"2041-2070 &times; SSP2-4.5"
"SSP2-4.5","2041-2070","&Delta;(Days with max. temp. over
100&deg;F [38&deg;C])","Bureau","Grand Prairie",3.51402821799608,"2041-2070 &times; SSP2-4.5"
"SSP2-4.5","2041-2070","&Delta;(Days with max. temp. over
100&deg;F [38&deg;C])","Sangamon","Grand Prairie",5.8664089831702,"2041-2070 &times; SSP2-4.5"
"SSP2-4.5","2041-2070","&Delta;(Days with max. temp. over
100&deg;F [38&deg;C])","McLean","Grand Prairie",4.88328981587996,"2041-2070 &times; SSP2-4.5"
"SSP2-4.5","2041-2070","&Delta;(Days with max. temp. over
100&deg;F [38&deg;C])","Bond","Southern Till Plain/Wabash River Border",6.05170422963837,"2041-2070 &times; SSP2-4.5"
"SSP2-4.5","2041-2070","&Delta;(Days with max. temp. over
100&deg;F [38&deg;C])","Brown","Western Forest-Prairie",6.00047653526996,"2041-2070 &times; SSP2-4.5"
"SSP2-4.5","2041-2070","&Delta;(Days with max. temp. over
100&deg;F [38&deg;C])","Knox","Western Forest-Prairie",3.17453055521949,"2041-2070 &times; SSP2-4.5"
"SSP2-4.5","2041-2070","&Delta;(Days with max. temp. over
100&deg;F [38&deg;C])","Champaign","Grand Prairie",4.50260622072028,"2041-2070 &times; SSP2-4.5"
"SSP2-4.5","2041-2070","&Delta;(Days with max. temp. over
100&deg;F [38&deg;C])","Edgar","Grand Prairie",4.40804090597285,"2041-2070 &times; SSP2-4.5"
"SSP2-4.5","2041-2070","&Delta;(Days with max. temp. over
100&deg;F [38&deg;C])","Effingham","Southern Till Plain/Wabash River Border",6.01211634208163,"2041-2070 &times; SSP2-4.5"
"SSP2-4.5","2041-2070","&Delta;(Days with max. temp. over
100&deg;F [38&deg;C])","Cumberland","Southern Till Plain/Wabash River Border",5.45411326168369,"2041-2070 &times; SSP2-4.5"
"SSP2-4.5","2041-2070","&Delta;(Days with max. temp. over
100&deg;F [38&deg;C])","Crawford","Southern Till Plain/Wabash River Border",5.6926876092319,"2041-2070 &times; SSP2-4.5"
"SSP2-4.5","2041-2070","&Delta;(Days with max. temp. over
100&deg;F [38&deg;C])","Tazewell","Grand Prairie",5.12101576362318,"2041-2070 &times; SSP2-4.5"
"SSP2-4.5","2041-2070","&Delta;(Days with max. temp. over
100&deg;F [38&deg;C])","Pope","Shawnee Hills/Coastal Plain",6.41226623459961,"2041-2070 &times; SSP2-4.5"
"SSP2-4.5","2041-2070","&Delta;(Days with max. temp. over
100&deg;F [38&deg;C])","Menard","Grand Prairie",5.85305818281036,"2041-2070 &times; SSP2-4.5"
"SSP2-4.5","2041-2070","&Delta;(Days with max. temp. over
100&deg;F [38&deg;C])","Marshall","Grand Prairie",4.28655410719874,"2041-2070 &times; SSP2-4.5"
"SSP2-4.5","2041-2070","&Delta;(Days with max. temp. over
100&deg;F [38&deg;C])","Cook","Northeastern Morainal",2.52558020543425,"2041-2070 &times; SSP2-4.5"
"SSP2-4.5","2041-2070","&Delta;(Days with max. temp. over
100&deg;F [38&deg;C])","Gallatin","Shawnee Hills/Coastal Plain",7.14755928921403,"2041-2070 &times; SSP2-4.5"
"SSP2-4.5","2041-2070","&Delta;(Days with max. temp. over
100&deg;F [38&deg;C])","White","Southern Till Plain/Wabash River Border",6.58325609460337,"2041-2070 &times; SSP2-4.5"
"SSP2-4.5","2041-2070","&Delta;(Days with max. temp. over
100&deg;F [38&deg;C])","De Witt","Grand Prairie",4.79602724034522,"2041-2070 &times; SSP2-4.5"
"SSP2-4.5","2041-2070","&Delta;(Days with max. temp. over
100&deg;F [38&deg;C])","Edwards","Southern Till Plain/Wabash River Border",7.97661021970128,"2041-2070 &times; SSP2-4.5"
"SSP2-4.5","2041-2070","&Delta;(Days with max. temp. over
100&deg;F [38&deg;C])","Mason","Grand Prairie",6.99016678416115,"2041-2070 &times; SSP2-4.5"
"SSP2-4.5","2041-2070","&Delta;(Days with max. temp. over
100&deg;F [38&deg;C])","Calhoun","Western Forest-Prairie",8.52498188102088,"2041-2070 &times; SSP2-4.5"
"SSP2-4.5","2041-2070","&Delta;(Days with max. temp. over
100&deg;F [38&deg;C])","Marion","Southern Till Plain/Wabash River Border",6.01174951416804,"2041-2070 &times; SSP2-4.5"
"SSP2-4.5","2041-2070","&Delta;(Days with max. temp. over
100&deg;F [38&deg;C])","Warren","Western Forest-Prairie",4.04834735740642,"2041-2070 &times; SSP2-4.5"
"SSP2-4.5","2041-2070","&Delta;(Days with max. temp. over
100&deg;F [38&deg;C])","Clark","Southern Till Plain/Wabash River Border",5.08838733612711,"2041-2070 &times; SSP2-4.5"
"SSP2-4.5","2041-2070","&Delta;(Days with max. temp. over
100&deg;F [38&deg;C])","Wayne","Southern Till Plain/Wabash River Border",7.12446682088158,"2041-2070 &times; SSP2-4.5"
"SSP2-4.5","2041-2070","&Delta;(Days with max. temp. over
100&deg;F [38&deg;C])","Kane","Northeastern Morainal",2.22585070837486,"2041-2070 &times; SSP2-4.5"
"SSP2-4.5","2041-2070","&Delta;(Days with max. temp. over
100&deg;F [38&deg;C])","Livingston","Grand Prairie",3.7552121811518,"2041-2070 &times; SSP2-4.5"
"SSP2-4.5","2041-2070","&Delta;(Days with max. temp. over
100&deg;F [38&deg;C])","Jo Daviess","Wisconsin Driftless/Rock R. Hill Country",1.51904012506202,"2041-2070 &times; SSP2-4.5"
"SSP2-4.5","2041-2070","&Delta;(Days with max. temp. over
100&deg;F [38&deg;C])","Williamson","Shawnee Hills/Coastal Plain",8.092749641476,"2041-2070 &times; SSP2-4.5"
"SSP2-4.5","2041-2070","&Delta;(Days with max. temp. over
100&deg;F [38&deg;C])","Alexander","Shawnee Hills/Coastal Plain",8.76160914616456,"2041-2070 &times; SSP2-4.5"
"SSP2-4.5","2041-2070","&Delta;(Days with max. temp. over
100&deg;F [38&deg;C])","Grundy","Grand Prairie",3.55890804983315,"2041-2070 &times; SSP2-4.5"
"SSP2-4.5","2041-2070","&Delta;(Days with max. temp. over
100&deg;F [38&deg;C])","Jasper","Southern Till Plain/Wabash River Border",5.44907143182701,"2041-2070 &times; SSP2-4.5"
"SSP2-4.5","2041-2070","&Delta;(Days with max. temp. over
100&deg;F [38&deg;C])","Saline","Shawnee Hills/Coastal Plain",10.7211591202167,"2041-2070 &times; SSP2-4.5"
"SSP2-4.5","2041-2070","&Delta;(Days with max. temp. over
100&deg;F [38&deg;C])","St. Clair","Southern Till Plain/Wabash River Border",8.73585184642996,"2041-2070 &times; SSP2-4.5"
"SSP2-4.5","2041-2070","&Delta;(Days with max. temp. over
100&deg;F [38&deg;C])","Washington","Southern Till Plain/Wabash River Border",6.08624774534613,"2041-2070 &times; SSP2-4.5"
"SSP2-4.5","2041-2070","&Delta;(Days with max. temp. over
100&deg;F [38&deg;C])","Richland","Southern Till Plain/Wabash River Border",5.06458653544359,"2041-2070 &times; SSP2-4.5"
"SSP2-4.5","2041-2070","&Delta;(Days with max. temp. over
100&deg;F [38&deg;C])","Perry","Southern Till Plain/Wabash River Border",7.78072487187129,"2041-2070 &times; SSP2-4.5"
"SSP2-4.5","2041-2070","&Delta;(Days with max. temp. over
100&deg;F [38&deg;C])","Johnson","Shawnee Hills/Coastal Plain",6.98248994373224,"2041-2070 &times; SSP2-4.5"
"SSP2-4.5","2041-2070","&Delta;(Days with max. temp. over
100&deg;F [38&deg;C])","Pulaski","Shawnee Hills/Coastal Plain",8.64292071253599,"2041-2070 &times; SSP2-4.5"
"SSP2-4.5","2041-2070","&Delta;(Days with max. temp. over
100&deg;F [38&deg;C])","Madison","Southern Till Plain/Wabash River Border",7.07948922700668,"2041-2070 &times; SSP2-4.5"
"SSP2-4.5","2041-2070","&Delta;(Days with max. temp. over
100&deg;F [38&deg;C])","Moultrie","Grand Prairie",4.6655716298601,"2041-2070 &times; SSP2-4.5"
"SSP2-4.5","2041-2070","&Delta;(Days with max. temp. over
100&deg;F [38&deg;C])","Ogle","Wisconsin Driftless/Rock R. Hill Country",2.09720374776551,"2041-2070 &times; SSP2-4.5"
"SSP2-4.5","2041-2070","&Delta;(Days with max. temp. over
100&deg;F [38&deg;C])","Clinton","Southern Till Plain/Wabash River Border",5.85591151345347,"2041-2070 &times; SSP2-4.5"
"SSP2-4.5","2041-2070","&Delta;(Days with max. temp. over
100&deg;F [38&deg;C])","LaSalle","Grand Prairie",3.56895363845723,"2041-2070 &times; SSP2-4.5"
"SSP2-4.5","2041-2070","&Delta;(Days with max. temp. over
100&deg;F [38&deg;C])","Peoria","Western Forest-Prairie",4.1196387808303,"2041-2070 &times; SSP2-4.5"
"SSP2-4.5","2041-2070","&Delta;(Days with max. temp. over
100&deg;F [38&deg;C])","Hardin","Shawnee Hills/Coastal Plain",5.4740154345805,"2041-2070 &times; SSP2-4.5"
"SSP2-4.5","2041-2070","&Delta;(Days with max. temp. over
100&deg;F [38&deg;C])","Kendall","Grand Prairie",3.14244616825619,"2041-2070 &times; SSP2-4.5"
"SSP2-4.5","2041-2070","&Delta;(Days with max. temp. over
100&deg;F [38&deg;C])","Stephenson","Wisconsin Driftless/Rock R. Hill Country",1.54857246496107,"2041-2070 &times; SSP2-4.5"
"SSP2-4.5","2041-2070","&Delta;(Days with max. temp. over
100&deg;F [38&deg;C])","Fulton","Western Forest-Prairie",5.53152673782901,"2041-2070 &times; SSP2-4.5"
"SSP2-4.5","2041-2070","&Delta;(Days with max. temp. over
100&deg;F [38&deg;C])","Montgomery","Southern Till Plain/Wabash River Border",6.84228266076848,"2041-2070 &times; SSP2-4.5"
"SSP2-4.5","2041-2070","&Delta;(Days with max. temp. over
100&deg;F [38&deg;C])","Macon","Grand Prairie",5.29558291657543,"2041-2070 &times; SSP2-4.5"
"SSP2-4.5","2041-2070","&Delta;(Days with max. temp. over
100&deg;F [38&deg;C])","Putnam","Grand Prairie",4.45329154069058,"2041-2070 &times; SSP2-4.5"
"SSP2-4.5","2041-2070","&Delta;(Days with max. temp. over
100&deg;F [38&deg;C])","Schuyler","Western Forest-Prairie",6.15853524110415,"2041-2070 &times; SSP2-4.5"
"SSP2-4.5","2041-2070","&Delta;(Days with max. temp. over
100&deg;F [38&deg;C])","Lee","Wisconsin Driftless/Rock R. Hill Country",2.56099862083816,"2041-2070 &times; SSP2-4.5"
"SSP2-4.5","2041-2070","&Delta;(Days with max. temp. over
100&deg;F [38&deg;C])","Stark","Grand Prairie",3.13549656785372,"2041-2070 &times; SSP2-4.5"
"SSP2-4.5","2041-2070","&Delta;(Days with max. temp. over
100&deg;F [38&deg;C])","Cass","Grand Prairie",6.10806809996433,"2041-2070 &times; SSP2-4.5"
"SSP2-4.5","2041-2070","&Delta;(Days with max. temp. over
100&deg;F [38&deg;C])","Winnebago","Wisconsin Driftless/Rock R. Hill Country",2.45824926024955,"2041-2070 &times; SSP2-4.5"
"SSP2-4.5","2041-2070","&Delta;(Days with max. temp. over
100&deg;F [38&deg;C])","Wabash","Southern Till Plain/Wabash River Border",7.09318983450558,"2041-2070 &times; SSP2-4.5"
"SSP2-4.5","2041-2070","&Delta;(Days with max. temp. over
100&deg;F [38&deg;C])","Henry","Grand Prairie",4.28207585143489,"2041-2070 &times; SSP2-4.5"
"SSP2-4.5","2041-2070","&Delta;(Days with max. temp. over
100&deg;F [38&deg;C])","McDonough","Western Forest-Prairie",5.07409922041974,"2041-2070 &times; SSP2-4.5"
"SSP2-4.5","2041-2070","&Delta;(Days with max. temp. over
100&deg;F [38&deg;C])","Hamilton","Southern Till Plain/Wabash River Border",8.23101959142242,"2041-2070 &times; SSP2-4.5"
"SSP2-4.5","2041-2070","&Delta;(Days with max. temp. over
100&deg;F [38&deg;C])","Christian","Grand Prairie",5.85953870989933,"2041-2070 &times; SSP2-4.5"
"SSP2-4.5","2041-2070","&Delta;(Days with max. temp. over
100&deg;F [38&deg;C])","Scott","Western Forest-Prairie",5.98553950440026,"2041-2070 &times; SSP2-4.5"
"SSP2-4.5","2041-2070","&Delta;(Days with max. temp. over
100&deg;F [38&deg;C])","Jefferson","Southern Till Plain/Wabash River Border",5.48645191777792,"2041-2070 &times; SSP2-4.5"
"SSP2-4.5","2041-2070","&Delta;(Days with max. temp. over
100&deg;F [38&deg;C])","Lake","Northeastern Morainal",1.44050141160577,"2041-2070 &times; SSP2-4.5"
"SSP2-4.5","2041-2070","&Delta;(Days with max. temp. over
100&deg;F [38&deg;C])","Franklin","Southern Till Plain/Wabash River Border",8.07633040542014,"2041-2070 &times; SSP2-4.5"
"SSP2-4.5","2041-2070","&Delta;(Days with max. temp. over
100&deg;F [38&deg;C])","Jersey","Western Forest-Prairie",7.80409206272633,"2041-2070 &times; SSP2-4.5"
"SSP2-4.5","2041-2070","&Delta;(Days with max. temp. over
100&deg;F [38&deg;C])","Vermilion","Grand Prairie",4.05276126350588,"2041-2070 &times; SSP2-4.5"
"SSP2-4.5","2041-2070","&Delta;(Days with max. temp. over
100&deg;F [38&deg;C])","Boone","Northeastern Morainal",2.4968510225879,"2041-2070 &times; SSP2-4.5"
"SSP2-4.5","2041-2070","&Delta;(Days with max. temp. over
100&deg;F [38&deg;C])","Morgan","Western Forest-Prairie",5.29231607725396,"2041-2070 &times; SSP2-4.5"
"SSP2-4.5","2041-2070","&Delta;(Days with max. temp. over
100&deg;F [38&deg;C])","Rock Island","Western Forest-Prairie",3.8668146307176,"2041-2070 &times; SSP2-4.5"
"SSP2-4.5","2041-2070","&Delta;(Days with max. temp. over
100&deg;F [38&deg;C])","McHenry","Northeastern Morainal",2.10367504479417,"2041-2070 &times; SSP2-4.5"
"SSP2-4.5","2041-2070","&Delta;(Days with max. temp. over
100&deg;F [38&deg;C])","DeKalb","Northeastern Morainal",1.97995991449884,"2041-2070 &times; SSP2-4.5"
"SSP2-4.5","2071-2100","-&Delta;(Frost days)","Carroll","Wisconsin Driftless/Rock R. Hill Country",30.6243718798786,"2071-2100 &times; SSP2-4.5"
"SSP2-4.5","2071-2100","-&Delta;(Frost days)","DuPage","Northeastern Morainal",33.0190668171419,"2071-2100 &times; SSP2-4.5"
"SSP2-4.5","2071-2100","-&Delta;(Frost days)","Monroe","Southern Till Plain/Wabash River Border",28.8176631294149,"2071-2100 &times; SSP2-4.5"
"SSP2-4.5","2071-2100","-&Delta;(Frost days)","Randolph","Southern Till Plain/Wabash River Border",28.7875856407026,"2071-2100 &times; SSP2-4.5"
"SSP2-4.5","2071-2100","-&Delta;(Frost days)","Pike","Western Forest-Prairie",29.5434740292974,"2071-2100 &times; SSP2-4.5"
"SSP2-4.5","2071-2100","-&Delta;(Frost days)","Woodford","Grand Prairie",32.1569157861417,"2071-2100 &times; SSP2-4.5"
"SSP2-4.5","2071-2100","-&Delta;(Frost days)","Adams","Western Forest-Prairie",29.9549768691947,"2071-2100 &times; SSP2-4.5"
"SSP2-4.5","2071-2100","-&Delta;(Frost days)","Iroquois","Grand Prairie",32.6946878524807,"2071-2100 &times; SSP2-4.5"
"SSP2-4.5","2071-2100","-&Delta;(Frost days)","Ford","Grand Prairie",32.0633732557846,"2071-2100 &times; SSP2-4.5"
"SSP2-4.5","2071-2100","-&Delta;(Frost days)","Piatt","Grand Prairie",31.2857075231083,"2071-2100 &times; SSP2-4.5"
"SSP2-4.5","2071-2100","-&Delta;(Frost days)","Jackson","Shawnee Hills/Coastal Plain",28.3102140622682,"2071-2100 &times; SSP2-4.5"
"SSP2-4.5","2071-2100","-&Delta;(Frost days)","Greene","Western Forest-Prairie",30.7836644347366,"2071-2100 &times; SSP2-4.5"
"SSP2-4.5","2071-2100","-&Delta;(Frost days)","Lawrence","Southern Till Plain/Wabash River Border",28.0228264318887,"2071-2100 &times; SSP2-4.5"
"SSP2-4.5","2071-2100","-&Delta;(Frost days)","Hancock","Western Forest-Prairie",29.5530109443231,"2071-2100 &times; SSP2-4.5"
"SSP2-4.5","2071-2100","-&Delta;(Frost days)","Clay","Southern Till Plain/Wabash River Border",28.4599742449001,"2071-2100 &times; SSP2-4.5"
"SSP2-4.5","2071-2100","-&Delta;(Frost days)","Henderson","Western Forest-Prairie",30.5290458604209,"2071-2100 &times; SSP2-4.5"
"SSP2-4.5","2071-2100","-&Delta;(Frost days)","Douglas","Grand Prairie",28.6977614844905,"2071-2100 &times; SSP2-4.5"
"SSP2-4.5","2071-2100","-&Delta;(Frost days)","Union","Shawnee Hills/Coastal Plain",27.8364474966288,"2071-2100 &times; SSP2-4.5"
"SSP2-4.5","2071-2100","-&Delta;(Frost days)","Kankakee","Grand Prairie",31.4215377353719,"2071-2100 &times; SSP2-4.5"
"SSP2-4.5","2071-2100","-&Delta;(Frost days)","Massac","Shawnee Hills/Coastal Plain",24.5391847664506,"2071-2100 &times; SSP2-4.5"
"SSP2-4.5","2071-2100","-&Delta;(Frost days)","Will","Northeastern Morainal",32.9784623630848,"2071-2100 &times; SSP2-4.5"
"SSP2-4.5","2071-2100","-&Delta;(Frost days)","Shelby","Southern Till Plain/Wabash River Border",30.2480742975083,"2071-2100 &times; SSP2-4.5"
"SSP2-4.5","2071-2100","-&Delta;(Frost days)","Fayette","Southern Till Plain/Wabash River Border",29.9101509662114,"2071-2100 &times; SSP2-4.5"
"SSP2-4.5","2071-2100","-&Delta;(Frost days)","Macoupin","Western Forest-Prairie",29.5048485791129,"2071-2100 &times; SSP2-4.5"
"SSP2-4.5","2071-2100","-&Delta;(Frost days)","Whiteside","Wisconsin Driftless/Rock R. Hill Country",31.1343481992904,"2071-2100 &times; SSP2-4.5"
"SSP2-4.5","2071-2100","-&Delta;(Frost days)","Logan","Grand Prairie",32.0847545415082,"2071-2100 &times; SSP2-4.5"
"SSP2-4.5","2071-2100","-&Delta;(Frost days)","Coles","Grand Prairie",28.9845954353497,"2071-2100 &times; SSP2-4.5"
"SSP2-4.5","2071-2100","-&Delta;(Frost days)","Mercer","Western Forest-Prairie",30.3996588639544,"2071-2100 &times; SSP2-4.5"
"SSP2-4.5","2071-2100","-&Delta;(Frost days)","Bureau","Grand Prairie",31.8511746965564,"2071-2100 &times; SSP2-4.5"
"SSP2-4.5","2071-2100","-&Delta;(Frost days)","Sangamon","Grand Prairie",30.3198039945711,"2071-2100 &times; SSP2-4.5"
"SSP2-4.5","2071-2100","-&Delta;(Frost days)","McLean","Grand Prairie",32.4843689602778,"2071-2100 &times; SSP2-4.5"
"SSP2-4.5","2071-2100","-&Delta;(Frost days)","Bond","Southern Till Plain/Wabash River Border",30.5157808088207,"2071-2100 &times; SSP2-4.5"
"SSP2-4.5","2071-2100","-&Delta;(Frost days)","Brown","Western Forest-Prairie",30.798930132197,"2071-2100 &times; SSP2-4.5"
"SSP2-4.5","2071-2100","-&Delta;(Frost days)","Knox","Western Forest-Prairie",31.1307018798209,"2071-2100 &times; SSP2-4.5"
"SSP2-4.5","2071-2100","-&Delta;(Frost days)","Champaign","Grand Prairie",30.3087782702378,"2071-2100 &times; SSP2-4.5"
"SSP2-4.5","2071-2100","-&Delta;(Frost days)","Edgar","Grand Prairie",30.3695461103471,"2071-2100 &times; SSP2-4.5"
"SSP2-4.5","2071-2100","-&Delta;(Frost days)","Effingham","Southern Till Plain/Wabash River Border",30.3606910192351,"2071-2100 &times; SSP2-4.5"
"SSP2-4.5","2071-2100","-&Delta;(Frost days)","Cumberland","Southern Till Plain/Wabash River Border",29.8796928959845,"2071-2100 &times; SSP2-4.5"
"SSP2-4.5","2071-2100","-&Delta;(Frost days)","Crawford","Southern Till Plain/Wabash River Border",30.255845023809,"2071-2100 &times; SSP2-4.5"
"SSP2-4.5","2071-2100","-&Delta;(Frost days)","Tazewell","Grand Prairie",31.0399545186517,"2071-2100 &times; SSP2-4.5"
"SSP2-4.5","2071-2100","-&Delta;(Frost days)","Pope","Shawnee Hills/Coastal Plain",27.5127392847537,"2071-2100 &times; SSP2-4.5"
"SSP2-4.5","2071-2100","-&Delta;(Frost days)","Menard","Grand Prairie",31.1487493704717,"2071-2100 &times; SSP2-4.5"
"SSP2-4.5","2071-2100","-&Delta;(Frost days)","Marshall","Grand Prairie",31.9071368289982,"2071-2100 &times; SSP2-4.5"
"SSP2-4.5","2071-2100","-&Delta;(Frost days)","Cook","Northeastern Morainal",34.4474050518946,"2071-2100 &times; SSP2-4.5"
"SSP2-4.5","2071-2100","-&Delta;(Frost days)","Gallatin","Shawnee Hills/Coastal Plain",28.0404549443036,"2071-2100 &times; SSP2-4.5"
"SSP2-4.5","2071-2100","-&Delta;(Frost days)","White","Southern Till Plain/Wabash River Border",26.3518172620093,"2071-2100 &times; SSP2-4.5"
"SSP2-4.5","2071-2100","-&Delta;(Frost days)","De Witt","Grand Prairie",32.865273211421,"2071-2100 &times; SSP2-4.5"
"SSP2-4.5","2071-2100","-&Delta;(Frost days)","Edwards","Southern Till Plain/Wabash River Border",28.9590820009556,"2071-2100 &times; SSP2-4.5"
"SSP2-4.5","2071-2100","-&Delta;(Frost days)","Mason","Grand Prairie",31.4143738234278,"2071-2100 &times; SSP2-4.5"
"SSP2-4.5","2071-2100","-&Delta;(Frost days)","Calhoun","Western Forest-Prairie",31.7921924830965,"2071-2100 &times; SSP2-4.5"
"SSP2-4.5","2071-2100","-&Delta;(Frost days)","Marion","Southern Till Plain/Wabash River Border",28.7433361637337,"2071-2100 &times; SSP2-4.5"
"SSP2-4.5","2071-2100","-&Delta;(Frost days)","Warren","Western Forest-Prairie",30.3229511887279,"2071-2100 &times; SSP2-4.5"
"SSP2-4.5","2071-2100","-&Delta;(Frost days)","Clark","Southern Till Plain/Wabash River Border",30.2748616664472,"2071-2100 &times; SSP2-4.5"
"SSP2-4.5","2071-2100","-&Delta;(Frost days)","Wayne","Southern Till Plain/Wabash River Border",27.7943142632442,"2071-2100 &times; SSP2-4.5"
"SSP2-4.5","2071-2100","-&Delta;(Frost days)","Kane","Northeastern Morainal",32.5320304772942,"2071-2100 &times; SSP2-4.5"
"SSP2-4.5","2071-2100","-&Delta;(Frost days)","Livingston","Grand Prairie",32.827990655019,"2071-2100 &times; SSP2-4.5"
"SSP2-4.5","2071-2100","-&Delta;(Frost days)","Jo Daviess","Wisconsin Driftless/Rock R. Hill Country",30.8138406490294,"2071-2100 &times; SSP2-4.5"
"SSP2-4.5","2071-2100","-&Delta;(Frost days)","Williamson","Shawnee Hills/Coastal Plain",29.4162767675077,"2071-2100 &times; SSP2-4.5"
"SSP2-4.5","2071-2100","-&Delta;(Frost days)","Alexander","Shawnee Hills/Coastal Plain",26.5864484407637,"2071-2100 &times; SSP2-4.5"
"SSP2-4.5","2071-2100","-&Delta;(Frost days)","Grundy","Grand Prairie",31.6399480472456,"2071-2100 &times; SSP2-4.5"
"SSP2-4.5","2071-2100","-&Delta;(Frost days)","Jasper","Southern Till Plain/Wabash River Border",30.0253011364265,"2071-2100 &times; SSP2-4.5"
"SSP2-4.5","2071-2100","-&Delta;(Frost days)","Saline","Shawnee Hills/Coastal Plain",29.5491973066473,"2071-2100 &times; SSP2-4.5"
"SSP2-4.5","2071-2100","-&Delta;(Frost days)","St. Clair","Southern Till Plain/Wabash River Border",28.1994478421021,"2071-2100 &times; SSP2-4.5"
"SSP2-4.5","2071-2100","-&Delta;(Frost days)","Washington","Southern Till Plain/Wabash River Border",27.8239240481277,"2071-2100 &times; SSP2-4.5"
"SSP2-4.5","2071-2100","-&Delta;(Frost days)","Richland","Southern Till Plain/Wabash River Border",27.2453027343288,"2071-2100 &times; SSP2-4.5"
"SSP2-4.5","2071-2100","-&Delta;(Frost days)","Perry","Southern Till Plain/Wabash River Border",28.185974867272,"2071-2100 &times; SSP2-4.5"
"SSP2-4.5","2071-2100","-&Delta;(Frost days)","Johnson","Shawnee Hills/Coastal Plain",27.3810420498659,"2071-2100 &times; SSP2-4.5"
"SSP2-4.5","2071-2100","-&Delta;(Frost days)","Pulaski","Shawnee Hills/Coastal Plain",26.8604079490004,"2071-2100 &times; SSP2-4.5"
"SSP2-4.5","2071-2100","-&Delta;(Frost days)","Madison","Southern Till Plain/Wabash River Border",28.5805262132086,"2071-2100 &times; SSP2-4.5"
"SSP2-4.5","2071-2100","-&Delta;(Frost days)","Moultrie","Grand Prairie",29.9233456276332,"2071-2100 &times; SSP2-4.5"
"SSP2-4.5","2071-2100","-&Delta;(Frost days)","Ogle","Wisconsin Driftless/Rock R. Hill Country",31.4381785233763,"2071-2100 &times; SSP2-4.5"
"SSP2-4.5","2071-2100","-&Delta;(Frost days)","Clinton","Southern Till Plain/Wabash River Border",29.0964130848841,"2071-2100 &times; SSP2-4.5"
"SSP2-4.5","2071-2100","-&Delta;(Frost days)","LaSalle","Grand Prairie",31.3777109624421,"2071-2100 &times; SSP2-4.5"
"SSP2-4.5","2071-2100","-&Delta;(Frost days)","Peoria","Western Forest-Prairie",31.162122584862,"2071-2100 &times; SSP2-4.5"
"SSP2-4.5","2071-2100","-&Delta;(Frost days)","Hardin","Shawnee Hills/Coastal Plain",29.284160999668,"2071-2100 &times; SSP2-4.5"
"SSP2-4.5","2071-2100","-&Delta;(Frost days)","Kendall","Grand Prairie",32.4509304485436,"2071-2100 &times; SSP2-4.5"
"SSP2-4.5","2071-2100","-&Delta;(Frost days)","Stephenson","Wisconsin Driftless/Rock R. Hill Country",31.1897166756894,"2071-2100 &times; SSP2-4.5"
"SSP2-4.5","2071-2100","-&Delta;(Frost days)","Fulton","Western Forest-Prairie",31.2994314941771,"2071-2100 &times; SSP2-4.5"
"SSP2-4.5","2071-2100","-&Delta;(Frost days)","Montgomery","Southern Till Plain/Wabash River Border",30.9746186258746,"2071-2100 &times; SSP2-4.5"
"SSP2-4.5","2071-2100","-&Delta;(Frost days)","Macon","Grand Prairie",31.5168227605937,"2071-2100 &times; SSP2-4.5"
"SSP2-4.5","2071-2100","-&Delta;(Frost days)","Putnam","Grand Prairie",30.6621351654323,"2071-2100 &times; SSP2-4.5"
"SSP2-4.5","2071-2100","-&Delta;(Frost days)","Schuyler","Western Forest-Prairie",31.3318913070797,"2071-2100 &times; SSP2-4.5"
"SSP2-4.5","2071-2100","-&Delta;(Frost days)","Lee","Wisconsin Driftless/Rock R. Hill Country",31.857508711513,"2071-2100 &times; SSP2-4.5"
"SSP2-4.5","2071-2100","-&Delta;(Frost days)","Stark","Grand Prairie",32.3079866834369,"2071-2100 &times; SSP2-4.5"
"SSP2-4.5","2071-2100","-&Delta;(Frost days)","Cass","Grand Prairie",31.4376078689255,"2071-2100 &times; SSP2-4.5"
"SSP2-4.5","2071-2100","-&Delta;(Frost days)","Winnebago","Wisconsin Driftless/Rock R. Hill Country",30.9135197321494,"2071-2100 &times; SSP2-4.5"
"SSP2-4.5","2071-2100","-&Delta;(Frost days)","Wabash","Southern Till Plain/Wabash River Border",28.8737222243965,"2071-2100 &times; SSP2-4.5"
"SSP2-4.5","2071-2100","-&Delta;(Frost days)","Henry","Grand Prairie",32.1261378588916,"2071-2100 &times; SSP2-4.5"
"SSP2-4.5","2071-2100","-&Delta;(Frost days)","McDonough","Western Forest-Prairie",30.215529957833,"2071-2100 &times; SSP2-4.5"
"SSP2-4.5","2071-2100","-&Delta;(Frost days)","Hamilton","Southern Till Plain/Wabash River Border",28.8951546006982,"2071-2100 &times; SSP2-4.5"
"SSP2-4.5","2071-2100","-&Delta;(Frost days)","Christian","Grand Prairie",32.0791991599277,"2071-2100 &times; SSP2-4.5"
"SSP2-4.5","2071-2100","-&Delta;(Frost days)","Scott","Western Forest-Prairie",30.5312121369194,"2071-2100 &times; SSP2-4.5"
"SSP2-4.5","2071-2100","-&Delta;(Frost days)","Jefferson","Southern Till Plain/Wabash River Border",28.3184842940344,"2071-2100 &times; SSP2-4.5"
"SSP2-4.5","2071-2100","-&Delta;(Frost days)","Lake","Northeastern Morainal",33.6702115416398,"2071-2100 &times; SSP2-4.5"
"SSP2-4.5","2071-2100","-&Delta;(Frost days)","Franklin","Southern Till Plain/Wabash River Border",28.8027874525982,"2071-2100 &times; SSP2-4.5"
"SSP2-4.5","2071-2100","-&Delta;(Frost days)","Jersey","Western Forest-Prairie",30.8632510446317,"2071-2100 &times; SSP2-4.5"
"SSP2-4.5","2071-2100","-&Delta;(Frost days)","Vermilion","Grand Prairie",31.75295361013,"2071-2100 &times; SSP2-4.5"
"SSP2-4.5","2071-2100","-&Delta;(Frost days)","Boone","Northeastern Morainal",31.6413424358758,"2071-2100 &times; SSP2-4.5"
"SSP2-4.5","2071-2100","-&Delta;(Frost days)","Morgan","Western Forest-Prairie",31.3928680580012,"2071-2100 &times; SSP2-4.5"
"SSP2-4.5","2071-2100","-&Delta;(Frost days)","Rock Island","Western Forest-Prairie",31.4112602774271,"2071-2100 &times; SSP2-4.5"
"SSP2-4.5","2071-2100","-&Delta;(Frost days)","McHenry","Northeastern Morainal",32.3995947560128,"2071-2100 &times; SSP2-4.5"
"SSP2-4.5","2071-2100","-&Delta;(Frost days)","DeKalb","Northeastern Morainal",32.0320020800141,"2071-2100 &times; SSP2-4.5"
"SSP2-4.5","2071-2100","&Delta;(Days with max. temp. over
100&deg;F [38&deg;C])","Carroll","Wisconsin Driftless/Rock R. Hill Country",3.35029288249844,"2071-2100 &times; SSP2-4.5"
"SSP2-4.5","2071-2100","&Delta;(Days with max. temp. over
100&deg;F [38&deg;C])","DuPage","Northeastern Morainal",4.71849773951192,"2071-2100 &times; SSP2-4.5"
"SSP2-4.5","2071-2100","&Delta;(Days with max. temp. over
100&deg;F [38&deg;C])","Monroe","Southern Till Plain/Wabash River Border",17.4745779261526,"2071-2100 &times; SSP2-4.5"
"SSP2-4.5","2071-2100","&Delta;(Days with max. temp. over
100&deg;F [38&deg;C])","Randolph","Southern Till Plain/Wabash River Border",14.5176875237105,"2071-2100 &times; SSP2-4.5"
"SSP2-4.5","2071-2100","&Delta;(Days with max. temp. over
100&deg;F [38&deg;C])","Pike","Western Forest-Prairie",10.5033721604383,"2071-2100 &times; SSP2-4.5"
"SSP2-4.5","2071-2100","&Delta;(Days with max. temp. over
100&deg;F [38&deg;C])","Woodford","Grand Prairie",7.48259503444108,"2071-2100 &times; SSP2-4.5"
"SSP2-4.5","2071-2100","&Delta;(Days with max. temp. over
100&deg;F [38&deg;C])","Adams","Western Forest-Prairie",9.35370606070506,"2071-2100 &times; SSP2-4.5"
"SSP2-4.5","2071-2100","&Delta;(Days with max. temp. over
100&deg;F [38&deg;C])","Iroquois","Grand Prairie",5.79614489592776,"2071-2100 &times; SSP2-4.5"
"SSP2-4.5","2071-2100","&Delta;(Days with max. temp. over
100&deg;F [38&deg;C])","Ford","Grand Prairie",6.47531866114577,"2071-2100 &times; SSP2-4.5"
"SSP2-4.5","2071-2100","&Delta;(Days with max. temp. over
100&deg;F [38&deg;C])","Piatt","Grand Prairie",8.10683708034775,"2071-2100 &times; SSP2-4.5"
"SSP2-4.5","2071-2100","&Delta;(Days with max. temp. over
100&deg;F [38&deg;C])","Jackson","Shawnee Hills/Coastal Plain",12.3774627174875,"2071-2100 &times; SSP2-4.5"
"SSP2-4.5","2071-2100","&Delta;(Days with max. temp. over
100&deg;F [38&deg;C])","Greene","Western Forest-Prairie",10.9423527988192,"2071-2100 &times; SSP2-4.5"
"SSP2-4.5","2071-2100","&Delta;(Days with max. temp. over
100&deg;F [38&deg;C])","Lawrence","Southern Till Plain/Wabash River Border",9.51848870508586,"2071-2100 &times; SSP2-4.5"
"SSP2-4.5","2071-2100","&Delta;(Days with max. temp. over
100&deg;F [38&deg;C])","Hancock","Western Forest-Prairie",8.44992500492617,"2071-2100 &times; SSP2-4.5"
"SSP2-4.5","2071-2100","&Delta;(Days with max. temp. over
100&deg;F [38&deg;C])","Clay","Southern Till Plain/Wabash River Border",10.0808349624964,"2071-2100 &times; SSP2-4.5"
"SSP2-4.5","2071-2100","&Delta;(Days with max. temp. over
100&deg;F [38&deg;C])","Henderson","Western Forest-Prairie",7.17576853590776,"2071-2100 &times; SSP2-4.5"
"SSP2-4.5","2071-2100","&Delta;(Days with max. temp. over
100&deg;F [38&deg;C])","Douglas","Grand Prairie",8.69166646649808,"2071-2100 &times; SSP2-4.5"
"SSP2-4.5","2071-2100","&Delta;(Days with max. temp. over
100&deg;F [38&deg;C])","Union","Shawnee Hills/Coastal Plain",11.915443823316,"2071-2100 &times; SSP2-4.5"
"SSP2-4.5","2071-2100","&Delta;(Days with max. temp. over
100&deg;F [38&deg;C])","Kankakee","Grand Prairie",4.83624914710743,"2071-2100 &times; SSP2-4.5"
"SSP2-4.5","2071-2100","&Delta;(Days with max. temp. over
100&deg;F [38&deg;C])","Massac","Shawnee Hills/Coastal Plain",11.3188772504585,"2071-2100 &times; SSP2-4.5"
"SSP2-4.5","2071-2100","&Delta;(Days with max. temp. over
100&deg;F [38&deg;C])","Will","Northeastern Morainal",5.104069545724,"2071-2100 &times; SSP2-4.5"
"SSP2-4.5","2071-2100","&Delta;(Days with max. temp. over
100&deg;F [38&deg;C])","Shelby","Southern Till Plain/Wabash River Border",8.54979296199069,"2071-2100 &times; SSP2-4.5"
"SSP2-4.5","2071-2100","&Delta;(Days with max. temp. over
100&deg;F [38&deg;C])","Fayette","Southern Till Plain/Wabash River Border",9.74728948411044,"2071-2100 &times; SSP2-4.5"
"SSP2-4.5","2071-2100","&Delta;(Days with max. temp. over
100&deg;F [38&deg;C])","Macoupin","Western Forest-Prairie",10.0208783325125,"2071-2100 &times; SSP2-4.5"
"SSP2-4.5","2071-2100","&Delta;(Days with max. temp. over
100&deg;F [38&deg;C])","Whiteside","Wisconsin Driftless/Rock R. Hill Country",5.09122986107958,"2071-2100 &times; SSP2-4.5"
"SSP2-4.5","2071-2100","&Delta;(Days with max. temp. over
100&deg;F [38&deg;C])","Logan","Grand Prairie",9.01470691561698,"2071-2100 &times; SSP2-4.5"
"SSP2-4.5","2071-2100","&Delta;(Days with max. temp. over
100&deg;F [38&deg;C])","Coles","Grand Prairie",8.13801161727231,"2071-2100 &times; SSP2-4.5"
"SSP2-4.5","2071-2100","&Delta;(Days with max. temp. over
100&deg;F [38&deg;C])","Mercer","Western Forest-Prairie",6.91602345931788,"2071-2100 &times; SSP2-4.5"
"SSP2-4.5","2071-2100","&Delta;(Days with max. temp. over
100&deg;F [38&deg;C])","Bureau","Grand Prairie",5.86772873521757,"2071-2100 &times; SSP2-4.5"
"SSP2-4.5","2071-2100","&Delta;(Days with max. temp. over
100&deg;F [38&deg;C])","Sangamon","Grand Prairie",9.88738058274099,"2071-2100 &times; SSP2-4.5"
"SSP2-4.5","2071-2100","&Delta;(Days with max. temp. over
100&deg;F [38&deg;C])","McLean","Grand Prairie",7.96307157984403,"2071-2100 &times; SSP2-4.5"
"SSP2-4.5","2071-2100","&Delta;(Days with max. temp. over
100&deg;F [38&deg;C])","Bond","Southern Till Plain/Wabash River Border",9.91031261154274,"2071-2100 &times; SSP2-4.5"
"SSP2-4.5","2071-2100","&Delta;(Days with max. temp. over
100&deg;F [38&deg;C])","Brown","Western Forest-Prairie",9.25602283365854,"2071-2100 &times; SSP2-4.5"
"SSP2-4.5","2071-2100","&Delta;(Days with max. temp. over
100&deg;F [38&deg;C])","Knox","Western Forest-Prairie",5.5870567500028,"2071-2100 &times; SSP2-4.5"
"SSP2-4.5","2071-2100","&Delta;(Days with max. temp. over
100&deg;F [38&deg;C])","Champaign","Grand Prairie",7.74813738455577,"2071-2100 &times; SSP2-4.5"
"SSP2-4.5","2071-2100","&Delta;(Days with max. temp. over
100&deg;F [38&deg;C])","Edgar","Grand Prairie",7.59092625495868,"2071-2100 &times; SSP2-4.5"
"SSP2-4.5","2071-2100","&Delta;(Days with max. temp. over
100&deg;F [38&deg;C])","Effingham","Southern Till Plain/Wabash River Border",9.82379028103487,"2071-2100 &times; SSP2-4.5"
"SSP2-4.5","2071-2100","&Delta;(Days with max. temp. over
100&deg;F [38&deg;C])","Cumberland","Southern Till Plain/Wabash River Border",8.87753435428239,"2071-2100 &times; SSP2-4.5"
"SSP2-4.5","2071-2100","&Delta;(Days with max. temp. over
100&deg;F [38&deg;C])","Crawford","Southern Till Plain/Wabash River Border",9.51969592505079,"2071-2100 &times; SSP2-4.5"
"SSP2-4.5","2071-2100","&Delta;(Days with max. temp. over
100&deg;F [38&deg;C])","Tazewell","Grand Prairie",8.54155994656952,"2071-2100 &times; SSP2-4.5"
"SSP2-4.5","2071-2100","&Delta;(Days with max. temp. over
100&deg;F [38&deg;C])","Pope","Shawnee Hills/Coastal Plain",10.7315000310309,"2071-2100 &times; SSP2-4.5"
"SSP2-4.5","2071-2100","&Delta;(Days with max. temp. over
100&deg;F [38&deg;C])","Menard","Grand Prairie",9.85055772258536,"2071-2100 &times; SSP2-4.5"
"SSP2-4.5","2071-2100","&Delta;(Days with max. temp. over
100&deg;F [38&deg;C])","Marshall","Grand Prairie",7.00297630355632,"2071-2100 &times; SSP2-4.5"
"SSP2-4.5","2071-2100","&Delta;(Days with max. temp. over
100&deg;F [38&deg;C])","Cook","Northeastern Morainal",4.25380160736821,"2071-2100 &times; SSP2-4.5"
"SSP2-4.5","2071-2100","&Delta;(Days with max. temp. over
100&deg;F [38&deg;C])","Gallatin","Shawnee Hills/Coastal Plain",11.7390701152606,"2071-2100 &times; SSP2-4.5"
"SSP2-4.5","2071-2100","&Delta;(Days with max. temp. over
100&deg;F [38&deg;C])","White","Southern Till Plain/Wabash River Border",11.2119627032389,"2071-2100 &times; SSP2-4.5"
"SSP2-4.5","2071-2100","&Delta;(Days with max. temp. over
100&deg;F [38&deg;C])","De Witt","Grand Prairie",8.05382394054122,"2071-2100 &times; SSP2-4.5"
"SSP2-4.5","2071-2100","&Delta;(Days with max. temp. over
100&deg;F [38&deg;C])","Edwards","Southern Till Plain/Wabash River Border",12.7935964850526,"2071-2100 &times; SSP2-4.5"
"SSP2-4.5","2071-2100","&Delta;(Days with max. temp. over
100&deg;F [38&deg;C])","Mason","Grand Prairie",10.9702134840402,"2071-2100 &times; SSP2-4.5"
"SSP2-4.5","2071-2100","&Delta;(Days with max. temp. over
100&deg;F [38&deg;C])","Calhoun","Western Forest-Prairie",13.2737040056729,"2071-2100 &times; SSP2-4.5"
"SSP2-4.5","2071-2100","&Delta;(Days with max. temp. over
100&deg;F [38&deg;C])","Marion","Southern Till Plain/Wabash River Border",10.0834189335919,"2071-2100 &times; SSP2-4.5"
"SSP2-4.5","2071-2100","&Delta;(Days with max. temp. over
100&deg;F [38&deg;C])","Warren","Western Forest-Prairie",6.91479473510968,"2071-2100 &times; SSP2-4.5"
"SSP2-4.5","2071-2100","&Delta;(Days with max. temp. over
100&deg;F [38&deg;C])","Clark","Southern Till Plain/Wabash River Border",8.50056971209699,"2071-2100 &times; SSP2-4.5"
"SSP2-4.5","2071-2100","&Delta;(Days with max. temp. over
100&deg;F [38&deg;C])","Wayne","Southern Till Plain/Wabash River Border",11.4468032926646,"2071-2100 &times; SSP2-4.5"
"SSP2-4.5","2071-2100","&Delta;(Days with max. temp. over
100&deg;F [38&deg;C])","Kane","Northeastern Morainal",3.82033488847806,"2071-2100 &times; SSP2-4.5"
"SSP2-4.5","2071-2100","&Delta;(Days with max. temp. over
100&deg;F [38&deg;C])","Livingston","Grand Prairie",6.34718903439225,"2071-2100 &times; SSP2-4.5"
"SSP2-4.5","2071-2100","&Delta;(Days with max. temp. over
100&deg;F [38&deg;C])","Jo Daviess","Wisconsin Driftless/Rock R. Hill Country",2.68823834132191,"2071-2100 &times; SSP2-4.5"
"SSP2-4.5","2071-2100","&Delta;(Days with max. temp. over
100&deg;F [38&deg;C])","Williamson","Shawnee Hills/Coastal Plain",12.2982684579305,"2071-2100 &times; SSP2-4.5"
"SSP2-4.5","2071-2100","&Delta;(Days with max. temp. over
100&deg;F [38&deg;C])","Alexander","Shawnee Hills/Coastal Plain",13.5738239208802,"2071-2100 &times; SSP2-4.5"
"SSP2-4.5","2071-2100","&Delta;(Days with max. temp. over
100&deg;F [38&deg;C])","Grundy","Grand Prairie",5.92019236307864,"2071-2100 &times; SSP2-4.5"
"SSP2-4.5","2071-2100","&Delta;(Days with max. temp. over
100&deg;F [38&deg;C])","Jasper","Southern Till Plain/Wabash River Border",9.2194303565843,"2071-2100 &times; SSP2-4.5"
"SSP2-4.5","2071-2100","&Delta;(Days with max. temp. over
100&deg;F [38&deg;C])","Saline","Shawnee Hills/Coastal Plain",15.7940511740525,"2071-2100 &times; SSP2-4.5"
"SSP2-4.5","2071-2100","&Delta;(Days with max. temp. over
100&deg;F [38&deg;C])","St. Clair","Southern Till Plain/Wabash River Border",13.3697150070123,"2071-2100 &times; SSP2-4.5"
"SSP2-4.5","2071-2100","&Delta;(Days with max. temp. over
100&deg;F [38&deg;C])","Washington","Southern Till Plain/Wabash River Border",9.97611566530735,"2071-2100 &times; SSP2-4.5"
"SSP2-4.5","2071-2100","&Delta;(Days with max. temp. over
100&deg;F [38&deg;C])","Richland","Southern Till Plain/Wabash River Border",8.78503189036258,"2071-2100 &times; SSP2-4.5"
"SSP2-4.5","2071-2100","&Delta;(Days with max. temp. over
100&deg;F [38&deg;C])","Perry","Southern Till Plain/Wabash River Border",12.0253723590278,"2071-2100 &times; SSP2-4.5"
"SSP2-4.5","2071-2100","&Delta;(Days with max. temp. over
100&deg;F [38&deg;C])","Johnson","Shawnee Hills/Coastal Plain",11.3884556435581,"2071-2100 &times; SSP2-4.5"
"SSP2-4.5","2071-2100","&Delta;(Days with max. temp. over
100&deg;F [38&deg;C])","Pulaski","Shawnee Hills/Coastal Plain",13.1993444702934,"2071-2100 &times; SSP2-4.5"
"SSP2-4.5","2071-2100","&Delta;(Days with max. temp. over
100&deg;F [38&deg;C])","Madison","Southern Till Plain/Wabash River Border",11.0000103268752,"2071-2100 &times; SSP2-4.5"
"SSP2-4.5","2071-2100","&Delta;(Days with max. temp. over
100&deg;F [38&deg;C])","Moultrie","Grand Prairie",8.0497448197335,"2071-2100 &times; SSP2-4.5"
"SSP2-4.5","2071-2100","&Delta;(Days with max. temp. over
100&deg;F [38&deg;C])","Ogle","Wisconsin Driftless/Rock R. Hill Country",3.66046580288258,"2071-2100 &times; SSP2-4.5"
"SSP2-4.5","2071-2100","&Delta;(Days with max. temp. over
100&deg;F [38&deg;C])","Clinton","Southern Till Plain/Wabash River Border",9.57350107769258,"2071-2100 &times; SSP2-4.5"
"SSP2-4.5","2071-2100","&Delta;(Days with max. temp. over
100&deg;F [38&deg;C])","LaSalle","Grand Prairie",5.90506743201347,"2071-2100 &times; SSP2-4.5"
"SSP2-4.5","2071-2100","&Delta;(Days with max. temp. over
100&deg;F [38&deg;C])","Peoria","Western Forest-Prairie",6.81980247225975,"2071-2100 &times; SSP2-4.5"
"SSP2-4.5","2071-2100","&Delta;(Days with max. temp. over
100&deg;F [38&deg;C])","Hardin","Shawnee Hills/Coastal Plain",9.47400223685258,"2071-2100 &times; SSP2-4.5"
"SSP2-4.5","2071-2100","&Delta;(Days with max. temp. over
100&deg;F [38&deg;C])","Kendall","Grand Prairie",5.467980392739,"2071-2100 &times; SSP2-4.5"
"SSP2-4.5","2071-2100","&Delta;(Days with max. temp. over
100&deg;F [38&deg;C])","Stephenson","Wisconsin Driftless/Rock R. Hill Country",2.79678067171638,"2071-2100 &times; SSP2-4.5"
"SSP2-4.5","2071-2100","&Delta;(Days with max. temp. over
100&deg;F [38&deg;C])","Fulton","Western Forest-Prairie",8.86542725499097,"2071-2100 &times; SSP2-4.5"
"SSP2-4.5","2071-2100","&Delta;(Days with max. temp. over
100&deg;F [38&deg;C])","Montgomery","Southern Till Plain/Wabash River Border",11.092719299049,"2071-2100 &times; SSP2-4.5"
"SSP2-4.5","2071-2100","&Delta;(Days with max. temp. over
100&deg;F [38&deg;C])","Macon","Grand Prairie",9.0615105007525,"2071-2100 &times; SSP2-4.5"
"SSP2-4.5","2071-2100","&Delta;(Days with max. temp. over
100&deg;F [38&deg;C])","Putnam","Grand Prairie",6.88492768563447,"2071-2100 &times; SSP2-4.5"
"SSP2-4.5","2071-2100","&Delta;(Days with max. temp. over
100&deg;F [38&deg;C])","Schuyler","Western Forest-Prairie",9.50810338305137,"2071-2100 &times; SSP2-4.5"
"SSP2-4.5","2071-2100","&Delta;(Days with max. temp. over
100&deg;F [38&deg;C])","Lee","Wisconsin Driftless/Rock R. Hill Country",4.3652477669137,"2071-2100 &times; SSP2-4.5"
"SSP2-4.5","2071-2100","&Delta;(Days with max. temp. over
100&deg;F [38&deg;C])","Stark","Grand Prairie",5.28232484697966,"2071-2100 &times; SSP2-4.5"
"SSP2-4.5","2071-2100","&Delta;(Days with max. temp. over
100&deg;F [38&deg;C])","Cass","Grand Prairie",9.73771011411644,"2071-2100 &times; SSP2-4.5"
"SSP2-4.5","2071-2100","&Delta;(Days with max. temp. over
100&deg;F [38&deg;C])","Winnebago","Wisconsin Driftless/Rock R. Hill Country",4.14952912684762,"2071-2100 &times; SSP2-4.5"
"SSP2-4.5","2071-2100","&Delta;(Days with max. temp. over
100&deg;F [38&deg;C])","Wabash","Southern Till Plain/Wabash River Border",11.6698267315746,"2071-2100 &times; SSP2-4.5"
"SSP2-4.5","2071-2100","&Delta;(Days with max. temp. over
100&deg;F [38&deg;C])","Henry","Grand Prairie",6.98274859662241,"2071-2100 &times; SSP2-4.5"
"SSP2-4.5","2071-2100","&Delta;(Days with max. temp. over
100&deg;F [38&deg;C])","McDonough","Western Forest-Prairie",8.17848378045745,"2071-2100 &times; SSP2-4.5"
"SSP2-4.5","2071-2100","&Delta;(Days with max. temp. over
100&deg;F [38&deg;C])","Hamilton","Southern Till Plain/Wabash River Border",12.8667636240149,"2071-2100 &times; SSP2-4.5"
"SSP2-4.5","2071-2100","&Delta;(Days with max. temp. over
100&deg;F [38&deg;C])","Christian","Grand Prairie",9.93441167590594,"2071-2100 &times; SSP2-4.5"
"SSP2-4.5","2071-2100","&Delta;(Days with max. temp. over
100&deg;F [38&deg;C])","Scott","Western Forest-Prairie",9.72519537170501,"2071-2100 &times; SSP2-4.5"
"SSP2-4.5","2071-2100","&Delta;(Days with max. temp. over
100&deg;F [38&deg;C])","Jefferson","Southern Till Plain/Wabash River Border",9.10651330504771,"2071-2100 &times; SSP2-4.5"
"SSP2-4.5","2071-2100","&Delta;(Days with max. temp. over
100&deg;F [38&deg;C])","Lake","Northeastern Morainal",2.48480437647747,"2071-2100 &times; SSP2-4.5"
"SSP2-4.5","2071-2100","&Delta;(Days with max. temp. over
100&deg;F [38&deg;C])","Franklin","Southern Till Plain/Wabash River Border",12.3051158931046,"2071-2100 &times; SSP2-4.5"
"SSP2-4.5","2071-2100","&Delta;(Days with max. temp. over
100&deg;F [38&deg;C])","Jersey","Western Forest-Prairie",12.3660516522919,"2071-2100 &times; SSP2-4.5"
"SSP2-4.5","2071-2100","&Delta;(Days with max. temp. over
100&deg;F [38&deg;C])","Vermilion","Grand Prairie",7.15285574921779,"2071-2100 &times; SSP2-4.5"
"SSP2-4.5","2071-2100","&Delta;(Days with max. temp. over
100&deg;F [38&deg;C])","Boone","Northeastern Morainal",4.14818177155454,"2071-2100 &times; SSP2-4.5"
"SSP2-4.5","2071-2100","&Delta;(Days with max. temp. over
100&deg;F [38&deg;C])","Morgan","Western Forest-Prairie",8.77470000828253,"2071-2100 &times; SSP2-4.5"
"SSP2-4.5","2071-2100","&Delta;(Days with max. temp. over
100&deg;F [38&deg;C])","Rock Island","Western Forest-Prairie",6.54297010988547,"2071-2100 &times; SSP2-4.5"
"SSP2-4.5","2071-2100","&Delta;(Days with max. temp. over
100&deg;F [38&deg;C])","McHenry","Northeastern Morainal",3.48048443891386,"2071-2100 &times; SSP2-4.5"
"SSP2-4.5","2071-2100","&Delta;(Days with max. temp. over
100&deg;F [38&deg;C])","DeKalb","Northeastern Morainal",3.4796378210297,"2071-2100 &times; SSP2-4.5"
"SSP3-7.0","2041-2070","-&Delta;(Frost days)","Carroll","Wisconsin Driftless/Rock R. Hill Country",25.6756534583523,"2041-2070 &times; SSP3-7.0"
"SSP3-7.0","2041-2070","-&Delta;(Frost days)","DuPage","Northeastern Morainal",27.4546175641977,"2041-2070 &times; SSP3-7.0"
"SSP3-7.0","2041-2070","-&Delta;(Frost days)","Monroe","Southern Till Plain/Wabash River Border",23.0760228948967,"2041-2070 &times; SSP3-7.0"
"SSP3-7.0","2041-2070","-&Delta;(Frost days)","Randolph","Southern Till Plain/Wabash River Border",23.3172163468439,"2041-2070 &times; SSP3-7.0"
"SSP3-7.0","2041-2070","-&Delta;(Frost days)","Pike","Western Forest-Prairie",24.4787460110278,"2041-2070 &times; SSP3-7.0"
"SSP3-7.0","2041-2070","-&Delta;(Frost days)","Woodford","Grand Prairie",26.9643206896479,"2041-2070 &times; SSP3-7.0"
"SSP3-7.0","2041-2070","-&Delta;(Frost days)","Adams","Western Forest-Prairie",24.8705624861776,"2041-2070 &times; SSP3-7.0"
"SSP3-7.0","2041-2070","-&Delta;(Frost days)","Iroquois","Grand Prairie",27.6600830663527,"2041-2070 &times; SSP3-7.0"
"SSP3-7.0","2041-2070","-&Delta;(Frost days)","Ford","Grand Prairie",26.8964826410006,"2041-2070 &times; SSP3-7.0"
"SSP3-7.0","2041-2070","-&Delta;(Frost days)","Piatt","Grand Prairie",26.0120527816253,"2041-2070 &times; SSP3-7.0"
"SSP3-7.0","2041-2070","-&Delta;(Frost days)","Jackson","Shawnee Hills/Coastal Plain",23.2532866040446,"2041-2070 &times; SSP3-7.0"
"SSP3-7.0","2041-2070","-&Delta;(Frost days)","Greene","Western Forest-Prairie",25.4559750391894,"2041-2070 &times; SSP3-7.0"
"SSP3-7.0","2041-2070","-&Delta;(Frost days)","Lawrence","Southern Till Plain/Wabash River Border",23.0809316586613,"2041-2070 &times; SSP3-7.0"
"SSP3-7.0","2041-2070","-&Delta;(Frost days)","Hancock","Western Forest-Prairie",24.5292539477031,"2041-2070 &times; SSP3-7.0"
"SSP3-7.0","2041-2070","-&Delta;(Frost days)","Clay","Southern Till Plain/Wabash River Border",23.6473758883805,"2041-2070 &times; SSP3-7.0"
"SSP3-7.0","2041-2070","-&Delta;(Frost days)","Henderson","Western Forest-Prairie",25.1056858996569,"2041-2070 &times; SSP3-7.0"
"SSP3-7.0","2041-2070","-&Delta;(Frost days)","Douglas","Grand Prairie",23.8660366135342,"2041-2070 &times; SSP3-7.0"
"SSP3-7.0","2041-2070","-&Delta;(Frost days)","Union","Shawnee Hills/Coastal Plain",23.087479946356,"2041-2070 &times; SSP3-7.0"
"SSP3-7.0","2041-2070","-&Delta;(Frost days)","Kankakee","Grand Prairie",26.7372532824123,"2041-2070 &times; SSP3-7.0"
"SSP3-7.0","2041-2070","-&Delta;(Frost days)","Massac","Shawnee Hills/Coastal Plain",20.2769124483992,"2041-2070 &times; SSP3-7.0"
"SSP3-7.0","2041-2070","-&Delta;(Frost days)","Will","Northeastern Morainal",27.4805433153698,"2041-2070 &times; SSP3-7.0"
"SSP3-7.0","2041-2070","-&Delta;(Frost days)","Shelby","Southern Till Plain/Wabash River Border",24.9860245276634,"2041-2070 &times; SSP3-7.0"
"SSP3-7.0","2041-2070","-&Delta;(Frost days)","Fayette","Southern Till Plain/Wabash River Border",24.3014519651577,"2041-2070 &times; SSP3-7.0"
"SSP3-7.0","2041-2070","-&Delta;(Frost days)","Macoupin","Western Forest-Prairie",24.074318483262,"2041-2070 &times; SSP3-7.0"
"SSP3-7.0","2041-2070","-&Delta;(Frost days)","Whiteside","Wisconsin Driftless/Rock R. Hill Country",25.8142570963,"2041-2070 &times; SSP3-7.0"
"SSP3-7.0","2041-2070","-&Delta;(Frost days)","Logan","Grand Prairie",27.0498056401789,"2041-2070 &times; SSP3-7.0"
"SSP3-7.0","2041-2070","-&Delta;(Frost days)","Coles","Grand Prairie",23.9921223390377,"2041-2070 &times; SSP3-7.0"
"SSP3-7.0","2041-2070","-&Delta;(Frost days)","Mercer","Western Forest-Prairie",25.0353908483804,"2041-2070 &times; SSP3-7.0"
"SSP3-7.0","2041-2070","-&Delta;(Frost days)","Bureau","Grand Prairie",26.2885632678191,"2041-2070 &times; SSP3-7.0"
"SSP3-7.0","2041-2070","-&Delta;(Frost days)","Sangamon","Grand Prairie",25.3170627664966,"2041-2070 &times; SSP3-7.0"
"SSP3-7.0","2041-2070","-&Delta;(Frost days)","McLean","Grand Prairie",26.9292048198108,"2041-2070 &times; SSP3-7.0"
"SSP3-7.0","2041-2070","-&Delta;(Frost days)","Bond","Southern Till Plain/Wabash River Border",24.8238427875169,"2041-2070 &times; SSP3-7.0"
"SSP3-7.0","2041-2070","-&Delta;(Frost days)","Brown","Western Forest-Prairie",25.7552533484351,"2041-2070 &times; SSP3-7.0"
"SSP3-7.0","2041-2070","-&Delta;(Frost days)","Knox","Western Forest-Prairie",25.6081407956545,"2041-2070 &times; SSP3-7.0"
"SSP3-7.0","2041-2070","-&Delta;(Frost days)","Champaign","Grand Prairie",25.3899585180383,"2041-2070 &times; SSP3-7.0"
"SSP3-7.0","2041-2070","-&Delta;(Frost days)","Edgar","Grand Prairie",25.1909529482916,"2041-2070 &times; SSP3-7.0"
"SSP3-7.0","2041-2070","-&Delta;(Frost days)","Effingham","Southern Till Plain/Wabash River Border",25.1429566480211,"2041-2070 &times; SSP3-7.0"
"SSP3-7.0","2041-2070","-&Delta;(Frost days)","Cumberland","Southern Till Plain/Wabash River Border",24.779635019663,"2041-2070 &times; SSP3-7.0"
"SSP3-7.0","2041-2070","-&Delta;(Frost days)","Crawford","Southern Till Plain/Wabash River Border",25.3129279730982,"2041-2070 &times; SSP3-7.0"
"SSP3-7.0","2041-2070","-&Delta;(Frost days)","Tazewell","Grand Prairie",25.9990824981768,"2041-2070 &times; SSP3-7.0"
"SSP3-7.0","2041-2070","-&Delta;(Frost days)","Pope","Shawnee Hills/Coastal Plain",22.7950977142815,"2041-2070 &times; SSP3-7.0"
"SSP3-7.0","2041-2070","-&Delta;(Frost days)","Menard","Grand Prairie",26.2403175662972,"2041-2070 &times; SSP3-7.0"
"SSP3-7.0","2041-2070","-&Delta;(Frost days)","Marshall","Grand Prairie",26.7334143151937,"2041-2070 &times; SSP3-7.0"
"SSP3-7.0","2041-2070","-&Delta;(Frost days)","Cook","Northeastern Morainal",28.3003271070752,"2041-2070 &times; SSP3-7.0"
"SSP3-7.0","2041-2070","-&Delta;(Frost days)","Gallatin","Shawnee Hills/Coastal Plain",23.3044585506786,"2041-2070 &times; SSP3-7.0"
"SSP3-7.0","2041-2070","-&Delta;(Frost days)","White","Southern Till Plain/Wabash River Border",22.0813264414855,"2041-2070 &times; SSP3-7.0"
"SSP3-7.0","2041-2070","-&Delta;(Frost days)","De Witt","Grand Prairie",27.2074087714129,"2041-2070 &times; SSP3-7.0"
"SSP3-7.0","2041-2070","-&Delta;(Frost days)","Edwards","Southern Till Plain/Wabash River Border",23.782724993327,"2041-2070 &times; SSP3-7.0"
"SSP3-7.0","2041-2070","-&Delta;(Frost days)","Mason","Grand Prairie",26.1324830886319,"2041-2070 &times; SSP3-7.0"
"SSP3-7.0","2041-2070","-&Delta;(Frost days)","Calhoun","Western Forest-Prairie",25.7701691055289,"2041-2070 &times; SSP3-7.0"
"SSP3-7.0","2041-2070","-&Delta;(Frost days)","Marion","Southern Till Plain/Wabash River Border",23.3824252559637,"2041-2070 &times; SSP3-7.0"
"SSP3-7.0","2041-2070","-&Delta;(Frost days)","Warren","Western Forest-Prairie",24.7977908687151,"2041-2070 &times; SSP3-7.0"
"SSP3-7.0","2041-2070","-&Delta;(Frost days)","Clark","Southern Till Plain/Wabash River Border",25.1132472533178,"2041-2070 &times; SSP3-7.0"
"SSP3-7.0","2041-2070","-&Delta;(Frost days)","Wayne","Southern Till Plain/Wabash River Border",23.0677650061984,"2041-2070 &times; SSP3-7.0"
"SSP3-7.0","2041-2070","-&Delta;(Frost days)","Kane","Northeastern Morainal",26.7790043332908,"2041-2070 &times; SSP3-7.0"
"SSP3-7.0","2041-2070","-&Delta;(Frost days)","Livingston","Grand Prairie",27.3473050216006,"2041-2070 &times; SSP3-7.0"
"SSP3-7.0","2041-2070","-&Delta;(Frost days)","Jo Daviess","Wisconsin Driftless/Rock R. Hill Country",25.6980641886477,"2041-2070 &times; SSP3-7.0"
"SSP3-7.0","2041-2070","-&Delta;(Frost days)","Williamson","Shawnee Hills/Coastal Plain",24.2784212600393,"2041-2070 &times; SSP3-7.0"
"SSP3-7.0","2041-2070","-&Delta;(Frost days)","Alexander","Shawnee Hills/Coastal Plain",22.1575468343427,"2041-2070 &times; SSP3-7.0"
"SSP3-7.0","2041-2070","-&Delta;(Frost days)","Grundy","Grand Prairie",26.3789031583677,"2041-2070 &times; SSP3-7.0"
"SSP3-7.0","2041-2070","-&Delta;(Frost days)","Jasper","Southern Till Plain/Wabash River Border",24.8485747912765,"2041-2070 &times; SSP3-7.0"
"SSP3-7.0","2041-2070","-&Delta;(Frost days)","Saline","Shawnee Hills/Coastal Plain",24.3947129069748,"2041-2070 &times; SSP3-7.0"
"SSP3-7.0","2041-2070","-&Delta;(Frost days)","St. Clair","Southern Till Plain/Wabash River Border",22.8079863641713,"2041-2070 &times; SSP3-7.0"
"SSP3-7.0","2041-2070","-&Delta;(Frost days)","Washington","Southern Till Plain/Wabash River Border",22.9400350019886,"2041-2070 &times; SSP3-7.0"
"SSP3-7.0","2041-2070","-&Delta;(Frost days)","Richland","Southern Till Plain/Wabash River Border",22.3328963164896,"2041-2070 &times; SSP3-7.0"
"SSP3-7.0","2041-2070","-&Delta;(Frost days)","Perry","Southern Till Plain/Wabash River Border",23.329901257771,"2041-2070 &times; SSP3-7.0"
"SSP3-7.0","2041-2070","-&Delta;(Frost days)","Johnson","Shawnee Hills/Coastal Plain",22.7333256745018,"2041-2070 &times; SSP3-7.0"
"SSP3-7.0","2041-2070","-&Delta;(Frost days)","Pulaski","Shawnee Hills/Coastal Plain",22.459752088268,"2041-2070 &times; SSP3-7.0"
"SSP3-7.0","2041-2070","-&Delta;(Frost days)","Madison","Southern Till Plain/Wabash River Border",23.1054550918461,"2041-2070 &times; SSP3-7.0"
"SSP3-7.0","2041-2070","-&Delta;(Frost days)","Moultrie","Grand Prairie",24.8179446911546,"2041-2070 &times; SSP3-7.0"
"SSP3-7.0","2041-2070","-&Delta;(Frost days)","Ogle","Wisconsin Driftless/Rock R. Hill Country",26.2583333659268,"2041-2070 &times; SSP3-7.0"
"SSP3-7.0","2041-2070","-&Delta;(Frost days)","Clinton","Southern Till Plain/Wabash River Border",23.7410663632376,"2041-2070 &times; SSP3-7.0"
"SSP3-7.0","2041-2070","-&Delta;(Frost days)","LaSalle","Grand Prairie",26.0287228769163,"2041-2070 &times; SSP3-7.0"
"SSP3-7.0","2041-2070","-&Delta;(Frost days)","Peoria","Western Forest-Prairie",25.8404566466802,"2041-2070 &times; SSP3-7.0"
"SSP3-7.0","2041-2070","-&Delta;(Frost days)","Hardin","Shawnee Hills/Coastal Plain",24.2407824373065,"2041-2070 &times; SSP3-7.0"
"SSP3-7.0","2041-2070","-&Delta;(Frost days)","Kendall","Grand Prairie",27.1431534564823,"2041-2070 &times; SSP3-7.0"
"SSP3-7.0","2041-2070","-&Delta;(Frost days)","Stephenson","Wisconsin Driftless/Rock R. Hill Country",26.1046004947753,"2041-2070 &times; SSP3-7.0"
"SSP3-7.0","2041-2070","-&Delta;(Frost days)","Fulton","Western Forest-Prairie",25.8285271616435,"2041-2070 &times; SSP3-7.0"
"SSP3-7.0","2041-2070","-&Delta;(Frost days)","Montgomery","Southern Till Plain/Wabash River Border",25.4109900135443,"2041-2070 &times; SSP3-7.0"
"SSP3-7.0","2041-2070","-&Delta;(Frost days)","Macon","Grand Prairie",26.1239596123194,"2041-2070 &times; SSP3-7.0"
"SSP3-7.0","2041-2070","-&Delta;(Frost days)","Putnam","Grand Prairie",25.7641903960395,"2041-2070 &times; SSP3-7.0"
"SSP3-7.0","2041-2070","-&Delta;(Frost days)","Schuyler","Western Forest-Prairie",26.1980045827935,"2041-2070 &times; SSP3-7.0"
"SSP3-7.0","2041-2070","-&Delta;(Frost days)","Lee","Wisconsin Driftless/Rock R. Hill Country",26.233925328741,"2041-2070 &times; SSP3-7.0"
"SSP3-7.0","2041-2070","-&Delta;(Frost days)","Stark","Grand Prairie",26.6672325964743,"2041-2070 &times; SSP3-7.0"
"SSP3-7.0","2041-2070","-&Delta;(Frost days)","Cass","Grand Prairie",26.1598638426003,"2041-2070 &times; SSP3-7.0"
"SSP3-7.0","2041-2070","-&Delta;(Frost days)","Winnebago","Wisconsin Driftless/Rock R. Hill Country",25.8842607415879,"2041-2070 &times; SSP3-7.0"
"SSP3-7.0","2041-2070","-&Delta;(Frost days)","Wabash","Southern Till Plain/Wabash River Border",24.0050824362171,"2041-2070 &times; SSP3-7.0"
"SSP3-7.0","2041-2070","-&Delta;(Frost days)","Henry","Grand Prairie",26.6183506398238,"2041-2070 &times; SSP3-7.0"
"SSP3-7.0","2041-2070","-&Delta;(Frost days)","McDonough","Western Forest-Prairie",24.9849809194901,"2041-2070 &times; SSP3-7.0"
"SSP3-7.0","2041-2070","-&Delta;(Frost days)","Hamilton","Southern Till Plain/Wabash River Border",24.1652617987421,"2041-2070 &times; SSP3-7.0"
"SSP3-7.0","2041-2070","-&Delta;(Frost days)","Christian","Grand Prairie",26.1706682929035,"2041-2070 &times; SSP3-7.0"
"SSP3-7.0","2041-2070","-&Delta;(Frost days)","Scott","Western Forest-Prairie",25.4121521100452,"2041-2070 &times; SSP3-7.0"
"SSP3-7.0","2041-2070","-&Delta;(Frost days)","Jefferson","Southern Till Plain/Wabash River Border",23.0735334483881,"2041-2070 &times; SSP3-7.0"
"SSP3-7.0","2041-2070","-&Delta;(Frost days)","Lake","Northeastern Morainal",27.5436335345035,"2041-2070 &times; SSP3-7.0"
"SSP3-7.0","2041-2070","-&Delta;(Frost days)","Franklin","Southern Till Plain/Wabash River Border",23.7450022980512,"2041-2070 &times; SSP3-7.0"
"SSP3-7.0","2041-2070","-&Delta;(Frost days)","Jersey","Western Forest-Prairie",24.9997343668888,"2041-2070 &times; SSP3-7.0"
"SSP3-7.0","2041-2070","-&Delta;(Frost days)","Vermilion","Grand Prairie",26.7554556095595,"2041-2070 &times; SSP3-7.0"
"SSP3-7.0","2041-2070","-&Delta;(Frost days)","Boone","Northeastern Morainal",26.4170607067108,"2041-2070 &times; SSP3-7.0"
"SSP3-7.0","2041-2070","-&Delta;(Frost days)","Morgan","Western Forest-Prairie",25.888073621396,"2041-2070 &times; SSP3-7.0"
"SSP3-7.0","2041-2070","-&Delta;(Frost days)","Rock Island","Western Forest-Prairie",26.1253404530239,"2041-2070 &times; SSP3-7.0"
"SSP3-7.0","2041-2070","-&Delta;(Frost days)","McHenry","Northeastern Morainal",26.9208416315169,"2041-2070 &times; SSP3-7.0"
"SSP3-7.0","2041-2070","-&Delta;(Frost days)","DeKalb","Northeastern Morainal",26.3330971328197,"2041-2070 &times; SSP3-7.0"
"SSP3-7.0","2041-2070","&Delta;(Days with max. temp. over
100&deg;F [38&deg;C])","Carroll","Wisconsin Driftless/Rock R. Hill Country",2.4334426374058,"2041-2070 &times; SSP3-7.0"
"SSP3-7.0","2041-2070","&Delta;(Days with max. temp. over
100&deg;F [38&deg;C])","DuPage","Northeastern Morainal",3.53589387095886,"2041-2070 &times; SSP3-7.0"
"SSP3-7.0","2041-2070","&Delta;(Days with max. temp. over
100&deg;F [38&deg;C])","Monroe","Southern Till Plain/Wabash River Border",14.7922465865446,"2041-2070 &times; SSP3-7.0"
"SSP3-7.0","2041-2070","&Delta;(Days with max. temp. over
100&deg;F [38&deg;C])","Randolph","Southern Till Plain/Wabash River Border",12.3803504514823,"2041-2070 &times; SSP3-7.0"
"SSP3-7.0","2041-2070","&Delta;(Days with max. temp. over
100&deg;F [38&deg;C])","Pike","Western Forest-Prairie",8.74793279915,"2041-2070 &times; SSP3-7.0"
"SSP3-7.0","2041-2070","&Delta;(Days with max. temp. over
100&deg;F [38&deg;C])","Woodford","Grand Prairie",5.65231354360192,"2041-2070 &times; SSP3-7.0"
"SSP3-7.0","2041-2070","&Delta;(Days with max. temp. over
100&deg;F [38&deg;C])","Adams","Western Forest-Prairie",7.65865705339736,"2041-2070 &times; SSP3-7.0"
"SSP3-7.0","2041-2070","&Delta;(Days with max. temp. over
100&deg;F [38&deg;C])","Iroquois","Grand Prairie",4.41029532397377,"2041-2070 &times; SSP3-7.0"
"SSP3-7.0","2041-2070","&Delta;(Days with max. temp. over
100&deg;F [38&deg;C])","Ford","Grand Prairie",4.89540198792781,"2041-2070 &times; SSP3-7.0"
"SSP3-7.0","2041-2070","&Delta;(Days with max. temp. over
100&deg;F [38&deg;C])","Piatt","Grand Prairie",5.78851490233514,"2041-2070 &times; SSP3-7.0"
"SSP3-7.0","2041-2070","&Delta;(Days with max. temp. over
100&deg;F [38&deg;C])","Jackson","Shawnee Hills/Coastal Plain",10.4122614389394,"2041-2070 &times; SSP3-7.0"
"SSP3-7.0","2041-2070","&Delta;(Days with max. temp. over
100&deg;F [38&deg;C])","Greene","Western Forest-Prairie",8.83982742253372,"2041-2070 &times; SSP3-7.0"
"SSP3-7.0","2041-2070","&Delta;(Days with max. temp. over
100&deg;F [38&deg;C])","Lawrence","Southern Till Plain/Wabash River Border",7.18146208449502,"2041-2070 &times; SSP3-7.0"
"SSP3-7.0","2041-2070","&Delta;(Days with max. temp. over
100&deg;F [38&deg;C])","Hancock","Western Forest-Prairie",6.74650329290655,"2041-2070 &times; SSP3-7.0"
"SSP3-7.0","2041-2070","&Delta;(Days with max. temp. over
100&deg;F [38&deg;C])","Clay","Southern Till Plain/Wabash River Border",7.86480048906448,"2041-2070 &times; SSP3-7.0"
"SSP3-7.0","2041-2070","&Delta;(Days with max. temp. over
100&deg;F [38&deg;C])","Henderson","Western Forest-Prairie",5.52725724794007,"2041-2070 &times; SSP3-7.0"
"SSP3-7.0","2041-2070","&Delta;(Days with max. temp. over
100&deg;F [38&deg;C])","Douglas","Grand Prairie",6.05774614972555,"2041-2070 &times; SSP3-7.0"
"SSP3-7.0","2041-2070","&Delta;(Days with max. temp. over
100&deg;F [38&deg;C])","Union","Shawnee Hills/Coastal Plain",9.85616798256398,"2041-2070 &times; SSP3-7.0"
"SSP3-7.0","2041-2070","&Delta;(Days with max. temp. over
100&deg;F [38&deg;C])","Kankakee","Grand Prairie",3.68244223938214,"2041-2070 &times; SSP3-7.0"
"SSP3-7.0","2041-2070","&Delta;(Days with max. temp. over
100&deg;F [38&deg;C])","Massac","Shawnee Hills/Coastal Plain",8.80812090768471,"2041-2070 &times; SSP3-7.0"
"SSP3-7.0","2041-2070","&Delta;(Days with max. temp. over
100&deg;F [38&deg;C])","Will","Northeastern Morainal",3.82634353091237,"2041-2070 &times; SSP3-7.0"
"SSP3-7.0","2041-2070","&Delta;(Days with max. temp. over
100&deg;F [38&deg;C])","Shelby","Southern Till Plain/Wabash River Border",6.53703677492503,"2041-2070 &times; SSP3-7.0"
"SSP3-7.0","2041-2070","&Delta;(Days with max. temp. over
100&deg;F [38&deg;C])","Fayette","Southern Till Plain/Wabash River Border",7.37780352962607,"2041-2070 &times; SSP3-7.0"
"SSP3-7.0","2041-2070","&Delta;(Days with max. temp. over
100&deg;F [38&deg;C])","Macoupin","Western Forest-Prairie",7.88658526650198,"2041-2070 &times; SSP3-7.0"
"SSP3-7.0","2041-2070","&Delta;(Days with max. temp. over
100&deg;F [38&deg;C])","Whiteside","Wisconsin Driftless/Rock R. Hill Country",3.68599610903892,"2041-2070 &times; SSP3-7.0"
"SSP3-7.0","2041-2070","&Delta;(Days with max. temp. over
100&deg;F [38&deg;C])","Logan","Grand Prairie",6.66703668594722,"2041-2070 &times; SSP3-7.0"
"SSP3-7.0","2041-2070","&Delta;(Days with max. temp. over
100&deg;F [38&deg;C])","Coles","Grand Prairie",6.03071591440086,"2041-2070 &times; SSP3-7.0"
"SSP3-7.0","2041-2070","&Delta;(Days with max. temp. over
100&deg;F [38&deg;C])","Mercer","Western Forest-Prairie",5.15031549775211,"2041-2070 &times; SSP3-7.0"
"SSP3-7.0","2041-2070","&Delta;(Days with max. temp. over
100&deg;F [38&deg;C])","Bureau","Grand Prairie",4.31871584528951,"2041-2070 &times; SSP3-7.0"
"SSP3-7.0","2041-2070","&Delta;(Days with max. temp. over
100&deg;F [38&deg;C])","Sangamon","Grand Prairie",7.42307366121461,"2041-2070 &times; SSP3-7.0"
"SSP3-7.0","2041-2070","&Delta;(Days with max. temp. over
100&deg;F [38&deg;C])","McLean","Grand Prairie",5.92148278998813,"2041-2070 &times; SSP3-7.0"
"SSP3-7.0","2041-2070","&Delta;(Days with max. temp. over
100&deg;F [38&deg;C])","Bond","Southern Till Plain/Wabash River Border",7.59173767292022,"2041-2070 &times; SSP3-7.0"
"SSP3-7.0","2041-2070","&Delta;(Days with max. temp. over
100&deg;F [38&deg;C])","Brown","Western Forest-Prairie",7.58710244371797,"2041-2070 &times; SSP3-7.0"
"SSP3-7.0","2041-2070","&Delta;(Days with max. temp. over
100&deg;F [38&deg;C])","Knox","Western Forest-Prairie",4.20943545007558,"2041-2070 &times; SSP3-7.0"
"SSP3-7.0","2041-2070","&Delta;(Days with max. temp. over
100&deg;F [38&deg;C])","Champaign","Grand Prairie",5.53848341740403,"2041-2070 &times; SSP3-7.0"
"SSP3-7.0","2041-2070","&Delta;(Days with max. temp. over
100&deg;F [38&deg;C])","Edgar","Grand Prairie",5.47675434343635,"2041-2070 &times; SSP3-7.0"
"SSP3-7.0","2041-2070","&Delta;(Days with max. temp. over
100&deg;F [38&deg;C])","Effingham","Southern Till Plain/Wabash River Border",7.53953912089059,"2041-2070 &times; SSP3-7.0"
"SSP3-7.0","2041-2070","&Delta;(Days with max. temp. over
100&deg;F [38&deg;C])","Cumberland","Southern Till Plain/Wabash River Border",6.736874388447,"2041-2070 &times; SSP3-7.0"
"SSP3-7.0","2041-2070","&Delta;(Days with max. temp. over
100&deg;F [38&deg;C])","Crawford","Southern Till Plain/Wabash River Border",7.17468759670446,"2041-2070 &times; SSP3-7.0"
"SSP3-7.0","2041-2070","&Delta;(Days with max. temp. over
100&deg;F [38&deg;C])","Tazewell","Grand Prairie",6.40335110452483,"2041-2070 &times; SSP3-7.0"
"SSP3-7.0","2041-2070","&Delta;(Days with max. temp. over
100&deg;F [38&deg;C])","Pope","Shawnee Hills/Coastal Plain",8.24827754730652,"2041-2070 &times; SSP3-7.0"
"SSP3-7.0","2041-2070","&Delta;(Days with max. temp. over
100&deg;F [38&deg;C])","Menard","Grand Prairie",7.42292512484377,"2041-2070 &times; SSP3-7.0"
"SSP3-7.0","2041-2070","&Delta;(Days with max. temp. over
100&deg;F [38&deg;C])","Marshall","Grand Prairie",5.27761741451906,"2041-2070 &times; SSP3-7.0"
"SSP3-7.0","2041-2070","&Delta;(Days with max. temp. over
100&deg;F [38&deg;C])","Cook","Northeastern Morainal",3.14906462522509,"2041-2070 &times; SSP3-7.0"
"SSP3-7.0","2041-2070","&Delta;(Days with max. temp. over
100&deg;F [38&deg;C])","Gallatin","Shawnee Hills/Coastal Plain",9.19243780118276,"2041-2070 &times; SSP3-7.0"
"SSP3-7.0","2041-2070","&Delta;(Days with max. temp. over
100&deg;F [38&deg;C])","White","Southern Till Plain/Wabash River Border",8.62644149392304,"2041-2070 &times; SSP3-7.0"
"SSP3-7.0","2041-2070","&Delta;(Days with max. temp. over
100&deg;F [38&deg;C])","De Witt","Grand Prairie",5.85708525116796,"2041-2070 &times; SSP3-7.0"
"SSP3-7.0","2041-2070","&Delta;(Days with max. temp. over
100&deg;F [38&deg;C])","Edwards","Southern Till Plain/Wabash River Border",10.0411700884592,"2041-2070 &times; SSP3-7.0"
"SSP3-7.0","2041-2070","&Delta;(Days with max. temp. over
100&deg;F [38&deg;C])","Mason","Grand Prairie",8.58020211468441,"2041-2070 &times; SSP3-7.0"
"SSP3-7.0","2041-2070","&Delta;(Days with max. temp. over
100&deg;F [38&deg;C])","Calhoun","Western Forest-Prairie",11.0817065543991,"2041-2070 &times; SSP3-7.0"
"SSP3-7.0","2041-2070","&Delta;(Days with max. temp. over
100&deg;F [38&deg;C])","Marion","Southern Till Plain/Wabash River Border",7.69673153201482,"2041-2070 &times; SSP3-7.0"
"SSP3-7.0","2041-2070","&Delta;(Days with max. temp. over
100&deg;F [38&deg;C])","Warren","Western Forest-Prairie",5.21358967838825,"2041-2070 &times; SSP3-7.0"
"SSP3-7.0","2041-2070","&Delta;(Days with max. temp. over
100&deg;F [38&deg;C])","Clark","Southern Till Plain/Wabash River Border",6.34584668076248,"2041-2070 &times; SSP3-7.0"
"SSP3-7.0","2041-2070","&Delta;(Days with max. temp. over
100&deg;F [38&deg;C])","Wayne","Southern Till Plain/Wabash River Border",9.02881221208172,"2041-2070 &times; SSP3-7.0"
"SSP3-7.0","2041-2070","&Delta;(Days with max. temp. over
100&deg;F [38&deg;C])","Kane","Northeastern Morainal",2.82473593333991,"2041-2070 &times; SSP3-7.0"
"SSP3-7.0","2041-2070","&Delta;(Days with max. temp. over
100&deg;F [38&deg;C])","Livingston","Grand Prairie",4.69417266320846,"2041-2070 &times; SSP3-7.0"
"SSP3-7.0","2041-2070","&Delta;(Days with max. temp. over
100&deg;F [38&deg;C])","Jo Daviess","Wisconsin Driftless/Rock R. Hill Country",1.94964703455718,"2041-2070 &times; SSP3-7.0"
"SSP3-7.0","2041-2070","&Delta;(Days with max. temp. over
100&deg;F [38&deg;C])","Williamson","Shawnee Hills/Coastal Plain",10.2077579781473,"2041-2070 &times; SSP3-7.0"
"SSP3-7.0","2041-2070","&Delta;(Days with max. temp. over
100&deg;F [38&deg;C])","Alexander","Shawnee Hills/Coastal Plain",11.0793237303573,"2041-2070 &times; SSP3-7.0"
"SSP3-7.0","2041-2070","&Delta;(Days with max. temp. over
100&deg;F [38&deg;C])","Grundy","Grand Prairie",4.53655482638676,"2041-2070 &times; SSP3-7.0"
"SSP3-7.0","2041-2070","&Delta;(Days with max. temp. over
100&deg;F [38&deg;C])","Jasper","Southern Till Plain/Wabash River Border",6.95545976376164,"2041-2070 &times; SSP3-7.0"
"SSP3-7.0","2041-2070","&Delta;(Days with max. temp. over
100&deg;F [38&deg;C])","Saline","Shawnee Hills/Coastal Plain",13.3267721846823,"2041-2070 &times; SSP3-7.0"
"SSP3-7.0","2041-2070","&Delta;(Days with max. temp. over
100&deg;F [38&deg;C])","St. Clair","Southern Till Plain/Wabash River Border",11.1076342566626,"2041-2070 &times; SSP3-7.0"
"SSP3-7.0","2041-2070","&Delta;(Days with max. temp. over
100&deg;F [38&deg;C])","Washington","Southern Till Plain/Wabash River Border",7.94813555621623,"2041-2070 &times; SSP3-7.0"
"SSP3-7.0","2041-2070","&Delta;(Days with max. temp. over
100&deg;F [38&deg;C])","Richland","Southern Till Plain/Wabash River Border",6.49462807399341,"2041-2070 &times; SSP3-7.0"
"SSP3-7.0","2041-2070","&Delta;(Days with max. temp. over
100&deg;F [38&deg;C])","Perry","Southern Till Plain/Wabash River Border",9.85716229265603,"2041-2070 &times; SSP3-7.0"
"SSP3-7.0","2041-2070","&Delta;(Days with max. temp. over
100&deg;F [38&deg;C])","Johnson","Shawnee Hills/Coastal Plain",8.95142178580214,"2041-2070 &times; SSP3-7.0"
"SSP3-7.0","2041-2070","&Delta;(Days with max. temp. over
100&deg;F [38&deg;C])","Pulaski","Shawnee Hills/Coastal Plain",10.7348163620804,"2041-2070 &times; SSP3-7.0"
"SSP3-7.0","2041-2070","&Delta;(Days with max. temp. over
100&deg;F [38&deg;C])","Madison","Southern Till Plain/Wabash River Border",8.88834486542892,"2041-2070 &times; SSP3-7.0"
"SSP3-7.0","2041-2070","&Delta;(Days with max. temp. over
100&deg;F [38&deg;C])","Moultrie","Grand Prairie",5.94196431108439,"2041-2070 &times; SSP3-7.0"
"SSP3-7.0","2041-2070","&Delta;(Days with max. temp. over
100&deg;F [38&deg;C])","Ogle","Wisconsin Driftless/Rock R. Hill Country",2.66828526756294,"2041-2070 &times; SSP3-7.0"
"SSP3-7.0","2041-2070","&Delta;(Days with max. temp. over
100&deg;F [38&deg;C])","Clinton","Southern Till Plain/Wabash River Border",7.53263121552645,"2041-2070 &times; SSP3-7.0"
"SSP3-7.0","2041-2070","&Delta;(Days with max. temp. over
100&deg;F [38&deg;C])","LaSalle","Grand Prairie",4.42070414580484,"2041-2070 &times; SSP3-7.0"
"SSP3-7.0","2041-2070","&Delta;(Days with max. temp. over
100&deg;F [38&deg;C])","Peoria","Western Forest-Prairie",5.20410413896024,"2041-2070 &times; SSP3-7.0"
"SSP3-7.0","2041-2070","&Delta;(Days with max. temp. over
100&deg;F [38&deg;C])","Hardin","Shawnee Hills/Coastal Plain",6.97246899371643,"2041-2070 &times; SSP3-7.0"
"SSP3-7.0","2041-2070","&Delta;(Days with max. temp. over
100&deg;F [38&deg;C])","Kendall","Grand Prairie",4.03225400631167,"2041-2070 &times; SSP3-7.0"
"SSP3-7.0","2041-2070","&Delta;(Days with max. temp. over
100&deg;F [38&deg;C])","Stephenson","Wisconsin Driftless/Rock R. Hill Country",1.97793987412054,"2041-2070 &times; SSP3-7.0"
"SSP3-7.0","2041-2070","&Delta;(Days with max. temp. over
100&deg;F [38&deg;C])","Fulton","Western Forest-Prairie",6.95428839132313,"2041-2070 &times; SSP3-7.0"
"SSP3-7.0","2041-2070","&Delta;(Days with max. temp. over
100&deg;F [38&deg;C])","Montgomery","Southern Till Plain/Wabash River Border",8.48800756753427,"2041-2070 &times; SSP3-7.0"
"SSP3-7.0","2041-2070","&Delta;(Days with max. temp. over
100&deg;F [38&deg;C])","Macon","Grand Prairie",6.65990657203589,"2041-2070 &times; SSP3-7.0"
"SSP3-7.0","2041-2070","&Delta;(Days with max. temp. over
100&deg;F [38&deg;C])","Putnam","Grand Prairie",5.30655530391126,"2041-2070 &times; SSP3-7.0"
"SSP3-7.0","2041-2070","&Delta;(Days with max. temp. over
100&deg;F [38&deg;C])","Schuyler","Western Forest-Prairie",7.68957293649306,"2041-2070 &times; SSP3-7.0"
"SSP3-7.0","2041-2070","&Delta;(Days with max. temp. over
100&deg;F [38&deg;C])","Lee","Wisconsin Driftless/Rock R. Hill Country",3.19567204831516,"2041-2070 &times; SSP3-7.0"
"SSP3-7.0","2041-2070","&Delta;(Days with max. temp. over
100&deg;F [38&deg;C])","Stark","Grand Prairie",3.97336185677047,"2041-2070 &times; SSP3-7.0"
"SSP3-7.0","2041-2070","&Delta;(Days with max. temp. over
100&deg;F [38&deg;C])","Cass","Grand Prairie",7.71187993152524,"2041-2070 &times; SSP3-7.0"
"SSP3-7.0","2041-2070","&Delta;(Days with max. temp. over
100&deg;F [38&deg;C])","Winnebago","Wisconsin Driftless/Rock R. Hill Country",2.98221686056634,"2041-2070 &times; SSP3-7.0"
"SSP3-7.0","2041-2070","&Delta;(Days with max. temp. over
100&deg;F [38&deg;C])","Wabash","Southern Till Plain/Wabash River Border",9.06187731624973,"2041-2070 &times; SSP3-7.0"
"SSP3-7.0","2041-2070","&Delta;(Days with max. temp. over
100&deg;F [38&deg;C])","Henry","Grand Prairie",5.23815254802295,"2041-2070 &times; SSP3-7.0"
"SSP3-7.0","2041-2070","&Delta;(Days with max. temp. over
100&deg;F [38&deg;C])","McDonough","Western Forest-Prairie",6.42670569051655,"2041-2070 &times; SSP3-7.0"
"SSP3-7.0","2041-2070","&Delta;(Days with max. temp. over
100&deg;F [38&deg;C])","Hamilton","Southern Till Plain/Wabash River Border",10.429017052288,"2041-2070 &times; SSP3-7.0"
"SSP3-7.0","2041-2070","&Delta;(Days with max. temp. over
100&deg;F [38&deg;C])","Christian","Grand Prairie",7.45639719483759,"2041-2070 &times; SSP3-7.0"
"SSP3-7.0","2041-2070","&Delta;(Days with max. temp. over
100&deg;F [38&deg;C])","Scott","Western Forest-Prairie",7.789626940656,"2041-2070 &times; SSP3-7.0"
"SSP3-7.0","2041-2070","&Delta;(Days with max. temp. over
100&deg;F [38&deg;C])","Jefferson","Southern Till Plain/Wabash River Border",7.03701694809532,"2041-2070 &times; SSP3-7.0"
"SSP3-7.0","2041-2070","&Delta;(Days with max. temp. over
100&deg;F [38&deg;C])","Lake","Northeastern Morainal",1.89035471873311,"2041-2070 &times; SSP3-7.0"
"SSP3-7.0","2041-2070","&Delta;(Days with max. temp. over
100&deg;F [38&deg;C])","Franklin","Southern Till Plain/Wabash River Border",10.0904164630098,"2041-2070 &times; SSP3-7.0"
"SSP3-7.0","2041-2070","&Delta;(Days with max. temp. over
100&deg;F [38&deg;C])","Jersey","Western Forest-Prairie",10.1820849958571,"2041-2070 &times; SSP3-7.0"
"SSP3-7.0","2041-2070","&Delta;(Days with max. temp. over
100&deg;F [38&deg;C])","Vermilion","Grand Prairie",5.09727846870324,"2041-2070 &times; SSP3-7.0"
"SSP3-7.0","2041-2070","&Delta;(Days with max. temp. over
100&deg;F [38&deg;C])","Boone","Northeastern Morainal",3.03475232442517,"2041-2070 &times; SSP3-7.0"
"SSP3-7.0","2041-2070","&Delta;(Days with max. temp. over
100&deg;F [38&deg;C])","Morgan","Western Forest-Prairie",6.88905303939582,"2041-2070 &times; SSP3-7.0"
"SSP3-7.0","2041-2070","&Delta;(Days with max. temp. over
100&deg;F [38&deg;C])","Rock Island","Western Forest-Prairie",4.81544650490797,"2041-2070 &times; SSP3-7.0"
"SSP3-7.0","2041-2070","&Delta;(Days with max. temp. over
100&deg;F [38&deg;C])","McHenry","Northeastern Morainal",2.5331935501155,"2041-2070 &times; SSP3-7.0"
"SSP3-7.0","2041-2070","&Delta;(Days with max. temp. over
100&deg;F [38&deg;C])","DeKalb","Northeastern Morainal",2.49786189929541,"2041-2070 &times; SSP3-7.0"
"SSP3-7.0","2071-2100","-&Delta;(Frost days)","Carroll","Wisconsin Driftless/Rock R. Hill Country",43.5181155888828,"2071-2100 &times; SSP3-7.0"
"SSP3-7.0","2071-2100","-&Delta;(Frost days)","DuPage","Northeastern Morainal",46.549711424478,"2071-2100 &times; SSP3-7.0"
"SSP3-7.0","2071-2100","-&Delta;(Frost days)","Monroe","Southern Till Plain/Wabash River Border",37.6299023451794,"2071-2100 &times; SSP3-7.0"
"SSP3-7.0","2071-2100","-&Delta;(Frost days)","Randolph","Southern Till Plain/Wabash River Border",38.0069124769793,"2071-2100 &times; SSP3-7.0"
"SSP3-7.0","2071-2100","-&Delta;(Frost days)","Pike","Western Forest-Prairie",39.3420194296162,"2071-2100 &times; SSP3-7.0"
"SSP3-7.0","2071-2100","-&Delta;(Frost days)","Woodford","Grand Prairie",43.6001991372659,"2071-2100 &times; SSP3-7.0"
"SSP3-7.0","2071-2100","-&Delta;(Frost days)","Adams","Western Forest-Prairie",40.0505985341022,"2071-2100 &times; SSP3-7.0"
"SSP3-7.0","2071-2100","-&Delta;(Frost days)","Iroquois","Grand Prairie",44.3673758331006,"2071-2100 &times; SSP3-7.0"
"SSP3-7.0","2071-2100","-&Delta;(Frost days)","Ford","Grand Prairie",43.3536015353221,"2071-2100 &times; SSP3-7.0"
"SSP3-7.0","2071-2100","-&Delta;(Frost days)","Piatt","Grand Prairie",42.0866125805905,"2071-2100 &times; SSP3-7.0"
"SSP3-7.0","2071-2100","-&Delta;(Frost days)","Jackson","Shawnee Hills/Coastal Plain",37.9640001607917,"2071-2100 &times; SSP3-7.0"
"SSP3-7.0","2071-2100","-&Delta;(Frost days)","Greene","Western Forest-Prairie",40.9519350033088,"2071-2100 &times; SSP3-7.0"
"SSP3-7.0","2071-2100","-&Delta;(Frost days)","Lawrence","Southern Till Plain/Wabash River Border",37.9149876593832,"2071-2100 &times; SSP3-7.0"
"SSP3-7.0","2071-2100","-&Delta;(Frost days)","Hancock","Western Forest-Prairie",39.7327512572596,"2071-2100 &times; SSP3-7.0"
"SSP3-7.0","2071-2100","-&Delta;(Frost days)","Clay","Southern Till Plain/Wabash River Border",37.8240813403377,"2071-2100 &times; SSP3-7.0"
"SSP3-7.0","2071-2100","-&Delta;(Frost days)","Henderson","Western Forest-Prairie",41.1794633522508,"2071-2100 &times; SSP3-7.0"
"SSP3-7.0","2071-2100","-&Delta;(Frost days)","Douglas","Grand Prairie",38.8250834657997,"2071-2100 &times; SSP3-7.0"
"SSP3-7.0","2071-2100","-&Delta;(Frost days)","Union","Shawnee Hills/Coastal Plain",36.696900889013,"2071-2100 &times; SSP3-7.0"
"SSP3-7.0","2071-2100","-&Delta;(Frost days)","Kankakee","Grand Prairie",43.190010462497,"2071-2100 &times; SSP3-7.0"
"SSP3-7.0","2071-2100","-&Delta;(Frost days)","Massac","Shawnee Hills/Coastal Plain",33.1361662526321,"2071-2100 &times; SSP3-7.0"
"SSP3-7.0","2071-2100","-&Delta;(Frost days)","Will","Northeastern Morainal",45.6590052117124,"2071-2100 &times; SSP3-7.0"
"SSP3-7.0","2071-2100","-&Delta;(Frost days)","Shelby","Southern Till Plain/Wabash River Border",39.8239132702772,"2071-2100 &times; SSP3-7.0"
"SSP3-7.0","2071-2100","-&Delta;(Frost days)","Fayette","Southern Till Plain/Wabash River Border",39.5812278248211,"2071-2100 &times; SSP3-7.0"
"SSP3-7.0","2071-2100","-&Delta;(Frost days)","Macoupin","Western Forest-Prairie",39.0243532310919,"2071-2100 &times; SSP3-7.0"
"SSP3-7.0","2071-2100","-&Delta;(Frost days)","Whiteside","Wisconsin Driftless/Rock R. Hill Country",43.4957946300481,"2071-2100 &times; SSP3-7.0"
"SSP3-7.0","2071-2100","-&Delta;(Frost days)","Logan","Grand Prairie",42.6808494791436,"2071-2100 &times; SSP3-7.0"
"SSP3-7.0","2071-2100","-&Delta;(Frost days)","Coles","Grand Prairie",39.2948889851802,"2071-2100 &times; SSP3-7.0"
"SSP3-7.0","2071-2100","-&Delta;(Frost days)","Mercer","Western Forest-Prairie",41.2508531046914,"2071-2100 &times; SSP3-7.0"
"SSP3-7.0","2071-2100","-&Delta;(Frost days)","Bureau","Grand Prairie",44.0978967011394,"2071-2100 &times; SSP3-7.0"
"SSP3-7.0","2071-2100","-&Delta;(Frost days)","Sangamon","Grand Prairie",40.0355633882076,"2071-2100 &times; SSP3-7.0"
"SSP3-7.0","2071-2100","-&Delta;(Frost days)","McLean","Grand Prairie",44.007874556959,"2071-2100 &times; SSP3-7.0"
"SSP3-7.0","2071-2100","-&Delta;(Frost days)","Bond","Southern Till Plain/Wabash River Border",40.0449078349503,"2071-2100 &times; SSP3-7.0"
"SSP3-7.0","2071-2100","-&Delta;(Frost days)","Brown","Western Forest-Prairie",40.83507092809,"2071-2100 &times; SSP3-7.0"
"SSP3-7.0","2071-2100","-&Delta;(Frost days)","Knox","Western Forest-Prairie",41.8144799830504,"2071-2100 &times; SSP3-7.0"
"SSP3-7.0","2071-2100","-&Delta;(Frost days)","Champaign","Grand Prairie",40.8564181069064,"2071-2100 &times; SSP3-7.0"
"SSP3-7.0","2071-2100","-&Delta;(Frost days)","Edgar","Grand Prairie",41.1068821288204,"2071-2100 &times; SSP3-7.0"
"SSP3-7.0","2071-2100","-&Delta;(Frost days)","Effingham","Southern Till Plain/Wabash River Border",40.1078613412325,"2071-2100 &times; SSP3-7.0"
"SSP3-7.0","2071-2100","-&Delta;(Frost days)","Cumberland","Southern Till Plain/Wabash River Border",40.2986188786145,"2071-2100 &times; SSP3-7.0"
"SSP3-7.0","2071-2100","-&Delta;(Frost days)","Crawford","Southern Till Plain/Wabash River Border",40.0204646586455,"2071-2100 &times; SSP3-7.0"
"SSP3-7.0","2071-2100","-&Delta;(Frost days)","Tazewell","Grand Prairie",41.5477256691336,"2071-2100 &times; SSP3-7.0"
"SSP3-7.0","2071-2100","-&Delta;(Frost days)","Pope","Shawnee Hills/Coastal Plain",36.6675925199389,"2071-2100 &times; SSP3-7.0"
"SSP3-7.0","2071-2100","-&Delta;(Frost days)","Menard","Grand Prairie",41.4391361647728,"2071-2100 &times; SSP3-7.0"
"SSP3-7.0","2071-2100","-&Delta;(Frost days)","Marshall","Grand Prairie",43.5424642803905,"2071-2100 &times; SSP3-7.0"
"SSP3-7.0","2071-2100","-&Delta;(Frost days)","Cook","Northeastern Morainal",47.8135090103493,"2071-2100 &times; SSP3-7.0"
"SSP3-7.0","2071-2100","-&Delta;(Frost days)","Gallatin","Shawnee Hills/Coastal Plain",37.2679489861157,"2071-2100 &times; SSP3-7.0"
"SSP3-7.0","2071-2100","-&Delta;(Frost days)","White","Southern Till Plain/Wabash River Border",35.5290951485354,"2071-2100 &times; SSP3-7.0"
"SSP3-7.0","2071-2100","-&Delta;(Frost days)","De Witt","Grand Prairie",44.1650648784084,"2071-2100 &times; SSP3-7.0"
"SSP3-7.0","2071-2100","-&Delta;(Frost days)","Edwards","Southern Till Plain/Wabash River Border",37.8349861738315,"2071-2100 &times; SSP3-7.0"
"SSP3-7.0","2071-2100","-&Delta;(Frost days)","Mason","Grand Prairie",42.1405463319663,"2071-2100 &times; SSP3-7.0"
"SSP3-7.0","2071-2100","-&Delta;(Frost days)","Calhoun","Western Forest-Prairie",42.1521501839719,"2071-2100 &times; SSP3-7.0"
"SSP3-7.0","2071-2100","-&Delta;(Frost days)","Marion","Southern Till Plain/Wabash River Border",38.1002950070336,"2071-2100 &times; SSP3-7.0"
"SSP3-7.0","2071-2100","-&Delta;(Frost days)","Warren","Western Forest-Prairie",41.2482865872197,"2071-2100 &times; SSP3-7.0"
"SSP3-7.0","2071-2100","-&Delta;(Frost days)","Clark","Southern Till Plain/Wabash River Border",40.6693087245329,"2071-2100 &times; SSP3-7.0"
"SSP3-7.0","2071-2100","-&Delta;(Frost days)","Wayne","Southern Till Plain/Wabash River Border",37.0709759942192,"2071-2100 &times; SSP3-7.0"
"SSP3-7.0","2071-2100","-&Delta;(Frost days)","Kane","Northeastern Morainal",45.8033326020451,"2071-2100 &times; SSP3-7.0"
"SSP3-7.0","2071-2100","-&Delta;(Frost days)","Livingston","Grand Prairie",44.805249028441,"2071-2100 &times; SSP3-7.0"
"SSP3-7.0","2071-2100","-&Delta;(Frost days)","Jo Daviess","Wisconsin Driftless/Rock R. Hill Country",43.680755214359,"2071-2100 &times; SSP3-7.0"
"SSP3-7.0","2071-2100","-&Delta;(Frost days)","Williamson","Shawnee Hills/Coastal Plain",39.7797389201132,"2071-2100 &times; SSP3-7.0"
"SSP3-7.0","2071-2100","-&Delta;(Frost days)","Alexander","Shawnee Hills/Coastal Plain",34.7988873097863,"2071-2100 &times; SSP3-7.0"
"SSP3-7.0","2071-2100","-&Delta;(Frost days)","Grundy","Grand Prairie",44.0581009689853,"2071-2100 &times; SSP3-7.0"
"SSP3-7.0","2071-2100","-&Delta;(Frost days)","Jasper","Southern Till Plain/Wabash River Border",40.2164096301503,"2071-2100 &times; SSP3-7.0"
"SSP3-7.0","2071-2100","-&Delta;(Frost days)","Saline","Shawnee Hills/Coastal Plain",39.2060061910832,"2071-2100 &times; SSP3-7.0"
"SSP3-7.0","2071-2100","-&Delta;(Frost days)","St. Clair","Southern Till Plain/Wabash River Border",37.0658315454567,"2071-2100 &times; SSP3-7.0"
"SSP3-7.0","2071-2100","-&Delta;(Frost days)","Washington","Southern Till Plain/Wabash River Border",36.364601112875,"2071-2100 &times; SSP3-7.0"
"SSP3-7.0","2071-2100","-&Delta;(Frost days)","Richland","Southern Till Plain/Wabash River Border",36.6494418962901,"2071-2100 &times; SSP3-7.0"
"SSP3-7.0","2071-2100","-&Delta;(Frost days)","Perry","Southern Till Plain/Wabash River Border",37.1522716271035,"2071-2100 &times; SSP3-7.0"
"SSP3-7.0","2071-2100","-&Delta;(Frost days)","Johnson","Shawnee Hills/Coastal Plain",36.6624380824402,"2071-2100 &times; SSP3-7.0"
"SSP3-7.0","2071-2100","-&Delta;(Frost days)","Pulaski","Shawnee Hills/Coastal Plain",34.9008126905449,"2071-2100 &times; SSP3-7.0"
"SSP3-7.0","2071-2100","-&Delta;(Frost days)","Madison","Southern Till Plain/Wabash River Border",37.7586291879071,"2071-2100 &times; SSP3-7.0"
"SSP3-7.0","2071-2100","-&Delta;(Frost days)","Moultrie","Grand Prairie",39.7802124060192,"2071-2100 &times; SSP3-7.0"
"SSP3-7.0","2071-2100","-&Delta;(Frost days)","Ogle","Wisconsin Driftless/Rock R. Hill Country",43.975331027822,"2071-2100 &times; SSP3-7.0"
"SSP3-7.0","2071-2100","-&Delta;(Frost days)","Clinton","Southern Till Plain/Wabash River Border",38.0256238631029,"2071-2100 &times; SSP3-7.0"
"SSP3-7.0","2071-2100","-&Delta;(Frost days)","LaSalle","Grand Prairie",43.6737349037071,"2071-2100 &times; SSP3-7.0"
"SSP3-7.0","2071-2100","-&Delta;(Frost days)","Peoria","Western Forest-Prairie",41.8398728375397,"2071-2100 &times; SSP3-7.0"
"SSP3-7.0","2071-2100","-&Delta;(Frost days)","Hardin","Shawnee Hills/Coastal Plain",38.3573018069314,"2071-2100 &times; SSP3-7.0"
"SSP3-7.0","2071-2100","-&Delta;(Frost days)","Kendall","Grand Prairie",45.0660081053752,"2071-2100 &times; SSP3-7.0"
"SSP3-7.0","2071-2100","-&Delta;(Frost days)","Stephenson","Wisconsin Driftless/Rock R. Hill Country",44.4403802606035,"2071-2100 &times; SSP3-7.0"
"SSP3-7.0","2071-2100","-&Delta;(Frost days)","Fulton","Western Forest-Prairie",41.8847867785559,"2071-2100 &times; SSP3-7.0"
"SSP3-7.0","2071-2100","-&Delta;(Frost days)","Montgomery","Southern Till Plain/Wabash River Border",40.7417990681697,"2071-2100 &times; SSP3-7.0"
"SSP3-7.0","2071-2100","-&Delta;(Frost days)","Macon","Grand Prairie",42.2590794213104,"2071-2100 &times; SSP3-7.0"
"SSP3-7.0","2071-2100","-&Delta;(Frost days)","Putnam","Grand Prairie",42.5614791566856,"2071-2100 &times; SSP3-7.0"
"SSP3-7.0","2071-2100","-&Delta;(Frost days)","Schuyler","Western Forest-Prairie",41.4584722156038,"2071-2100 &times; SSP3-7.0"
"SSP3-7.0","2071-2100","-&Delta;(Frost days)","Lee","Wisconsin Driftless/Rock R. Hill Country",44.1990548653047,"2071-2100 &times; SSP3-7.0"
"SSP3-7.0","2071-2100","-&Delta;(Frost days)","Stark","Grand Prairie",43.817717439796,"2071-2100 &times; SSP3-7.0"
"SSP3-7.0","2071-2100","-&Delta;(Frost days)","Cass","Grand Prairie",41.8477468462654,"2071-2100 &times; SSP3-7.0"
"SSP3-7.0","2071-2100","-&Delta;(Frost days)","Winnebago","Wisconsin Driftless/Rock R. Hill Country",43.1953932207628,"2071-2100 &times; SSP3-7.0"
"SSP3-7.0","2071-2100","-&Delta;(Frost days)","Wabash","Southern Till Plain/Wabash River Border",38.1551610830306,"2071-2100 &times; SSP3-7.0"
"SSP3-7.0","2071-2100","-&Delta;(Frost days)","Henry","Grand Prairie",43.4813559484705,"2071-2100 &times; SSP3-7.0"
"SSP3-7.0","2071-2100","-&Delta;(Frost days)","McDonough","Western Forest-Prairie",40.7283952201797,"2071-2100 &times; SSP3-7.0"
"SSP3-7.0","2071-2100","-&Delta;(Frost days)","Hamilton","Southern Till Plain/Wabash River Border",38.7103957100042,"2071-2100 &times; SSP3-7.0"
"SSP3-7.0","2071-2100","-&Delta;(Frost days)","Christian","Grand Prairie",42.3814545863641,"2071-2100 &times; SSP3-7.0"
"SSP3-7.0","2071-2100","-&Delta;(Frost days)","Scott","Western Forest-Prairie",40.6367541655728,"2071-2100 &times; SSP3-7.0"
"SSP3-7.0","2071-2100","-&Delta;(Frost days)","Jefferson","Southern Till Plain/Wabash River Border",37.8936965747093,"2071-2100 &times; SSP3-7.0"
"SSP3-7.0","2071-2100","-&Delta;(Frost days)","Lake","Northeastern Morainal",47.7522190856303,"2071-2100 &times; SSP3-7.0"
"SSP3-7.0","2071-2100","-&Delta;(Frost days)","Franklin","Southern Till Plain/Wabash River Border",38.6535388684812,"2071-2100 &times; SSP3-7.0"
"SSP3-7.0","2071-2100","-&Delta;(Frost days)","Jersey","Western Forest-Prairie",40.6576657014217,"2071-2100 &times; SSP3-7.0"
"SSP3-7.0","2071-2100","-&Delta;(Frost days)","Vermilion","Grand Prairie",42.9792912347093,"2071-2100 &times; SSP3-7.0"
"SSP3-7.0","2071-2100","-&Delta;(Frost days)","Boone","Northeastern Morainal",44.5610317280874,"2071-2100 &times; SSP3-7.0"
"SSP3-7.0","2071-2100","-&Delta;(Frost days)","Morgan","Western Forest-Prairie",42.1047884648823,"2071-2100 &times; SSP3-7.0"
"SSP3-7.0","2071-2100","-&Delta;(Frost days)","Rock Island","Western Forest-Prairie",42.4099525177275,"2071-2100 &times; SSP3-7.0"
"SSP3-7.0","2071-2100","-&Delta;(Frost days)","McHenry","Northeastern Morainal",46.3140067960008,"2071-2100 &times; SSP3-7.0"
"SSP3-7.0","2071-2100","-&Delta;(Frost days)","DeKalb","Northeastern Morainal",44.6811850611802,"2071-2100 &times; SSP3-7.0"
"SSP3-7.0","2071-2100","&Delta;(Days with max. temp. over
100&deg;F [38&deg;C])","Carroll","Wisconsin Driftless/Rock R. Hill Country",10.0522055767266,"2071-2100 &times; SSP3-7.0"
"SSP3-7.0","2071-2100","&Delta;(Days with max. temp. over
100&deg;F [38&deg;C])","DuPage","Northeastern Morainal",12.1965150421568,"2071-2100 &times; SSP3-7.0"
"SSP3-7.0","2071-2100","&Delta;(Days with max. temp. over
100&deg;F [38&deg;C])","Monroe","Southern Till Plain/Wabash River Border",32.95954557556,"2071-2100 &times; SSP3-7.0"
"SSP3-7.0","2071-2100","&Delta;(Days with max. temp. over
100&deg;F [38&deg;C])","Randolph","Southern Till Plain/Wabash River Border",28.6332572582148,"2071-2100 &times; SSP3-7.0"
"SSP3-7.0","2071-2100","&Delta;(Days with max. temp. over
100&deg;F [38&deg;C])","Pike","Western Forest-Prairie",21.9574450743766,"2071-2100 &times; SSP3-7.0"
"SSP3-7.0","2071-2100","&Delta;(Days with max. temp. over
100&deg;F [38&deg;C])","Woodford","Grand Prairie",18.2260669027696,"2071-2100 &times; SSP3-7.0"
"SSP3-7.0","2071-2100","&Delta;(Days with max. temp. over
100&deg;F [38&deg;C])","Adams","Western Forest-Prairie",20.5739803244039,"2071-2100 &times; SSP3-7.0"
"SSP3-7.0","2071-2100","&Delta;(Days with max. temp. over
100&deg;F [38&deg;C])","Iroquois","Grand Prairie",14.064707234721,"2071-2100 &times; SSP3-7.0"
"SSP3-7.0","2071-2100","&Delta;(Days with max. temp. over
100&deg;F [38&deg;C])","Ford","Grand Prairie",15.3379145122834,"2071-2100 &times; SSP3-7.0"
"SSP3-7.0","2071-2100","&Delta;(Days with max. temp. over
100&deg;F [38&deg;C])","Piatt","Grand Prairie",18.8077632120012,"2071-2100 &times; SSP3-7.0"
"SSP3-7.0","2071-2100","&Delta;(Days with max. temp. over
100&deg;F [38&deg;C])","Jackson","Shawnee Hills/Coastal Plain",26.0822327217674,"2071-2100 &times; SSP3-7.0"
"SSP3-7.0","2071-2100","&Delta;(Days with max. temp. over
100&deg;F [38&deg;C])","Greene","Western Forest-Prairie",22.6372432219255,"2071-2100 &times; SSP3-7.0"
"SSP3-7.0","2071-2100","&Delta;(Days with max. temp. over
100&deg;F [38&deg;C])","Lawrence","Southern Till Plain/Wabash River Border",21.9803172854096,"2071-2100 &times; SSP3-7.0"
"SSP3-7.0","2071-2100","&Delta;(Days with max. temp. over
100&deg;F [38&deg;C])","Hancock","Western Forest-Prairie",19.3558403276832,"2071-2100 &times; SSP3-7.0"
"SSP3-7.0","2071-2100","&Delta;(Days with max. temp. over
100&deg;F [38&deg;C])","Clay","Southern Till Plain/Wabash River Border",22.00319672951,"2071-2100 &times; SSP3-7.0"
"SSP3-7.0","2071-2100","&Delta;(Days with max. temp. over
100&deg;F [38&deg;C])","Henderson","Western Forest-Prairie",17.7271855865774,"2071-2100 &times; SSP3-7.0"
"SSP3-7.0","2071-2100","&Delta;(Days with max. temp. over
100&deg;F [38&deg;C])","Douglas","Grand Prairie",20.157372653137,"2071-2100 &times; SSP3-7.0"
"SSP3-7.0","2071-2100","&Delta;(Days with max. temp. over
100&deg;F [38&deg;C])","Union","Shawnee Hills/Coastal Plain",25.1668504356135,"2071-2100 &times; SSP3-7.0"
"SSP3-7.0","2071-2100","&Delta;(Days with max. temp. over
100&deg;F [38&deg;C])","Kankakee","Grand Prairie",12.4375508602956,"2071-2100 &times; SSP3-7.0"
"SSP3-7.0","2071-2100","&Delta;(Days with max. temp. over
100&deg;F [38&deg;C])","Massac","Shawnee Hills/Coastal Plain",25.6735219367964,"2071-2100 &times; SSP3-7.0"
"SSP3-7.0","2071-2100","&Delta;(Days with max. temp. over
100&deg;F [38&deg;C])","Will","Northeastern Morainal",12.9650262695068,"2071-2100 &times; SSP3-7.0"
"SSP3-7.0","2071-2100","&Delta;(Days with max. temp. over
100&deg;F [38&deg;C])","Shelby","Southern Till Plain/Wabash River Border",18.7010662489337,"2071-2100 &times; SSP3-7.0"
"SSP3-7.0","2071-2100","&Delta;(Days with max. temp. over
100&deg;F [38&deg;C])","Fayette","Southern Till Plain/Wabash River Border",21.3729395124513,"2071-2100 &times; SSP3-7.0"
"SSP3-7.0","2071-2100","&Delta;(Days with max. temp. over
100&deg;F [38&deg;C])","Macoupin","Western Forest-Prairie",21.3752635272607,"2071-2100 &times; SSP3-7.0"
"SSP3-7.0","2071-2100","&Delta;(Days with max. temp. over
100&deg;F [38&deg;C])","Whiteside","Wisconsin Driftless/Rock R. Hill Country",13.2865293651561,"2071-2100 &times; SSP3-7.0"
"SSP3-7.0","2071-2100","&Delta;(Days with max. temp. over
100&deg;F [38&deg;C])","Logan","Grand Prairie",19.9321447254981,"2071-2100 &times; SSP3-7.0"
"SSP3-7.0","2071-2100","&Delta;(Days with max. temp. over
100&deg;F [38&deg;C])","Coles","Grand Prairie",18.1838197621319,"2071-2100 &times; SSP3-7.0"
"SSP3-7.0","2071-2100","&Delta;(Days with max. temp. over
100&deg;F [38&deg;C])","Mercer","Western Forest-Prairie",17.2616235999462,"2071-2100 &times; SSP3-7.0"
"SSP3-7.0","2071-2100","&Delta;(Days with max. temp. over
100&deg;F [38&deg;C])","Bureau","Grand Prairie",14.807796496129,"2071-2100 &times; SSP3-7.0"
"SSP3-7.0","2071-2100","&Delta;(Days with max. temp. over
100&deg;F [38&deg;C])","Sangamon","Grand Prairie",21.4421683216442,"2071-2100 &times; SSP3-7.0"
"SSP3-7.0","2071-2100","&Delta;(Days with max. temp. over
100&deg;F [38&deg;C])","McLean","Grand Prairie",18.50486491459,"2071-2100 &times; SSP3-7.0"
"SSP3-7.0","2071-2100","&Delta;(Days with max. temp. over
100&deg;F [38&deg;C])","Bond","Southern Till Plain/Wabash River Border",21.5533794770577,"2071-2100 &times; SSP3-7.0"
"SSP3-7.0","2071-2100","&Delta;(Days with max. temp. over
100&deg;F [38&deg;C])","Brown","Western Forest-Prairie",20.3069325390373,"2071-2100 &times; SSP3-7.0"
"SSP3-7.0","2071-2100","&Delta;(Days with max. temp. over
100&deg;F [38&deg;C])","Knox","Western Forest-Prairie",14.7444901957448,"2071-2100 &times; SSP3-7.0"
"SSP3-7.0","2071-2100","&Delta;(Days with max. temp. over
100&deg;F [38&deg;C])","Champaign","Grand Prairie",17.8818609824763,"2071-2100 &times; SSP3-7.0"
"SSP3-7.0","2071-2100","&Delta;(Days with max. temp. over
100&deg;F [38&deg;C])","Edgar","Grand Prairie",17.6185517580528,"2071-2100 &times; SSP3-7.0"
"SSP3-7.0","2071-2100","&Delta;(Days with max. temp. over
100&deg;F [38&deg;C])","Effingham","Southern Till Plain/Wabash River Border",21.5441060931212,"2071-2100 &times; SSP3-7.0"
"SSP3-7.0","2071-2100","&Delta;(Days with max. temp. over
100&deg;F [38&deg;C])","Cumberland","Southern Till Plain/Wabash River Border",19.6834470405542,"2071-2100 &times; SSP3-7.0"
"SSP3-7.0","2071-2100","&Delta;(Days with max. temp. over
100&deg;F [38&deg;C])","Crawford","Southern Till Plain/Wabash River Border",21.3195136904865,"2071-2100 &times; SSP3-7.0"
"SSP3-7.0","2071-2100","&Delta;(Days with max. temp. over
100&deg;F [38&deg;C])","Tazewell","Grand Prairie",19.7654698651872,"2071-2100 &times; SSP3-7.0"
"SSP3-7.0","2071-2100","&Delta;(Days with max. temp. over
100&deg;F [38&deg;C])","Pope","Shawnee Hills/Coastal Plain",24.6550620485533,"2071-2100 &times; SSP3-7.0"
"SSP3-7.0","2071-2100","&Delta;(Days with max. temp. over
100&deg;F [38&deg;C])","Menard","Grand Prairie",21.5126735088361,"2071-2100 &times; SSP3-7.0"
"SSP3-7.0","2071-2100","&Delta;(Days with max. temp. over
100&deg;F [38&deg;C])","Marshall","Grand Prairie",17.117177468081,"2071-2100 &times; SSP3-7.0"
"SSP3-7.0","2071-2100","&Delta;(Days with max. temp. over
100&deg;F [38&deg;C])","Cook","Northeastern Morainal",10.8206696775466,"2071-2100 &times; SSP3-7.0"
"SSP3-7.0","2071-2100","&Delta;(Days with max. temp. over
100&deg;F [38&deg;C])","Gallatin","Shawnee Hills/Coastal Plain",26.0057928247898,"2071-2100 &times; SSP3-7.0"
"SSP3-7.0","2071-2100","&Delta;(Days with max. temp. over
100&deg;F [38&deg;C])","White","Southern Till Plain/Wabash River Border",24.9347286182896,"2071-2100 &times; SSP3-7.0"
"SSP3-7.0","2071-2100","&Delta;(Days with max. temp. over
100&deg;F [38&deg;C])","De Witt","Grand Prairie",18.6083834071003,"2071-2100 &times; SSP3-7.0"
"SSP3-7.0","2071-2100","&Delta;(Days with max. temp. over
100&deg;F [38&deg;C])","Edwards","Southern Till Plain/Wabash River Border",26.9241249769306,"2071-2100 &times; SSP3-7.0"
"SSP3-7.0","2071-2100","&Delta;(Days with max. temp. over
100&deg;F [38&deg;C])","Mason","Grand Prairie",23.4132323074495,"2071-2100 &times; SSP3-7.0"
"SSP3-7.0","2071-2100","&Delta;(Days with max. temp. over
100&deg;F [38&deg;C])","Calhoun","Western Forest-Prairie",26.779651605561,"2071-2100 &times; SSP3-7.0"
"SSP3-7.0","2071-2100","&Delta;(Days with max. temp. over
100&deg;F [38&deg;C])","Marion","Southern Till Plain/Wabash River Border",21.7989550926151,"2071-2100 &times; SSP3-7.0"
"SSP3-7.0","2071-2100","&Delta;(Days with max. temp. over
100&deg;F [38&deg;C])","Warren","Western Forest-Prairie",17.3826158654295,"2071-2100 &times; SSP3-7.0"
"SSP3-7.0","2071-2100","&Delta;(Days with max. temp. over
100&deg;F [38&deg;C])","Clark","Southern Till Plain/Wabash River Border",19.2112122826716,"2071-2100 &times; SSP3-7.0"
"SSP3-7.0","2071-2100","&Delta;(Days with max. temp. over
100&deg;F [38&deg;C])","Wayne","Southern Till Plain/Wabash River Border",24.5746119227018,"2071-2100 &times; SSP3-7.0"
"SSP3-7.0","2071-2100","&Delta;(Days with max. temp. over
100&deg;F [38&deg;C])","Kane","Northeastern Morainal",10.3745114916432,"2071-2100 &times; SSP3-7.0"
"SSP3-7.0","2071-2100","&Delta;(Days with max. temp. over
100&deg;F [38&deg;C])","Livingston","Grand Prairie",15.789026607589,"2071-2100 &times; SSP3-7.0"
"SSP3-7.0","2071-2100","&Delta;(Days with max. temp. over
100&deg;F [38&deg;C])","Jo Daviess","Wisconsin Driftless/Rock R. Hill Country",8.17642554842284,"2071-2100 &times; SSP3-7.0"
"SSP3-7.0","2071-2100","&Delta;(Days with max. temp. over
100&deg;F [38&deg;C])","Williamson","Shawnee Hills/Coastal Plain",25.4388326949914,"2071-2100 &times; SSP3-7.0"
"SSP3-7.0","2071-2100","&Delta;(Days with max. temp. over
100&deg;F [38&deg;C])","Alexander","Shawnee Hills/Coastal Plain",28.7572461351866,"2071-2100 &times; SSP3-7.0"
"SSP3-7.0","2071-2100","&Delta;(Days with max. temp. over
100&deg;F [38&deg;C])","Grundy","Grand Prairie",14.4894322723084,"2071-2100 &times; SSP3-7.0"
"SSP3-7.0","2071-2100","&Delta;(Days with max. temp. over
100&deg;F [38&deg;C])","Jasper","Southern Till Plain/Wabash River Border",20.269169459881,"2071-2100 &times; SSP3-7.0"
"SSP3-7.0","2071-2100","&Delta;(Days with max. temp. over
100&deg;F [38&deg;C])","Saline","Shawnee Hills/Coastal Plain",31.3788983917247,"2071-2100 &times; SSP3-7.0"
"SSP3-7.0","2071-2100","&Delta;(Days with max. temp. over
100&deg;F [38&deg;C])","St. Clair","Southern Till Plain/Wabash River Border",26.5240468731577,"2071-2100 &times; SSP3-7.0"
"SSP3-7.0","2071-2100","&Delta;(Days with max. temp. over
100&deg;F [38&deg;C])","Washington","Southern Till Plain/Wabash River Border",21.8446955670006,"2071-2100 &times; SSP3-7.0"
"SSP3-7.0","2071-2100","&Delta;(Days with max. temp. over
100&deg;F [38&deg;C])","Richland","Southern Till Plain/Wabash River Border",20.0680845597038,"2071-2100 &times; SSP3-7.0"
"SSP3-7.0","2071-2100","&Delta;(Days with max. temp. over
100&deg;F [38&deg;C])","Perry","Southern Till Plain/Wabash River Border",25.3449503397987,"2071-2100 &times; SSP3-7.0"
"SSP3-7.0","2071-2100","&Delta;(Days with max. temp. over
100&deg;F [38&deg;C])","Johnson","Shawnee Hills/Coastal Plain",25.3040714650533,"2071-2100 &times; SSP3-7.0"
"SSP3-7.0","2071-2100","&Delta;(Days with max. temp. over
100&deg;F [38&deg;C])","Pulaski","Shawnee Hills/Coastal Plain",28.2219852328424,"2071-2100 &times; SSP3-7.0"
"SSP3-7.0","2071-2100","&Delta;(Days with max. temp. over
100&deg;F [38&deg;C])","Madison","Southern Till Plain/Wabash River Border",22.772964327382,"2071-2100 &times; SSP3-7.0"
"SSP3-7.0","2071-2100","&Delta;(Days with max. temp. over
100&deg;F [38&deg;C])","Moultrie","Grand Prairie",18.4065781929637,"2071-2100 &times; SSP3-7.0"
"SSP3-7.0","2071-2100","&Delta;(Days with max. temp. over
100&deg;F [38&deg;C])","Ogle","Wisconsin Driftless/Rock R. Hill Country",10.245298165528,"2071-2100 &times; SSP3-7.0"
"SSP3-7.0","2071-2100","&Delta;(Days with max. temp. over
100&deg;F [38&deg;C])","Clinton","Southern Till Plain/Wabash River Border",20.6901066362257,"2071-2100 &times; SSP3-7.0"
"SSP3-7.0","2071-2100","&Delta;(Days with max. temp. over
100&deg;F [38&deg;C])","LaSalle","Grand Prairie",14.6319449904589,"2071-2100 &times; SSP3-7.0"
"SSP3-7.0","2071-2100","&Delta;(Days with max. temp. over
100&deg;F [38&deg;C])","Peoria","Western Forest-Prairie",16.6177408035705,"2071-2100 &times; SSP3-7.0"
"SSP3-7.0","2071-2100","&Delta;(Days with max. temp. over
100&deg;F [38&deg;C])","Hardin","Shawnee Hills/Coastal Plain",22.5422641720862,"2071-2100 &times; SSP3-7.0"
"SSP3-7.0","2071-2100","&Delta;(Days with max. temp. over
100&deg;F [38&deg;C])","Kendall","Grand Prairie",13.9320248328666,"2071-2100 &times; SSP3-7.0"
"SSP3-7.0","2071-2100","&Delta;(Days with max. temp. over
100&deg;F [38&deg;C])","Stephenson","Wisconsin Driftless/Rock R. Hill Country",8.65710173563881,"2071-2100 &times; SSP3-7.0"
"SSP3-7.0","2071-2100","&Delta;(Days with max. temp. over
100&deg;F [38&deg;C])","Fulton","Western Forest-Prairie",20.1879754020118,"2071-2100 &times; SSP3-7.0"
"SSP3-7.0","2071-2100","&Delta;(Days with max. temp. over
100&deg;F [38&deg;C])","Montgomery","Southern Till Plain/Wabash River Border",23.3700301815537,"2071-2100 &times; SSP3-7.0"
"SSP3-7.0","2071-2100","&Delta;(Days with max. temp. over
100&deg;F [38&deg;C])","Macon","Grand Prairie",20.4156756021631,"2071-2100 &times; SSP3-7.0"
"SSP3-7.0","2071-2100","&Delta;(Days with max. temp. over
100&deg;F [38&deg;C])","Putnam","Grand Prairie",16.6758190555051,"2071-2100 &times; SSP3-7.0"
"SSP3-7.0","2071-2100","&Delta;(Days with max. temp. over
100&deg;F [38&deg;C])","Schuyler","Western Forest-Prairie",21.0451052170463,"2071-2100 &times; SSP3-7.0"
"SSP3-7.0","2071-2100","&Delta;(Days with max. temp. over
100&deg;F [38&deg;C])","Lee","Wisconsin Driftless/Rock R. Hill Country",11.4305652507706,"2071-2100 &times; SSP3-7.0"
"SSP3-7.0","2071-2100","&Delta;(Days with max. temp. over
100&deg;F [38&deg;C])","Stark","Grand Prairie",13.5825853741943,"2071-2100 &times; SSP3-7.0"
"SSP3-7.0","2071-2100","&Delta;(Days with max. temp. over
100&deg;F [38&deg;C])","Cass","Grand Prairie",21.3417128820625,"2071-2100 &times; SSP3-7.0"
"SSP3-7.0","2071-2100","&Delta;(Days with max. temp. over
100&deg;F [38&deg;C])","Winnebago","Wisconsin Driftless/Rock R. Hill Country",10.9229565608814,"2071-2100 &times; SSP3-7.0"
"SSP3-7.0","2071-2100","&Delta;(Days with max. temp. over
100&deg;F [38&deg;C])","Wabash","Southern Till Plain/Wabash River Border",25.5364598001561,"2071-2100 &times; SSP3-7.0"
"SSP3-7.0","2071-2100","&Delta;(Days with max. temp. over
100&deg;F [38&deg;C])","Henry","Grand Prairie",16.7086791621875,"2071-2100 &times; SSP3-7.0"
"SSP3-7.0","2071-2100","&Delta;(Days with max. temp. over
100&deg;F [38&deg;C])","McDonough","Western Forest-Prairie",19.1365043000401,"2071-2100 &times; SSP3-7.0"
"SSP3-7.0","2071-2100","&Delta;(Days with max. temp. over
100&deg;F [38&deg;C])","Hamilton","Southern Till Plain/Wabash River Border",26.9039217056382,"2071-2100 &times; SSP3-7.0"
"SSP3-7.0","2071-2100","&Delta;(Days with max. temp. over
100&deg;F [38&deg;C])","Christian","Grand Prairie",21.8255476339836,"2071-2100 &times; SSP3-7.0"
"SSP3-7.0","2071-2100","&Delta;(Days with max. temp. over
100&deg;F [38&deg;C])","Scott","Western Forest-Prairie",20.7178404914881,"2071-2100 &times; SSP3-7.0"
"SSP3-7.0","2071-2100","&Delta;(Days with max. temp. over
100&deg;F [38&deg;C])","Jefferson","Southern Till Plain/Wabash River Border",20.27620944026,"2071-2100 &times; SSP3-7.0"
"SSP3-7.0","2071-2100","&Delta;(Days with max. temp. over
100&deg;F [38&deg;C])","Lake","Northeastern Morainal",6.40966891926882,"2071-2100 &times; SSP3-7.0"
"SSP3-7.0","2071-2100","&Delta;(Days with max. temp. over
100&deg;F [38&deg;C])","Franklin","Southern Till Plain/Wabash River Border",25.7781735335723,"2071-2100 &times; SSP3-7.0"
"SSP3-7.0","2071-2100","&Delta;(Days with max. temp. over
100&deg;F [38&deg;C])","Jersey","Western Forest-Prairie",25.1507675501156,"2071-2100 &times; SSP3-7.0"
"SSP3-7.0","2071-2100","&Delta;(Days with max. temp. over
100&deg;F [38&deg;C])","Vermilion","Grand Prairie",16.9743665389505,"2071-2100 &times; SSP3-7.0"
"SSP3-7.0","2071-2100","&Delta;(Days with max. temp. over
100&deg;F [38&deg;C])","Boone","Northeastern Morainal",10.7858212985328,"2071-2100 &times; SSP3-7.0"
"SSP3-7.0","2071-2100","&Delta;(Days with max. temp. over
100&deg;F [38&deg;C])","Morgan","Western Forest-Prairie",19.324337656748,"2071-2100 &times; SSP3-7.0"
"SSP3-7.0","2071-2100","&Delta;(Days with max. temp. over
100&deg;F [38&deg;C])","Rock Island","Western Forest-Prairie",16.3425859255577,"2071-2100 &times; SSP3-7.0"
"SSP3-7.0","2071-2100","&Delta;(Days with max. temp. over
100&deg;F [38&deg;C])","McHenry","Northeastern Morainal",9.26051817571587,"2071-2100 &times; SSP3-7.0"
"SSP3-7.0","2071-2100","&Delta;(Days with max. temp. over
100&deg;F [38&deg;C])","DeKalb","Northeastern Morainal",9.64243388853365,"2071-2100 &times; SSP3-7.0"
"SSP2-4.5","2041-2070","&Delta;(Max. length dry spell)","Carroll","Wisconsin Driftless/Rock R. Hill Country",-0.141559303864347,"2041-2070 &times; SSP2-4.5"
"SSP2-4.5","2041-2070","&Delta;(Max. length dry spell)","DuPage","Northeastern Morainal",0.128519859452775,"2041-2070 &times; SSP2-4.5"
"SSP2-4.5","2041-2070","&Delta;(Max. length dry spell)","Monroe","Southern Till Plain/Wabash River Border",0.2831701282287,"2041-2070 &times; SSP2-4.5"
"SSP2-4.5","2041-2070","&Delta;(Max. length dry spell)","Randolph","Southern Till Plain/Wabash River Border",0.274288579353147,"2041-2070 &times; SSP2-4.5"
"SSP2-4.5","2041-2070","&Delta;(Max. length dry spell)","Pike","Western Forest-Prairie",0.28982306994585,"2041-2070 &times; SSP2-4.5"
"SSP2-4.5","2041-2070","&Delta;(Max. length dry spell)","Woodford","Grand Prairie",0.163182572491562,"2041-2070 &times; SSP2-4.5"
"SSP2-4.5","2041-2070","&Delta;(Max. length dry spell)","Adams","Western Forest-Prairie",0.473867204253416,"2041-2070 &times; SSP2-4.5"
"SSP2-4.5","2041-2070","&Delta;(Max. length dry spell)","Iroquois","Grand Prairie",0.410753370587724,"2041-2070 &times; SSP2-4.5"
"SSP2-4.5","2041-2070","&Delta;(Max. length dry spell)","Ford","Grand Prairie",0.344585966980016,"2041-2070 &times; SSP2-4.5"
"SSP2-4.5","2041-2070","&Delta;(Max. length dry spell)","Piatt","Grand Prairie",0.395004213013034,"2041-2070 &times; SSP2-4.5"
"SSP2-4.5","2041-2070","&Delta;(Max. length dry spell)","Jackson","Shawnee Hills/Coastal Plain",0.000124822186875,"2041-2070 &times; SSP2-4.5"
"SSP2-4.5","2041-2070","&Delta;(Max. length dry spell)","Greene","Western Forest-Prairie",-0.179776726961958,"2041-2070 &times; SSP2-4.5"
"SSP2-4.5","2041-2070","&Delta;(Max. length dry spell)","Lawrence","Southern Till Plain/Wabash River Border",0.494176975572539,"2041-2070 &times; SSP2-4.5"
"SSP2-4.5","2041-2070","&Delta;(Max. length dry spell)","Hancock","Western Forest-Prairie",0.469943358207258,"2041-2070 &times; SSP2-4.5"
"SSP2-4.5","2041-2070","&Delta;(Max. length dry spell)","Clay","Southern Till Plain/Wabash River Border",0.440016933084706,"2041-2070 &times; SSP2-4.5"
"SSP2-4.5","2041-2070","&Delta;(Max. length dry spell)","Henderson","Western Forest-Prairie",0.078284845517652,"2041-2070 &times; SSP2-4.5"
"SSP2-4.5","2041-2070","&Delta;(Max. length dry spell)","Douglas","Grand Prairie",0.973300690488852,"2041-2070 &times; SSP2-4.5"
"SSP2-4.5","2041-2070","&Delta;(Max. length dry spell)","Union","Shawnee Hills/Coastal Plain",0.201813857046792,"2041-2070 &times; SSP2-4.5"
"SSP2-4.5","2041-2070","&Delta;(Max. length dry spell)","Kankakee","Grand Prairie",0.260282123636207,"2041-2070 &times; SSP2-4.5"
"SSP2-4.5","2041-2070","&Delta;(Max. length dry spell)","Massac","Shawnee Hills/Coastal Plain",0.177645837513135,"2041-2070 &times; SSP2-4.5"
"SSP2-4.5","2041-2070","&Delta;(Max. length dry spell)","Will","Northeastern Morainal",0.385843738254225,"2041-2070 &times; SSP2-4.5"
"SSP2-4.5","2041-2070","&Delta;(Max. length dry spell)","Shelby","Southern Till Plain/Wabash River Border",0.834579839250289,"2041-2070 &times; SSP2-4.5"
"SSP2-4.5","2041-2070","&Delta;(Max. length dry spell)","Fayette","Southern Till Plain/Wabash River Border",0.600817361942875,"2041-2070 &times; SSP2-4.5"
"SSP2-4.5","2041-2070","&Delta;(Max. length dry spell)","Macoupin","Western Forest-Prairie",-0.216664527415105,"2041-2070 &times; SSP2-4.5"
"SSP2-4.5","2041-2070","&Delta;(Max. length dry spell)","Whiteside","Wisconsin Driftless/Rock R. Hill Country",0.125760829156975,"2041-2070 &times; SSP2-4.5"
"SSP2-4.5","2041-2070","&Delta;(Max. length dry spell)","Logan","Grand Prairie",0.306972926005458,"2041-2070 &times; SSP2-4.5"
"SSP2-4.5","2041-2070","&Delta;(Max. length dry spell)","Coles","Grand Prairie",0.627019567065421,"2041-2070 &times; SSP2-4.5"
"SSP2-4.5","2041-2070","&Delta;(Max. length dry spell)","Mercer","Western Forest-Prairie",-0.019834645242518,"2041-2070 &times; SSP2-4.5"
"SSP2-4.5","2041-2070","&Delta;(Max. length dry spell)","Bureau","Grand Prairie",0.275810081805028,"2041-2070 &times; SSP2-4.5"
"SSP2-4.5","2041-2070","&Delta;(Max. length dry spell)","Sangamon","Grand Prairie",0.184170929053174,"2041-2070 &times; SSP2-4.5"
"SSP2-4.5","2041-2070","&Delta;(Max. length dry spell)","McLean","Grand Prairie",0.327544900340805,"2041-2070 &times; SSP2-4.5"
"SSP2-4.5","2041-2070","&Delta;(Max. length dry spell)","Bond","Southern Till Plain/Wabash River Border",0.596022716035202,"2041-2070 &times; SSP2-4.5"
"SSP2-4.5","2041-2070","&Delta;(Max. length dry spell)","Brown","Western Forest-Prairie",0.166188419352635,"2041-2070 &times; SSP2-4.5"
"SSP2-4.5","2041-2070","&Delta;(Max. length dry spell)","Knox","Western Forest-Prairie",0.051326527367093,"2041-2070 &times; SSP2-4.5"
"SSP2-4.5","2041-2070","&Delta;(Max. length dry spell)","Champaign","Grand Prairie",0.539023777310762,"2041-2070 &times; SSP2-4.5"
"SSP2-4.5","2041-2070","&Delta;(Max. length dry spell)","Edgar","Grand Prairie",0.84817948440657,"2041-2070 &times; SSP2-4.5"
"SSP2-4.5","2041-2070","&Delta;(Max. length dry spell)","Effingham","Southern Till Plain/Wabash River Border",0.943714275975841,"2041-2070 &times; SSP2-4.5"
"SSP2-4.5","2041-2070","&Delta;(Max. length dry spell)","Cumberland","Southern Till Plain/Wabash River Border",0.778396756962888,"2041-2070 &times; SSP2-4.5"
"SSP2-4.5","2041-2070","&Delta;(Max. length dry spell)","Crawford","Southern Till Plain/Wabash River Border",0.788508794198888,"2041-2070 &times; SSP2-4.5"
"SSP2-4.5","2041-2070","&Delta;(Max. length dry spell)","Tazewell","Grand Prairie",0.317940333973279,"2041-2070 &times; SSP2-4.5"
"SSP2-4.5","2041-2070","&Delta;(Max. length dry spell)","Pope","Shawnee Hills/Coastal Plain",0.711191953266168,"2041-2070 &times; SSP2-4.5"
"SSP2-4.5","2041-2070","&Delta;(Max. length dry spell)","Menard","Grand Prairie",0.115655167490602,"2041-2070 &times; SSP2-4.5"
"SSP2-4.5","2041-2070","&Delta;(Max. length dry spell)","Marshall","Grand Prairie",-0.059386777596446,"2041-2070 &times; SSP2-4.5"
"SSP2-4.5","2041-2070","&Delta;(Max. length dry spell)","Cook","Northeastern Morainal",0.263685269885926,"2041-2070 &times; SSP2-4.5"
"SSP2-4.5","2041-2070","&Delta;(Max. length dry spell)","Gallatin","Shawnee Hills/Coastal Plain",0.735918011124425,"2041-2070 &times; SSP2-4.5"
"SSP2-4.5","2041-2070","&Delta;(Max. length dry spell)","White","Southern Till Plain/Wabash River Border",1.08618507906012,"2041-2070 &times; SSP2-4.5"
"SSP2-4.5","2041-2070","&Delta;(Max. length dry spell)","De Witt","Grand Prairie",0.738613607993094,"2041-2070 &times; SSP2-4.5"
"SSP2-4.5","2041-2070","&Delta;(Max. length dry spell)","Edwards","Southern Till Plain/Wabash River Border",0.560430176819141,"2041-2070 &times; SSP2-4.5"
"SSP2-4.5","2041-2070","&Delta;(Max. length dry spell)","Mason","Grand Prairie",-0.083325438941422,"2041-2070 &times; SSP2-4.5"
"SSP2-4.5","2041-2070","&Delta;(Max. length dry spell)","Calhoun","Western Forest-Prairie",0.0005595026475,"2041-2070 &times; SSP2-4.5"
"SSP2-4.5","2041-2070","&Delta;(Max. length dry spell)","Marion","Southern Till Plain/Wabash River Border",0.313549497182614,"2041-2070 &times; SSP2-4.5"
"SSP2-4.5","2041-2070","&Delta;(Max. length dry spell)","Warren","Western Forest-Prairie",0.202671730357392,"2041-2070 &times; SSP2-4.5"
"SSP2-4.5","2041-2070","&Delta;(Max. length dry spell)","Clark","Southern Till Plain/Wabash River Border",0.967645954648538,"2041-2070 &times; SSP2-4.5"
"SSP2-4.5","2041-2070","&Delta;(Max. length dry spell)","Wayne","Southern Till Plain/Wabash River Border",0.583475459256866,"2041-2070 &times; SSP2-4.5"
"SSP2-4.5","2041-2070","&Delta;(Max. length dry spell)","Kane","Northeastern Morainal",0.253224168671215,"2041-2070 &times; SSP2-4.5"
"SSP2-4.5","2041-2070","&Delta;(Max. length dry spell)","Livingston","Grand Prairie",0.396542128059877,"2041-2070 &times; SSP2-4.5"
"SSP2-4.5","2041-2070","&Delta;(Max. length dry spell)","Jo Daviess","Wisconsin Driftless/Rock R. Hill Country",-0.457155643822643,"2041-2070 &times; SSP2-4.5"
"SSP2-4.5","2041-2070","&Delta;(Max. length dry spell)","Williamson","Shawnee Hills/Coastal Plain",0.536559255506951,"2041-2070 &times; SSP2-4.5"
"SSP2-4.5","2041-2070","&Delta;(Max. length dry spell)","Alexander","Shawnee Hills/Coastal Plain",0.52912238571975,"2041-2070 &times; SSP2-4.5"
"SSP2-4.5","2041-2070","&Delta;(Max. length dry spell)","Grundy","Grand Prairie",0.376603629677543,"2041-2070 &times; SSP2-4.5"
"SSP2-4.5","2041-2070","&Delta;(Max. length dry spell)","Jasper","Southern Till Plain/Wabash River Border",0.467028900511045,"2041-2070 &times; SSP2-4.5"
"SSP2-4.5","2041-2070","&Delta;(Max. length dry spell)","Saline","Shawnee Hills/Coastal Plain",0.523560213042,"2041-2070 &times; SSP2-4.5"
"SSP2-4.5","2041-2070","&Delta;(Max. length dry spell)","St. Clair","Southern Till Plain/Wabash River Border",0.380963849076697,"2041-2070 &times; SSP2-4.5"
"SSP2-4.5","2041-2070","&Delta;(Max. length dry spell)","Washington","Southern Till Plain/Wabash River Border",0.462503433275227,"2041-2070 &times; SSP2-4.5"
"SSP2-4.5","2041-2070","&Delta;(Max. length dry spell)","Richland","Southern Till Plain/Wabash River Border",0.349040839333261,"2041-2070 &times; SSP2-4.5"
"SSP2-4.5","2041-2070","&Delta;(Max. length dry spell)","Perry","Southern Till Plain/Wabash River Border",0.241577494503297,"2041-2070 &times; SSP2-4.5"
"SSP2-4.5","2041-2070","&Delta;(Max. length dry spell)","Johnson","Shawnee Hills/Coastal Plain",0.391538319974937,"2041-2070 &times; SSP2-4.5"
"SSP2-4.5","2041-2070","&Delta;(Max. length dry spell)","Pulaski","Shawnee Hills/Coastal Plain",0.300591388326499,"2041-2070 &times; SSP2-4.5"
"SSP2-4.5","2041-2070","&Delta;(Max. length dry spell)","Madison","Southern Till Plain/Wabash River Border",0.311115091233128,"2041-2070 &times; SSP2-4.5"
"SSP2-4.5","2041-2070","&Delta;(Max. length dry spell)","Moultrie","Grand Prairie",0.663766221681881,"2041-2070 &times; SSP2-4.5"
"SSP2-4.5","2041-2070","&Delta;(Max. length dry spell)","Ogle","Wisconsin Driftless/Rock R. Hill Country",-0.104202903916863,"2041-2070 &times; SSP2-4.5"
"SSP2-4.5","2041-2070","&Delta;(Max. length dry spell)","Clinton","Southern Till Plain/Wabash River Border",0.376181895094569,"2041-2070 &times; SSP2-4.5"
"SSP2-4.5","2041-2070","&Delta;(Max. length dry spell)","LaSalle","Grand Prairie",0.172605787508259,"2041-2070 &times; SSP2-4.5"
"SSP2-4.5","2041-2070","&Delta;(Max. length dry spell)","Peoria","Western Forest-Prairie",-0.068046686903118,"2041-2070 &times; SSP2-4.5"
"SSP2-4.5","2041-2070","&Delta;(Max. length dry spell)","Hardin","Shawnee Hills/Coastal Plain",1.09539038510976,"2041-2070 &times; SSP2-4.5"
"SSP2-4.5","2041-2070","&Delta;(Max. length dry spell)","Kendall","Grand Prairie",0.514209695731409,"2041-2070 &times; SSP2-4.5"
"SSP2-4.5","2041-2070","&Delta;(Max. length dry spell)","Stephenson","Wisconsin Driftless/Rock R. Hill Country",-0.198345693861733,"2041-2070 &times; SSP2-4.5"
"SSP2-4.5","2041-2070","&Delta;(Max. length dry spell)","Fulton","Western Forest-Prairie",-0.140541542719717,"2041-2070 &times; SSP2-4.5"
"SSP2-4.5","2041-2070","&Delta;(Max. length dry spell)","Montgomery","Southern Till Plain/Wabash River Border",0.49408984528417,"2041-2070 &times; SSP2-4.5"
"SSP2-4.5","2041-2070","&Delta;(Max. length dry spell)","Macon","Grand Prairie",0.429387879429595,"2041-2070 &times; SSP2-4.5"
"SSP2-4.5","2041-2070","&Delta;(Max. length dry spell)","Putnam","Grand Prairie",0.170155815439636,"2041-2070 &times; SSP2-4.5"
"SSP2-4.5","2041-2070","&Delta;(Max. length dry spell)","Schuyler","Western Forest-Prairie",-0.155554682892317,"2041-2070 &times; SSP2-4.5"
"SSP2-4.5","2041-2070","&Delta;(Max. length dry spell)","Lee","Wisconsin Driftless/Rock R. Hill Country",0.089871644012037,"2041-2070 &times; SSP2-4.5"
"SSP2-4.5","2041-2070","&Delta;(Max. length dry spell)","Stark","Grand Prairie",-0.211098527763958,"2041-2070 &times; SSP2-4.5"
"SSP2-4.5","2041-2070","&Delta;(Max. length dry spell)","Cass","Grand Prairie",0.159941870391211,"2041-2070 &times; SSP2-4.5"
"SSP2-4.5","2041-2070","&Delta;(Max. length dry spell)","Winnebago","Wisconsin Driftless/Rock R. Hill Country",-0.335772675892772,"2041-2070 &times; SSP2-4.5"
"SSP2-4.5","2041-2070","&Delta;(Max. length dry spell)","Wabash","Southern Till Plain/Wabash River Border",0.443283775807784,"2041-2070 &times; SSP2-4.5"
"SSP2-4.5","2041-2070","&Delta;(Max. length dry spell)","Henry","Grand Prairie",0.079433879446534,"2041-2070 &times; SSP2-4.5"
"SSP2-4.5","2041-2070","&Delta;(Max. length dry spell)","McDonough","Western Forest-Prairie",-0.216211042297034,"2041-2070 &times; SSP2-4.5"
"SSP2-4.5","2041-2070","&Delta;(Max. length dry spell)","Hamilton","Southern Till Plain/Wabash River Border",0.623239962419685,"2041-2070 &times; SSP2-4.5"
"SSP2-4.5","2041-2070","&Delta;(Max. length dry spell)","Christian","Grand Prairie",0.585232557446745,"2041-2070 &times; SSP2-4.5"
"SSP2-4.5","2041-2070","&Delta;(Max. length dry spell)","Scott","Western Forest-Prairie",0.251246104131422,"2041-2070 &times; SSP2-4.5"
"SSP2-4.5","2041-2070","&Delta;(Max. length dry spell)","Jefferson","Southern Till Plain/Wabash River Border",0.443184621234644,"2041-2070 &times; SSP2-4.5"
"SSP2-4.5","2041-2070","&Delta;(Max. length dry spell)","Lake","Northeastern Morainal",-0.001722961742688,"2041-2070 &times; SSP2-4.5"
"SSP2-4.5","2041-2070","&Delta;(Max. length dry spell)","Franklin","Southern Till Plain/Wabash River Border",0.150541033870233,"2041-2070 &times; SSP2-4.5"
"SSP2-4.5","2041-2070","&Delta;(Max. length dry spell)","Jersey","Western Forest-Prairie",0.113470715436695,"2041-2070 &times; SSP2-4.5"
"SSP2-4.5","2041-2070","&Delta;(Max. length dry spell)","Vermilion","Grand Prairie",0.430882864701614,"2041-2070 &times; SSP2-4.5"
"SSP2-4.5","2041-2070","&Delta;(Max. length dry spell)","Boone","Northeastern Morainal",-0.095289529814469,"2041-2070 &times; SSP2-4.5"
"SSP2-4.5","2041-2070","&Delta;(Max. length dry spell)","Morgan","Western Forest-Prairie",0.219026211344584,"2041-2070 &times; SSP2-4.5"
"SSP2-4.5","2041-2070","&Delta;(Max. length dry spell)","Rock Island","Western Forest-Prairie",-0.290247373515971,"2041-2070 &times; SSP2-4.5"
"SSP2-4.5","2041-2070","&Delta;(Max. length dry spell)","McHenry","Northeastern Morainal",0.274921891895713,"2041-2070 &times; SSP2-4.5"
"SSP2-4.5","2041-2070","&Delta;(Max. length dry spell)","DeKalb","Northeastern Morainal",0.0278577365275,"2041-2070 &times; SSP2-4.5"
"SSP2-4.5","2041-2070","&Delta;(Max. length wet spell)","Carroll","Wisconsin Driftless/Rock R. Hill Country",0.069136492741936,"2041-2070 &times; SSP2-4.5"
"SSP2-4.5","2041-2070","&Delta;(Max. length wet spell)","DuPage","Northeastern Morainal",0.011392152261638,"2041-2070 &times; SSP2-4.5"
"SSP2-4.5","2041-2070","&Delta;(Max. length wet spell)","Monroe","Southern Till Plain/Wabash River Border",0.260669192489069,"2041-2070 &times; SSP2-4.5"
"SSP2-4.5","2041-2070","&Delta;(Max. length wet spell)","Randolph","Southern Till Plain/Wabash River Border",0.141779186556958,"2041-2070 &times; SSP2-4.5"
"SSP2-4.5","2041-2070","&Delta;(Max. length wet spell)","Pike","Western Forest-Prairie",0.142916730962189,"2041-2070 &times; SSP2-4.5"
"SSP2-4.5","2041-2070","&Delta;(Max. length wet spell)","Woodford","Grand Prairie",0.120716989644324,"2041-2070 &times; SSP2-4.5"
"SSP2-4.5","2041-2070","&Delta;(Max. length wet spell)","Adams","Western Forest-Prairie",0.096991021320374,"2041-2070 &times; SSP2-4.5"
"SSP2-4.5","2041-2070","&Delta;(Max. length wet spell)","Iroquois","Grand Prairie",0.160896253389157,"2041-2070 &times; SSP2-4.5"
"SSP2-4.5","2041-2070","&Delta;(Max. length wet spell)","Ford","Grand Prairie",0.135966618129629,"2041-2070 &times; SSP2-4.5"
"SSP2-4.5","2041-2070","&Delta;(Max. length wet spell)","Piatt","Grand Prairie",0.133843352891525,"2041-2070 &times; SSP2-4.5"
"SSP2-4.5","2041-2070","&Delta;(Max. length wet spell)","Jackson","Shawnee Hills/Coastal Plain",0.195183295313953,"2041-2070 &times; SSP2-4.5"
"SSP2-4.5","2041-2070","&Delta;(Max. length wet spell)","Greene","Western Forest-Prairie",0.150894388276389,"2041-2070 &times; SSP2-4.5"
"SSP2-4.5","2041-2070","&Delta;(Max. length wet spell)","Lawrence","Southern Till Plain/Wabash River Border",0.131147841052472,"2041-2070 &times; SSP2-4.5"
"SSP2-4.5","2041-2070","&Delta;(Max. length wet spell)","Hancock","Western Forest-Prairie",0.025261108736944,"2041-2070 &times; SSP2-4.5"
"SSP2-4.5","2041-2070","&Delta;(Max. length wet spell)","Clay","Southern Till Plain/Wabash River Border",0.193885401040231,"2041-2070 &times; SSP2-4.5"
"SSP2-4.5","2041-2070","&Delta;(Max. length wet spell)","Henderson","Western Forest-Prairie",0.079889449224149,"2041-2070 &times; SSP2-4.5"
"SSP2-4.5","2041-2070","&Delta;(Max. length wet spell)","Douglas","Grand Prairie",0.132065406124196,"2041-2070 &times; SSP2-4.5"
"SSP2-4.5","2041-2070","&Delta;(Max. length wet spell)","Union","Shawnee Hills/Coastal Plain",0.134781304735317,"2041-2070 &times; SSP2-4.5"
"SSP2-4.5","2041-2070","&Delta;(Max. length wet spell)","Kankakee","Grand Prairie",0.158315517034249,"2041-2070 &times; SSP2-4.5"
"SSP2-4.5","2041-2070","&Delta;(Max. length wet spell)","Massac","Shawnee Hills/Coastal Plain",0.242107087064014,"2041-2070 &times; SSP2-4.5"
"SSP2-4.5","2041-2070","&Delta;(Max. length wet spell)","Will","Northeastern Morainal",0.067504674490965,"2041-2070 &times; SSP2-4.5"
"SSP2-4.5","2041-2070","&Delta;(Max. length wet spell)","Shelby","Southern Till Plain/Wabash River Border",0.193440720417117,"2041-2070 &times; SSP2-4.5"
"SSP2-4.5","2041-2070","&Delta;(Max. length wet spell)","Fayette","Southern Till Plain/Wabash River Border",0.158221316009216,"2041-2070 &times; SSP2-4.5"
"SSP2-4.5","2041-2070","&Delta;(Max. length wet spell)","Macoupin","Western Forest-Prairie",0.115510189538774,"2041-2070 &times; SSP2-4.5"
"SSP2-4.5","2041-2070","&Delta;(Max. length wet spell)","Whiteside","Wisconsin Driftless/Rock R. Hill Country",0.137223337705548,"2041-2070 &times; SSP2-4.5"
"SSP2-4.5","2041-2070","&Delta;(Max. length wet spell)","Logan","Grand Prairie",0.237163949966438,"2041-2070 &times; SSP2-4.5"
"SSP2-4.5","2041-2070","&Delta;(Max. length wet spell)","Coles","Grand Prairie",0.164661561493288,"2041-2070 &times; SSP2-4.5"
"SSP2-4.5","2041-2070","&Delta;(Max. length wet spell)","Mercer","Western Forest-Prairie",0.072316085748981,"2041-2070 &times; SSP2-4.5"
"SSP2-4.5","2041-2070","&Delta;(Max. length wet spell)","Bureau","Grand Prairie",0.148310388006589,"2041-2070 &times; SSP2-4.5"
"SSP2-4.5","2041-2070","&Delta;(Max. length wet spell)","Sangamon","Grand Prairie",0.172110341732973,"2041-2070 &times; SSP2-4.5"
"SSP2-4.5","2041-2070","&Delta;(Max. length wet spell)","McLean","Grand Prairie",0.182648171247823,"2041-2070 &times; SSP2-4.5"
"SSP2-4.5","2041-2070","&Delta;(Max. length wet spell)","Bond","Southern Till Plain/Wabash River Border",0.196391466102618,"2041-2070 &times; SSP2-4.5"
"SSP2-4.5","2041-2070","&Delta;(Max. length wet spell)","Brown","Western Forest-Prairie",0.12378878767948,"2041-2070 &times; SSP2-4.5"
"SSP2-4.5","2041-2070","&Delta;(Max. length wet spell)","Knox","Western Forest-Prairie",0.180726605259021,"2041-2070 &times; SSP2-4.5"
"SSP2-4.5","2041-2070","&Delta;(Max. length wet spell)","Champaign","Grand Prairie",0.126624696472587,"2041-2070 &times; SSP2-4.5"
"SSP2-4.5","2041-2070","&Delta;(Max. length wet spell)","Edgar","Grand Prairie",0.114281309516755,"2041-2070 &times; SSP2-4.5"
"SSP2-4.5","2041-2070","&Delta;(Max. length wet spell)","Effingham","Southern Till Plain/Wabash River Border",0.187876321403254,"2041-2070 &times; SSP2-4.5"
"SSP2-4.5","2041-2070","&Delta;(Max. length wet spell)","Cumberland","Southern Till Plain/Wabash River Border",0.126837769098972,"2041-2070 &times; SSP2-4.5"
"SSP2-4.5","2041-2070","&Delta;(Max. length wet spell)","Crawford","Southern Till Plain/Wabash River Border",0.098205721423172,"2041-2070 &times; SSP2-4.5"
"SSP2-4.5","2041-2070","&Delta;(Max. length wet spell)","Tazewell","Grand Prairie",0.20964309920906,"2041-2070 &times; SSP2-4.5"
"SSP2-4.5","2041-2070","&Delta;(Max. length wet spell)","Pope","Shawnee Hills/Coastal Plain",0.170100349350986,"2041-2070 &times; SSP2-4.5"
"SSP2-4.5","2041-2070","&Delta;(Max. length wet spell)","Menard","Grand Prairie",0.192190061133119,"2041-2070 &times; SSP2-4.5"
"SSP2-4.5","2041-2070","&Delta;(Max. length wet spell)","Marshall","Grand Prairie",0.09583102589739,"2041-2070 &times; SSP2-4.5"
"SSP2-4.5","2041-2070","&Delta;(Max. length wet spell)","Cook","Northeastern Morainal",0.132527298598553,"2041-2070 &times; SSP2-4.5"
"SSP2-4.5","2041-2070","&Delta;(Max. length wet spell)","Gallatin","Shawnee Hills/Coastal Plain",0.207363776380114,"2041-2070 &times; SSP2-4.5"
"SSP2-4.5","2041-2070","&Delta;(Max. length wet spell)","White","Southern Till Plain/Wabash River Border",0.178483676288662,"2041-2070 &times; SSP2-4.5"
"SSP2-4.5","2041-2070","&Delta;(Max. length wet spell)","De Witt","Grand Prairie",0.205146394216049,"2041-2070 &times; SSP2-4.5"
"SSP2-4.5","2041-2070","&Delta;(Max. length wet spell)","Edwards","Southern Till Plain/Wabash River Border",0.157009463755414,"2041-2070 &times; SSP2-4.5"
"SSP2-4.5","2041-2070","&Delta;(Max. length wet spell)","Mason","Grand Prairie",0.16530091607643,"2041-2070 &times; SSP2-4.5"
"SSP2-4.5","2041-2070","&Delta;(Max. length wet spell)","Calhoun","Western Forest-Prairie",0.170720737363615,"2041-2070 &times; SSP2-4.5"
"SSP2-4.5","2041-2070","&Delta;(Max. length wet spell)","Marion","Southern Till Plain/Wabash River Border",0.163806893301196,"2041-2070 &times; SSP2-4.5"
"SSP2-4.5","2041-2070","&Delta;(Max. length wet spell)","Warren","Western Forest-Prairie",0.140562736250088,"2041-2070 &times; SSP2-4.5"
"SSP2-4.5","2041-2070","&Delta;(Max. length wet spell)","Clark","Southern Till Plain/Wabash River Border",0.141520510717925,"2041-2070 &times; SSP2-4.5"
"SSP2-4.5","2041-2070","&Delta;(Max. length wet spell)","Wayne","Southern Till Plain/Wabash River Border",0.130539232319681,"2041-2070 &times; SSP2-4.5"
"SSP2-4.5","2041-2070","&Delta;(Max. length wet spell)","Kane","Northeastern Morainal",0.082946962263003,"2041-2070 &times; SSP2-4.5"
"SSP2-4.5","2041-2070","&Delta;(Max. length wet spell)","Livingston","Grand Prairie",0.180960332256711,"2041-2070 &times; SSP2-4.5"
"SSP2-4.5","2041-2070","&Delta;(Max. length wet spell)","Jo Daviess","Wisconsin Driftless/Rock R. Hill Country",0.036087212452153,"2041-2070 &times; SSP2-4.5"
"SSP2-4.5","2041-2070","&Delta;(Max. length wet spell)","Williamson","Shawnee Hills/Coastal Plain",0.20426974863268,"2041-2070 &times; SSP2-4.5"
"SSP2-4.5","2041-2070","&Delta;(Max. length wet spell)","Alexander","Shawnee Hills/Coastal Plain",0.108592520261814,"2041-2070 &times; SSP2-4.5"
"SSP2-4.5","2041-2070","&Delta;(Max. length wet spell)","Grundy","Grand Prairie",0.045528364725167,"2041-2070 &times; SSP2-4.5"
"SSP2-4.5","2041-2070","&Delta;(Max. length wet spell)","Jasper","Southern Till Plain/Wabash River Border",0.180015528165851,"2041-2070 &times; SSP2-4.5"
"SSP2-4.5","2041-2070","&Delta;(Max. length wet spell)","Saline","Shawnee Hills/Coastal Plain",0.18440121693838,"2041-2070 &times; SSP2-4.5"
"SSP2-4.5","2041-2070","&Delta;(Max. length wet spell)","St. Clair","Southern Till Plain/Wabash River Border",0.240444043784924,"2041-2070 &times; SSP2-4.5"
"SSP2-4.5","2041-2070","&Delta;(Max. length wet spell)","Washington","Southern Till Plain/Wabash River Border",0.147242056394722,"2041-2070 &times; SSP2-4.5"
"SSP2-4.5","2041-2070","&Delta;(Max. length wet spell)","Richland","Southern Till Plain/Wabash River Border",0.096343941015653,"2041-2070 &times; SSP2-4.5"
"SSP2-4.5","2041-2070","&Delta;(Max. length wet spell)","Perry","Southern Till Plain/Wabash River Border",0.132772607568399,"2041-2070 &times; SSP2-4.5"
"SSP2-4.5","2041-2070","&Delta;(Max. length wet spell)","Johnson","Shawnee Hills/Coastal Plain",0.144482553669877,"2041-2070 &times; SSP2-4.5"
"SSP2-4.5","2041-2070","&Delta;(Max. length wet spell)","Pulaski","Shawnee Hills/Coastal Plain",0.156302296459439,"2041-2070 &times; SSP2-4.5"
"SSP2-4.5","2041-2070","&Delta;(Max. length wet spell)","Madison","Southern Till Plain/Wabash River Border",0.228476414698859,"2041-2070 &times; SSP2-4.5"
"SSP2-4.5","2041-2070","&Delta;(Max. length wet spell)","Moultrie","Grand Prairie",0.143711038380856,"2041-2070 &times; SSP2-4.5"
"SSP2-4.5","2041-2070","&Delta;(Max. length wet spell)","Ogle","Wisconsin Driftless/Rock R. Hill Country",0.058191746509189,"2041-2070 &times; SSP2-4.5"
"SSP2-4.5","2041-2070","&Delta;(Max. length wet spell)","Clinton","Southern Till Plain/Wabash River Border",0.214543804610678,"2041-2070 &times; SSP2-4.5"
"SSP2-4.5","2041-2070","&Delta;(Max. length wet spell)","LaSalle","Grand Prairie",0.08998385591857,"2041-2070 &times; SSP2-4.5"
"SSP2-4.5","2041-2070","&Delta;(Max. length wet spell)","Peoria","Western Forest-Prairie",0.195627381446198,"2041-2070 &times; SSP2-4.5"
"SSP2-4.5","2041-2070","&Delta;(Max. length wet spell)","Hardin","Shawnee Hills/Coastal Plain",0.242595058659909,"2041-2070 &times; SSP2-4.5"
"SSP2-4.5","2041-2070","&Delta;(Max. length wet spell)","Kendall","Grand Prairie",0.052591680474976,"2041-2070 &times; SSP2-4.5"
"SSP2-4.5","2041-2070","&Delta;(Max. length wet spell)","Stephenson","Wisconsin Driftless/Rock R. Hill Country",0.032655775235065,"2041-2070 &times; SSP2-4.5"
"SSP2-4.5","2041-2070","&Delta;(Max. length wet spell)","Fulton","Western Forest-Prairie",0.178733712786405,"2041-2070 &times; SSP2-4.5"
"SSP2-4.5","2041-2070","&Delta;(Max. length wet spell)","Montgomery","Southern Till Plain/Wabash River Border",0.155343802373104,"2041-2070 &times; SSP2-4.5"
"SSP2-4.5","2041-2070","&Delta;(Max. length wet spell)","Macon","Grand Prairie",0.183769828224274,"2041-2070 &times; SSP2-4.5"
"SSP2-4.5","2041-2070","&Delta;(Max. length wet spell)","Putnam","Grand Prairie",0.127131035374646,"2041-2070 &times; SSP2-4.5"
"SSP2-4.5","2041-2070","&Delta;(Max. length wet spell)","Schuyler","Western Forest-Prairie",0.138094911835908,"2041-2070 &times; SSP2-4.5"
"SSP2-4.5","2041-2070","&Delta;(Max. length wet spell)","Lee","Wisconsin Driftless/Rock R. Hill Country",0.06777654409798,"2041-2070 &times; SSP2-4.5"
"SSP2-4.5","2041-2070","&Delta;(Max. length wet spell)","Stark","Grand Prairie",0.150537189019972,"2041-2070 &times; SSP2-4.5"
"SSP2-4.5","2041-2070","&Delta;(Max. length wet spell)","Cass","Grand Prairie",0.169635304495562,"2041-2070 &times; SSP2-4.5"
"SSP2-4.5","2041-2070","&Delta;(Max. length wet spell)","Winnebago","Wisconsin Driftless/Rock R. Hill Country",0.045134357402701,"2041-2070 &times; SSP2-4.5"
"SSP2-4.5","2041-2070","&Delta;(Max. length wet spell)","Wabash","Southern Till Plain/Wabash River Border",0.170327987349069,"2041-2070 &times; SSP2-4.5"
"SSP2-4.5","2041-2070","&Delta;(Max. length wet spell)","Henry","Grand Prairie",0.134791448307636,"2041-2070 &times; SSP2-4.5"
"SSP2-4.5","2041-2070","&Delta;(Max. length wet spell)","McDonough","Western Forest-Prairie",0.122307804271285,"2041-2070 &times; SSP2-4.5"
"SSP2-4.5","2041-2070","&Delta;(Max. length wet spell)","Hamilton","Southern Till Plain/Wabash River Border",0.167981374405637,"2041-2070 &times; SSP2-4.5"
"SSP2-4.5","2041-2070","&Delta;(Max. length wet spell)","Christian","Grand Prairie",0.161443844766742,"2041-2070 &times; SSP2-4.5"
"SSP2-4.5","2041-2070","&Delta;(Max. length wet spell)","Scott","Western Forest-Prairie",0.123957964909057,"2041-2070 &times; SSP2-4.5"
"SSP2-4.5","2041-2070","&Delta;(Max. length wet spell)","Jefferson","Southern Till Plain/Wabash River Border",0.116909355070009,"2041-2070 &times; SSP2-4.5"
"SSP2-4.5","2041-2070","&Delta;(Max. length wet spell)","Lake","Northeastern Morainal",0.072322951255887,"2041-2070 &times; SSP2-4.5"
"SSP2-4.5","2041-2070","&Delta;(Max. length wet spell)","Franklin","Southern Till Plain/Wabash River Border",0.137974476193525,"2041-2070 &times; SSP2-4.5"
"SSP2-4.5","2041-2070","&Delta;(Max. length wet spell)","Jersey","Western Forest-Prairie",0.1647162272539,"2041-2070 &times; SSP2-4.5"
"SSP2-4.5","2041-2070","&Delta;(Max. length wet spell)","Vermilion","Grand Prairie",0.081479497178168,"2041-2070 &times; SSP2-4.5"
"SSP2-4.5","2041-2070","&Delta;(Max. length wet spell)","Boone","Northeastern Morainal",0.040656046541182,"2041-2070 &times; SSP2-4.5"
"SSP2-4.5","2041-2070","&Delta;(Max. length wet spell)","Morgan","Western Forest-Prairie",0.154635193257561,"2041-2070 &times; SSP2-4.5"
"SSP2-4.5","2041-2070","&Delta;(Max. length wet spell)","Rock Island","Western Forest-Prairie",0.012246420873294,"2041-2070 &times; SSP2-4.5"
"SSP2-4.5","2041-2070","&Delta;(Max. length wet spell)","McHenry","Northeastern Morainal",0.009068407801607,"2041-2070 &times; SSP2-4.5"
"SSP2-4.5","2041-2070","&Delta;(Max. length wet spell)","DeKalb","Northeastern Morainal",0.039390313381727,"2041-2070 &times; SSP2-4.5"
"SSP2-4.5","2071-2100","&Delta;(Max. length dry spell)","Carroll","Wisconsin Driftless/Rock R. Hill Country",-0.841579676079792,"2071-2100 &times; SSP2-4.5"
"SSP2-4.5","2071-2100","&Delta;(Max. length dry spell)","DuPage","Northeastern Morainal",-0.010450720015779,"2071-2100 &times; SSP2-4.5"
"SSP2-4.5","2071-2100","&Delta;(Max. length dry spell)","Monroe","Southern Till Plain/Wabash River Border",0.559740157267585,"2071-2100 &times; SSP2-4.5"
"SSP2-4.5","2071-2100","&Delta;(Max. length dry spell)","Randolph","Southern Till Plain/Wabash River Border",0.158328464040201,"2071-2100 &times; SSP2-4.5"
"SSP2-4.5","2071-2100","&Delta;(Max. length dry spell)","Pike","Western Forest-Prairie",0.640999044553198,"2071-2100 &times; SSP2-4.5"
"SSP2-4.5","2071-2100","&Delta;(Max. length dry spell)","Woodford","Grand Prairie",-0.158151701252021,"2071-2100 &times; SSP2-4.5"
"SSP2-4.5","2071-2100","&Delta;(Max. length dry spell)","Adams","Western Forest-Prairie",-0.083767051929096,"2071-2100 &times; SSP2-4.5"
"SSP2-4.5","2071-2100","&Delta;(Max. length dry spell)","Iroquois","Grand Prairie",0.435175962300376,"2071-2100 &times; SSP2-4.5"
"SSP2-4.5","2071-2100","&Delta;(Max. length dry spell)","Ford","Grand Prairie",0.263391159839084,"2071-2100 &times; SSP2-4.5"
"SSP2-4.5","2071-2100","&Delta;(Max. length dry spell)","Piatt","Grand Prairie",0.278088456978471,"2071-2100 &times; SSP2-4.5"
"SSP2-4.5","2071-2100","&Delta;(Max. length dry spell)","Jackson","Shawnee Hills/Coastal Plain",0.282184928877091,"2071-2100 &times; SSP2-4.5"
"SSP2-4.5","2071-2100","&Delta;(Max. length dry spell)","Greene","Western Forest-Prairie",-0.114501998092733,"2071-2100 &times; SSP2-4.5"
"SSP2-4.5","2071-2100","&Delta;(Max. length dry spell)","Lawrence","Southern Till Plain/Wabash River Border",1.2103340557079,"2071-2100 &times; SSP2-4.5"
"SSP2-4.5","2071-2100","&Delta;(Max. length dry spell)","Hancock","Western Forest-Prairie",-0.310061824167952,"2071-2100 &times; SSP2-4.5"
"SSP2-4.5","2071-2100","&Delta;(Max. length dry spell)","Clay","Southern Till Plain/Wabash River Border",0.886867356169211,"2071-2100 &times; SSP2-4.5"
"SSP2-4.5","2071-2100","&Delta;(Max. length dry spell)","Henderson","Western Forest-Prairie",-0.526116842543534,"2071-2100 &times; SSP2-4.5"
"SSP2-4.5","2071-2100","&Delta;(Max. length dry spell)","Douglas","Grand Prairie",1.1504146752142,"2071-2100 &times; SSP2-4.5"
"SSP2-4.5","2071-2100","&Delta;(Max. length dry spell)","Union","Shawnee Hills/Coastal Plain",1.00650615303001,"2071-2100 &times; SSP2-4.5"
"SSP2-4.5","2071-2100","&Delta;(Max. length dry spell)","Kankakee","Grand Prairie",0.007179264109448,"2071-2100 &times; SSP2-4.5"
"SSP2-4.5","2071-2100","&Delta;(Max. length dry spell)","Massac","Shawnee Hills/Coastal Plain",0.33437435194347,"2071-2100 &times; SSP2-4.5"
"SSP2-4.5","2071-2100","&Delta;(Max. length dry spell)","Will","Northeastern Morainal",0.029619543119401,"2071-2100 &times; SSP2-4.5"
"SSP2-4.5","2071-2100","&Delta;(Max. length dry spell)","Shelby","Southern Till Plain/Wabash River Border",0.707876248534993,"2071-2100 &times; SSP2-4.5"
"SSP2-4.5","2071-2100","&Delta;(Max. length dry spell)","Fayette","Southern Till Plain/Wabash River Border",0.47313469197109,"2071-2100 &times; SSP2-4.5"
"SSP2-4.5","2071-2100","&Delta;(Max. length dry spell)","Macoupin","Western Forest-Prairie",-0.093192200025523,"2071-2100 &times; SSP2-4.5"
"SSP2-4.5","2071-2100","&Delta;(Max. length dry spell)","Whiteside","Wisconsin Driftless/Rock R. Hill Country",-0.711458937321931,"2071-2100 &times; SSP2-4.5"
"SSP2-4.5","2071-2100","&Delta;(Max. length dry spell)","Logan","Grand Prairie",0.145467132894364,"2071-2100 &times; SSP2-4.5"
"SSP2-4.5","2071-2100","&Delta;(Max. length dry spell)","Coles","Grand Prairie",0.766060901486392,"2071-2100 &times; SSP2-4.5"
"SSP2-4.5","2071-2100","&Delta;(Max. length dry spell)","Mercer","Western Forest-Prairie",-0.899944147027804,"2071-2100 &times; SSP2-4.5"
"SSP2-4.5","2071-2100","&Delta;(Max. length dry spell)","Bureau","Grand Prairie",-0.195542140072246,"2071-2100 &times; SSP2-4.5"
"SSP2-4.5","2071-2100","&Delta;(Max. length dry spell)","Sangamon","Grand Prairie",0.018059094550194,"2071-2100 &times; SSP2-4.5"
"SSP2-4.5","2071-2100","&Delta;(Max. length dry spell)","McLean","Grand Prairie",0.338635878960581,"2071-2100 &times; SSP2-4.5"
"SSP2-4.5","2071-2100","&Delta;(Max. length dry spell)","Bond","Southern Till Plain/Wabash River Border",0.584505067071564,"2071-2100 &times; SSP2-4.5"
"SSP2-4.5","2071-2100","&Delta;(Max. length dry spell)","Brown","Western Forest-Prairie",-0.092390029874827,"2071-2100 &times; SSP2-4.5"
"SSP2-4.5","2071-2100","&Delta;(Max. length dry spell)","Knox","Western Forest-Prairie",-0.467586437118137,"2071-2100 &times; SSP2-4.5"
"SSP2-4.5","2071-2100","&Delta;(Max. length dry spell)","Champaign","Grand Prairie",0.094355446256084,"2071-2100 &times; SSP2-4.5"
"SSP2-4.5","2071-2100","&Delta;(Max. length dry spell)","Edgar","Grand Prairie",0.848641261816,"2071-2100 &times; SSP2-4.5"
"SSP2-4.5","2071-2100","&Delta;(Max. length dry spell)","Effingham","Southern Till Plain/Wabash River Border",0.704098510687974,"2071-2100 &times; SSP2-4.5"
"SSP2-4.5","2071-2100","&Delta;(Max. length dry spell)","Cumberland","Southern Till Plain/Wabash River Border",0.730001019091473,"2071-2100 &times; SSP2-4.5"
"SSP2-4.5","2071-2100","&Delta;(Max. length dry spell)","Crawford","Southern Till Plain/Wabash River Border",1.01182323247654,"2071-2100 &times; SSP2-4.5"
"SSP2-4.5","2071-2100","&Delta;(Max. length dry spell)","Tazewell","Grand Prairie",-0.18202501552798,"2071-2100 &times; SSP2-4.5"
"SSP2-4.5","2071-2100","&Delta;(Max. length dry spell)","Pope","Shawnee Hills/Coastal Plain",0.865036058430671,"2071-2100 &times; SSP2-4.5"
"SSP2-4.5","2071-2100","&Delta;(Max. length dry spell)","Menard","Grand Prairie",-0.090759348494969,"2071-2100 &times; SSP2-4.5"
"SSP2-4.5","2071-2100","&Delta;(Max. length dry spell)","Marshall","Grand Prairie",-0.39935431551702,"2071-2100 &times; SSP2-4.5"
"SSP2-4.5","2071-2100","&Delta;(Max. length dry spell)","Cook","Northeastern Morainal",0.094786396499319,"2071-2100 &times; SSP2-4.5"
"SSP2-4.5","2071-2100","&Delta;(Max. length dry spell)","Gallatin","Shawnee Hills/Coastal Plain",1.09457962963127,"2071-2100 &times; SSP2-4.5"
"SSP2-4.5","2071-2100","&Delta;(Max. length dry spell)","White","Southern Till Plain/Wabash River Border",1.25483773377958,"2071-2100 &times; SSP2-4.5"
"SSP2-4.5","2071-2100","&Delta;(Max. length dry spell)","De Witt","Grand Prairie",0.665820846792805,"2071-2100 &times; SSP2-4.5"
"SSP2-4.5","2071-2100","&Delta;(Max. length dry spell)","Edwards","Southern Till Plain/Wabash River Border",1.00029039249407,"2071-2100 &times; SSP2-4.5"
"SSP2-4.5","2071-2100","&Delta;(Max. length dry spell)","Mason","Grand Prairie",-0.280764827195866,"2071-2100 &times; SSP2-4.5"
"SSP2-4.5","2071-2100","&Delta;(Max. length dry spell)","Calhoun","Western Forest-Prairie",0.421961512481204,"2071-2100 &times; SSP2-4.5"
"SSP2-4.5","2071-2100","&Delta;(Max. length dry spell)","Marion","Southern Till Plain/Wabash River Border",0.627249617633349,"2071-2100 &times; SSP2-4.5"
"SSP2-4.5","2071-2100","&Delta;(Max. length dry spell)","Warren","Western Forest-Prairie",-0.210969498076669,"2071-2100 &times; SSP2-4.5"
"SSP2-4.5","2071-2100","&Delta;(Max. length dry spell)","Clark","Southern Till Plain/Wabash River Border",1.05260569191609,"2071-2100 &times; SSP2-4.5"
"SSP2-4.5","2071-2100","&Delta;(Max. length dry spell)","Wayne","Southern Till Plain/Wabash River Border",0.990359329843066,"2071-2100 &times; SSP2-4.5"
"SSP2-4.5","2071-2100","&Delta;(Max. length dry spell)","Kane","Northeastern Morainal",-0.050527575760201,"2071-2100 &times; SSP2-4.5"
"SSP2-4.5","2071-2100","&Delta;(Max. length dry spell)","Livingston","Grand Prairie",0.03961652415517,"2071-2100 &times; SSP2-4.5"
"SSP2-4.5","2071-2100","&Delta;(Max. length dry spell)","Jo Daviess","Wisconsin Driftless/Rock R. Hill Country",-1.28497724632026,"2071-2100 &times; SSP2-4.5"
"SSP2-4.5","2071-2100","&Delta;(Max. length dry spell)","Williamson","Shawnee Hills/Coastal Plain",0.599359865859734,"2071-2100 &times; SSP2-4.5"
"SSP2-4.5","2071-2100","&Delta;(Max. length dry spell)","Alexander","Shawnee Hills/Coastal Plain",0.80170803154,"2071-2100 &times; SSP2-4.5"
"SSP2-4.5","2071-2100","&Delta;(Max. length dry spell)","Grundy","Grand Prairie",0.095669927529328,"2071-2100 &times; SSP2-4.5"
"SSP2-4.5","2071-2100","&Delta;(Max. length dry spell)","Jasper","Southern Till Plain/Wabash River Border",0.61442918503533,"2071-2100 &times; SSP2-4.5"
"SSP2-4.5","2071-2100","&Delta;(Max. length dry spell)","Saline","Shawnee Hills/Coastal Plain",0.783537523617015,"2071-2100 &times; SSP2-4.5"
"SSP2-4.5","2071-2100","&Delta;(Max. length dry spell)","St. Clair","Southern Till Plain/Wabash River Border",0.522883009722647,"2071-2100 &times; SSP2-4.5"
"SSP2-4.5","2071-2100","&Delta;(Max. length dry spell)","Washington","Southern Till Plain/Wabash River Border",0.495076860381503,"2071-2100 &times; SSP2-4.5"
"SSP2-4.5","2071-2100","&Delta;(Max. length dry spell)","Richland","Southern Till Plain/Wabash River Border",0.679152548776911,"2071-2100 &times; SSP2-4.5"
"SSP2-4.5","2071-2100","&Delta;(Max. length dry spell)","Perry","Southern Till Plain/Wabash River Border",0.668196879744026,"2071-2100 &times; SSP2-4.5"
"SSP2-4.5","2071-2100","&Delta;(Max. length dry spell)","Johnson","Shawnee Hills/Coastal Plain",0.939305534290306,"2071-2100 &times; SSP2-4.5"
"SSP2-4.5","2071-2100","&Delta;(Max. length dry spell)","Pulaski","Shawnee Hills/Coastal Plain",0.969463028794072,"2071-2100 &times; SSP2-4.5"
"SSP2-4.5","2071-2100","&Delta;(Max. length dry spell)","Madison","Southern Till Plain/Wabash River Border",0.311658143368072,"2071-2100 &times; SSP2-4.5"
"SSP2-4.5","2071-2100","&Delta;(Max. length dry spell)","Moultrie","Grand Prairie",0.665767761366796,"2071-2100 &times; SSP2-4.5"
"SSP2-4.5","2071-2100","&Delta;(Max. length dry spell)","Ogle","Wisconsin Driftless/Rock R. Hill Country",-0.630454997166654,"2071-2100 &times; SSP2-4.5"
"SSP2-4.5","2071-2100","&Delta;(Max. length dry spell)","Clinton","Southern Till Plain/Wabash River Border",0.559704176851935,"2071-2100 &times; SSP2-4.5"
"SSP2-4.5","2071-2100","&Delta;(Max. length dry spell)","LaSalle","Grand Prairie",0.017744760977444,"2071-2100 &times; SSP2-4.5"
"SSP2-4.5","2071-2100","&Delta;(Max. length dry spell)","Peoria","Western Forest-Prairie",-0.401150900471659,"2071-2100 &times; SSP2-4.5"
"SSP2-4.5","2071-2100","&Delta;(Max. length dry spell)","Hardin","Shawnee Hills/Coastal Plain",1.36604045963202,"2071-2100 &times; SSP2-4.5"
"SSP2-4.5","2071-2100","&Delta;(Max. length dry spell)","Kendall","Grand Prairie",-0.33637582983546,"2071-2100 &times; SSP2-4.5"
"SSP2-4.5","2071-2100","&Delta;(Max. length dry spell)","Stephenson","Wisconsin Driftless/Rock R. Hill Country",-1.44470286258845,"2071-2100 &times; SSP2-4.5"
"SSP2-4.5","2071-2100","&Delta;(Max. length dry spell)","Fulton","Western Forest-Prairie",-0.347940800909034,"2071-2100 &times; SSP2-4.5"
"SSP2-4.5","2071-2100","&Delta;(Max. length dry spell)","Montgomery","Southern Till Plain/Wabash River Border",0.372261262434815,"2071-2100 &times; SSP2-4.5"
"SSP2-4.5","2071-2100","&Delta;(Max. length dry spell)","Macon","Grand Prairie",0.169754804406859,"2071-2100 &times; SSP2-4.5"
"SSP2-4.5","2071-2100","&Delta;(Max. length dry spell)","Putnam","Grand Prairie",-0.511921170044212,"2071-2100 &times; SSP2-4.5"
"SSP2-4.5","2071-2100","&Delta;(Max. length dry spell)","Schuyler","Western Forest-Prairie",-0.529491843827107,"2071-2100 &times; SSP2-4.5"
"SSP2-4.5","2071-2100","&Delta;(Max. length dry spell)","Lee","Wisconsin Driftless/Rock R. Hill Country",-0.336241753422371,"2071-2100 &times; SSP2-4.5"
"SSP2-4.5","2071-2100","&Delta;(Max. length dry spell)","Stark","Grand Prairie",-0.618358623800585,"2071-2100 &times; SSP2-4.5"
"SSP2-4.5","2071-2100","&Delta;(Max. length dry spell)","Cass","Grand Prairie",-0.203166906764579,"2071-2100 &times; SSP2-4.5"
"SSP2-4.5","2071-2100","&Delta;(Max. length dry spell)","Winnebago","Wisconsin Driftless/Rock R. Hill Country",-1.25371172308195,"2071-2100 &times; SSP2-4.5"
"SSP2-4.5","2071-2100","&Delta;(Max. length dry spell)","Wabash","Southern Till Plain/Wabash River Border",0.69900520080215,"2071-2100 &times; SSP2-4.5"
"SSP2-4.5","2071-2100","&Delta;(Max. length dry spell)","Henry","Grand Prairie",-0.753855677002396,"2071-2100 &times; SSP2-4.5"
"SSP2-4.5","2071-2100","&Delta;(Max. length dry spell)","McDonough","Western Forest-Prairie",-0.455018384943772,"2071-2100 &times; SSP2-4.5"
"SSP2-4.5","2071-2100","&Delta;(Max. length dry spell)","Hamilton","Southern Till Plain/Wabash River Border",1.03069992707555,"2071-2100 &times; SSP2-4.5"
"SSP2-4.5","2071-2100","&Delta;(Max. length dry spell)","Christian","Grand Prairie",0.145896776942235,"2071-2100 &times; SSP2-4.5"
"SSP2-4.5","2071-2100","&Delta;(Max. length dry spell)","Scott","Western Forest-Prairie",0.26349638182151,"2071-2100 &times; SSP2-4.5"
"SSP2-4.5","2071-2100","&Delta;(Max. length dry spell)","Jefferson","Southern Till Plain/Wabash River Border",0.665537047536388,"2071-2100 &times; SSP2-4.5"
"SSP2-4.5","2071-2100","&Delta;(Max. length dry spell)","Lake","Northeastern Morainal",-0.254374670331414,"2071-2100 &times; SSP2-4.5"
"SSP2-4.5","2071-2100","&Delta;(Max. length dry spell)","Franklin","Southern Till Plain/Wabash River Border",0.627168778609834,"2071-2100 &times; SSP2-4.5"
"SSP2-4.5","2071-2100","&Delta;(Max. length dry spell)","Jersey","Western Forest-Prairie",-0.067469540181622,"2071-2100 &times; SSP2-4.5"
"SSP2-4.5","2071-2100","&Delta;(Max. length dry spell)","Vermilion","Grand Prairie",0.479500322278016,"2071-2100 &times; SSP2-4.5"
"SSP2-4.5","2071-2100","&Delta;(Max. length dry spell)","Boone","Northeastern Morainal",-0.704991926903543,"2071-2100 &times; SSP2-4.5"
"SSP2-4.5","2071-2100","&Delta;(Max. length dry spell)","Morgan","Western Forest-Prairie",-0.30583617755086,"2071-2100 &times; SSP2-4.5"
"SSP2-4.5","2071-2100","&Delta;(Max. length dry spell)","Rock Island","Western Forest-Prairie",-0.89100523997831,"2071-2100 &times; SSP2-4.5"
"SSP2-4.5","2071-2100","&Delta;(Max. length dry spell)","McHenry","Northeastern Morainal",-0.14203269048409,"2071-2100 &times; SSP2-4.5"
"SSP2-4.5","2071-2100","&Delta;(Max. length dry spell)","DeKalb","Northeastern Morainal",-0.204674785103874,"2071-2100 &times; SSP2-4.5"
"SSP2-4.5","2071-2100","&Delta;(Max. length wet spell)","Carroll","Wisconsin Driftless/Rock R. Hill Country",0.252918179585115,"2071-2100 &times; SSP2-4.5"
"SSP2-4.5","2071-2100","&Delta;(Max. length wet spell)","DuPage","Northeastern Morainal",0.170705274122647,"2071-2100 &times; SSP2-4.5"
"SSP2-4.5","2071-2100","&Delta;(Max. length wet spell)","Monroe","Southern Till Plain/Wabash River Border",0.235517744294214,"2071-2100 &times; SSP2-4.5"
"SSP2-4.5","2071-2100","&Delta;(Max. length wet spell)","Randolph","Southern Till Plain/Wabash River Border",0.149082290143471,"2071-2100 &times; SSP2-4.5"
"SSP2-4.5","2071-2100","&Delta;(Max. length wet spell)","Pike","Western Forest-Prairie",0.232909067245302,"2071-2100 &times; SSP2-4.5"
"SSP2-4.5","2071-2100","&Delta;(Max. length wet spell)","Woodford","Grand Prairie",0.114877640223719,"2071-2100 &times; SSP2-4.5"
"SSP2-4.5","2071-2100","&Delta;(Max. length wet spell)","Adams","Western Forest-Prairie",0.169932960404114,"2071-2100 &times; SSP2-4.5"
"SSP2-4.5","2071-2100","&Delta;(Max. length wet spell)","Iroquois","Grand Prairie",0.152157366339656,"2071-2100 &times; SSP2-4.5"
"SSP2-4.5","2071-2100","&Delta;(Max. length wet spell)","Ford","Grand Prairie",0.134601186549114,"2071-2100 &times; SSP2-4.5"
"SSP2-4.5","2071-2100","&Delta;(Max. length wet spell)","Piatt","Grand Prairie",0.203747029297014,"2071-2100 &times; SSP2-4.5"
"SSP2-4.5","2071-2100","&Delta;(Max. length wet spell)","Jackson","Shawnee Hills/Coastal Plain",0.173312110215243,"2071-2100 &times; SSP2-4.5"
"SSP2-4.5","2071-2100","&Delta;(Max. length wet spell)","Greene","Western Forest-Prairie",0.196782145940247,"2071-2100 &times; SSP2-4.5"
"SSP2-4.5","2071-2100","&Delta;(Max. length wet spell)","Lawrence","Southern Till Plain/Wabash River Border",0.152724553546041,"2071-2100 &times; SSP2-4.5"
"SSP2-4.5","2071-2100","&Delta;(Max. length wet spell)","Hancock","Western Forest-Prairie",0.14967210996596,"2071-2100 &times; SSP2-4.5"
"SSP2-4.5","2071-2100","&Delta;(Max. length wet spell)","Clay","Southern Till Plain/Wabash River Border",0.190784199549309,"2071-2100 &times; SSP2-4.5"
"SSP2-4.5","2071-2100","&Delta;(Max. length wet spell)","Henderson","Western Forest-Prairie",0.131294182830244,"2071-2100 &times; SSP2-4.5"
"SSP2-4.5","2071-2100","&Delta;(Max. length wet spell)","Douglas","Grand Prairie",0.153279799979802,"2071-2100 &times; SSP2-4.5"
"SSP2-4.5","2071-2100","&Delta;(Max. length wet spell)","Union","Shawnee Hills/Coastal Plain",0.126418801784182,"2071-2100 &times; SSP2-4.5"
"SSP2-4.5","2071-2100","&Delta;(Max. length wet spell)","Kankakee","Grand Prairie",0.194968283532099,"2071-2100 &times; SSP2-4.5"
"SSP2-4.5","2071-2100","&Delta;(Max. length wet spell)","Massac","Shawnee Hills/Coastal Plain",0.329843469662289,"2071-2100 &times; SSP2-4.5"
"SSP2-4.5","2071-2100","&Delta;(Max. length wet spell)","Will","Northeastern Morainal",0.149140304461906,"2071-2100 &times; SSP2-4.5"
"SSP2-4.5","2071-2100","&Delta;(Max. length wet spell)","Shelby","Southern Till Plain/Wabash River Border",0.183519043915139,"2071-2100 &times; SSP2-4.5"
"SSP2-4.5","2071-2100","&Delta;(Max. length wet spell)","Fayette","Southern Till Plain/Wabash River Border",0.139497295474839,"2071-2100 &times; SSP2-4.5"
"SSP2-4.5","2071-2100","&Delta;(Max. length wet spell)","Macoupin","Western Forest-Prairie",0.164855512492521,"2071-2100 &times; SSP2-4.5"
"SSP2-4.5","2071-2100","&Delta;(Max. length wet spell)","Whiteside","Wisconsin Driftless/Rock R. Hill Country",0.271283284842725,"2071-2100 &times; SSP2-4.5"
"SSP2-4.5","2071-2100","&Delta;(Max. length wet spell)","Logan","Grand Prairie",0.152640189512262,"2071-2100 &times; SSP2-4.5"
"SSP2-4.5","2071-2100","&Delta;(Max. length wet spell)","Coles","Grand Prairie",0.156803721026902,"2071-2100 &times; SSP2-4.5"
"SSP2-4.5","2071-2100","&Delta;(Max. length wet spell)","Mercer","Western Forest-Prairie",0.136163628909928,"2071-2100 &times; SSP2-4.5"
"SSP2-4.5","2071-2100","&Delta;(Max. length wet spell)","Bureau","Grand Prairie",0.174789704425886,"2071-2100 &times; SSP2-4.5"
"SSP2-4.5","2071-2100","&Delta;(Max. length wet spell)","Sangamon","Grand Prairie",0.21416163545261,"2071-2100 &times; SSP2-4.5"
"SSP2-4.5","2071-2100","&Delta;(Max. length wet spell)","McLean","Grand Prairie",0.150218511733779,"2071-2100 &times; SSP2-4.5"
"SSP2-4.5","2071-2100","&Delta;(Max. length wet spell)","Bond","Southern Till Plain/Wabash River Border",0.173365648306977,"2071-2100 &times; SSP2-4.5"
"SSP2-4.5","2071-2100","&Delta;(Max. length wet spell)","Brown","Western Forest-Prairie",0.223654671217602,"2071-2100 &times; SSP2-4.5"
"SSP2-4.5","2071-2100","&Delta;(Max. length wet spell)","Knox","Western Forest-Prairie",0.17121272848873,"2071-2100 &times; SSP2-4.5"
"SSP2-4.5","2071-2100","&Delta;(Max. length wet spell)","Champaign","Grand Prairie",0.16657489774317,"2071-2100 &times; SSP2-4.5"
"SSP2-4.5","2071-2100","&Delta;(Max. length wet spell)","Edgar","Grand Prairie",0.157579785671362,"2071-2100 &times; SSP2-4.5"
"SSP2-4.5","2071-2100","&Delta;(Max. length wet spell)","Effingham","Southern Till Plain/Wabash River Border",0.143091509812189,"2071-2100 &times; SSP2-4.5"
"SSP2-4.5","2071-2100","&Delta;(Max. length wet spell)","Cumberland","Southern Till Plain/Wabash River Border",0.096462984034533,"2071-2100 &times; SSP2-4.5"
"SSP2-4.5","2071-2100","&Delta;(Max. length wet spell)","Crawford","Southern Till Plain/Wabash River Border",0.151802616460834,"2071-2100 &times; SSP2-4.5"
"SSP2-4.5","2071-2100","&Delta;(Max. length wet spell)","Tazewell","Grand Prairie",0.135495826670833,"2071-2100 &times; SSP2-4.5"
"SSP2-4.5","2071-2100","&Delta;(Max. length wet spell)","Pope","Shawnee Hills/Coastal Plain",0.238654081262771,"2071-2100 &times; SSP2-4.5"
"SSP2-4.5","2071-2100","&Delta;(Max. length wet spell)","Menard","Grand Prairie",0.195084264955032,"2071-2100 &times; SSP2-4.5"
"SSP2-4.5","2071-2100","&Delta;(Max. length wet spell)","Marshall","Grand Prairie",0.158264357082867,"2071-2100 &times; SSP2-4.5"
"SSP2-4.5","2071-2100","&Delta;(Max. length wet spell)","Cook","Northeastern Morainal",0.208587885689814,"2071-2100 &times; SSP2-4.5"
"SSP2-4.5","2071-2100","&Delta;(Max. length wet spell)","Gallatin","Shawnee Hills/Coastal Plain",0.219689257268116,"2071-2100 &times; SSP2-4.5"
"SSP2-4.5","2071-2100","&Delta;(Max. length wet spell)","White","Southern Till Plain/Wabash River Border",0.257020684823667,"2071-2100 &times; SSP2-4.5"
"SSP2-4.5","2071-2100","&Delta;(Max. length wet spell)","De Witt","Grand Prairie",0.2202941861845,"2071-2100 &times; SSP2-4.5"
"SSP2-4.5","2071-2100","&Delta;(Max. length wet spell)","Edwards","Southern Till Plain/Wabash River Border",0.262960893140458,"2071-2100 &times; SSP2-4.5"
"SSP2-4.5","2071-2100","&Delta;(Max. length wet spell)","Mason","Grand Prairie",0.138892830387325,"2071-2100 &times; SSP2-4.5"
"SSP2-4.5","2071-2100","&Delta;(Max. length wet spell)","Calhoun","Western Forest-Prairie",0.189915320844409,"2071-2100 &times; SSP2-4.5"
"SSP2-4.5","2071-2100","&Delta;(Max. length wet spell)","Marion","Southern Till Plain/Wabash River Border",0.202085371112356,"2071-2100 &times; SSP2-4.5"
"SSP2-4.5","2071-2100","&Delta;(Max. length wet spell)","Warren","Western Forest-Prairie",0.164989495148646,"2071-2100 &times; SSP2-4.5"
"SSP2-4.5","2071-2100","&Delta;(Max. length wet spell)","Clark","Southern Till Plain/Wabash River Border",0.15987764449961,"2071-2100 &times; SSP2-4.5"
"SSP2-4.5","2071-2100","&Delta;(Max. length wet spell)","Wayne","Southern Till Plain/Wabash River Border",0.195790546085134,"2071-2100 &times; SSP2-4.5"
"SSP2-4.5","2071-2100","&Delta;(Max. length wet spell)","Kane","Northeastern Morainal",0.200732090277891,"2071-2100 &times; SSP2-4.5"
"SSP2-4.5","2071-2100","&Delta;(Max. length wet spell)","Livingston","Grand Prairie",0.148342056661539,"2071-2100 &times; SSP2-4.5"
"SSP2-4.5","2071-2100","&Delta;(Max. length wet spell)","Jo Daviess","Wisconsin Driftless/Rock R. Hill Country",0.287879661220086,"2071-2100 &times; SSP2-4.5"
"SSP2-4.5","2071-2100","&Delta;(Max. length wet spell)","Williamson","Shawnee Hills/Coastal Plain",0.234671030261698,"2071-2100 &times; SSP2-4.5"
"SSP2-4.5","2071-2100","&Delta;(Max. length wet spell)","Alexander","Shawnee Hills/Coastal Plain",0.171490060739462,"2071-2100 &times; SSP2-4.5"
"SSP2-4.5","2071-2100","&Delta;(Max. length wet spell)","Grundy","Grand Prairie",0.13900772798704,"2071-2100 &times; SSP2-4.5"
"SSP2-4.5","2071-2100","&Delta;(Max. length wet spell)","Jasper","Southern Till Plain/Wabash River Border",0.138568598493415,"2071-2100 &times; SSP2-4.5"
"SSP2-4.5","2071-2100","&Delta;(Max. length wet spell)","Saline","Shawnee Hills/Coastal Plain",0.194414476686729,"2071-2100 &times; SSP2-4.5"
"SSP2-4.5","2071-2100","&Delta;(Max. length wet spell)","St. Clair","Southern Till Plain/Wabash River Border",0.237429361302458,"2071-2100 &times; SSP2-4.5"
"SSP2-4.5","2071-2100","&Delta;(Max. length wet spell)","Washington","Southern Till Plain/Wabash River Border",0.166653488685947,"2071-2100 &times; SSP2-4.5"
"SSP2-4.5","2071-2100","&Delta;(Max. length wet spell)","Richland","Southern Till Plain/Wabash River Border",0.119375244208915,"2071-2100 &times; SSP2-4.5"
"SSP2-4.5","2071-2100","&Delta;(Max. length wet spell)","Perry","Southern Till Plain/Wabash River Border",0.140051138572313,"2071-2100 &times; SSP2-4.5"
"SSP2-4.5","2071-2100","&Delta;(Max. length wet spell)","Johnson","Shawnee Hills/Coastal Plain",0.183466261420229,"2071-2100 &times; SSP2-4.5"
"SSP2-4.5","2071-2100","&Delta;(Max. length wet spell)","Pulaski","Shawnee Hills/Coastal Plain",0.241994717992699,"2071-2100 &times; SSP2-4.5"
"SSP2-4.5","2071-2100","&Delta;(Max. length wet spell)","Madison","Southern Till Plain/Wabash River Border",0.204391981180549,"2071-2100 &times; SSP2-4.5"
"SSP2-4.5","2071-2100","&Delta;(Max. length wet spell)","Moultrie","Grand Prairie",0.134607018717695,"2071-2100 &times; SSP2-4.5"
"SSP2-4.5","2071-2100","&Delta;(Max. length wet spell)","Ogle","Wisconsin Driftless/Rock R. Hill Country",0.22643648533231,"2071-2100 &times; SSP2-4.5"
"SSP2-4.5","2071-2100","&Delta;(Max. length wet spell)","Clinton","Southern Till Plain/Wabash River Border",0.243828222510552,"2071-2100 &times; SSP2-4.5"
"SSP2-4.5","2071-2100","&Delta;(Max. length wet spell)","LaSalle","Grand Prairie",0.182050556315383,"2071-2100 &times; SSP2-4.5"
"SSP2-4.5","2071-2100","&Delta;(Max. length wet spell)","Peoria","Western Forest-Prairie",0.163564186525314,"2071-2100 &times; SSP2-4.5"
"SSP2-4.5","2071-2100","&Delta;(Max. length wet spell)","Hardin","Shawnee Hills/Coastal Plain",0.245832052239419,"2071-2100 &times; SSP2-4.5"
"SSP2-4.5","2071-2100","&Delta;(Max. length wet spell)","Kendall","Grand Prairie",0.171643830130179,"2071-2100 &times; SSP2-4.5"
"SSP2-4.5","2071-2100","&Delta;(Max. length wet spell)","Stephenson","Wisconsin Driftless/Rock R. Hill Country",0.28713022359678,"2071-2100 &times; SSP2-4.5"
"SSP2-4.5","2071-2100","&Delta;(Max. length wet spell)","Fulton","Western Forest-Prairie",0.161462076833016,"2071-2100 &times; SSP2-4.5"
"SSP2-4.5","2071-2100","&Delta;(Max. length wet spell)","Montgomery","Southern Till Plain/Wabash River Border",0.120772320840418,"2071-2100 &times; SSP2-4.5"
"SSP2-4.5","2071-2100","&Delta;(Max. length wet spell)","Macon","Grand Prairie",0.210154344664236,"2071-2100 &times; SSP2-4.5"
"SSP2-4.5","2071-2100","&Delta;(Max. length wet spell)","Putnam","Grand Prairie",0.214852307024974,"2071-2100 &times; SSP2-4.5"
"SSP2-4.5","2071-2100","&Delta;(Max. length wet spell)","Schuyler","Western Forest-Prairie",0.21441328876451,"2071-2100 &times; SSP2-4.5"
"SSP2-4.5","2071-2100","&Delta;(Max. length wet spell)","Lee","Wisconsin Driftless/Rock R. Hill Country",0.126080709583549,"2071-2100 &times; SSP2-4.5"
"SSP2-4.5","2071-2100","&Delta;(Max. length wet spell)","Stark","Grand Prairie",0.176928627085537,"2071-2100 &times; SSP2-4.5"
"SSP2-4.5","2071-2100","&Delta;(Max. length wet spell)","Cass","Grand Prairie",0.250158909825868,"2071-2100 &times; SSP2-4.5"
"SSP2-4.5","2071-2100","&Delta;(Max. length wet spell)","Winnebago","Wisconsin Driftless/Rock R. Hill Country",0.268171663364896,"2071-2100 &times; SSP2-4.5"
"SSP2-4.5","2071-2100","&Delta;(Max. length wet spell)","Wabash","Southern Till Plain/Wabash River Border",0.227447981942937,"2071-2100 &times; SSP2-4.5"
"SSP2-4.5","2071-2100","&Delta;(Max. length wet spell)","Henry","Grand Prairie",0.195273570077802,"2071-2100 &times; SSP2-4.5"
"SSP2-4.5","2071-2100","&Delta;(Max. length wet spell)","McDonough","Western Forest-Prairie",0.141452487508078,"2071-2100 &times; SSP2-4.5"
"SSP2-4.5","2071-2100","&Delta;(Max. length wet spell)","Hamilton","Southern Till Plain/Wabash River Border",0.158344561156064,"2071-2100 &times; SSP2-4.5"
"SSP2-4.5","2071-2100","&Delta;(Max. length wet spell)","Christian","Grand Prairie",0.166318114295688,"2071-2100 &times; SSP2-4.5"
"SSP2-4.5","2071-2100","&Delta;(Max. length wet spell)","Scott","Western Forest-Prairie",0.207594442769727,"2071-2100 &times; SSP2-4.5"
"SSP2-4.5","2071-2100","&Delta;(Max. length wet spell)","Jefferson","Southern Till Plain/Wabash River Border",0.14016335917802,"2071-2100 &times; SSP2-4.5"
"SSP2-4.5","2071-2100","&Delta;(Max. length wet spell)","Lake","Northeastern Morainal",0.155297366498018,"2071-2100 &times; SSP2-4.5"
"SSP2-4.5","2071-2100","&Delta;(Max. length wet spell)","Franklin","Southern Till Plain/Wabash River Border",0.178968798973149,"2071-2100 &times; SSP2-4.5"
"SSP2-4.5","2071-2100","&Delta;(Max. length wet spell)","Jersey","Western Forest-Prairie",0.156088701885995,"2071-2100 &times; SSP2-4.5"
"SSP2-4.5","2071-2100","&Delta;(Max. length wet spell)","Vermilion","Grand Prairie",0.140517566453856,"2071-2100 &times; SSP2-4.5"
"SSP2-4.5","2071-2100","&Delta;(Max. length wet spell)","Boone","Northeastern Morainal",0.220169802214673,"2071-2100 &times; SSP2-4.5"
"SSP2-4.5","2071-2100","&Delta;(Max. length wet spell)","Morgan","Western Forest-Prairie",0.214446772712626,"2071-2100 &times; SSP2-4.5"
"SSP2-4.5","2071-2100","&Delta;(Max. length wet spell)","Rock Island","Western Forest-Prairie",0.139645450635088,"2071-2100 &times; SSP2-4.5"
"SSP2-4.5","2071-2100","&Delta;(Max. length wet spell)","McHenry","Northeastern Morainal",0.152946818122094,"2071-2100 &times; SSP2-4.5"
"SSP2-4.5","2071-2100","&Delta;(Max. length wet spell)","DeKalb","Northeastern Morainal",0.189722570666958,"2071-2100 &times; SSP2-4.5"
"SSP3-7.0","2041-2070","&Delta;(Max. length dry spell)","Carroll","Wisconsin Driftless/Rock R. Hill Country",0.055388142357835,"2041-2070 &times; SSP3-7.0"
"SSP3-7.0","2041-2070","&Delta;(Max. length dry spell)","DuPage","Northeastern Morainal",0.098809702046231,"2041-2070 &times; SSP3-7.0"
"SSP3-7.0","2041-2070","&Delta;(Max. length dry spell)","Monroe","Southern Till Plain/Wabash River Border",0.593564111395518,"2041-2070 &times; SSP3-7.0"
"SSP3-7.0","2041-2070","&Delta;(Max. length dry spell)","Randolph","Southern Till Plain/Wabash River Border",0.736341597100243,"2041-2070 &times; SSP3-7.0"
"SSP3-7.0","2041-2070","&Delta;(Max. length dry spell)","Pike","Western Forest-Prairie",0.339715771491191,"2041-2070 &times; SSP3-7.0"
"SSP3-7.0","2041-2070","&Delta;(Max. length dry spell)","Woodford","Grand Prairie",-0.194002676313581,"2041-2070 &times; SSP3-7.0"
"SSP3-7.0","2041-2070","&Delta;(Max. length dry spell)","Adams","Western Forest-Prairie",0.365815585143527,"2041-2070 &times; SSP3-7.0"
"SSP3-7.0","2041-2070","&Delta;(Max. length dry spell)","Iroquois","Grand Prairie",0.622390797865361,"2041-2070 &times; SSP3-7.0"
"SSP3-7.0","2041-2070","&Delta;(Max. length dry spell)","Ford","Grand Prairie",0.526224408827199,"2041-2070 &times; SSP3-7.0"
"SSP3-7.0","2041-2070","&Delta;(Max. length dry spell)","Piatt","Grand Prairie",0.155620281571615,"2041-2070 &times; SSP3-7.0"
"SSP3-7.0","2041-2070","&Delta;(Max. length dry spell)","Jackson","Shawnee Hills/Coastal Plain",0.721332085222947,"2041-2070 &times; SSP3-7.0"
"SSP3-7.0","2041-2070","&Delta;(Max. length dry spell)","Greene","Western Forest-Prairie",-0.291132999382237,"2041-2070 &times; SSP3-7.0"
"SSP3-7.0","2041-2070","&Delta;(Max. length dry spell)","Lawrence","Southern Till Plain/Wabash River Border",0.827783840355601,"2041-2070 &times; SSP3-7.0"
"SSP3-7.0","2041-2070","&Delta;(Max. length dry spell)","Hancock","Western Forest-Prairie",-0.016156244950363,"2041-2070 &times; SSP3-7.0"
"SSP3-7.0","2041-2070","&Delta;(Max. length dry spell)","Clay","Southern Till Plain/Wabash River Border",0.742345115579469,"2041-2070 &times; SSP3-7.0"
"SSP3-7.0","2041-2070","&Delta;(Max. length dry spell)","Henderson","Western Forest-Prairie",-0.416877372024751,"2041-2070 &times; SSP3-7.0"
"SSP3-7.0","2041-2070","&Delta;(Max. length dry spell)","Douglas","Grand Prairie",1.12021611923257,"2041-2070 &times; SSP3-7.0"
"SSP3-7.0","2041-2070","&Delta;(Max. length dry spell)","Union","Shawnee Hills/Coastal Plain",0.935273566905564,"2041-2070 &times; SSP3-7.0"
"SSP3-7.0","2041-2070","&Delta;(Max. length dry spell)","Kankakee","Grand Prairie",0.327117560668624,"2041-2070 &times; SSP3-7.0"
"SSP3-7.0","2041-2070","&Delta;(Max. length dry spell)","Massac","Shawnee Hills/Coastal Plain",0.350382165558781,"2041-2070 &times; SSP3-7.0"
"SSP3-7.0","2041-2070","&Delta;(Max. length dry spell)","Will","Northeastern Morainal",0.232514651763127,"2041-2070 &times; SSP3-7.0"
"SSP3-7.0","2041-2070","&Delta;(Max. length dry spell)","Shelby","Southern Till Plain/Wabash River Border",0.769190754456263,"2041-2070 &times; SSP3-7.0"
"SSP3-7.0","2041-2070","&Delta;(Max. length dry spell)","Fayette","Southern Till Plain/Wabash River Border",0.471720781600571,"2041-2070 &times; SSP3-7.0"
"SSP3-7.0","2041-2070","&Delta;(Max. length dry spell)","Macoupin","Western Forest-Prairie",-0.173415420931777,"2041-2070 &times; SSP3-7.0"
"SSP3-7.0","2041-2070","&Delta;(Max. length dry spell)","Whiteside","Wisconsin Driftless/Rock R. Hill Country",0.006154570175681,"2041-2070 &times; SSP3-7.0"
"SSP3-7.0","2041-2070","&Delta;(Max. length dry spell)","Logan","Grand Prairie",-0.679166851218983,"2041-2070 &times; SSP3-7.0"
"SSP3-7.0","2041-2070","&Delta;(Max. length dry spell)","Coles","Grand Prairie",0.571875042284538,"2041-2070 &times; SSP3-7.0"
"SSP3-7.0","2041-2070","&Delta;(Max. length dry spell)","Mercer","Western Forest-Prairie",-0.270639083521867,"2041-2070 &times; SSP3-7.0"
"SSP3-7.0","2041-2070","&Delta;(Max. length dry spell)","Bureau","Grand Prairie",0.241319542974153,"2041-2070 &times; SSP3-7.0"
"SSP3-7.0","2041-2070","&Delta;(Max. length dry spell)","Sangamon","Grand Prairie",-0.173429332049873,"2041-2070 &times; SSP3-7.0"
"SSP3-7.0","2041-2070","&Delta;(Max. length dry spell)","McLean","Grand Prairie",-0.163890404135534,"2041-2070 &times; SSP3-7.0"
"SSP3-7.0","2041-2070","&Delta;(Max. length dry spell)","Bond","Southern Till Plain/Wabash River Border",0.659443480242206,"2041-2070 &times; SSP3-7.0"
"SSP3-7.0","2041-2070","&Delta;(Max. length dry spell)","Brown","Western Forest-Prairie",0.127964854323872,"2041-2070 &times; SSP3-7.0"
"SSP3-7.0","2041-2070","&Delta;(Max. length dry spell)","Knox","Western Forest-Prairie",0.019550364376343,"2041-2070 &times; SSP3-7.0"
"SSP3-7.0","2041-2070","&Delta;(Max. length dry spell)","Champaign","Grand Prairie",0.57301954210445,"2041-2070 &times; SSP3-7.0"
"SSP3-7.0","2041-2070","&Delta;(Max. length dry spell)","Edgar","Grand Prairie",0.575513509663955,"2041-2070 &times; SSP3-7.0"
"SSP3-7.0","2041-2070","&Delta;(Max. length dry spell)","Effingham","Southern Till Plain/Wabash River Border",0.695332727326785,"2041-2070 &times; SSP3-7.0"
"SSP3-7.0","2041-2070","&Delta;(Max. length dry spell)","Cumberland","Southern Till Plain/Wabash River Border",0.684812434541387,"2041-2070 &times; SSP3-7.0"
"SSP3-7.0","2041-2070","&Delta;(Max. length dry spell)","Crawford","Southern Till Plain/Wabash River Border",0.964467224542161,"2041-2070 &times; SSP3-7.0"
"SSP3-7.0","2041-2070","&Delta;(Max. length dry spell)","Tazewell","Grand Prairie",-0.461555626677779,"2041-2070 &times; SSP3-7.0"
"SSP3-7.0","2041-2070","&Delta;(Max. length dry spell)","Pope","Shawnee Hills/Coastal Plain",0.866542026974913,"2041-2070 &times; SSP3-7.0"
"SSP3-7.0","2041-2070","&Delta;(Max. length dry spell)","Menard","Grand Prairie",-0.181488404596836,"2041-2070 &times; SSP3-7.0"
"SSP3-7.0","2041-2070","&Delta;(Max. length dry spell)","Marshall","Grand Prairie",0.060951272658507,"2041-2070 &times; SSP3-7.0"
"SSP3-7.0","2041-2070","&Delta;(Max. length dry spell)","Cook","Northeastern Morainal",0.037030376880452,"2041-2070 &times; SSP3-7.0"
"SSP3-7.0","2041-2070","&Delta;(Max. length dry spell)","Gallatin","Shawnee Hills/Coastal Plain",1.16626443985951,"2041-2070 &times; SSP3-7.0"
"SSP3-7.0","2041-2070","&Delta;(Max. length dry spell)","White","Southern Till Plain/Wabash River Border",1.09166148815504,"2041-2070 &times; SSP3-7.0"
"SSP3-7.0","2041-2070","&Delta;(Max. length dry spell)","De Witt","Grand Prairie",0.24129448309094,"2041-2070 &times; SSP3-7.0"
"SSP3-7.0","2041-2070","&Delta;(Max. length dry spell)","Edwards","Southern Till Plain/Wabash River Border",0.966583761886091,"2041-2070 &times; SSP3-7.0"
"SSP3-7.0","2041-2070","&Delta;(Max. length dry spell)","Mason","Grand Prairie",-0.305019455967652,"2041-2070 &times; SSP3-7.0"
"SSP3-7.0","2041-2070","&Delta;(Max. length dry spell)","Calhoun","Western Forest-Prairie",0.280698537249508,"2041-2070 &times; SSP3-7.0"
"SSP3-7.0","2041-2070","&Delta;(Max. length dry spell)","Marion","Southern Till Plain/Wabash River Border",0.660279839829763,"2041-2070 &times; SSP3-7.0"
"SSP3-7.0","2041-2070","&Delta;(Max. length dry spell)","Warren","Western Forest-Prairie",0.067391341633171,"2041-2070 &times; SSP3-7.0"
"SSP3-7.0","2041-2070","&Delta;(Max. length dry spell)","Clark","Southern Till Plain/Wabash River Border",0.88213244300317,"2041-2070 &times; SSP3-7.0"
"SSP3-7.0","2041-2070","&Delta;(Max. length dry spell)","Wayne","Southern Till Plain/Wabash River Border",1.03311113528201,"2041-2070 &times; SSP3-7.0"
"SSP3-7.0","2041-2070","&Delta;(Max. length dry spell)","Kane","Northeastern Morainal",0.281064593199432,"2041-2070 &times; SSP3-7.0"
"SSP3-7.0","2041-2070","&Delta;(Max. length dry spell)","Livingston","Grand Prairie",0.337339905169335,"2041-2070 &times; SSP3-7.0"
"SSP3-7.0","2041-2070","&Delta;(Max. length dry spell)","Jo Daviess","Wisconsin Driftless/Rock R. Hill Country",-0.446596197331266,"2041-2070 &times; SSP3-7.0"
"SSP3-7.0","2041-2070","&Delta;(Max. length dry spell)","Williamson","Shawnee Hills/Coastal Plain",0.971561115703754,"2041-2070 &times; SSP3-7.0"
"SSP3-7.0","2041-2070","&Delta;(Max. length dry spell)","Alexander","Shawnee Hills/Coastal Plain",0.810286392103567,"2041-2070 &times; SSP3-7.0"
"SSP3-7.0","2041-2070","&Delta;(Max. length dry spell)","Grundy","Grand Prairie",0.421592098107897,"2041-2070 &times; SSP3-7.0"
"SSP3-7.0","2041-2070","&Delta;(Max. length dry spell)","Jasper","Southern Till Plain/Wabash River Border",0.582595623598518,"2041-2070 &times; SSP3-7.0"
"SSP3-7.0","2041-2070","&Delta;(Max. length dry spell)","Saline","Shawnee Hills/Coastal Plain",0.717136835032202,"2041-2070 &times; SSP3-7.0"
"SSP3-7.0","2041-2070","&Delta;(Max. length dry spell)","St. Clair","Southern Till Plain/Wabash River Border",0.36826111539009,"2041-2070 &times; SSP3-7.0"
"SSP3-7.0","2041-2070","&Delta;(Max. length dry spell)","Washington","Southern Till Plain/Wabash River Border",1.16426602489579,"2041-2070 &times; SSP3-7.0"
"SSP3-7.0","2041-2070","&Delta;(Max. length dry spell)","Richland","Southern Till Plain/Wabash River Border",0.796559960714089,"2041-2070 &times; SSP3-7.0"
"SSP3-7.0","2041-2070","&Delta;(Max. length dry spell)","Perry","Southern Till Plain/Wabash River Border",0.800975472493843,"2041-2070 &times; SSP3-7.0"
"SSP3-7.0","2041-2070","&Delta;(Max. length dry spell)","Johnson","Shawnee Hills/Coastal Plain",0.735742113711607,"2041-2070 &times; SSP3-7.0"
"SSP3-7.0","2041-2070","&Delta;(Max. length dry spell)","Pulaski","Shawnee Hills/Coastal Plain",0.741024449936667,"2041-2070 &times; SSP3-7.0"
"SSP3-7.0","2041-2070","&Delta;(Max. length dry spell)","Madison","Southern Till Plain/Wabash River Border",0.269304656492332,"2041-2070 &times; SSP3-7.0"
"SSP3-7.0","2041-2070","&Delta;(Max. length dry spell)","Moultrie","Grand Prairie",0.49253756532066,"2041-2070 &times; SSP3-7.0"
"SSP3-7.0","2041-2070","&Delta;(Max. length dry spell)","Ogle","Wisconsin Driftless/Rock R. Hill Country",0.004312933228929,"2041-2070 &times; SSP3-7.0"
"SSP3-7.0","2041-2070","&Delta;(Max. length dry spell)","Clinton","Southern Till Plain/Wabash River Border",0.644682648291837,"2041-2070 &times; SSP3-7.0"
"SSP3-7.0","2041-2070","&Delta;(Max. length dry spell)","LaSalle","Grand Prairie",0.471713721327848,"2041-2070 &times; SSP3-7.0"
"SSP3-7.0","2041-2070","&Delta;(Max. length dry spell)","Peoria","Western Forest-Prairie",-0.040256636721247,"2041-2070 &times; SSP3-7.0"
"SSP3-7.0","2041-2070","&Delta;(Max. length dry spell)","Hardin","Shawnee Hills/Coastal Plain",1.09521338233639,"2041-2070 &times; SSP3-7.0"
"SSP3-7.0","2041-2070","&Delta;(Max. length dry spell)","Kendall","Grand Prairie",-0.036372471345314,"2041-2070 &times; SSP3-7.0"
"SSP3-7.0","2041-2070","&Delta;(Max. length dry spell)","Stephenson","Wisconsin Driftless/Rock R. Hill Country",-0.550288934184974,"2041-2070 &times; SSP3-7.0"
"SSP3-7.0","2041-2070","&Delta;(Max. length dry spell)","Fulton","Western Forest-Prairie",-0.160145454328529,"2041-2070 &times; SSP3-7.0"
"SSP3-7.0","2041-2070","&Delta;(Max. length dry spell)","Montgomery","Southern Till Plain/Wabash River Border",0.445554048363753,"2041-2070 &times; SSP3-7.0"
"SSP3-7.0","2041-2070","&Delta;(Max. length dry spell)","Macon","Grand Prairie",-0.163935640784989,"2041-2070 &times; SSP3-7.0"
"SSP3-7.0","2041-2070","&Delta;(Max. length dry spell)","Putnam","Grand Prairie",0.234258490140967,"2041-2070 &times; SSP3-7.0"
"SSP3-7.0","2041-2070","&Delta;(Max. length dry spell)","Schuyler","Western Forest-Prairie",-0.266580796083063,"2041-2070 &times; SSP3-7.0"
"SSP3-7.0","2041-2070","&Delta;(Max. length dry spell)","Lee","Wisconsin Driftless/Rock R. Hill Country",0.090950539438201,"2041-2070 &times; SSP3-7.0"
"SSP3-7.0","2041-2070","&Delta;(Max. length dry spell)","Stark","Grand Prairie",-0.041240268231396,"2041-2070 &times; SSP3-7.0"
"SSP3-7.0","2041-2070","&Delta;(Max. length dry spell)","Cass","Grand Prairie",-0.161311451051975,"2041-2070 &times; SSP3-7.0"
"SSP3-7.0","2041-2070","&Delta;(Max. length dry spell)","Winnebago","Wisconsin Driftless/Rock R. Hill Country",-0.492825553955847,"2041-2070 &times; SSP3-7.0"
"SSP3-7.0","2041-2070","&Delta;(Max. length dry spell)","Wabash","Southern Till Plain/Wabash River Border",1.11716887244188,"2041-2070 &times; SSP3-7.0"
"SSP3-7.0","2041-2070","&Delta;(Max. length dry spell)","Henry","Grand Prairie",-0.300366006791272,"2041-2070 &times; SSP3-7.0"
"SSP3-7.0","2041-2070","&Delta;(Max. length dry spell)","McDonough","Western Forest-Prairie",-0.446495553066354,"2041-2070 &times; SSP3-7.0"
"SSP3-7.0","2041-2070","&Delta;(Max. length dry spell)","Hamilton","Southern Till Plain/Wabash River Border",1.31594760198094,"2041-2070 &times; SSP3-7.0"
"SSP3-7.0","2041-2070","&Delta;(Max. length dry spell)","Christian","Grand Prairie",0.239669839724883,"2041-2070 &times; SSP3-7.0"
"SSP3-7.0","2041-2070","&Delta;(Max. length dry spell)","Scott","Western Forest-Prairie",-0.17389667032957,"2041-2070 &times; SSP3-7.0"
"SSP3-7.0","2041-2070","&Delta;(Max. length dry spell)","Jefferson","Southern Till Plain/Wabash River Border",1.116384969338,"2041-2070 &times; SSP3-7.0"
"SSP3-7.0","2041-2070","&Delta;(Max. length dry spell)","Lake","Northeastern Morainal",0.085992632519358,"2041-2070 &times; SSP3-7.0"
"SSP3-7.0","2041-2070","&Delta;(Max. length dry spell)","Franklin","Southern Till Plain/Wabash River Border",0.793782121360939,"2041-2070 &times; SSP3-7.0"
"SSP3-7.0","2041-2070","&Delta;(Max. length dry spell)","Jersey","Western Forest-Prairie",0.374411311217791,"2041-2070 &times; SSP3-7.0"
"SSP3-7.0","2041-2070","&Delta;(Max. length dry spell)","Vermilion","Grand Prairie",0.681023683722785,"2041-2070 &times; SSP3-7.0"
"SSP3-7.0","2041-2070","&Delta;(Max. length dry spell)","Boone","Northeastern Morainal",-0.194791133480796,"2041-2070 &times; SSP3-7.0"
"SSP3-7.0","2041-2070","&Delta;(Max. length dry spell)","Morgan","Western Forest-Prairie",-0.243520116621953,"2041-2070 &times; SSP3-7.0"
"SSP3-7.0","2041-2070","&Delta;(Max. length dry spell)","Rock Island","Western Forest-Prairie",-0.369096369630537,"2041-2070 &times; SSP3-7.0"
"SSP3-7.0","2041-2070","&Delta;(Max. length dry spell)","McHenry","Northeastern Morainal",0.458865176702645,"2041-2070 &times; SSP3-7.0"
"SSP3-7.0","2041-2070","&Delta;(Max. length dry spell)","DeKalb","Northeastern Morainal",-0.212603588726106,"2041-2070 &times; SSP3-7.0"
"SSP3-7.0","2041-2070","&Delta;(Max. length wet spell)","Carroll","Wisconsin Driftless/Rock R. Hill Country",0.248958468275849,"2041-2070 &times; SSP3-7.0"
"SSP3-7.0","2041-2070","&Delta;(Max. length wet spell)","DuPage","Northeastern Morainal",0.070850409129963,"2041-2070 &times; SSP3-7.0"
"SSP3-7.0","2041-2070","&Delta;(Max. length wet spell)","Monroe","Southern Till Plain/Wabash River Border",0.393966273607427,"2041-2070 &times; SSP3-7.0"
"SSP3-7.0","2041-2070","&Delta;(Max. length wet spell)","Randolph","Southern Till Plain/Wabash River Border",0.298059945468621,"2041-2070 &times; SSP3-7.0"
"SSP3-7.0","2041-2070","&Delta;(Max. length wet spell)","Pike","Western Forest-Prairie",0.226881689322242,"2041-2070 &times; SSP3-7.0"
"SSP3-7.0","2041-2070","&Delta;(Max. length wet spell)","Woodford","Grand Prairie",0.116886605934366,"2041-2070 &times; SSP3-7.0"
"SSP3-7.0","2041-2070","&Delta;(Max. length wet spell)","Adams","Western Forest-Prairie",0.213920251573726,"2041-2070 &times; SSP3-7.0"
"SSP3-7.0","2041-2070","&Delta;(Max. length wet spell)","Iroquois","Grand Prairie",0.169280733619442,"2041-2070 &times; SSP3-7.0"
"SSP3-7.0","2041-2070","&Delta;(Max. length wet spell)","Ford","Grand Prairie",0.207226631453647,"2041-2070 &times; SSP3-7.0"
"SSP3-7.0","2041-2070","&Delta;(Max. length wet spell)","Piatt","Grand Prairie",0.219992579151364,"2041-2070 &times; SSP3-7.0"
"SSP3-7.0","2041-2070","&Delta;(Max. length wet spell)","Jackson","Shawnee Hills/Coastal Plain",0.335607048357738,"2041-2070 &times; SSP3-7.0"
"SSP3-7.0","2041-2070","&Delta;(Max. length wet spell)","Greene","Western Forest-Prairie",0.28199591807759,"2041-2070 &times; SSP3-7.0"
"SSP3-7.0","2041-2070","&Delta;(Max. length wet spell)","Lawrence","Southern Till Plain/Wabash River Border",0.294772971619587,"2041-2070 &times; SSP3-7.0"
"SSP3-7.0","2041-2070","&Delta;(Max. length wet spell)","Hancock","Western Forest-Prairie",0.190546809847788,"2041-2070 &times; SSP3-7.0"
"SSP3-7.0","2041-2070","&Delta;(Max. length wet spell)","Clay","Southern Till Plain/Wabash River Border",0.337511545223177,"2041-2070 &times; SSP3-7.0"
"SSP3-7.0","2041-2070","&Delta;(Max. length wet spell)","Henderson","Western Forest-Prairie",0.215016506417821,"2041-2070 &times; SSP3-7.0"
"SSP3-7.0","2041-2070","&Delta;(Max. length wet spell)","Douglas","Grand Prairie",0.183722833600952,"2041-2070 &times; SSP3-7.0"
"SSP3-7.0","2041-2070","&Delta;(Max. length wet spell)","Union","Shawnee Hills/Coastal Plain",0.241627988422831,"2041-2070 &times; SSP3-7.0"
"SSP3-7.0","2041-2070","&Delta;(Max. length wet spell)","Kankakee","Grand Prairie",0.151930632655974,"2041-2070 &times; SSP3-7.0"
"SSP3-7.0","2041-2070","&Delta;(Max. length wet spell)","Massac","Shawnee Hills/Coastal Plain",0.357827213957663,"2041-2070 &times; SSP3-7.0"
"SSP3-7.0","2041-2070","&Delta;(Max. length wet spell)","Will","Northeastern Morainal",0.104235712109583,"2041-2070 &times; SSP3-7.0"
"SSP3-7.0","2041-2070","&Delta;(Max. length wet spell)","Shelby","Southern Till Plain/Wabash River Border",0.270272424879296,"2041-2070 &times; SSP3-7.0"
"SSP3-7.0","2041-2070","&Delta;(Max. length wet spell)","Fayette","Southern Till Plain/Wabash River Border",0.266401536077086,"2041-2070 &times; SSP3-7.0"
"SSP3-7.0","2041-2070","&Delta;(Max. length wet spell)","Macoupin","Western Forest-Prairie",0.247234041239062,"2041-2070 &times; SSP3-7.0"
"SSP3-7.0","2041-2070","&Delta;(Max. length wet spell)","Whiteside","Wisconsin Driftless/Rock R. Hill Country",0.282558133930881,"2041-2070 &times; SSP3-7.0"
"SSP3-7.0","2041-2070","&Delta;(Max. length wet spell)","Logan","Grand Prairie",0.314897768653064,"2041-2070 &times; SSP3-7.0"
"SSP3-7.0","2041-2070","&Delta;(Max. length wet spell)","Coles","Grand Prairie",0.248696635535162,"2041-2070 &times; SSP3-7.0"
"SSP3-7.0","2041-2070","&Delta;(Max. length wet spell)","Mercer","Western Forest-Prairie",0.168468746952598,"2041-2070 &times; SSP3-7.0"
"SSP3-7.0","2041-2070","&Delta;(Max. length wet spell)","Bureau","Grand Prairie",0.157222758445214,"2041-2070 &times; SSP3-7.0"
"SSP3-7.0","2041-2070","&Delta;(Max. length wet spell)","Sangamon","Grand Prairie",0.321344847604148,"2041-2070 &times; SSP3-7.0"
"SSP3-7.0","2041-2070","&Delta;(Max. length wet spell)","McLean","Grand Prairie",0.204041983024525,"2041-2070 &times; SSP3-7.0"
"SSP3-7.0","2041-2070","&Delta;(Max. length wet spell)","Bond","Southern Till Plain/Wabash River Border",0.310362492497215,"2041-2070 &times; SSP3-7.0"
"SSP3-7.0","2041-2070","&Delta;(Max. length wet spell)","Brown","Western Forest-Prairie",0.202728493657688,"2041-2070 &times; SSP3-7.0"
"SSP3-7.0","2041-2070","&Delta;(Max. length wet spell)","Knox","Western Forest-Prairie",0.1863602538652,"2041-2070 &times; SSP3-7.0"
"SSP3-7.0","2041-2070","&Delta;(Max. length wet spell)","Champaign","Grand Prairie",0.196800227384642,"2041-2070 &times; SSP3-7.0"
"SSP3-7.0","2041-2070","&Delta;(Max. length wet spell)","Edgar","Grand Prairie",0.255399292088328,"2041-2070 &times; SSP3-7.0"
"SSP3-7.0","2041-2070","&Delta;(Max. length wet spell)","Effingham","Southern Till Plain/Wabash River Border",0.311799587215701,"2041-2070 &times; SSP3-7.0"
"SSP3-7.0","2041-2070","&Delta;(Max. length wet spell)","Cumberland","Southern Till Plain/Wabash River Border",0.330583496839598,"2041-2070 &times; SSP3-7.0"
"SSP3-7.0","2041-2070","&Delta;(Max. length wet spell)","Crawford","Southern Till Plain/Wabash River Border",0.284857713343555,"2041-2070 &times; SSP3-7.0"
"SSP3-7.0","2041-2070","&Delta;(Max. length wet spell)","Tazewell","Grand Prairie",0.190222635846196,"2041-2070 &times; SSP3-7.0"
"SSP3-7.0","2041-2070","&Delta;(Max. length wet spell)","Pope","Shawnee Hills/Coastal Plain",0.297596634698438,"2041-2070 &times; SSP3-7.0"
"SSP3-7.0","2041-2070","&Delta;(Max. length wet spell)","Menard","Grand Prairie",0.253603429362254,"2041-2070 &times; SSP3-7.0"
"SSP3-7.0","2041-2070","&Delta;(Max. length wet spell)","Marshall","Grand Prairie",0.079747970237865,"2041-2070 &times; SSP3-7.0"
"SSP3-7.0","2041-2070","&Delta;(Max. length wet spell)","Cook","Northeastern Morainal",0.137982358608033,"2041-2070 &times; SSP3-7.0"
"SSP3-7.0","2041-2070","&Delta;(Max. length wet spell)","Gallatin","Shawnee Hills/Coastal Plain",0.347024125457791,"2041-2070 &times; SSP3-7.0"
"SSP3-7.0","2041-2070","&Delta;(Max. length wet spell)","White","Southern Till Plain/Wabash River Border",0.322308053564031,"2041-2070 &times; SSP3-7.0"
"SSP3-7.0","2041-2070","&Delta;(Max. length wet spell)","De Witt","Grand Prairie",0.290163948419181,"2041-2070 &times; SSP3-7.0"
"SSP3-7.0","2041-2070","&Delta;(Max. length wet spell)","Edwards","Southern Till Plain/Wabash River Border",0.332164455287539,"2041-2070 &times; SSP3-7.0"
"SSP3-7.0","2041-2070","&Delta;(Max. length wet spell)","Mason","Grand Prairie",0.219578282834769,"2041-2070 &times; SSP3-7.0"
"SSP3-7.0","2041-2070","&Delta;(Max. length wet spell)","Calhoun","Western Forest-Prairie",0.289746308505553,"2041-2070 &times; SSP3-7.0"
"SSP3-7.0","2041-2070","&Delta;(Max. length wet spell)","Marion","Southern Till Plain/Wabash River Border",0.313357505808831,"2041-2070 &times; SSP3-7.0"
"SSP3-7.0","2041-2070","&Delta;(Max. length wet spell)","Warren","Western Forest-Prairie",0.192276388433578,"2041-2070 &times; SSP3-7.0"
"SSP3-7.0","2041-2070","&Delta;(Max. length wet spell)","Clark","Southern Till Plain/Wabash River Border",0.33481712851532,"2041-2070 &times; SSP3-7.0"
"SSP3-7.0","2041-2070","&Delta;(Max. length wet spell)","Wayne","Southern Till Plain/Wabash River Border",0.316730781805018,"2041-2070 &times; SSP3-7.0"
"SSP3-7.0","2041-2070","&Delta;(Max. length wet spell)","Kane","Northeastern Morainal",0.030093828879996,"2041-2070 &times; SSP3-7.0"
"SSP3-7.0","2041-2070","&Delta;(Max. length wet spell)","Livingston","Grand Prairie",0.154382487077839,"2041-2070 &times; SSP3-7.0"
"SSP3-7.0","2041-2070","&Delta;(Max. length wet spell)","Jo Daviess","Wisconsin Driftless/Rock R. Hill Country",0.237169177684985,"2041-2070 &times; SSP3-7.0"
"SSP3-7.0","2041-2070","&Delta;(Max. length wet spell)","Williamson","Shawnee Hills/Coastal Plain",0.33565778160038,"2041-2070 &times; SSP3-7.0"
"SSP3-7.0","2041-2070","&Delta;(Max. length wet spell)","Alexander","Shawnee Hills/Coastal Plain",0.195764166401057,"2041-2070 &times; SSP3-7.0"
"SSP3-7.0","2041-2070","&Delta;(Max. length wet spell)","Grundy","Grand Prairie",0.068484685461287,"2041-2070 &times; SSP3-7.0"
"SSP3-7.0","2041-2070","&Delta;(Max. length wet spell)","Jasper","Southern Till Plain/Wabash River Border",0.330334084781709,"2041-2070 &times; SSP3-7.0"
"SSP3-7.0","2041-2070","&Delta;(Max. length wet spell)","Saline","Shawnee Hills/Coastal Plain",0.295045350032453,"2041-2070 &times; SSP3-7.0"
"SSP3-7.0","2041-2070","&Delta;(Max. length wet spell)","St. Clair","Southern Till Plain/Wabash River Border",0.36723233804206,"2041-2070 &times; SSP3-7.0"
"SSP3-7.0","2041-2070","&Delta;(Max. length wet spell)","Washington","Southern Till Plain/Wabash River Border",0.329391279510527,"2041-2070 &times; SSP3-7.0"
"SSP3-7.0","2041-2070","&Delta;(Max. length wet spell)","Richland","Southern Till Plain/Wabash River Border",0.259480913210683,"2041-2070 &times; SSP3-7.0"
"SSP3-7.0","2041-2070","&Delta;(Max. length wet spell)","Perry","Southern Till Plain/Wabash River Border",0.298062034708287,"2041-2070 &times; SSP3-7.0"
"SSP3-7.0","2041-2070","&Delta;(Max. length wet spell)","Johnson","Shawnee Hills/Coastal Plain",0.271847193465136,"2041-2070 &times; SSP3-7.0"
"SSP3-7.0","2041-2070","&Delta;(Max. length wet spell)","Pulaski","Shawnee Hills/Coastal Plain",0.298312679823684,"2041-2070 &times; SSP3-7.0"
"SSP3-7.0","2041-2070","&Delta;(Max. length wet spell)","Madison","Southern Till Plain/Wabash River Border",0.298398427096354,"2041-2070 &times; SSP3-7.0"
"SSP3-7.0","2041-2070","&Delta;(Max. length wet spell)","Moultrie","Grand Prairie",0.238509617922572,"2041-2070 &times; SSP3-7.0"
"SSP3-7.0","2041-2070","&Delta;(Max. length wet spell)","Ogle","Wisconsin Driftless/Rock R. Hill Country",0.171458141851774,"2041-2070 &times; SSP3-7.0"
"SSP3-7.0","2041-2070","&Delta;(Max. length wet spell)","Clinton","Southern Till Plain/Wabash River Border",0.358659700234302,"2041-2070 &times; SSP3-7.0"
"SSP3-7.0","2041-2070","&Delta;(Max. length wet spell)","LaSalle","Grand Prairie",0.074892876220602,"2041-2070 &times; SSP3-7.0"
"SSP3-7.0","2041-2070","&Delta;(Max. length wet spell)","Peoria","Western Forest-Prairie",0.190509326543065,"2041-2070 &times; SSP3-7.0"
"SSP3-7.0","2041-2070","&Delta;(Max. length wet spell)","Hardin","Shawnee Hills/Coastal Plain",0.363901777289631,"2041-2070 &times; SSP3-7.0"
"SSP3-7.0","2041-2070","&Delta;(Max. length wet spell)","Kendall","Grand Prairie",0.081481744997716,"2041-2070 &times; SSP3-7.0"
"SSP3-7.0","2041-2070","&Delta;(Max. length wet spell)","Stephenson","Wisconsin Driftless/Rock R. Hill Country",0.183061082398816,"2041-2070 &times; SSP3-7.0"
"SSP3-7.0","2041-2070","&Delta;(Max. length wet spell)","Fulton","Western Forest-Prairie",0.195789314420069,"2041-2070 &times; SSP3-7.0"
"SSP3-7.0","2041-2070","&Delta;(Max. length wet spell)","Montgomery","Southern Till Plain/Wabash River Border",0.2843866915371,"2041-2070 &times; SSP3-7.0"
"SSP3-7.0","2041-2070","&Delta;(Max. length wet spell)","Macon","Grand Prairie",0.320045341213332,"2041-2070 &times; SSP3-7.0"
"SSP3-7.0","2041-2070","&Delta;(Max. length wet spell)","Putnam","Grand Prairie",0.099944973411602,"2041-2070 &times; SSP3-7.0"
"SSP3-7.0","2041-2070","&Delta;(Max. length wet spell)","Schuyler","Western Forest-Prairie",0.175335490735772,"2041-2070 &times; SSP3-7.0"
"SSP3-7.0","2041-2070","&Delta;(Max. length wet spell)","Lee","Wisconsin Driftless/Rock R. Hill Country",0.140275353355623,"2041-2070 &times; SSP3-7.0"
"SSP3-7.0","2041-2070","&Delta;(Max. length wet spell)","Stark","Grand Prairie",0.135986634033623,"2041-2070 &times; SSP3-7.0"
"SSP3-7.0","2041-2070","&Delta;(Max. length wet spell)","Cass","Grand Prairie",0.203045866618726,"2041-2070 &times; SSP3-7.0"
"SSP3-7.0","2041-2070","&Delta;(Max. length wet spell)","Winnebago","Wisconsin Driftless/Rock R. Hill Country",0.174299939905051,"2041-2070 &times; SSP3-7.0"
"SSP3-7.0","2041-2070","&Delta;(Max. length wet spell)","Wabash","Southern Till Plain/Wabash River Border",0.304165188962667,"2041-2070 &times; SSP3-7.0"
"SSP3-7.0","2041-2070","&Delta;(Max. length wet spell)","Henry","Grand Prairie",0.189980904145456,"2041-2070 &times; SSP3-7.0"
"SSP3-7.0","2041-2070","&Delta;(Max. length wet spell)","McDonough","Western Forest-Prairie",0.230693073420857,"2041-2070 &times; SSP3-7.0"
"SSP3-7.0","2041-2070","&Delta;(Max. length wet spell)","Hamilton","Southern Till Plain/Wabash River Border",0.315949274684349,"2041-2070 &times; SSP3-7.0"
"SSP3-7.0","2041-2070","&Delta;(Max. length wet spell)","Christian","Grand Prairie",0.280430230116385,"2041-2070 &times; SSP3-7.0"
"SSP3-7.0","2041-2070","&Delta;(Max. length wet spell)","Scott","Western Forest-Prairie",0.302935843650995,"2041-2070 &times; SSP3-7.0"
"SSP3-7.0","2041-2070","&Delta;(Max. length wet spell)","Jefferson","Southern Till Plain/Wabash River Border",0.295409210134308,"2041-2070 &times; SSP3-7.0"
"SSP3-7.0","2041-2070","&Delta;(Max. length wet spell)","Lake","Northeastern Morainal",0.096338328396281,"2041-2070 &times; SSP3-7.0"
"SSP3-7.0","2041-2070","&Delta;(Max. length wet spell)","Franklin","Southern Till Plain/Wabash River Border",0.30129170905003,"2041-2070 &times; SSP3-7.0"
"SSP3-7.0","2041-2070","&Delta;(Max. length wet spell)","Jersey","Western Forest-Prairie",0.266831461504065,"2041-2070 &times; SSP3-7.0"
"SSP3-7.0","2041-2070","&Delta;(Max. length wet spell)","Vermilion","Grand Prairie",0.107426661104886,"2041-2070 &times; SSP3-7.0"
"SSP3-7.0","2041-2070","&Delta;(Max. length wet spell)","Boone","Northeastern Morainal",0.132087416178656,"2041-2070 &times; SSP3-7.0"
"SSP3-7.0","2041-2070","&Delta;(Max. length wet spell)","Morgan","Western Forest-Prairie",0.267139238469517,"2041-2070 &times; SSP3-7.0"
"SSP3-7.0","2041-2070","&Delta;(Max. length wet spell)","Rock Island","Western Forest-Prairie",0.162792584650518,"2041-2070 &times; SSP3-7.0"
"SSP3-7.0","2041-2070","&Delta;(Max. length wet spell)","McHenry","Northeastern Morainal",0.063241899414897,"2041-2070 &times; SSP3-7.0"
"SSP3-7.0","2041-2070","&Delta;(Max. length wet spell)","DeKalb","Northeastern Morainal",0.087439970194898,"2041-2070 &times; SSP3-7.0"
"SSP3-7.0","2071-2100","&Delta;(Max. length dry spell)","Carroll","Wisconsin Driftless/Rock R. Hill Country",-1.02849289253521,"2071-2100 &times; SSP3-7.0"
"SSP3-7.0","2071-2100","&Delta;(Max. length dry spell)","DuPage","Northeastern Morainal",-0.437741384832195,"2071-2100 &times; SSP3-7.0"
"SSP3-7.0","2071-2100","&Delta;(Max. length dry spell)","Monroe","Southern Till Plain/Wabash River Border",0.861659046935729,"2071-2100 &times; SSP3-7.0"
"SSP3-7.0","2071-2100","&Delta;(Max. length dry spell)","Randolph","Southern Till Plain/Wabash River Border",0.838387348788831,"2071-2100 &times; SSP3-7.0"
"SSP3-7.0","2071-2100","&Delta;(Max. length dry spell)","Pike","Western Forest-Prairie",0.688599842192471,"2071-2100 &times; SSP3-7.0"
"SSP3-7.0","2071-2100","&Delta;(Max. length dry spell)","Woodford","Grand Prairie",-0.249347033355021,"2071-2100 &times; SSP3-7.0"
"SSP3-7.0","2071-2100","&Delta;(Max. length dry spell)","Adams","Western Forest-Prairie",0.347196751958176,"2071-2100 &times; SSP3-7.0"
"SSP3-7.0","2071-2100","&Delta;(Max. length dry spell)","Iroquois","Grand Prairie",0.272856031731256,"2071-2100 &times; SSP3-7.0"
"SSP3-7.0","2071-2100","&Delta;(Max. length dry spell)","Ford","Grand Prairie",0.077905950671209,"2071-2100 &times; SSP3-7.0"
"SSP3-7.0","2071-2100","&Delta;(Max. length dry spell)","Piatt","Grand Prairie",0.288471801041565,"2071-2100 &times; SSP3-7.0"
"SSP3-7.0","2071-2100","&Delta;(Max. length dry spell)","Jackson","Shawnee Hills/Coastal Plain",0.805505934567614,"2071-2100 &times; SSP3-7.0"
"SSP3-7.0","2071-2100","&Delta;(Max. length dry spell)","Greene","Western Forest-Prairie",0.392502065310564,"2071-2100 &times; SSP3-7.0"
"SSP3-7.0","2071-2100","&Delta;(Max. length dry spell)","Lawrence","Southern Till Plain/Wabash River Border",1.35922310715649,"2071-2100 &times; SSP3-7.0"
"SSP3-7.0","2071-2100","&Delta;(Max. length dry spell)","Hancock","Western Forest-Prairie",0.042775587499905,"2071-2100 &times; SSP3-7.0"
"SSP3-7.0","2071-2100","&Delta;(Max. length dry spell)","Clay","Southern Till Plain/Wabash River Border",1.27646137977293,"2071-2100 &times; SSP3-7.0"
"SSP3-7.0","2071-2100","&Delta;(Max. length dry spell)","Henderson","Western Forest-Prairie",-0.336974189560203,"2071-2100 &times; SSP3-7.0"
"SSP3-7.0","2071-2100","&Delta;(Max. length dry spell)","Douglas","Grand Prairie",0.769909070010259,"2071-2100 &times; SSP3-7.0"
"SSP3-7.0","2071-2100","&Delta;(Max. length dry spell)","Union","Shawnee Hills/Coastal Plain",1.35305974009228,"2071-2100 &times; SSP3-7.0"
"SSP3-7.0","2071-2100","&Delta;(Max. length dry spell)","Kankakee","Grand Prairie",0.075911012081257,"2071-2100 &times; SSP3-7.0"
"SSP3-7.0","2071-2100","&Delta;(Max. length dry spell)","Massac","Shawnee Hills/Coastal Plain",0.529531543411171,"2071-2100 &times; SSP3-7.0"
"SSP3-7.0","2071-2100","&Delta;(Max. length dry spell)","Will","Northeastern Morainal",-0.095949118715358,"2071-2100 &times; SSP3-7.0"
"SSP3-7.0","2071-2100","&Delta;(Max. length dry spell)","Shelby","Southern Till Plain/Wabash River Border",1.45782023863997,"2071-2100 &times; SSP3-7.0"
"SSP3-7.0","2071-2100","&Delta;(Max. length dry spell)","Fayette","Southern Till Plain/Wabash River Border",0.993821203271789,"2071-2100 &times; SSP3-7.0"
"SSP3-7.0","2071-2100","&Delta;(Max. length dry spell)","Macoupin","Western Forest-Prairie",0.382570065180875,"2071-2100 &times; SSP3-7.0"
"SSP3-7.0","2071-2100","&Delta;(Max. length dry spell)","Whiteside","Wisconsin Driftless/Rock R. Hill Country",-0.414910921406719,"2071-2100 &times; SSP3-7.0"
"SSP3-7.0","2071-2100","&Delta;(Max. length dry spell)","Logan","Grand Prairie",0.325073868955487,"2071-2100 &times; SSP3-7.0"
"SSP3-7.0","2071-2100","&Delta;(Max. length dry spell)","Coles","Grand Prairie",1.147412621289,"2071-2100 &times; SSP3-7.0"
"SSP3-7.0","2071-2100","&Delta;(Max. length dry spell)","Mercer","Western Forest-Prairie",-0.546288774498044,"2071-2100 &times; SSP3-7.0"
"SSP3-7.0","2071-2100","&Delta;(Max. length dry spell)","Bureau","Grand Prairie",-0.278498312142852,"2071-2100 &times; SSP3-7.0"
"SSP3-7.0","2071-2100","&Delta;(Max. length dry spell)","Sangamon","Grand Prairie",0.210047923519511,"2071-2100 &times; SSP3-7.0"
"SSP3-7.0","2071-2100","&Delta;(Max. length dry spell)","McLean","Grand Prairie",0.125733760200092,"2071-2100 &times; SSP3-7.0"
"SSP3-7.0","2071-2100","&Delta;(Max. length dry spell)","Bond","Southern Till Plain/Wabash River Border",1.06176377113207,"2071-2100 &times; SSP3-7.0"
"SSP3-7.0","2071-2100","&Delta;(Max. length dry spell)","Brown","Western Forest-Prairie",-0.078934355829123,"2071-2100 &times; SSP3-7.0"
"SSP3-7.0","2071-2100","&Delta;(Max. length dry spell)","Knox","Western Forest-Prairie",-0.382678490604492,"2071-2100 &times; SSP3-7.0"
"SSP3-7.0","2071-2100","&Delta;(Max. length dry spell)","Champaign","Grand Prairie",0.34943163964143,"2071-2100 &times; SSP3-7.0"
"SSP3-7.0","2071-2100","&Delta;(Max. length dry spell)","Edgar","Grand Prairie",1.14785596078224,"2071-2100 &times; SSP3-7.0"
"SSP3-7.0","2071-2100","&Delta;(Max. length dry spell)","Effingham","Southern Till Plain/Wabash River Border",1.36894045550715,"2071-2100 &times; SSP3-7.0"
"SSP3-7.0","2071-2100","&Delta;(Max. length dry spell)","Cumberland","Southern Till Plain/Wabash River Border",1.22310743667954,"2071-2100 &times; SSP3-7.0"
"SSP3-7.0","2071-2100","&Delta;(Max. length dry spell)","Crawford","Southern Till Plain/Wabash River Border",1.72339793264124,"2071-2100 &times; SSP3-7.0"
"SSP3-7.0","2071-2100","&Delta;(Max. length dry spell)","Tazewell","Grand Prairie",0.100802857553212,"2071-2100 &times; SSP3-7.0"
"SSP3-7.0","2071-2100","&Delta;(Max. length dry spell)","Pope","Shawnee Hills/Coastal Plain",1.01393211417648,"2071-2100 &times; SSP3-7.0"
"SSP3-7.0","2071-2100","&Delta;(Max. length dry spell)","Menard","Grand Prairie",0.125870940724774,"2071-2100 &times; SSP3-7.0"
"SSP3-7.0","2071-2100","&Delta;(Max. length dry spell)","Marshall","Grand Prairie",-0.321300327306939,"2071-2100 &times; SSP3-7.0"
"SSP3-7.0","2071-2100","&Delta;(Max. length dry spell)","Cook","Northeastern Morainal",-0.088233397526748,"2071-2100 &times; SSP3-7.0"
"SSP3-7.0","2071-2100","&Delta;(Max. length dry spell)","Gallatin","Shawnee Hills/Coastal Plain",1.42310434377553,"2071-2100 &times; SSP3-7.0"
"SSP3-7.0","2071-2100","&Delta;(Max. length dry spell)","White","Southern Till Plain/Wabash River Border",1.68514518098052,"2071-2100 &times; SSP3-7.0"
"SSP3-7.0","2071-2100","&Delta;(Max. length dry spell)","De Witt","Grand Prairie",0.443192339877333,"2071-2100 &times; SSP3-7.0"
"SSP3-7.0","2071-2100","&Delta;(Max. length dry spell)","Edwards","Southern Till Plain/Wabash River Border",1.85054130618102,"2071-2100 &times; SSP3-7.0"
"SSP3-7.0","2071-2100","&Delta;(Max. length dry spell)","Mason","Grand Prairie",-0.006282246784666,"2071-2100 &times; SSP3-7.0"
"SSP3-7.0","2071-2100","&Delta;(Max. length dry spell)","Calhoun","Western Forest-Prairie",0.675222538809668,"2071-2100 &times; SSP3-7.0"
"SSP3-7.0","2071-2100","&Delta;(Max. length dry spell)","Marion","Southern Till Plain/Wabash River Border",1.28239660096152,"2071-2100 &times; SSP3-7.0"
"SSP3-7.0","2071-2100","&Delta;(Max. length dry spell)","Warren","Western Forest-Prairie",0.070771858260349,"2071-2100 &times; SSP3-7.0"
"SSP3-7.0","2071-2100","&Delta;(Max. length dry spell)","Clark","Southern Till Plain/Wabash River Border",1.46216347237307,"2071-2100 &times; SSP3-7.0"
"SSP3-7.0","2071-2100","&Delta;(Max. length dry spell)","Wayne","Southern Till Plain/Wabash River Border",1.71791491318263,"2071-2100 &times; SSP3-7.0"
"SSP3-7.0","2071-2100","&Delta;(Max. length dry spell)","Kane","Northeastern Morainal",-0.072334535604288,"2071-2100 &times; SSP3-7.0"
"SSP3-7.0","2071-2100","&Delta;(Max. length dry spell)","Livingston","Grand Prairie",0.080638457117688,"2071-2100 &times; SSP3-7.0"
"SSP3-7.0","2071-2100","&Delta;(Max. length dry spell)","Jo Daviess","Wisconsin Driftless/Rock R. Hill Country",-0.859548946128722,"2071-2100 &times; SSP3-7.0"
"SSP3-7.0","2071-2100","&Delta;(Max. length dry spell)","Williamson","Shawnee Hills/Coastal Plain",1.11976012496879,"2071-2100 &times; SSP3-7.0"
"SSP3-7.0","2071-2100","&Delta;(Max. length dry spell)","Alexander","Shawnee Hills/Coastal Plain",1.13427047424763,"2071-2100 &times; SSP3-7.0"
"SSP3-7.0","2071-2100","&Delta;(Max. length dry spell)","Grundy","Grand Prairie",-0.002723753009991,"2071-2100 &times; SSP3-7.0"
"SSP3-7.0","2071-2100","&Delta;(Max. length dry spell)","Jasper","Southern Till Plain/Wabash River Border",1.12766179887305,"2071-2100 &times; SSP3-7.0"
"SSP3-7.0","2071-2100","&Delta;(Max. length dry spell)","Saline","Shawnee Hills/Coastal Plain",1.12236386907734,"2071-2100 &times; SSP3-7.0"
"SSP3-7.0","2071-2100","&Delta;(Max. length dry spell)","St. Clair","Southern Till Plain/Wabash River Border",1.04430688066872,"2071-2100 &times; SSP3-7.0"
"SSP3-7.0","2071-2100","&Delta;(Max. length dry spell)","Washington","Southern Till Plain/Wabash River Border",1.50819715315228,"2071-2100 &times; SSP3-7.0"
"SSP3-7.0","2071-2100","&Delta;(Max. length dry spell)","Richland","Southern Till Plain/Wabash River Border",1.55181950735967,"2071-2100 &times; SSP3-7.0"
"SSP3-7.0","2071-2100","&Delta;(Max. length dry spell)","Perry","Southern Till Plain/Wabash River Border",1.22353106317915,"2071-2100 &times; SSP3-7.0"
"SSP3-7.0","2071-2100","&Delta;(Max. length dry spell)","Johnson","Shawnee Hills/Coastal Plain",1.14514201210074,"2071-2100 &times; SSP3-7.0"
"SSP3-7.0","2071-2100","&Delta;(Max. length dry spell)","Pulaski","Shawnee Hills/Coastal Plain",1.22085390863087,"2071-2100 &times; SSP3-7.0"
"SSP3-7.0","2071-2100","&Delta;(Max. length dry spell)","Madison","Southern Till Plain/Wabash River Border",1.16447185568536,"2071-2100 &times; SSP3-7.0"
"SSP3-7.0","2071-2100","&Delta;(Max. length dry spell)","Moultrie","Grand Prairie",0.99454791783754,"2071-2100 &times; SSP3-7.0"
"SSP3-7.0","2071-2100","&Delta;(Max. length dry spell)","Ogle","Wisconsin Driftless/Rock R. Hill Country",-0.596400411144019,"2071-2100 &times; SSP3-7.0"
"SSP3-7.0","2071-2100","&Delta;(Max. length dry spell)","Clinton","Southern Till Plain/Wabash River Border",1.24477850300441,"2071-2100 &times; SSP3-7.0"
"SSP3-7.0","2071-2100","&Delta;(Max. length dry spell)","LaSalle","Grand Prairie",-0.307576456453101,"2071-2100 &times; SSP3-7.0"
"SSP3-7.0","2071-2100","&Delta;(Max. length dry spell)","Peoria","Western Forest-Prairie",-0.485314289393148,"2071-2100 &times; SSP3-7.0"
"SSP3-7.0","2071-2100","&Delta;(Max. length dry spell)","Hardin","Shawnee Hills/Coastal Plain",1.54393398488733,"2071-2100 &times; SSP3-7.0"
"SSP3-7.0","2071-2100","&Delta;(Max. length dry spell)","Kendall","Grand Prairie",-0.36712101621183,"2071-2100 &times; SSP3-7.0"
"SSP3-7.0","2071-2100","&Delta;(Max. length dry spell)","Stephenson","Wisconsin Driftless/Rock R. Hill Country",-0.793486238237292,"2071-2100 &times; SSP3-7.0"
"SSP3-7.0","2071-2100","&Delta;(Max. length dry spell)","Fulton","Western Forest-Prairie",-0.184331635799027,"2071-2100 &times; SSP3-7.0"
"SSP3-7.0","2071-2100","&Delta;(Max. length dry spell)","Montgomery","Southern Till Plain/Wabash River Border",1.10750372861722,"2071-2100 &times; SSP3-7.0"
"SSP3-7.0","2071-2100","&Delta;(Max. length dry spell)","Macon","Grand Prairie",0.222095914750538,"2071-2100 &times; SSP3-7.0"
"SSP3-7.0","2071-2100","&Delta;(Max. length dry spell)","Putnam","Grand Prairie",-0.911439519010078,"2071-2100 &times; SSP3-7.0"
"SSP3-7.0","2071-2100","&Delta;(Max. length dry spell)","Schuyler","Western Forest-Prairie",-0.328821101169956,"2071-2100 &times; SSP3-7.0"
"SSP3-7.0","2071-2100","&Delta;(Max. length dry spell)","Lee","Wisconsin Driftless/Rock R. Hill Country",-0.581264029875887,"2071-2100 &times; SSP3-7.0"
"SSP3-7.0","2071-2100","&Delta;(Max. length dry spell)","Stark","Grand Prairie",-0.353400356227277,"2071-2100 &times; SSP3-7.0"
"SSP3-7.0","2071-2100","&Delta;(Max. length dry spell)","Cass","Grand Prairie",-0.208398059816739,"2071-2100 &times; SSP3-7.0"
"SSP3-7.0","2071-2100","&Delta;(Max. length dry spell)","Winnebago","Wisconsin Driftless/Rock R. Hill Country",-0.992860467830459,"2071-2100 &times; SSP3-7.0"
"SSP3-7.0","2071-2100","&Delta;(Max. length dry spell)","Wabash","Southern Till Plain/Wabash River Border",1.4848360751875,"2071-2100 &times; SSP3-7.0"
"SSP3-7.0","2071-2100","&Delta;(Max. length dry spell)","Henry","Grand Prairie",-0.44078883370869,"2071-2100 &times; SSP3-7.0"
"SSP3-7.0","2071-2100","&Delta;(Max. length dry spell)","McDonough","Western Forest-Prairie",-0.458167576450473,"2071-2100 &times; SSP3-7.0"
"SSP3-7.0","2071-2100","&Delta;(Max. length dry spell)","Hamilton","Southern Till Plain/Wabash River Border",1.55721111284016,"2071-2100 &times; SSP3-7.0"
"SSP3-7.0","2071-2100","&Delta;(Max. length dry spell)","Christian","Grand Prairie",0.793163712549402,"2071-2100 &times; SSP3-7.0"
"SSP3-7.0","2071-2100","&Delta;(Max. length dry spell)","Scott","Western Forest-Prairie",0.05757091430358,"2071-2100 &times; SSP3-7.0"
"SSP3-7.0","2071-2100","&Delta;(Max. length dry spell)","Jefferson","Southern Till Plain/Wabash River Border",1.01316245627744,"2071-2100 &times; SSP3-7.0"
"SSP3-7.0","2071-2100","&Delta;(Max. length dry spell)","Lake","Northeastern Morainal",-0.062790522625346,"2071-2100 &times; SSP3-7.0"
"SSP3-7.0","2071-2100","&Delta;(Max. length dry spell)","Franklin","Southern Till Plain/Wabash River Border",1.02312725349582,"2071-2100 &times; SSP3-7.0"
"SSP3-7.0","2071-2100","&Delta;(Max. length dry spell)","Jersey","Western Forest-Prairie",0.590425026424784,"2071-2100 &times; SSP3-7.0"
"SSP3-7.0","2071-2100","&Delta;(Max. length dry spell)","Vermilion","Grand Prairie",0.434137195784833,"2071-2100 &times; SSP3-7.0"
"SSP3-7.0","2071-2100","&Delta;(Max. length dry spell)","Boone","Northeastern Morainal",-0.648639930559524,"2071-2100 &times; SSP3-7.0"
"SSP3-7.0","2071-2100","&Delta;(Max. length dry spell)","Morgan","Western Forest-Prairie",0.01342790098712,"2071-2100 &times; SSP3-7.0"
"SSP3-7.0","2071-2100","&Delta;(Max. length dry spell)","Rock Island","Western Forest-Prairie",-0.790381068638428,"2071-2100 &times; SSP3-7.0"
"SSP3-7.0","2071-2100","&Delta;(Max. length dry spell)","McHenry","Northeastern Morainal",0.113026999050638,"2071-2100 &times; SSP3-7.0"
"SSP3-7.0","2071-2100","&Delta;(Max. length dry spell)","DeKalb","Northeastern Morainal",-0.41930330729975,"2071-2100 &times; SSP3-7.0"
"SSP3-7.0","2071-2100","&Delta;(Max. length wet spell)","Carroll","Wisconsin Driftless/Rock R. Hill Country",0.089673411749592,"2071-2100 &times; SSP3-7.0"
"SSP3-7.0","2071-2100","&Delta;(Max. length wet spell)","DuPage","Northeastern Morainal",0.089564597927547,"2071-2100 &times; SSP3-7.0"
"SSP3-7.0","2071-2100","&Delta;(Max. length wet spell)","Monroe","Southern Till Plain/Wabash River Border",0.45756368441741,"2071-2100 &times; SSP3-7.0"
"SSP3-7.0","2071-2100","&Delta;(Max. length wet spell)","Randolph","Southern Till Plain/Wabash River Border",0.364604378482177,"2071-2100 &times; SSP3-7.0"
"SSP3-7.0","2071-2100","&Delta;(Max. length wet spell)","Pike","Western Forest-Prairie",0.295754812030581,"2071-2100 &times; SSP3-7.0"
"SSP3-7.0","2071-2100","&Delta;(Max. length wet spell)","Woodford","Grand Prairie",0.195041455828527,"2071-2100 &times; SSP3-7.0"
"SSP3-7.0","2071-2100","&Delta;(Max. length wet spell)","Adams","Western Forest-Prairie",0.248648124355553,"2071-2100 &times; SSP3-7.0"
"SSP3-7.0","2071-2100","&Delta;(Max. length wet spell)","Iroquois","Grand Prairie",0.272113484594044,"2071-2100 &times; SSP3-7.0"
"SSP3-7.0","2071-2100","&Delta;(Max. length wet spell)","Ford","Grand Prairie",0.248921246897517,"2071-2100 &times; SSP3-7.0"
"SSP3-7.0","2071-2100","&Delta;(Max. length wet spell)","Piatt","Grand Prairie",0.280451356287806,"2071-2100 &times; SSP3-7.0"
"SSP3-7.0","2071-2100","&Delta;(Max. length wet spell)","Jackson","Shawnee Hills/Coastal Plain",0.411913657571271,"2071-2100 &times; SSP3-7.0"
"SSP3-7.0","2071-2100","&Delta;(Max. length wet spell)","Greene","Western Forest-Prairie",0.334535038116508,"2071-2100 &times; SSP3-7.0"
"SSP3-7.0","2071-2100","&Delta;(Max. length wet spell)","Lawrence","Southern Till Plain/Wabash River Border",0.440232251388105,"2071-2100 &times; SSP3-7.0"
"SSP3-7.0","2071-2100","&Delta;(Max. length wet spell)","Hancock","Western Forest-Prairie",0.180329832725767,"2071-2100 &times; SSP3-7.0"
"SSP3-7.0","2071-2100","&Delta;(Max. length wet spell)","Clay","Southern Till Plain/Wabash River Border",0.410199706039457,"2071-2100 &times; SSP3-7.0"
"SSP3-7.0","2071-2100","&Delta;(Max. length wet spell)","Henderson","Western Forest-Prairie",0.160514188118012,"2071-2100 &times; SSP3-7.0"
"SSP3-7.0","2071-2100","&Delta;(Max. length wet spell)","Douglas","Grand Prairie",0.313268558550183,"2071-2100 &times; SSP3-7.0"
"SSP3-7.0","2071-2100","&Delta;(Max. length wet spell)","Union","Shawnee Hills/Coastal Plain",0.314515118313284,"2071-2100 &times; SSP3-7.0"
"SSP3-7.0","2071-2100","&Delta;(Max. length wet spell)","Kankakee","Grand Prairie",0.304767745491188,"2071-2100 &times; SSP3-7.0"
"SSP3-7.0","2071-2100","&Delta;(Max. length wet spell)","Massac","Shawnee Hills/Coastal Plain",0.587383978655674,"2071-2100 &times; SSP3-7.0"
"SSP3-7.0","2071-2100","&Delta;(Max. length wet spell)","Will","Northeastern Morainal",0.159113167102035,"2071-2100 &times; SSP3-7.0"
"SSP3-7.0","2071-2100","&Delta;(Max. length wet spell)","Shelby","Southern Till Plain/Wabash River Border",0.326983613574646,"2071-2100 &times; SSP3-7.0"
"SSP3-7.0","2071-2100","&Delta;(Max. length wet spell)","Fayette","Southern Till Plain/Wabash River Border",0.355138744671009,"2071-2100 &times; SSP3-7.0"
"SSP3-7.0","2071-2100","&Delta;(Max. length wet spell)","Macoupin","Western Forest-Prairie",0.302770671808828,"2071-2100 &times; SSP3-7.0"
"SSP3-7.0","2071-2100","&Delta;(Max. length wet spell)","Whiteside","Wisconsin Driftless/Rock R. Hill Country",0.168282846148915,"2071-2100 &times; SSP3-7.0"
"SSP3-7.0","2071-2100","&Delta;(Max. length wet spell)","Logan","Grand Prairie",0.313330698214127,"2071-2100 &times; SSP3-7.0"
"SSP3-7.0","2071-2100","&Delta;(Max. length wet spell)","Coles","Grand Prairie",0.310694208407877,"2071-2100 &times; SSP3-7.0"
"SSP3-7.0","2071-2100","&Delta;(Max. length wet spell)","Mercer","Western Forest-Prairie",0.099117759304803,"2071-2100 &times; SSP3-7.0"
"SSP3-7.0","2071-2100","&Delta;(Max. length wet spell)","Bureau","Grand Prairie",0.155205705449848,"2071-2100 &times; SSP3-7.0"
"SSP3-7.0","2071-2100","&Delta;(Max. length wet spell)","Sangamon","Grand Prairie",0.308507313593255,"2071-2100 &times; SSP3-7.0"
"SSP3-7.0","2071-2100","&Delta;(Max. length wet spell)","McLean","Grand Prairie",0.215972388816947,"2071-2100 &times; SSP3-7.0"
"SSP3-7.0","2071-2100","&Delta;(Max. length wet spell)","Bond","Southern Till Plain/Wabash River Border",0.462230837424207,"2071-2100 &times; SSP3-7.0"
"SSP3-7.0","2071-2100","&Delta;(Max. length wet spell)","Brown","Western Forest-Prairie",0.23584078662104,"2071-2100 &times; SSP3-7.0"
"SSP3-7.0","2071-2100","&Delta;(Max. length wet spell)","Knox","Western Forest-Prairie",0.138904953292876,"2071-2100 &times; SSP3-7.0"
"SSP3-7.0","2071-2100","&Delta;(Max. length wet spell)","Champaign","Grand Prairie",0.258073317209933,"2071-2100 &times; SSP3-7.0"
"SSP3-7.0","2071-2100","&Delta;(Max. length wet spell)","Edgar","Grand Prairie",0.299209808569358,"2071-2100 &times; SSP3-7.0"
"SSP3-7.0","2071-2100","&Delta;(Max. length wet spell)","Effingham","Southern Till Plain/Wabash River Border",0.375812831896252,"2071-2100 &times; SSP3-7.0"
"SSP3-7.0","2071-2100","&Delta;(Max. length wet spell)","Cumberland","Southern Till Plain/Wabash River Border",0.288993330320072,"2071-2100 &times; SSP3-7.0"
"SSP3-7.0","2071-2100","&Delta;(Max. length wet spell)","Crawford","Southern Till Plain/Wabash River Border",0.402042776594049,"2071-2100 &times; SSP3-7.0"
"SSP3-7.0","2071-2100","&Delta;(Max. length wet spell)","Tazewell","Grand Prairie",0.203950669425692,"2071-2100 &times; SSP3-7.0"
"SSP3-7.0","2071-2100","&Delta;(Max. length wet spell)","Pope","Shawnee Hills/Coastal Plain",0.461472792580441,"2071-2100 &times; SSP3-7.0"
"SSP3-7.0","2071-2100","&Delta;(Max. length wet spell)","Menard","Grand Prairie",0.371090736183146,"2071-2100 &times; SSP3-7.0"
"SSP3-7.0","2071-2100","&Delta;(Max. length wet spell)","Marshall","Grand Prairie",0.18050679227378,"2071-2100 &times; SSP3-7.0"
"SSP3-7.0","2071-2100","&Delta;(Max. length wet spell)","Cook","Northeastern Morainal",0.151144933658415,"2071-2100 &times; SSP3-7.0"
"SSP3-7.0","2071-2100","&Delta;(Max. length wet spell)","Gallatin","Shawnee Hills/Coastal Plain",0.523768743828667,"2071-2100 &times; SSP3-7.0"
"SSP3-7.0","2071-2100","&Delta;(Max. length wet spell)","White","Southern Till Plain/Wabash River Border",0.469664869868573,"2071-2100 &times; SSP3-7.0"
"SSP3-7.0","2071-2100","&Delta;(Max. length wet spell)","De Witt","Grand Prairie",0.3071407009279,"2071-2100 &times; SSP3-7.0"
"SSP3-7.0","2071-2100","&Delta;(Max. length wet spell)","Edwards","Southern Till Plain/Wabash River Border",0.4378038145373,"2071-2100 &times; SSP3-7.0"
"SSP3-7.0","2071-2100","&Delta;(Max. length wet spell)","Mason","Grand Prairie",0.289787219612464,"2071-2100 &times; SSP3-7.0"
"SSP3-7.0","2071-2100","&Delta;(Max. length wet spell)","Calhoun","Western Forest-Prairie",0.33196922076775,"2071-2100 &times; SSP3-7.0"
"SSP3-7.0","2071-2100","&Delta;(Max. length wet spell)","Marion","Southern Till Plain/Wabash River Border",0.44580074497337,"2071-2100 &times; SSP3-7.0"
"SSP3-7.0","2071-2100","&Delta;(Max. length wet spell)","Warren","Western Forest-Prairie",0.191886709205913,"2071-2100 &times; SSP3-7.0"
"SSP3-7.0","2071-2100","&Delta;(Max. length wet spell)","Clark","Southern Till Plain/Wabash River Border",0.354761987731383,"2071-2100 &times; SSP3-7.0"
"SSP3-7.0","2071-2100","&Delta;(Max. length wet spell)","Wayne","Southern Till Plain/Wabash River Border",0.388399612894969,"2071-2100 &times; SSP3-7.0"
"SSP3-7.0","2071-2100","&Delta;(Max. length wet spell)","Kane","Northeastern Morainal",0.138336843392267,"2071-2100 &times; SSP3-7.0"
"SSP3-7.0","2071-2100","&Delta;(Max. length wet spell)","Livingston","Grand Prairie",0.263581370445271,"2071-2100 &times; SSP3-7.0"
"SSP3-7.0","2071-2100","&Delta;(Max. length wet spell)","Jo Daviess","Wisconsin Driftless/Rock R. Hill Country",0.152343274700354,"2071-2100 &times; SSP3-7.0"
"SSP3-7.0","2071-2100","&Delta;(Max. length wet spell)","Williamson","Shawnee Hills/Coastal Plain",0.472087214596094,"2071-2100 &times; SSP3-7.0"
"SSP3-7.0","2071-2100","&Delta;(Max. length wet spell)","Alexander","Shawnee Hills/Coastal Plain",0.417200888069954,"2071-2100 &times; SSP3-7.0"
"SSP3-7.0","2071-2100","&Delta;(Max. length wet spell)","Grundy","Grand Prairie",0.158987569446528,"2071-2100 &times; SSP3-7.0"
"SSP3-7.0","2071-2100","&Delta;(Max. length wet spell)","Jasper","Southern Till Plain/Wabash River Border",0.39054517306334,"2071-2100 &times; SSP3-7.0"
"SSP3-7.0","2071-2100","&Delta;(Max. length wet spell)","Saline","Shawnee Hills/Coastal Plain",0.467269526981022,"2071-2100 &times; SSP3-7.0"
"SSP3-7.0","2071-2100","&Delta;(Max. length wet spell)","St. Clair","Southern Till Plain/Wabash River Border",0.503056383831788,"2071-2100 &times; SSP3-7.0"
"SSP3-7.0","2071-2100","&Delta;(Max. length wet spell)","Washington","Southern Till Plain/Wabash River Border",0.462512273420774,"2071-2100 &times; SSP3-7.0"
"SSP3-7.0","2071-2100","&Delta;(Max. length wet spell)","Richland","Southern Till Plain/Wabash River Border",0.375291179931096,"2071-2100 &times; SSP3-7.0"
"SSP3-7.0","2071-2100","&Delta;(Max. length wet spell)","Perry","Southern Till Plain/Wabash River Border",0.405253412364526,"2071-2100 &times; SSP3-7.0"
"SSP3-7.0","2071-2100","&Delta;(Max. length wet spell)","Johnson","Shawnee Hills/Coastal Plain",0.409056527761951,"2071-2100 &times; SSP3-7.0"
"SSP3-7.0","2071-2100","&Delta;(Max. length wet spell)","Pulaski","Shawnee Hills/Coastal Plain",0.487299703569655,"2071-2100 &times; SSP3-7.0"
"SSP3-7.0","2071-2100","&Delta;(Max. length wet spell)","Madison","Southern Till Plain/Wabash River Border",0.471356103510627,"2071-2100 &times; SSP3-7.0"
"SSP3-7.0","2071-2100","&Delta;(Max. length wet spell)","Moultrie","Grand Prairie",0.267462982698874,"2071-2100 &times; SSP3-7.0"
"SSP3-7.0","2071-2100","&Delta;(Max. length wet spell)","Ogle","Wisconsin Driftless/Rock R. Hill Country",0.169866744225686,"2071-2100 &times; SSP3-7.0"
"SSP3-7.0","2071-2100","&Delta;(Max. length wet spell)","Clinton","Southern Till Plain/Wabash River Border",0.552343759437551,"2071-2100 &times; SSP3-7.0"
"SSP3-7.0","2071-2100","&Delta;(Max. length wet spell)","LaSalle","Grand Prairie",0.162947669993107,"2071-2100 &times; SSP3-7.0"
"SSP3-7.0","2071-2100","&Delta;(Max. length wet spell)","Peoria","Western Forest-Prairie",0.183016765059594,"2071-2100 &times; SSP3-7.0"
"SSP3-7.0","2071-2100","&Delta;(Max. length wet spell)","Hardin","Shawnee Hills/Coastal Plain",0.540793199487442,"2071-2100 &times; SSP3-7.0"
"SSP3-7.0","2071-2100","&Delta;(Max. length wet spell)","Kendall","Grand Prairie",0.142762065255674,"2071-2100 &times; SSP3-7.0"
"SSP3-7.0","2071-2100","&Delta;(Max. length wet spell)","Stephenson","Wisconsin Driftless/Rock R. Hill Country",0.162402206501747,"2071-2100 &times; SSP3-7.0"
"SSP3-7.0","2071-2100","&Delta;(Max. length wet spell)","Fulton","Western Forest-Prairie",0.247744594165433,"2071-2100 &times; SSP3-7.0"
"SSP3-7.0","2071-2100","&Delta;(Max. length wet spell)","Montgomery","Southern Till Plain/Wabash River Border",0.321418187675597,"2071-2100 &times; SSP3-7.0"
"SSP3-7.0","2071-2100","&Delta;(Max. length wet spell)","Macon","Grand Prairie",0.307702077435666,"2071-2100 &times; SSP3-7.0"
"SSP3-7.0","2071-2100","&Delta;(Max. length wet spell)","Putnam","Grand Prairie",0.174623727065252,"2071-2100 &times; SSP3-7.0"
"SSP3-7.0","2071-2100","&Delta;(Max. length wet spell)","Schuyler","Western Forest-Prairie",0.227294745019605,"2071-2100 &times; SSP3-7.0"
"SSP3-7.0","2071-2100","&Delta;(Max. length wet spell)","Lee","Wisconsin Driftless/Rock R. Hill Country",0.13640652828806,"2071-2100 &times; SSP3-7.0"
"SSP3-7.0","2071-2100","&Delta;(Max. length wet spell)","Stark","Grand Prairie",0.140726201831609,"2071-2100 &times; SSP3-7.0"
"SSP3-7.0","2071-2100","&Delta;(Max. length wet spell)","Cass","Grand Prairie",0.314014464874094,"2071-2100 &times; SSP3-7.0"
"SSP3-7.0","2071-2100","&Delta;(Max. length wet spell)","Winnebago","Wisconsin Driftless/Rock R. Hill Country",0.191077462398168,"2071-2100 &times; SSP3-7.0"
"SSP3-7.0","2071-2100","&Delta;(Max. length wet spell)","Wabash","Southern Till Plain/Wabash River Border",0.439567737467073,"2071-2100 &times; SSP3-7.0"
"SSP3-7.0","2071-2100","&Delta;(Max. length wet spell)","Henry","Grand Prairie",0.115466075748251,"2071-2100 &times; SSP3-7.0"
"SSP3-7.0","2071-2100","&Delta;(Max. length wet spell)","McDonough","Western Forest-Prairie",0.194997416638007,"2071-2100 &times; SSP3-7.0"
"SSP3-7.0","2071-2100","&Delta;(Max. length wet spell)","Hamilton","Southern Till Plain/Wabash River Border",0.350576919908583,"2071-2100 &times; SSP3-7.0"
"SSP3-7.0","2071-2100","&Delta;(Max. length wet spell)","Christian","Grand Prairie",0.315755138858611,"2071-2100 &times; SSP3-7.0"
"SSP3-7.0","2071-2100","&Delta;(Max. length wet spell)","Scott","Western Forest-Prairie",0.29643443804143,"2071-2100 &times; SSP3-7.0"
"SSP3-7.0","2071-2100","&Delta;(Max. length wet spell)","Jefferson","Southern Till Plain/Wabash River Border",0.40907174414522,"2071-2100 &times; SSP3-7.0"
"SSP3-7.0","2071-2100","&Delta;(Max. length wet spell)","Lake","Northeastern Morainal",0.090740172295593,"2071-2100 &times; SSP3-7.0"
"SSP3-7.0","2071-2100","&Delta;(Max. length wet spell)","Franklin","Southern Till Plain/Wabash River Border",0.405407440129465,"2071-2100 &times; SSP3-7.0"
"SSP3-7.0","2071-2100","&Delta;(Max. length wet spell)","Jersey","Western Forest-Prairie",0.37419289463344,"2071-2100 &times; SSP3-7.0"
"SSP3-7.0","2071-2100","&Delta;(Max. length wet spell)","Vermilion","Grand Prairie",0.214217236935398,"2071-2100 &times; SSP3-7.0"
"SSP3-7.0","2071-2100","&Delta;(Max. length wet spell)","Boone","Northeastern Morainal",0.16672309175326,"2071-2100 &times; SSP3-7.0"
"SSP3-7.0","2071-2100","&Delta;(Max. length wet spell)","Morgan","Western Forest-Prairie",0.292651528563425,"2071-2100 &times; SSP3-7.0"
"SSP3-7.0","2071-2100","&Delta;(Max. length wet spell)","Rock Island","Western Forest-Prairie",0.085971935931611,"2071-2100 &times; SSP3-7.0"
"SSP3-7.0","2071-2100","&Delta;(Max. length wet spell)","McHenry","Northeastern Morainal",0.160005020044937,"2071-2100 &times; SSP3-7.0"
"SSP3-7.0","2071-2100","&Delta;(Max. length wet spell)","DeKalb","Northeastern Morainal",0.201537916428781,"2071-2100 &times; SSP3-7.0"
